/*******************************************************************************
 * Size: 36 px
 * Bpp: 1
 * Opts: --font /Users/mozgi/Documents/GitHub/M5stack_Tab5_AIO_box/firmware/tools/../../x12y12pxMaruMinya.ttf -r 0x20-0x7E --symbols £¥°•、。「」〜ぁあぃいぅうぇえぉおかがきぎくぐけげこごさざしじすずせぜそぞただちぢっつづてでとどなにぬねのはばぱひびぴふぶぷへべぺほぼぽまみむめもゃやゅゆょよらりるれろゎわをんゔゕゖ゛゜ァアィイウェエォオカキクグケコサザシジスズセソタダチッツテデトドナネノバパビピフブプホボポマミムメモャヤュユョラリルレロワン・ー一三上下不並个中串丸主了于亮今从付以件任会伺位住体何余作使供保信個候假偏停側偵備傳僅働像儲元充先光入全公具典内再写准出分切列利刪到制刷刻削前剩剪力功加助効動包化匯升占危即原厳去参取口可右号合同名后向否含告周命和問單嘗器嚴回因固国圓圖在地址坏型埠報場塊填壁壓壞変外多大失夾套始字存安完官定実客容密實寫将將對小尚局屏工左已布常幕平年并広序底度建式強当形径待後徑從御復必忘快性恢息情態憶成或截戻所手打找択押持挂指按据捷掃掛接控描換損撃撤播擇操收改攻放敗数數文料断新斷方於旋无日明是時景晶暗暫更書替最會有服期未末本机松板析査校格案検楽樂標模機檢次止正此残母比気求池決沒没法波流消添清済測游湊満源準滅滑灯点為無燈燒爍片版物状独狭獨現理生用由画留畫當発登發白的盤目直看知破確碼磁磚示禁私秘称移稍稱稼穩空立端等管節簿粘系紙級索終経給統經継続網緊線編縦總繁繼續网置者耗背能腦自與色芯英蔵藏號螢行表装補裝製複要規視覧観觀角解言訂計訊記設証詞詢試話認語誤読調請證警護讀變豎費貼資走起足距路跳身軟転載輯輸轉辞辺込返追退透通連進運過道達違適選邊部配重量金錯録鍵鐘鑰長閃閉開間關除隔隨險集電需非面音項須預頻頼題顏顯餘駆験驗體高鬆點！（），：；？ --size 36 --bpp 1 --format lvgl --lv-font-name font_px36b --lv-include lvgl.h --no-kerning --no-prefilter -o /Users/mozgi/Documents/GitHub/M5stack_Tab5_AIO_box/firmware/tools/../main/fonts/font_px36b.c
 ******************************************************************************/

#ifdef LV_LVGL_H_INCLUDE_SIMPLE
#include "lvgl.h"
#else
#include "lvgl.h"
#endif

#ifndef FONT_PX36B
#define FONT_PX36B 1
#endif

#if FONT_PX36B

/*-----------------
 *    BITMAPS
 *----------------*/

/*Store the image of the glyphs*/
static LV_ATTRIBUTE_LARGE_CONST const uint8_t glyph_bitmap[] = {
    /* U+0020 " " */
    0x0,

    /* U+0021 "!" */
    0xff, 0xff, 0xff, 0xff, 0xff, 0xf8, 0x0, 0x1,
    0xff, 0xff, 0x80,

    /* U+0022 "\"" */
    0xe3, 0xf1, 0xf8, 0xfc, 0x7e, 0x3f, 0x1f, 0x8f,
    0xc7, 0xe3, 0x80,

    /* U+0023 "#" */
    0x1c, 0x70, 0x38, 0xe0, 0x71, 0xc0, 0xe3, 0x81,
    0xc7, 0x3, 0x8e, 0x3f, 0xff, 0xff, 0xff, 0xff,
    0xfe, 0x38, 0xe0, 0x71, 0xc0, 0xe3, 0x81, 0xc7,
    0x3, 0x8e, 0x7, 0x1c, 0xe, 0x38, 0x1c, 0x70,
    0x38, 0xe3, 0xff, 0xff, 0xff, 0xff, 0xff, 0xe3,
    0x8e, 0x7, 0x1c, 0xe, 0x38, 0x1c, 0x70, 0x38,
    0xe0, 0x71, 0xc0,

    /* U+0024 "$" */
    0x3, 0x80, 0x7, 0x0, 0xe, 0x0, 0xff, 0xf1,
    0xff, 0xe3, 0xff, 0xf8, 0xe0, 0x71, 0xc0, 0xe3,
    0x81, 0xc7, 0x3, 0x8e, 0x7, 0x1c, 0x1, 0xff,
    0x3, 0xfe, 0x7, 0xfc, 0x1, 0xc7, 0x3, 0x8e,
    0x7, 0x1c, 0xe, 0x38, 0x1c, 0x70, 0x38, 0xff,
    0xfe, 0x3f, 0xfc, 0x7f, 0xf8, 0x3, 0x80, 0x7,
    0x0, 0xe, 0x0,

    /* U+0025 "%" */
    0x1c, 0xe, 0x38, 0x1c, 0x70, 0x3f, 0x1c, 0x7e,
    0x38, 0xfc, 0x71, 0xf8, 0xfc, 0x71, 0xf8, 0xe3,
    0xf0, 0x38, 0xe0, 0x71, 0xc0, 0xe3, 0x80, 0x38,
    0x0, 0x70, 0x0, 0xe0, 0xe, 0x38, 0x1c, 0x70,
    0x38, 0xe0, 0x7e, 0x38, 0xfc, 0x71, 0xf8, 0xfc,
    0x71, 0xf8, 0xe3, 0xf1, 0xc7, 0xe0, 0x71, 0xc0,
    0xe3, 0x81, 0xc0,

    /* U+0026 "&" */
    0x1f, 0x80, 0x3f, 0x0, 0x7e, 0x7, 0x3, 0x8e,
    0x7, 0x1c, 0xe, 0x38, 0x1c, 0x70, 0x38, 0xe0,
    0x71, 0xc7, 0x3, 0x8e, 0x7, 0x1c, 0x1, 0xc0,
    0xe3, 0x81, 0xc7, 0x3, 0xf1, 0xc7, 0xe3, 0x8f,
    0xc7, 0x1f, 0x81, 0xc7, 0x3, 0x8e, 0x7, 0x1c,
    0xe, 0x38, 0x1c, 0x70, 0x38, 0x1f, 0x8e, 0x3f,
    0x1c, 0x7e, 0x38,

    /* U+0027 "'" */
    0xff, 0xff, 0xff, 0xe0,

    /* U+0028 "(" */
    0x3, 0x81, 0xc0, 0xe3, 0x81, 0xc0, 0xe0, 0x70,
    0x38, 0x1c, 0x70, 0x38, 0x1c, 0xe, 0x7, 0x3,
    0x81, 0xc0, 0xe0, 0x70, 0x38, 0x1c, 0xe, 0x7,
    0x3, 0x81, 0xc0, 0x1c, 0xe, 0x7, 0x3, 0x81,
    0xc0, 0xe0, 0xe, 0x7, 0x3, 0x80,

    /* U+0029 ")" */
    0xe0, 0x70, 0x38, 0x3, 0x81, 0xc0, 0xe0, 0x70,
    0x38, 0x1c, 0x1, 0xc0, 0xe0, 0x70, 0x38, 0x1c,
    0xe, 0x7, 0x3, 0x81, 0xc0, 0xe0, 0x70, 0x38,
    0x1c, 0xe, 0x7, 0x1c, 0xe, 0x7, 0x3, 0x81,
    0xc0, 0xe3, 0x81, 0xc0, 0xe0, 0x0,

    /* U+002A "*" */
    0x3, 0x80, 0x7, 0x0, 0xe, 0x7, 0x1c, 0x7e,
    0x38, 0xfc, 0x71, 0xc7, 0xfc, 0xf, 0xf8, 0x1f,
    0xf1, 0xc7, 0x1f, 0x8e, 0x3f, 0x1c, 0x70, 0x38,
    0x0, 0x70, 0x0, 0xe0, 0x0,

    /* U+002B "+" */
    0x3, 0x80, 0x7, 0x0, 0xe, 0x0, 0x1c, 0x0,
    0x38, 0x0, 0x70, 0x3f, 0xff, 0xff, 0xff, 0xff,
    0xfe, 0x7, 0x0, 0xe, 0x0, 0x1c, 0x0, 0x38,
    0x0, 0x70, 0x0, 0xe0, 0x0,

    /* U+002C "," */
    0x1c, 0x71, 0xf8, 0xe3, 0x80,

    /* U+002D "-" */
    0xff, 0xff, 0xff, 0xff, 0xff, 0xf8,

    /* U+002E "." */
    0xff, 0x80,

    /* U+002F "/" */
    0x0, 0xe, 0x0, 0x1c, 0x0, 0x38, 0x0, 0x70,
    0x0, 0xe0, 0x1, 0xc0, 0x1c, 0x0, 0x38, 0x0,
    0x70, 0x0, 0xe0, 0x1, 0xc0, 0x3, 0x80, 0x38,
    0x0, 0x70, 0x0, 0xe0, 0x1, 0xc0, 0x3, 0x80,
    0x7, 0x0, 0x70, 0x0, 0xe0, 0x1, 0xc0, 0x3,
    0x80, 0x7, 0x0, 0xe, 0x0, 0xe0, 0x1, 0xc0,
    0x3, 0x80, 0x7, 0x0, 0xe, 0x0, 0x1c, 0x0,
    0x0,

    /* U+0030 "0" */
    0x1f, 0xf0, 0x3f, 0xe0, 0x7f, 0xc7, 0x0, 0x7e,
    0x0, 0xfc, 0x1, 0xf8, 0x3, 0xf0, 0x7, 0xe0,
    0xf, 0xc0, 0x1f, 0x80, 0x3f, 0x0, 0x7e, 0x38,
    0xfc, 0x71, 0xf8, 0xe3, 0xf0, 0x7, 0xe0, 0xf,
    0xc0, 0x1f, 0x80, 0x3f, 0x0, 0x7e, 0x0, 0xfc,
    0x1, 0xf8, 0x3, 0xf0, 0x7, 0x1f, 0xf0, 0x3f,
    0xe0, 0x7f, 0xc0,

    /* U+0031 "1" */
    0x3, 0x81, 0xc0, 0xff, 0xff, 0xff, 0xfc, 0xe,
    0x7, 0x3, 0x81, 0xc0, 0xe0, 0x70, 0x38, 0x1c,
    0xe, 0x7, 0x3, 0x81, 0xc0, 0xe0, 0x70, 0x38,
    0x1c, 0xe, 0x7, 0x3, 0x81, 0xc0, 0xe0,

    /* U+0032 "2" */
    0x1f, 0xf0, 0x3f, 0xe0, 0x7f, 0xc7, 0x0, 0x7e,
    0x0, 0xfc, 0x1, 0xf8, 0x3, 0xf0, 0x7, 0xe0,
    0xe, 0x0, 0x1c, 0x0, 0x38, 0x0, 0x70, 0x7,
    0x0, 0xe, 0x0, 0x1c, 0x1, 0xc0, 0x3, 0x80,
    0x7, 0x0, 0x70, 0x0, 0xe0, 0x1, 0xc0, 0x1c,
    0x0, 0x38, 0x0, 0x70, 0x0, 0xff, 0xff, 0xff,
    0xff, 0xff, 0xf8,

    /* U+0033 "3" */
    0x1f, 0xf0, 0x3f, 0xe0, 0x7f, 0xc7, 0x0, 0x7e,
    0x0, 0xfc, 0x1, 0xc0, 0x3, 0x80, 0x7, 0x0,
    0xe, 0x0, 0x1c, 0x0, 0x38, 0x0, 0x70, 0x3f,
    0x0, 0x7e, 0x0, 0xfc, 0x0, 0x7, 0x0, 0xe,
    0x0, 0x1c, 0x0, 0x38, 0x0, 0x70, 0x0, 0xfc,
    0x1, 0xf8, 0x3, 0xf0, 0x7, 0x1f, 0xf0, 0x3f,
    0xe0, 0x7f, 0xc0,

    /* U+0034 "4" */
    0x0, 0x7e, 0x0, 0xfc, 0x1, 0xf8, 0x1c, 0x70,
    0x38, 0xe0, 0x71, 0xc0, 0xe3, 0x81, 0xc7, 0x3,
    0x8e, 0x38, 0x1c, 0x70, 0x38, 0xe0, 0x71, 0xc0,
    0xe3, 0x81, 0xc7, 0x3, 0xf0, 0x7, 0xe0, 0xf,
    0xc0, 0x1f, 0xff, 0xff, 0xff, 0xff, 0xff, 0xe0,
    0x1, 0xc0, 0x3, 0x80, 0x7, 0x0, 0xe, 0x0,
    0x1c, 0x0, 0x38,

    /* U+0035 "5" */
    0xff, 0xff, 0xff, 0xff, 0xff, 0xff, 0x0, 0xe,
    0x0, 0x1c, 0x0, 0x38, 0x0, 0x70, 0x0, 0xe0,
    0x1, 0xff, 0xe3, 0xff, 0xc7, 0xff, 0x8e, 0x0,
    0xfc, 0x1, 0xf8, 0x3, 0x80, 0x7, 0x0, 0xe,
    0x0, 0x1c, 0x0, 0x38, 0x0, 0x70, 0x0, 0xfc,
    0x1, 0xf8, 0x3, 0xf0, 0x7, 0x1f, 0xf0, 0x3f,
    0xe0, 0x7f, 0xc0,

    /* U+0036 "6" */
    0x1f, 0xf0, 0x3f, 0xe0, 0x7f, 0xc7, 0x0, 0x7e,
    0x0, 0xfc, 0x1, 0xf8, 0x0, 0x70, 0x0, 0xe0,
    0x1, 0xff, 0xe3, 0xff, 0xc7, 0xff, 0x8e, 0x0,
    0xfc, 0x1, 0xf8, 0x3, 0xf0, 0x7, 0xe0, 0xf,
    0xc0, 0x1f, 0x80, 0x3f, 0x0, 0x7e, 0x0, 0xfc,
    0x1, 0xf8, 0x3, 0xf0, 0x7, 0x1f, 0xf0, 0x3f,
    0xe0, 0x7f, 0xc0,

    /* U+0037 "7" */
    0xff, 0xf1, 0xff, 0xe3, 0xff, 0xc0, 0x0, 0x70,
    0x0, 0xe0, 0x1, 0xc0, 0x3, 0x80, 0x7, 0x0,
    0xe, 0x0, 0xe0, 0x1, 0xc0, 0x3, 0x80, 0x7,
    0x0, 0xe, 0x0, 0x1c, 0x1, 0xc0, 0x3, 0x80,
    0x7, 0x0, 0xe, 0x0, 0x1c, 0x0, 0x38, 0x3,
    0x80, 0x7, 0x0, 0xe, 0x0, 0x1c, 0x0, 0x38,
    0x0, 0x70, 0x0,

    /* U+0038 "8" */
    0x1f, 0xf0, 0x3f, 0xe0, 0x7f, 0xc7, 0x0, 0x7e,
    0x0, 0xfc, 0x1, 0xf8, 0x3, 0xf0, 0x7, 0xe0,
    0xf, 0xc0, 0x1f, 0x80, 0x3f, 0x0, 0x71, 0xff,
    0x3, 0xfe, 0x7, 0xfc, 0x70, 0x7, 0xe0, 0xf,
    0xc0, 0x1f, 0x80, 0x3f, 0x0, 0x7e, 0x0, 0xfc,
    0x1, 0xf8, 0x3, 0xf0, 0x7, 0x1f, 0xf0, 0x3f,
    0xe0, 0x7f, 0xc0,

    /* U+0039 "9" */
    0x1f, 0xf0, 0x3f, 0xe0, 0x7f, 0xc7, 0x0, 0x7e,
    0x0, 0xfc, 0x1, 0xf8, 0x3, 0xf0, 0x7, 0xe0,
    0xf, 0xc0, 0x1f, 0x80, 0x3f, 0x0, 0x7e, 0x0,
    0xfc, 0x1, 0xf8, 0x3, 0x8f, 0xff, 0x1f, 0xfe,
    0x3f, 0xfc, 0x0, 0x38, 0x0, 0x70, 0x0, 0xe0,
    0xe, 0x0, 0x1c, 0x0, 0x38, 0x1f, 0x80, 0x3f,
    0x0, 0x7e, 0x0,

    /* U+003A ":" */
    0xff, 0x80, 0x0, 0x0, 0x0, 0x0, 0x3, 0xfe,

    /* U+003B ";" */
    0x1c, 0x71, 0xc0, 0x0, 0x0, 0x0, 0x0, 0x0,
    0x0, 0x0, 0x0, 0x0, 0x0, 0x1, 0xc7, 0x1f,
    0x8e, 0x38,

    /* U+003C "<" */
    0x0, 0x70, 0x7, 0x0, 0x70, 0x38, 0x3, 0x80,
    0x38, 0x1c, 0x1, 0xc0, 0x1c, 0xe, 0x0, 0xe0,
    0xe, 0x0, 0xe0, 0xe, 0x0, 0xe0, 0x1, 0xc0,
    0x1c, 0x1, 0xc0, 0x3, 0x80, 0x38, 0x3, 0x80,
    0x7, 0x0, 0x70, 0x7,

    /* U+003D "=" */
    0xff, 0xff, 0xff, 0xff, 0xff, 0xf8, 0x0, 0x0,
    0x0, 0x0, 0x0, 0x0, 0x0, 0x0, 0x0, 0x0,
    0x1, 0xff, 0xff, 0xff, 0xff, 0xff, 0xf0,

    /* U+003E ">" */
    0xe0, 0xe, 0x0, 0xe0, 0x1, 0xc0, 0x1c, 0x1,
    0xc0, 0x3, 0x80, 0x38, 0x3, 0x80, 0x7, 0x0,
    0x70, 0x7, 0x0, 0x70, 0x7, 0x0, 0x70, 0x38,
    0x3, 0x80, 0x38, 0x1c, 0x1, 0xc0, 0x1c, 0xe,
    0x0, 0xe0, 0xe, 0x0,

    /* U+003F "?" */
    0xff, 0xf1, 0xff, 0xe3, 0xff, 0xc0, 0x0, 0x70,
    0x0, 0xe0, 0x1, 0xc0, 0x3, 0x80, 0x7, 0x0,
    0xe, 0x0, 0xe0, 0x1, 0xc0, 0x3, 0x80, 0x38,
    0x0, 0x70, 0x0, 0xe0, 0x1, 0xc0, 0x3, 0x80,
    0x7, 0x0, 0x0, 0x0, 0x0, 0x0, 0x0, 0x0,
    0x70, 0x0, 0xe0, 0x1, 0xc0, 0x3, 0x80, 0x7,
    0x0, 0xe, 0x0,

    /* U+0040 "@" */
    0x1f, 0xf0, 0x3f, 0xe0, 0x7f, 0xc7, 0x0, 0x7e,
    0x0, 0xfc, 0x1, 0xf8, 0xff, 0xf1, 0xff, 0xe3,
    0xff, 0xf8, 0x1f, 0xf0, 0x3f, 0xe0, 0x7f, 0xc0,
    0xff, 0x81, 0xff, 0x3, 0xf1, 0xf8, 0xe3, 0xf1,
    0xc7, 0xe3, 0x80, 0x3f, 0x0, 0x7e, 0x0, 0xe3,
    0xfe, 0x7, 0xfc, 0xf, 0xf8,

    /* U+0041 "A" */
    0x1f, 0xf0, 0x3f, 0xe0, 0x7f, 0xc7, 0x0, 0x7e,
    0x0, 0xfc, 0x1, 0xf8, 0x3, 0xf0, 0x7, 0xe0,
    0xf, 0xc0, 0x1f, 0x80, 0x3f, 0x0, 0x7e, 0x0,
    0xfc, 0x1, 0xf8, 0x3, 0xff, 0xff, 0xff, 0xff,
    0xff, 0xff, 0x80, 0x3f, 0x0, 0x7e, 0x0, 0xfc,
    0x1, 0xf8, 0x3, 0xf0, 0x7, 0xe0, 0xf, 0xc0,
    0x1f, 0x80, 0x38,

    /* U+0042 "B" */
    0xff, 0xf1, 0xff, 0xe3, 0xff, 0xc7, 0x0, 0x7e,
    0x0, 0xfc, 0x1, 0xf8, 0x3, 0xf0, 0x7, 0xe0,
    0xf, 0xc0, 0x1f, 0x80, 0x3f, 0x0, 0x7f, 0xff,
    0x1f, 0xfe, 0x3f, 0xfc, 0x70, 0x7, 0xe0, 0xf,
    0xc0, 0x1f, 0x80, 0x3f, 0x0, 0x7e, 0x0, 0xfc,
    0x1, 0xf8, 0x3, 0xf0, 0x7, 0xff, 0xf1, 0xff,
    0xe3, 0xff, 0xc0,

    /* U+0043 "C" */
    0x1f, 0xf0, 0x3f, 0xe0, 0x7f, 0xc7, 0x0, 0x7e,
    0x0, 0xfc, 0x1, 0xf8, 0x3, 0xf0, 0x7, 0xe0,
    0xf, 0xc0, 0x3, 0x80, 0x7, 0x0, 0xe, 0x0,
    0x1c, 0x0, 0x38, 0x0, 0x70, 0x0, 0xe0, 0x1,
    0xc0, 0x3, 0x80, 0x3f, 0x0, 0x7e, 0x0, 0xfc,
    0x1, 0xf8, 0x3, 0xf0, 0x7, 0x1f, 0xf0, 0x3f,
    0xe0, 0x7f, 0xc0,

    /* U+0044 "D" */
    0xff, 0xf1, 0xff, 0xe3, 0xff, 0xc7, 0x0, 0x7e,
    0x0, 0xfc, 0x1, 0xf8, 0x3, 0xf0, 0x7, 0xe0,
    0xf, 0xc0, 0x1f, 0x80, 0x3f, 0x0, 0x7e, 0x0,
    0xfc, 0x1, 0xf8, 0x3, 0xf0, 0x7, 0xe0, 0xf,
    0xc0, 0x1f, 0x80, 0x3f, 0x0, 0x7e, 0x0, 0xfc,
    0x1, 0xf8, 0x3, 0xf0, 0x7, 0xff, 0xf1, 0xff,
    0xe3, 0xff, 0xc0,

    /* U+0045 "E" */
    0x1f, 0xfe, 0x3f, 0xfc, 0x7f, 0xff, 0x0, 0xe,
    0x0, 0x1c, 0x0, 0x38, 0x0, 0x70, 0x0, 0xe0,
    0x1, 0xc0, 0x3, 0x80, 0x7, 0x0, 0xf, 0xff,
    0xff, 0xff, 0xff, 0xff, 0xf0, 0x0, 0xe0, 0x1,
    0xc0, 0x3, 0x80, 0x7, 0x0, 0xe, 0x0, 0x1c,
    0x0, 0x38, 0x0, 0x70, 0x0, 0x1f, 0xfe, 0x3f,
    0xfc, 0x7f, 0xf8,

    /* U+0046 "F" */
    0x1f, 0xfe, 0x3f, 0xfc, 0x7f, 0xff, 0x0, 0xe,
    0x0, 0x1c, 0x0, 0x38, 0x0, 0x70, 0x0, 0xe0,
    0x1, 0xc0, 0x3, 0x80, 0x7, 0x0, 0xf, 0xff,
    0xff, 0xff, 0xff, 0xff, 0xf0, 0x0, 0xe0, 0x1,
    0xc0, 0x3, 0x80, 0x7, 0x0, 0xe, 0x0, 0x1c,
    0x0, 0x38, 0x0, 0x70, 0x0, 0xe0, 0x1, 0xc0,
    0x3, 0x80, 0x0,

    /* U+0047 "G" */
    0x1f, 0xfe, 0x3f, 0xfc, 0x7f, 0xff, 0x0, 0xe,
    0x0, 0x1c, 0x0, 0x38, 0x0, 0x70, 0x0, 0xe0,
    0x1, 0xc0, 0x3, 0x80, 0x7, 0x0, 0xe, 0x3f,
    0xfc, 0x7f, 0xf8, 0xff, 0xf0, 0x7, 0xe0, 0xf,
    0xc0, 0x1f, 0x80, 0x3f, 0x0, 0x7e, 0x0, 0xfc,
    0x1, 0xf8, 0x3, 0xf0, 0x7, 0x1f, 0xfe, 0x3f,
    0xfc, 0x7f, 0xf8,

    /* U+0048 "H" */
    0xe0, 0xf, 0xc0, 0x1f, 0x80, 0x3f, 0x0, 0x7e,
    0x0, 0xfc, 0x1, 0xf8, 0x3, 0xf0, 0x7, 0xe0,
    0xf, 0xc0, 0x1f, 0x80, 0x3f, 0x0, 0x7f, 0xff,
    0xff, 0xff, 0xff, 0xff, 0xf0, 0x7, 0xe0, 0xf,
    0xc0, 0x1f, 0x80, 0x3f, 0x0, 0x7e, 0x0, 0xfc,
    0x1, 0xf8, 0x3, 0xf0, 0x7, 0xe0, 0xf, 0xc0,
    0x1f, 0x80, 0x38,

    /* U+0049 "I" */
    0xff, 0xff, 0xff, 0xff, 0xff, 0xf8, 0x1c, 0x0,
    0x38, 0x0, 0x70, 0x0, 0xe0, 0x1, 0xc0, 0x3,
    0x80, 0x7, 0x0, 0xe, 0x0, 0x1c, 0x0, 0x38,
    0x0, 0x70, 0x0, 0xe0, 0x1, 0xc0, 0x3, 0x80,
    0x7, 0x0, 0xe, 0x0, 0x1c, 0x0, 0x38, 0x0,
    0x70, 0x0, 0xe0, 0x1, 0xc0, 0xff, 0xff, 0xff,
    0xff, 0xff, 0xf8,

    /* U+004A "J" */
    0x0, 0xe, 0x0, 0x1c, 0x0, 0x38, 0x0, 0x70,
    0x0, 0xe0, 0x1, 0xc0, 0x3, 0x80, 0x7, 0x0,
    0xe, 0x0, 0x1c, 0x0, 0x38, 0x0, 0x70, 0x0,
    0xe0, 0x1, 0xc0, 0x3, 0xf0, 0x7, 0xe0, 0xf,
    0xc0, 0x1f, 0x80, 0x3f, 0x0, 0x7e, 0x0, 0xfc,
    0x1, 0xf8, 0x3, 0xf0, 0x7, 0x1f, 0xf0, 0x3f,
    0xe0, 0x7f, 0xc0,

    /* U+004B "K" */
    0xe0, 0xf, 0xc0, 0x1f, 0x80, 0x3f, 0x0, 0x7e,
    0x0, 0xfc, 0x1, 0xf8, 0x1c, 0x70, 0x38, 0xe0,
    0x71, 0xc7, 0x3, 0x8e, 0x7, 0x1c, 0xf, 0xc0,
    0x1f, 0x80, 0x3f, 0x0, 0x71, 0xc0, 0xe3, 0x81,
    0xc7, 0x3, 0x81, 0xc7, 0x3, 0x8e, 0x7, 0x1c,
    0x1, 0xf8, 0x3, 0xf0, 0x7, 0xe0, 0xf, 0xc0,
    0x1f, 0x80, 0x38,

    /* U+004C "L" */
    0xe0, 0x1, 0xc0, 0x3, 0x80, 0x7, 0x0, 0xe,
    0x0, 0x1c, 0x0, 0x38, 0x0, 0x70, 0x0, 0xe0,
    0x1, 0xc0, 0x3, 0x80, 0x7, 0x0, 0xe, 0x0,
    0x1c, 0x0, 0x38, 0x0, 0x70, 0x0, 0xe0, 0x1,
    0xc0, 0x3, 0x80, 0x7, 0x0, 0xe, 0x0, 0x1c,
    0x0, 0x38, 0x0, 0x70, 0x0, 0x1f, 0xfe, 0x3f,
    0xfc, 0x7f, 0xf8,

    /* U+004D "M" */
    0xe0, 0xf, 0xc0, 0x1f, 0x80, 0x3f, 0x0, 0x7e,
    0x0, 0xfc, 0x1, 0xff, 0x1f, 0xfe, 0x3f, 0xfc,
    0x7f, 0xc7, 0x1f, 0x8e, 0x3f, 0x1c, 0x7e, 0x0,
    0xfc, 0x1, 0xf8, 0x3, 0xf0, 0x7, 0xe0, 0xf,
    0xc0, 0x1f, 0x80, 0x3f, 0x0, 0x7e, 0x0, 0xfc,
    0x1, 0xf8, 0x3, 0xf0, 0x7, 0xe0, 0xf, 0xc0,
    0x1f, 0x80, 0x38,

    /* U+004E "N" */
    0xe0, 0xf, 0xc0, 0x1f, 0x80, 0x3f, 0x0, 0x7e,
    0x0, 0xfc, 0x1, 0xff, 0x3, 0xfe, 0x7, 0xfc,
    0xf, 0xc7, 0x1f, 0x8e, 0x3f, 0x1c, 0x7e, 0x7,
    0xfc, 0xf, 0xf8, 0x1f, 0xf0, 0x7, 0xe0, 0xf,
    0xc0, 0x1f, 0x80, 0x3f, 0x0, 0x7e, 0x0, 0xfc,
    0x1, 0xf8, 0x3, 0xf0, 0x7, 0xe0, 0xf, 0xc0,
    0x1f, 0x80, 0x38,

    /* U+004F "O" */
    0x1f, 0xf0, 0x3f, 0xe0, 0x7f, 0xc7, 0x0, 0x7e,
    0x0, 0xfc, 0x1, 0xf8, 0x3, 0xf0, 0x7, 0xe0,
    0xf, 0xc0, 0x1f, 0x80, 0x3f, 0x0, 0x7e, 0x0,
    0xfc, 0x1, 0xf8, 0x3, 0xf0, 0x7, 0xe0, 0xf,
    0xc0, 0x1f, 0x80, 0x3f, 0x0, 0x7e, 0x0, 0xfc,
    0x1, 0xf8, 0x3, 0xf0, 0x7, 0x1f, 0xf0, 0x3f,
    0xe0, 0x7f, 0xc0,

    /* U+0050 "P" */
    0xff, 0xf1, 0xff, 0xe3, 0xff, 0xc7, 0x0, 0x7e,
    0x0, 0xfc, 0x1, 0xf8, 0x3, 0xf0, 0x7, 0xe0,
    0xf, 0xc0, 0x1f, 0x80, 0x3f, 0x0, 0x7e, 0x0,
    0xfc, 0x1, 0xf8, 0x3, 0xff, 0xf8, 0xff, 0xf1,
    0xff, 0xe3, 0x80, 0x7, 0x0, 0xe, 0x0, 0x1c,
    0x0, 0x38, 0x0, 0x70, 0x0, 0xe0, 0x1, 0xc0,
    0x3, 0x80, 0x0,

    /* U+0051 "Q" */
    0x1f, 0xf0, 0x3f, 0xe0, 0x7f, 0xc7, 0x0, 0x7e,
    0x0, 0xfc, 0x1, 0xf8, 0x3, 0xf0, 0x7, 0xe0,
    0xf, 0xc0, 0x1f, 0x80, 0x3f, 0x0, 0x7e, 0x0,
    0xfc, 0x1, 0xf8, 0x3, 0xff, 0xc7, 0xff, 0x8f,
    0xff, 0x1f, 0x81, 0xc7, 0x3, 0x8e, 0x7, 0x1c,
    0xe, 0x38, 0x1c, 0x70, 0x38, 0x1f, 0x8e, 0x3f,
    0x1c, 0x7e, 0x38,

    /* U+0052 "R" */
    0xff, 0xf1, 0xff, 0xe3, 0xff, 0xc7, 0x0, 0x7e,
    0x0, 0xfc, 0x1, 0xf8, 0x3, 0xf0, 0x7, 0xe0,
    0xf, 0xc0, 0x1f, 0x80, 0x3f, 0x0, 0x7e, 0x7,
    0x1c, 0xe, 0x38, 0x1c, 0x7f, 0xc0, 0xff, 0x81,
    0xff, 0x3, 0x81, 0xc7, 0x3, 0x8e, 0x7, 0x1c,
    0x1, 0xf8, 0x3, 0xf0, 0x7, 0xe0, 0xf, 0xc0,
    0x1f, 0x80, 0x38,

    /* U+0053 "S" */
    0x1f, 0xfe, 0x3f, 0xfc, 0x7f, 0xff, 0x0, 0xe,
    0x0, 0x1c, 0x0, 0x38, 0x0, 0x70, 0x0, 0xe0,
    0x1, 0xc0, 0x3, 0x80, 0x7, 0x0, 0x1, 0xff,
    0x3, 0xfe, 0x7, 0xfc, 0x0, 0x7, 0x0, 0xe,
    0x0, 0x1c, 0x0, 0x38, 0x0, 0x70, 0x0, 0xe0,
    0x1, 0xc0, 0x3, 0x80, 0x7, 0xff, 0xf1, 0xff,
    0xe3, 0xff, 0xc0,

    /* U+0054 "T" */
    0xff, 0xff, 0xff, 0xff, 0xff, 0xf8, 0x1c, 0x0,
    0x38, 0x0, 0x70, 0x0, 0xe0, 0x1, 0xc0, 0x3,
    0x80, 0x7, 0x0, 0xe, 0x0, 0x1c, 0x0, 0x38,
    0x0, 0x70, 0x0, 0xe0, 0x1, 0xc0, 0x3, 0x80,
    0x7, 0x0, 0xe, 0x0, 0x1c, 0x0, 0x38, 0x0,
    0x70, 0x0, 0xe0, 0x1, 0xc0, 0x3, 0x80, 0x7,
    0x0, 0xe, 0x0,

    /* U+0055 "U" */
    0xe0, 0xf, 0xc0, 0x1f, 0x80, 0x3f, 0x0, 0x7e,
    0x0, 0xfc, 0x1, 0xf8, 0x3, 0xf0, 0x7, 0xe0,
    0xf, 0xc0, 0x1f, 0x80, 0x3f, 0x0, 0x7e, 0x0,
    0xfc, 0x1, 0xf8, 0x3, 0xf0, 0x7, 0xe0, 0xf,
    0xc0, 0x1f, 0x80, 0x3f, 0x0, 0x7e, 0x0, 0xfc,
    0x1, 0xf8, 0x3, 0xf0, 0x7, 0x1f, 0xf0, 0x3f,
    0xe0, 0x7f, 0xc0,

    /* U+0056 "V" */
    0xe0, 0xf, 0xc0, 0x1f, 0x80, 0x3f, 0x0, 0x7e,
    0x0, 0xfc, 0x1, 0xf8, 0x3, 0xf0, 0x7, 0xe0,
    0xf, 0xc0, 0x1f, 0x80, 0x3f, 0x0, 0x71, 0xc7,
    0x3, 0x8e, 0x7, 0x1c, 0xe, 0x38, 0x1c, 0x70,
    0x38, 0xe0, 0x71, 0xc0, 0xe3, 0x81, 0xc7, 0x0,
    0x70, 0x0, 0xe0, 0x1, 0xc0, 0x3, 0x80, 0x7,
    0x0, 0xe, 0x0,

    /* U+0057 "W" */
    0xe0, 0xf, 0xc0, 0x1f, 0x80, 0x3f, 0x0, 0x7e,
    0x0, 0xfc, 0x1, 0xf8, 0xe3, 0xf1, 0xc7, 0xe3,
    0x8f, 0xc7, 0x1f, 0x8e, 0x3f, 0x1c, 0x7e, 0x38,
    0xfc, 0x71, 0xf8, 0xe3, 0xf1, 0xc7, 0xe3, 0x8f,
    0xc7, 0x1c, 0x71, 0xc0, 0xe3, 0x81, 0xc7, 0x3,
    0x8e, 0x7, 0x1c, 0xe, 0x38, 0x1c, 0x70, 0x38,
    0xe0, 0x71, 0xc0,

    /* U+0058 "X" */
    0xe0, 0xf, 0xc0, 0x1f, 0x80, 0x3f, 0x0, 0x7e,
    0x0, 0xfc, 0x1, 0xc7, 0x1c, 0xe, 0x38, 0x1c,
    0x70, 0x38, 0xe0, 0x71, 0xc0, 0xe3, 0x80, 0x38,
    0x0, 0x70, 0x0, 0xe0, 0xe, 0x38, 0x1c, 0x70,
    0x38, 0xe0, 0x71, 0xc0, 0xe3, 0x81, 0xc7, 0x1c,
    0x1, 0xf8, 0x3, 0xf0, 0x7, 0xe0, 0xf, 0xc0,
    0x1f, 0x80, 0x38,

    /* U+0059 "Y" */
    0xe0, 0xf, 0xc0, 0x1f, 0x80, 0x3f, 0x0, 0x7e,
    0x0, 0xfc, 0x1, 0xf8, 0x3, 0xf0, 0x7, 0xe0,
    0xe, 0x38, 0xe0, 0x71, 0xc0, 0xe3, 0x81, 0xc7,
    0x3, 0x8e, 0x7, 0x1c, 0x1, 0xc0, 0x3, 0x80,
    0x7, 0x0, 0xe, 0x0, 0x1c, 0x0, 0x38, 0x0,
    0x70, 0x0, 0xe0, 0x1, 0xc0, 0x3, 0x80, 0x7,
    0x0, 0xe, 0x0,

    /* U+005A "Z" */
    0xff, 0xff, 0xff, 0xff, 0xff, 0xf8, 0x0, 0x70,
    0x0, 0xe0, 0x1, 0xc0, 0x1c, 0x0, 0x38, 0x0,
    0x70, 0x7, 0x0, 0xe, 0x0, 0x1c, 0x1, 0xc0,
    0x3, 0x80, 0x7, 0x0, 0xe, 0x0, 0x1c, 0x0,
    0x38, 0x3, 0x80, 0x7, 0x0, 0xe, 0x0, 0x1c,
    0x0, 0x38, 0x0, 0x70, 0x0, 0xff, 0xff, 0xff,
    0xff, 0xff, 0xf8,

    /* U+005B "[" */
    0xff, 0xff, 0xff, 0xfc, 0xe, 0x7, 0x3, 0x81,
    0xc0, 0xe0, 0x70, 0x38, 0x1c, 0xe, 0x7, 0x3,
    0x81, 0xc0, 0xe0, 0x70, 0x38, 0x1c, 0xe, 0x7,
    0x3, 0x81, 0xc0, 0xe0, 0x70, 0x38, 0x1c, 0xe,
    0x7, 0x3, 0xff, 0xff, 0xff, 0x80,

    /* U+005C "\\" */
    0xe0, 0x1, 0xc0, 0x3, 0x80, 0x7, 0x0, 0xe,
    0x0, 0x1c, 0x0, 0x7, 0x0, 0xe, 0x0, 0x1c,
    0x0, 0x38, 0x0, 0x70, 0x0, 0xe0, 0x0, 0x38,
    0x0, 0x70, 0x0, 0xe0, 0x1, 0xc0, 0x3, 0x80,
    0x7, 0x0, 0x1, 0xc0, 0x3, 0x80, 0x7, 0x0,
    0xe, 0x0, 0x1c, 0x0, 0x38, 0x0, 0xe, 0x0,
    0x1c, 0x0, 0x38, 0x0, 0x70, 0x0, 0xe0, 0x1,
    0xc0,

    /* U+005D "]" */
    0xff, 0xff, 0xff, 0xe0, 0x70, 0x38, 0x1c, 0xe,
    0x7, 0x3, 0x81, 0xc0, 0xe0, 0x70, 0x38, 0x1c,
    0xe, 0x7, 0x3, 0x81, 0xc0, 0xe0, 0x70, 0x38,
    0x1c, 0xe, 0x7, 0x3, 0x81, 0xc0, 0xe0, 0x70,
    0x38, 0x1f, 0xff, 0xff, 0xff, 0x80,

    /* U+005E "^" */
    0x3, 0x80, 0x7, 0x0, 0xe, 0x0, 0xe3, 0x81,
    0xc7, 0x3, 0x8e, 0x38, 0x3, 0xf0, 0x7, 0xe0,
    0xe,

    /* U+005F "_" */
    0xff, 0xff, 0xff, 0xff, 0xff, 0xf8,

    /* U+0060 "`" */
    0xe3, 0x8e, 0x7, 0x1c, 0x70,

    /* U+0061 "a" */
    0x1f, 0xf0, 0x3f, 0xe0, 0x7f, 0xc0, 0x0, 0x70,
    0x0, 0xe0, 0x1, 0xc7, 0xff, 0x8f, 0xff, 0x1f,
    0xff, 0xc0, 0x1f, 0x80, 0x3f, 0x0, 0x7e, 0x0,
    0xfc, 0x1, 0xf8, 0x3, 0xf0, 0x7, 0xe0, 0xf,
    0xc0, 0x1c, 0x7f, 0xf8, 0xff, 0xf1, 0xff, 0xe0,

    /* U+0062 "b" */
    0xe0, 0x1, 0xc0, 0x3, 0x80, 0x7, 0x0, 0xe,
    0x0, 0x1c, 0x0, 0x3f, 0xfc, 0x7f, 0xf8, 0xff,
    0xf1, 0xc0, 0x1f, 0x80, 0x3f, 0x0, 0x7e, 0x0,
    0xfc, 0x1, 0xf8, 0x3, 0xf0, 0x7, 0xe0, 0xf,
    0xc0, 0x1f, 0x80, 0x3f, 0x0, 0x7e, 0x0, 0xfc,
    0x1, 0xf8, 0x3, 0xf0, 0x7, 0xff, 0xf1, 0xff,
    0xe3, 0xff, 0xc0,

    /* U+0063 "c" */
    0x1f, 0xf0, 0x3f, 0xe0, 0x7f, 0xc7, 0x0, 0x7e,
    0x0, 0xfc, 0x1, 0xf8, 0x0, 0x70, 0x0, 0xe0,
    0x1, 0xc0, 0x3, 0x80, 0x7, 0x0, 0xe, 0x0,
    0x1c, 0x0, 0x38, 0x0, 0x70, 0x7, 0xe0, 0xf,
    0xc0, 0x1c, 0x7f, 0xc0, 0xff, 0x81, 0xff, 0x0,

    /* U+0064 "d" */
    0x0, 0xe, 0x0, 0x1c, 0x0, 0x38, 0x0, 0x70,
    0x0, 0xe0, 0x1, 0xc7, 0xff, 0x8f, 0xff, 0x1f,
    0xff, 0xc0, 0x1f, 0x80, 0x3f, 0x0, 0x7e, 0x0,
    0xfc, 0x1, 0xf8, 0x3, 0xf0, 0x7, 0xe0, 0xf,
    0xc0, 0x1f, 0x80, 0x3f, 0x0, 0x7e, 0x0, 0xfc,
    0x1, 0xf8, 0x3, 0xf0, 0x7, 0x1f, 0xfe, 0x3f,
    0xfc, 0x7f, 0xf8,

    /* U+0065 "e" */
    0x1f, 0xf0, 0x3f, 0xe0, 0x7f, 0xc7, 0x0, 0x7e,
    0x0, 0xfc, 0x1, 0xf8, 0x3, 0xf0, 0x7, 0xe0,
    0xf, 0xff, 0xe3, 0xff, 0xc7, 0xff, 0x8e, 0x0,
    0x1c, 0x0, 0x38, 0x0, 0x70, 0x7, 0xe0, 0xf,
    0xc0, 0x1c, 0x7f, 0xc0, 0xff, 0x81, 0xff, 0x0,

    /* U+0066 "f" */
    0x3, 0xfe, 0x7, 0xfc, 0xf, 0xf8, 0xe0, 0x1,
    0xc0, 0x3, 0x80, 0x7, 0x0, 0xe, 0x0, 0x1c,
    0x1, 0xff, 0xff, 0xff, 0xff, 0xff, 0xf1, 0xc0,
    0x3, 0x80, 0x7, 0x0, 0xe, 0x0, 0x1c, 0x0,
    0x38, 0x0, 0x70, 0x0, 0xe0, 0x1, 0xc0, 0x3,
    0x80, 0x7, 0x0, 0xe, 0x0, 0x1c, 0x0, 0x38,
    0x0, 0x70, 0x0,

    /* U+0067 "g" */
    0x1f, 0xfe, 0x3f, 0xfc, 0x7f, 0xff, 0x0, 0x7e,
    0x0, 0xfc, 0x1, 0xf8, 0x3, 0xf0, 0x7, 0xe0,
    0xf, 0xc0, 0x1f, 0x80, 0x3f, 0x0, 0x7e, 0x0,
    0xfc, 0x1, 0xf8, 0x3, 0x8f, 0xff, 0x1f, 0xfe,
    0x3f, 0xfc, 0x0, 0x38, 0x0, 0x70, 0x0, 0xe3,
    0xfe, 0x7, 0xfc, 0xf, 0xf8,

    /* U+0068 "h" */
    0xe0, 0x1, 0xc0, 0x3, 0x80, 0x7, 0x0, 0xe,
    0x0, 0x1c, 0x0, 0x38, 0xfc, 0x71, 0xf8, 0xe3,
    0xf1, 0xf8, 0x1f, 0xf0, 0x3f, 0xe0, 0x7e, 0x0,
    0xfc, 0x1, 0xf8, 0x3, 0xf0, 0x7, 0xe0, 0xf,
    0xc0, 0x1f, 0x80, 0x3f, 0x0, 0x7e, 0x0, 0xfc,
    0x1, 0xf8, 0x3, 0xf0, 0x7, 0xe0, 0xf, 0xc0,
    0x1f, 0x80, 0x38,

    /* U+0069 "i" */
    0x1f, 0x80, 0x3f, 0x0, 0x7e, 0x0, 0x0, 0x0,
    0x0, 0x0, 0x0, 0x3f, 0x0, 0x7e, 0x0, 0xfc,
    0x0, 0x7, 0x0, 0xe, 0x0, 0x1c, 0x0, 0x38,
    0x0, 0x70, 0x0, 0xe0, 0x1, 0xc0, 0x3, 0x80,
    0x7, 0x0, 0xe, 0x0, 0x1c, 0x0, 0x38, 0x0,
    0x70, 0x0, 0xe0, 0x1, 0xc0, 0xff, 0xff, 0xff,
    0xff, 0xff, 0xf8,

    /* U+006A "j" */
    0x0, 0x7e, 0x0, 0xfc, 0x1, 0xf8, 0x0, 0x0,
    0x0, 0x0, 0x0, 0x7, 0xfc, 0xf, 0xf8, 0x1f,
    0xf0, 0x0, 0x1c, 0x0, 0x38, 0x0, 0x70, 0x0,
    0xe0, 0x1, 0xc0, 0x3, 0x80, 0x7, 0x0, 0xe,
    0x0, 0x1c, 0x0, 0x38, 0x0, 0x70, 0x0, 0xe0,
    0x1, 0xc0, 0x3, 0x80, 0x7, 0xe0, 0xf, 0xc0,
    0x1f, 0x80, 0x38, 0xff, 0x81, 0xff, 0x3, 0xfe,
    0x0,

    /* U+006B "k" */
    0xe0, 0x1, 0xc0, 0x3, 0x80, 0x7, 0x0, 0xe,
    0x0, 0x1c, 0x0, 0x38, 0x1f, 0xf0, 0x3f, 0xe0,
    0x7f, 0xc7, 0x3, 0x8e, 0x7, 0x1c, 0xf, 0xc0,
    0x1f, 0x80, 0x3f, 0x0, 0x71, 0xc0, 0xe3, 0x81,
    0xc7, 0x3, 0x81, 0xc7, 0x3, 0x8e, 0x7, 0x1c,
    0x1, 0xf8, 0x3, 0xf0, 0x7, 0xe0, 0xf, 0xc0,
    0x1f, 0x80, 0x38,

    /* U+006C "l" */
    0xfc, 0x1, 0xf8, 0x3, 0xf0, 0x0, 0x1c, 0x0,
    0x38, 0x0, 0x70, 0x0, 0xe0, 0x1, 0xc0, 0x3,
    0x80, 0x7, 0x0, 0xe, 0x0, 0x1c, 0x0, 0x38,
    0x0, 0x70, 0x0, 0xe0, 0x1, 0xc0, 0x3, 0x80,
    0x7, 0x0, 0xe, 0x0, 0x1c, 0x0, 0x38, 0x0,
    0x70, 0x0, 0xe0, 0x1, 0xc0, 0xff, 0xff, 0xff,
    0xff, 0xff, 0xf8,

    /* U+006D "m" */
    0xfc, 0x71, 0xf8, 0xe3, 0xf1, 0xc7, 0x1c, 0x7e,
    0x38, 0xfc, 0x71, 0xf8, 0xe3, 0xf1, 0xc7, 0xe3,
    0x8f, 0xc7, 0x1f, 0x8e, 0x3f, 0x1c, 0x7e, 0x38,
    0xfc, 0x71, 0xf8, 0xe3, 0xf1, 0xc7, 0xe3, 0x8f,
    0xc7, 0x1f, 0x8e, 0x3f, 0x1c, 0x7e, 0x38, 0xe0,

    /* U+006E "n" */
    0xe3, 0xf1, 0xc7, 0xe3, 0x8f, 0xc7, 0xe0, 0x7f,
    0xc0, 0xff, 0x81, 0xf8, 0x3, 0xf0, 0x7, 0xe0,
    0xf, 0xc0, 0x1f, 0x80, 0x3f, 0x0, 0x7e, 0x0,
    0xfc, 0x1, 0xf8, 0x3, 0xf0, 0x7, 0xe0, 0xf,
    0xc0, 0x1f, 0x80, 0x3f, 0x0, 0x7e, 0x0, 0xe0,

    /* U+006F "o" */
    0x1f, 0xf0, 0x3f, 0xe0, 0x7f, 0xc7, 0x0, 0x7e,
    0x0, 0xfc, 0x1, 0xf8, 0x3, 0xf0, 0x7, 0xe0,
    0xf, 0xc0, 0x1f, 0x80, 0x3f, 0x0, 0x7e, 0x0,
    0xfc, 0x1, 0xf8, 0x3, 0xf0, 0x7, 0xe0, 0xf,
    0xc0, 0x1c, 0x7f, 0xc0, 0xff, 0x81, 0xff, 0x0,

    /* U+0070 "p" */
    0xff, 0xf1, 0xff, 0xe3, 0xff, 0xc7, 0x0, 0x7e,
    0x0, 0xfc, 0x1, 0xf8, 0x3, 0xf0, 0x7, 0xe0,
    0xf, 0xc0, 0x1f, 0x80, 0x3f, 0x0, 0x7e, 0x0,
    0xfc, 0x1, 0xf8, 0x3, 0xff, 0xf8, 0xff, 0xf1,
    0xff, 0xe3, 0x80, 0x7, 0x0, 0xe, 0x0, 0x1c,
    0x0, 0x38, 0x0, 0x70, 0x0,

    /* U+0071 "q" */
    0x1f, 0xfe, 0x3f, 0xfc, 0x7f, 0xff, 0x0, 0x7e,
    0x0, 0xfc, 0x1, 0xf8, 0x3, 0xf0, 0x7, 0xe0,
    0xf, 0xc0, 0x1f, 0x80, 0x3f, 0x0, 0x7e, 0x0,
    0xfc, 0x1, 0xf8, 0x3, 0x8f, 0xff, 0x1f, 0xfe,
    0x3f, 0xfc, 0x0, 0x38, 0x0, 0x70, 0x0, 0xe0,
    0x1, 0xc0, 0x3, 0x80, 0x7,

    /* U+0072 "r" */
    0xe3, 0xff, 0xc7, 0xff, 0x8f, 0xff, 0xe0, 0xf,
    0xc0, 0x1f, 0x80, 0x38, 0x0, 0x70, 0x0, 0xe0,
    0x1, 0xc0, 0x3, 0x80, 0x7, 0x0, 0xe, 0x0,
    0x1c, 0x0, 0x38, 0x0, 0x70, 0x0, 0xe0, 0x1,
    0xc0, 0x3, 0x80, 0x7, 0x0, 0xe, 0x0, 0x0,

    /* U+0073 "s" */
    0x1f, 0xfe, 0x3f, 0xfc, 0x7f, 0xff, 0x0, 0xe,
    0x0, 0x1c, 0x0, 0x38, 0x0, 0x70, 0x0, 0xe0,
    0x0, 0x3f, 0xe0, 0x7f, 0xc0, 0xff, 0x80, 0x0,
    0xe0, 0x1, 0xc0, 0x3, 0x80, 0x7, 0x0, 0xe,
    0x0, 0x1f, 0xff, 0xc7, 0xff, 0x8f, 0xff, 0x0,

    /* U+0074 "t" */
    0x1c, 0x0, 0x38, 0x0, 0x70, 0x0, 0xe0, 0x1,
    0xc0, 0x3, 0x80, 0x3f, 0xff, 0xff, 0xff, 0xff,
    0xfe, 0x38, 0x0, 0x70, 0x0, 0xe0, 0x1, 0xc0,
    0x3, 0x80, 0x7, 0x0, 0xe, 0x0, 0x1c, 0x0,
    0x38, 0x0, 0x70, 0x0, 0xe0, 0x1, 0xc0, 0x3,
    0x80, 0x7, 0x0, 0xe, 0x0, 0x3, 0xfe, 0x7,
    0xfc, 0xf, 0xf8,

    /* U+0075 "u" */
    0xe0, 0xf, 0xc0, 0x1f, 0x80, 0x3f, 0x0, 0x7e,
    0x0, 0xfc, 0x1, 0xf8, 0x3, 0xf0, 0x7, 0xe0,
    0xf, 0xc0, 0x1f, 0x80, 0x3f, 0x0, 0x7e, 0x0,
    0xfc, 0x1, 0xf8, 0x3, 0xf0, 0x3f, 0xe0, 0x7f,
    0xc0, 0xfc, 0x7e, 0x38, 0xfc, 0x71, 0xf8, 0xe0,

    /* U+0076 "v" */
    0xe0, 0xf, 0xc0, 0x1f, 0x80, 0x3f, 0x0, 0x7e,
    0x0, 0xfc, 0x1, 0xf8, 0x3, 0xf0, 0x7, 0xe0,
    0xf, 0xc0, 0x1f, 0x80, 0x3f, 0x0, 0x71, 0xc7,
    0x3, 0x8e, 0x7, 0x1c, 0xe, 0x38, 0x1c, 0x70,
    0x38, 0xe0, 0xe, 0x0, 0x1c, 0x0, 0x38, 0x0,

    /* U+0077 "w" */
    0xe0, 0xf, 0xc0, 0x1f, 0x80, 0x3f, 0x0, 0x7e,
    0x0, 0xfc, 0x1, 0xf8, 0xe3, 0xf1, 0xc7, 0xe3,
    0x8f, 0xc7, 0x1f, 0x8e, 0x3f, 0x1c, 0x7e, 0x38,
    0xfc, 0x71, 0xf8, 0xe3, 0x8e, 0x38, 0x1c, 0x70,
    0x38, 0xe0, 0x71, 0xc0, 0xe3, 0x81, 0xc7, 0x0,

    /* U+0078 "x" */
    0xe0, 0xf, 0xc0, 0x1f, 0x80, 0x3f, 0x0, 0x7e,
    0x0, 0xfc, 0x1, 0xc7, 0x1c, 0xe, 0x38, 0x1c,
    0x70, 0x7, 0x0, 0xe, 0x0, 0x1c, 0x1, 0xc7,
    0x3, 0x8e, 0x7, 0x1c, 0x70, 0x7, 0xe0, 0xf,
    0xc0, 0x1f, 0x80, 0x3f, 0x0, 0x7e, 0x0, 0xe0,

    /* U+0079 "y" */
    0xe0, 0xf, 0xc0, 0x1f, 0x80, 0x3f, 0x0, 0x7e,
    0x0, 0xfc, 0x1, 0xf8, 0x3, 0xf0, 0x7, 0xe0,
    0xf, 0xc0, 0x1f, 0x80, 0x3f, 0x0, 0x71, 0xff,
    0xe3, 0xff, 0xc7, 0xff, 0x80, 0x7, 0x0, 0xe,
    0x0, 0x1c, 0x0, 0x38, 0x0, 0x70, 0x0, 0xff,
    0xfe, 0x3f, 0xfc, 0x7f, 0xf8,

    /* U+007A "z" */
    0xff, 0xff, 0xff, 0xff, 0xff, 0xf8, 0x0, 0x70,
    0x0, 0xe0, 0x1, 0xc0, 0x1c, 0x0, 0x38, 0x0,
    0x70, 0x7, 0x0, 0xe, 0x0, 0x1c, 0x1, 0xc0,
    0x3, 0x80, 0x7, 0x0, 0x70, 0x0, 0xe0, 0x1,
    0xc0, 0x3, 0xff, 0xff, 0xff, 0xff, 0xff, 0xe0,

    /* U+007B "{" */
    0x3, 0xf0, 0x3f, 0x3, 0xf1, 0xc0, 0x1c, 0x1,
    0xc0, 0x1c, 0x1, 0xc0, 0x1c, 0x1, 0xc0, 0x1c,
    0x1, 0xc0, 0x1c, 0x1, 0xc0, 0x1c, 0xe, 0x0,
    0xe0, 0xe, 0x0, 0x1c, 0x1, 0xc0, 0x1c, 0x1,
    0xc0, 0x1c, 0x1, 0xc0, 0x1c, 0x1, 0xc0, 0x1c,
    0x1, 0xc0, 0x1c, 0x1, 0xc0, 0x3, 0xf0, 0x3f,
    0x3, 0xf0,

    /* U+007C "|" */
    0xff, 0xff, 0xff, 0xff, 0xff, 0xff, 0xff, 0xff,
    0xff, 0xff, 0xff, 0xff, 0xff, 0xf0,

    /* U+007D "}" */
    0xfc, 0xf, 0xc0, 0xfc, 0x0, 0x38, 0x3, 0x80,
    0x38, 0x3, 0x80, 0x38, 0x3, 0x80, 0x38, 0x3,
    0x80, 0x38, 0x3, 0x80, 0x38, 0x3, 0x80, 0x7,
    0x0, 0x70, 0x7, 0x3, 0x80, 0x38, 0x3, 0x80,
    0x38, 0x3, 0x80, 0x38, 0x3, 0x80, 0x38, 0x3,
    0x80, 0x38, 0x3, 0x80, 0x38, 0xfc, 0xf, 0xc0,
    0xfc, 0x0,

    /* U+007E "~" */
    0x1f, 0x8e, 0x3f, 0x1c, 0x7e, 0x3f, 0x3, 0x8e,
    0x7, 0x1c, 0xe, 0x0,

    /* U+00A3 "£" */
    0x3, 0xf0, 0x7, 0xe0, 0xf, 0xc0, 0xe0, 0x71,
    0xc0, 0xe3, 0x81, 0xc7, 0x0, 0xe, 0x0, 0x1c,
    0x0, 0x38, 0x0, 0x70, 0x0, 0xe0, 0xf, 0xff,
    0x1f, 0xfe, 0x3f, 0xfc, 0xe, 0x0, 0x1c, 0x0,
    0x38, 0x0, 0x70, 0x0, 0xe0, 0x1, 0xc0, 0x1c,
    0x0, 0x38, 0x0, 0x70, 0x0, 0xff, 0xff, 0xff,
    0xff, 0xff, 0xf8,

    /* U+00A5 "¥" */
    0xe0, 0xf, 0xc0, 0x1f, 0x80, 0x38, 0xe3, 0x81,
    0xc7, 0x3, 0x8e, 0x0, 0xe0, 0x1, 0xc0, 0x3,
    0x81, 0xff, 0xff, 0xff, 0xff, 0xff, 0xf0, 0x38,
    0x0, 0x70, 0x0, 0xe0, 0x7f, 0xff, 0xff, 0xff,
    0xff, 0xfc, 0xe, 0x0, 0x1c, 0x0, 0x38, 0x0,
    0x70, 0x0, 0xe0, 0x1, 0xc0, 0x3, 0x80, 0x7,
    0x0, 0xe, 0x0,

    /* U+00B0 "°" */
    0x1f, 0x81, 0xf8, 0x1f, 0x8e, 0x7, 0xe0, 0x7e,
    0x7, 0xe0, 0x7e, 0x7, 0xe0, 0x71, 0xf8, 0x1f,
    0x81, 0xf8,

    /* U+2022 "•" */
    0x1f, 0x81, 0xf8, 0x1f, 0x8f, 0xff, 0xff, 0xff,
    0xff, 0xff, 0xff, 0xff, 0xff, 0xf1, 0xf8, 0x1f,
    0x81, 0xf8,

    /* U+3001 "、" */
    0xe3, 0x8e, 0x7, 0x1c, 0x71, 0xc7, 0x1c,

    /* U+3002 "。" */
    0x1f, 0x81, 0xf8, 0x1f, 0x8e, 0x7, 0xe0, 0x7e,
    0x7, 0xe0, 0x7e, 0x7, 0xe0, 0x71, 0xf8, 0x1f,
    0x81, 0xf8,

    /* U+300C "「" */
    0xff, 0xff, 0xff, 0xff, 0xfe, 0x0, 0xe0, 0xe,
    0x0, 0xe0, 0xe, 0x0, 0xe0, 0xe, 0x0, 0xe0,
    0xe, 0x0, 0xe0, 0xe, 0x0, 0xe0, 0xe, 0x0,
    0xe0, 0xe, 0x0, 0xe0, 0xe, 0x0, 0xe0, 0xe,
    0x0, 0xe0, 0xe, 0x0, 0xe0, 0xe, 0x0, 0xe0,
    0xe, 0x0, 0xe0, 0xe, 0x0,

    /* U+300D "」" */
    0x0, 0x70, 0x7, 0x0, 0x70, 0x7, 0x0, 0x70,
    0x7, 0x0, 0x70, 0x7, 0x0, 0x70, 0x7, 0x0,
    0x70, 0x7, 0x0, 0x70, 0x7, 0x0, 0x70, 0x7,
    0x0, 0x70, 0x7, 0x0, 0x70, 0x7, 0x0, 0x70,
    0x7, 0x0, 0x70, 0x7, 0x0, 0x70, 0x7, 0x0,
    0x7f, 0xff, 0xff, 0xff, 0xff,

    /* U+301C "〜" */
    0x1f, 0xf0, 0x0, 0x3, 0xfe, 0x0, 0x0, 0x7f,
    0xc0, 0x0, 0x70, 0x7, 0x0, 0x7e, 0x0, 0xe0,
    0xf, 0xc0, 0x1c, 0x1, 0xc0, 0x0, 0x7f, 0xc0,
    0x0, 0xf, 0xf8, 0x0, 0x1, 0xff, 0x0,

    /* U+3041 "ぁ" */
    0x0, 0x70, 0x0, 0x0, 0x1, 0xc0, 0x0, 0x0,
    0x7, 0x0, 0x0, 0x3f, 0xff, 0xff, 0xff, 0xff,
    0xff, 0xff, 0xff, 0xff, 0xff, 0xff, 0xf0, 0x7,
    0x0, 0x0, 0x0, 0x1c, 0x0, 0x0, 0x0, 0x70,
    0x0, 0x0, 0x1, 0xff, 0xfc, 0x0, 0x7, 0xff,
    0xf0, 0x0, 0x1f, 0xff, 0xc0, 0x3, 0xf0, 0x38,
    0xe0, 0xf, 0xc0, 0xe3, 0x80, 0x3f, 0x3, 0x8e,
    0x7, 0x1c, 0xe, 0x7, 0x1c, 0x70, 0x38, 0x1c,
    0x71, 0xc0, 0xe0, 0x7e, 0x7, 0x1c, 0x1, 0xf8,
    0x1c, 0x70, 0x7, 0xe0, 0x71, 0xc0, 0x1f, 0x80,
    0x38, 0x3, 0x8e, 0x0, 0xe0, 0xe, 0x38, 0x3,
    0x80, 0x38, 0x1f, 0xf0, 0x3f, 0x0, 0x7f, 0xc0,
    0xfc, 0x1, 0xff, 0x3, 0xf0, 0x0,

    /* U+3042 "あ" */
    0x0, 0x70, 0x0, 0x0, 0x0, 0x38, 0x0, 0x0,
    0x0, 0x1c, 0x0, 0x0, 0x1f, 0xff, 0xff, 0xff,
    0xff, 0xff, 0xff, 0xff, 0xff, 0xff, 0xff, 0xff,
    0xfc, 0x1, 0xc0, 0x0, 0x0, 0x0, 0xe0, 0x0,
    0x0, 0x0, 0x70, 0x0, 0x0, 0x0, 0x3f, 0xff,
    0xf0, 0x0, 0x1f, 0xff, 0xf8, 0x0, 0xf, 0xff,
    0xfc, 0x0, 0x3f, 0x3, 0x81, 0xc0, 0x1f, 0x81,
    0xc0, 0xe0, 0xf, 0xc0, 0xe0, 0x70, 0x38, 0xe0,
    0x70, 0x7, 0x1c, 0x70, 0x38, 0x3, 0x8e, 0x38,
    0x1c, 0x1, 0xc7, 0x1c, 0xe, 0x0, 0xe3, 0x8e,
    0x7, 0x0, 0x71, 0xc7, 0x3, 0x80, 0x3f, 0x3,
    0x8e, 0x0, 0x1f, 0x81, 0xc7, 0x0, 0xf, 0xc0,
    0xe3, 0x80, 0x7, 0xe0, 0x71, 0xc0, 0x3, 0xf0,
    0x38, 0xe0, 0x1, 0xf8, 0x1c, 0x70, 0x0, 0xfc,
    0x1, 0xc0, 0x3, 0x8e, 0x0, 0xe0, 0x1, 0xc7,
    0x0, 0x70, 0x0, 0xe0, 0x7f, 0xc0, 0x1f, 0x80,
    0x3f, 0xe0, 0xf, 0xc0, 0x1f, 0xf0, 0x7, 0xe0,
    0x0,

    /* U+3043 "ぃ" */
    0x1c, 0x0, 0x0, 0x0, 0x70, 0x0, 0x0, 0x1,
    0xc0, 0x0, 0x0, 0x7, 0x0, 0x1, 0xc0, 0x1c,
    0x0, 0x7, 0x0, 0x70, 0x0, 0x1c, 0xe, 0x0,
    0x0, 0xe, 0x38, 0x0, 0x0, 0x38, 0xe0, 0x0,
    0x0, 0xe3, 0x80, 0x0, 0x3, 0x8e, 0x0, 0x0,
    0xe, 0x38, 0x0, 0x0, 0x38, 0xe0, 0x0, 0x0,
    0x1f, 0x80, 0x0, 0x0, 0x7e, 0x0, 0x0, 0x1,
    0xf8, 0x0, 0x0, 0x7, 0xe0, 0x0, 0x0, 0x1f,
    0x80, 0x0, 0x0, 0x7e, 0x0, 0x0, 0x1, 0xf8,
    0x0, 0x0, 0x7, 0xe0, 0x0, 0x0, 0x1c, 0x70,
    0x38, 0x0, 0x1, 0xc0, 0xe0, 0x0, 0x7, 0x3,
    0x80, 0x0, 0x3, 0xf0, 0x0, 0x0, 0xf, 0xc0,
    0x0, 0x0, 0x3f, 0x0, 0x0, 0x0,

    /* U+3044 "い" */
    0x1c, 0x0, 0x0, 0xe0, 0xe, 0x0, 0x0, 0x70,
    0x7, 0x0, 0x0, 0x38, 0x3, 0x80, 0x0, 0x3,
    0x81, 0xc0, 0x0, 0x1, 0xc0, 0xe0, 0x0, 0x0,
    0xe3, 0x80, 0x0, 0x0, 0x71, 0xc0, 0x0, 0x0,
    0x38, 0xe0, 0x0, 0x0, 0x1c, 0x70, 0x0, 0x0,
    0x1, 0xf8, 0x0, 0x0, 0x0, 0xfc, 0x0, 0x0,
    0x0, 0x7e, 0x0, 0x0, 0x0, 0x3f, 0x0, 0x0,
    0x0, 0x1f, 0x80, 0x0, 0x0, 0xf, 0xc0, 0x0,
    0x0, 0x7, 0xe0, 0x0, 0x0, 0x3, 0xf0, 0x0,
    0x0, 0x1, 0xf8, 0x0, 0x0, 0x0, 0xfc, 0x0,
    0x0, 0x0, 0x7e, 0x0, 0x0, 0x0, 0x3f, 0x0,
    0x0, 0x0, 0x1f, 0x80, 0x0, 0x0, 0xf, 0xc0,
    0x0, 0x0, 0x7, 0x1c, 0xe, 0x0, 0x0, 0xe,
    0x7, 0x0, 0x0, 0x7, 0x3, 0x80, 0x0, 0x0,
    0x7e, 0x0, 0x0, 0x0, 0x3f, 0x0, 0x0, 0x0,
    0x1f, 0x80, 0x0, 0x0,

    /* U+3045 "ぅ" */
    0x3, 0xfe, 0x0, 0x0, 0xf, 0xf8, 0x0, 0x0,
    0x3f, 0xe0, 0x0, 0x0, 0x0, 0x7f, 0xc0, 0x0,
    0x1, 0xff, 0x0, 0x0, 0x7, 0xfc, 0x0, 0x0,
    0x0, 0x0, 0x0, 0x0, 0x0, 0x0, 0x0, 0x0,
    0x0, 0x0, 0x1, 0xff, 0xfc, 0x0, 0x7, 0xff,
    0xf0, 0x0, 0x1f, 0xff, 0xc0, 0xff, 0x80, 0x0,
    0xe3, 0xfe, 0x0, 0x3, 0x8f, 0xf8, 0x0, 0xe,
    0x0, 0x0, 0x0, 0x7, 0x0, 0x0, 0x0, 0x1c,
    0x0, 0x0, 0x0, 0x70, 0x0, 0x0, 0x1, 0xc0,
    0x0, 0x0, 0x7, 0x0, 0x0, 0x0, 0x1c, 0x0,
    0x0, 0x3, 0x80, 0x0, 0x0, 0xe, 0x0, 0x0,
    0x0, 0x38, 0x0, 0x0, 0x3f, 0x0, 0x0, 0x0,
    0xfc, 0x0, 0x0, 0x3, 0xf0, 0x0, 0xff, 0xf0,
    0x0, 0x3, 0xff, 0xc0, 0x0, 0xf, 0xff, 0x0,
    0x0,

    /* U+3046 "う" */
    0x3, 0xff, 0xc0, 0x0, 0x1, 0xff, 0xe0, 0x0,
    0x0, 0xff, 0xf0, 0x0, 0x0, 0x0, 0x7, 0xfc,
    0x0, 0x0, 0x3, 0xfe, 0x0, 0x0, 0x1, 0xff,
    0x0, 0x0, 0x0, 0x0, 0x0, 0x0, 0x0, 0x0,
    0x0, 0x0, 0x0, 0x0, 0x0, 0x0, 0x3f, 0xff,
    0xf0, 0x0, 0x1f, 0xff, 0xf8, 0x0, 0xf, 0xff,
    0xfc, 0xf, 0xf8, 0x0, 0x1, 0xc7, 0xfc, 0x0,
    0x0, 0xe3, 0xfe, 0x0, 0x0, 0x70, 0x0, 0x0,
    0x0, 0x7, 0x0, 0x0, 0x0, 0x3, 0x80, 0x0,
    0x0, 0x1, 0xc0, 0x0, 0x0, 0x0, 0xe0, 0x0,
    0x0, 0x0, 0x70, 0x0, 0x0, 0x0, 0x38, 0x0,
    0x0, 0x0, 0x1c, 0x0, 0x0, 0x0, 0xe, 0x0,
    0x0, 0x0, 0x7, 0x0, 0x0, 0x0, 0x1c, 0x0,
    0x0, 0x0, 0xe, 0x0, 0x0, 0x0, 0x7, 0x0,
    0x0, 0x0, 0xfc, 0x0, 0x0, 0x0, 0x7e, 0x0,
    0x0, 0x0, 0x3f, 0x0, 0x1, 0xff, 0xe0, 0x0,
    0x0, 0xff, 0xf0, 0x0, 0x0, 0x7f, 0xf8, 0x0,
    0x0,

    /* U+3047 "ぇ" */
    0x3, 0xfe, 0x0, 0x0, 0xf, 0xf8, 0x0, 0x0,
    0x3f, 0xe0, 0x0, 0x0, 0x0, 0x7f, 0xc0, 0x0,
    0x1, 0xff, 0x0, 0x0, 0x7, 0xfc, 0x0, 0x0,
    0x0, 0x0, 0x0, 0x0, 0x0, 0x0, 0x0, 0x0,
    0x0, 0x0, 0x7f, 0xff, 0xe0, 0x1, 0xff, 0xff,
    0x80, 0x7, 0xff, 0xfe, 0x0, 0x0, 0x0, 0x7,
    0x0, 0x0, 0x0, 0x1c, 0x0, 0x0, 0x0, 0x70,
    0x0, 0x0, 0xe, 0x0, 0x0, 0x0, 0x38, 0x0,
    0x0, 0x0, 0xe0, 0x0, 0x0, 0x1c, 0x0, 0x0,
    0x0, 0x70, 0x0, 0x0, 0x1, 0xc0, 0x0, 0x0,
    0x38, 0xe0, 0x0, 0x0, 0xe3, 0x80, 0x0, 0x3,
    0x8e, 0x0, 0x3, 0xf0, 0x38, 0x0, 0xf, 0xc0,
    0xe0, 0x0, 0x3f, 0x3, 0x80, 0x3f, 0x0, 0x1,
    0xff, 0xfc, 0x0, 0x7, 0xff, 0xf0, 0x0, 0x1f,
    0xf0,

    /* U+3048 "え" */
    0x0, 0x7f, 0xc0, 0x0, 0x0, 0x3f, 0xe0, 0x0,
    0x0, 0x1f, 0xf0, 0x0, 0x0, 0x0, 0x7, 0xfc,
    0x0, 0x0, 0x3, 0xfe, 0x0, 0x0, 0x1, 0xff,
    0x0, 0x0, 0x0, 0x0, 0x0, 0x0, 0x0, 0x0,
    0x0, 0x0, 0x0, 0x0, 0x0, 0xf, 0xff, 0xff,
    0x80, 0x7, 0xff, 0xff, 0xc0, 0x3, 0xff, 0xff,
    0xe0, 0x0, 0x0, 0x0, 0xe, 0x0, 0x0, 0x0,
    0x7, 0x0, 0x0, 0x0, 0x3, 0x80, 0x0, 0x0,
    0xe, 0x0, 0x0, 0x0, 0x7, 0x0, 0x0, 0x0,
    0x3, 0x80, 0x0, 0x0, 0xe, 0x0, 0x0, 0x0,
    0x7, 0x0, 0x0, 0x0, 0x3, 0x80, 0x0, 0x0,
    0xf, 0xc0, 0x0, 0x0, 0x7, 0xe0, 0x0, 0x0,
    0x3, 0xf0, 0x0, 0x0, 0xe, 0x7, 0x0, 0x0,
    0x7, 0x3, 0x80, 0x0, 0x3, 0x81, 0xc0, 0x0,
    0x7e, 0x0, 0xe0, 0x0, 0x3f, 0x0, 0x70, 0x0,
    0x1f, 0x80, 0x38, 0x3, 0xf0, 0x0, 0x3, 0xff,
    0xf8, 0x0, 0x1, 0xff, 0xfc, 0x0, 0x0, 0xff,
    0x80,

    /* U+3049 "ぉ" */
    0x0, 0x70, 0x0, 0x0, 0xe, 0x0, 0x0, 0x1,
    0xc0, 0x0, 0x7f, 0xff, 0xe3, 0x8f, 0xff, 0xfc,
    0x71, 0xff, 0xff, 0x8e, 0x0, 0x1c, 0x0, 0x38,
    0x3, 0x80, 0x7, 0x0, 0x70, 0x0, 0xe0, 0x7f,
    0xff, 0x1c, 0xf, 0xff, 0xe3, 0x81, 0xff, 0xfc,
    0x71, 0xc7, 0x0, 0x70, 0x38, 0xe0, 0xe, 0x7,
    0x1c, 0x1, 0xc7, 0x3, 0x80, 0x7, 0xe0, 0x70,
    0x0, 0xfc, 0xe, 0x0, 0x1f, 0x81, 0xc0, 0x3,
    0xf0, 0x38, 0x0, 0x7e, 0x7, 0x0, 0xf, 0xc0,
    0xe0, 0xe, 0x38, 0x1c, 0x1, 0xc7, 0x3, 0x80,
    0x38, 0x1f, 0x81, 0xf8, 0x3, 0xf0, 0x3f, 0x0,
    0x7e, 0x7, 0xe0, 0x0,

    /* U+304A "お" */
    0x0, 0xe, 0x0, 0x0, 0x0, 0x7, 0x0, 0x0,
    0x0, 0x3, 0x80, 0x0, 0x1f, 0xff, 0xff, 0xe3,
    0x8f, 0xff, 0xff, 0xf1, 0xc7, 0xff, 0xff, 0xf8,
    0xe0, 0x0, 0x38, 0x0, 0xe, 0x0, 0x1c, 0x0,
    0x7, 0x0, 0xe, 0x0, 0x3, 0x80, 0x7, 0x0,
    0x1, 0xc0, 0x3, 0x80, 0x0, 0xe0, 0x1, 0xc0,
    0x0, 0x70, 0x0, 0xff, 0xfe, 0x0, 0x0, 0x7f,
    0xff, 0x0, 0x0, 0x3f, 0xff, 0x80, 0x7, 0xfc,
    0x0, 0x38, 0x3, 0xfe, 0x0, 0x1c, 0x1, 0xff,
    0x0, 0xe, 0x7, 0x3, 0x80, 0x0, 0xe3, 0x81,
    0xc0, 0x0, 0x71, 0xc0, 0xe0, 0x0, 0x3f, 0x0,
    0x70, 0x0, 0x1f, 0x80, 0x38, 0x0, 0xf, 0xc0,
    0x1c, 0x0, 0x7, 0xe0, 0xe, 0x0, 0x3, 0xf0,
    0x7, 0x0, 0x1, 0xf8, 0x3, 0x80, 0x0, 0xe3,
    0x81, 0xc0, 0x3, 0x81, 0xc0, 0xe0, 0x1, 0xc0,
    0xe0, 0x70, 0x0, 0xe0, 0xf, 0xc0, 0x1f, 0x80,
    0x7, 0xe0, 0xf, 0xc0, 0x3, 0xf0, 0x7, 0xe0,
    0x0,

    /* U+304B "か" */
    0x0, 0xe, 0x0, 0xe0, 0x0, 0x7, 0x0, 0x70,
    0x0, 0x3, 0x80, 0x38, 0x0, 0x1, 0xc0, 0x3,
    0x80, 0x0, 0xe0, 0x1, 0xc0, 0x0, 0x70, 0x0,
    0xe3, 0xff, 0xff, 0xfc, 0x71, 0xff, 0xff, 0xfe,
    0x38, 0xff, 0xff, 0xff, 0x1c, 0x0, 0x38, 0x0,
    0x71, 0xc0, 0x1c, 0x0, 0x38, 0xe0, 0xe, 0x0,
    0x1c, 0x70, 0x7, 0x0, 0xe, 0x38, 0x3, 0x80,
    0x7, 0x1c, 0x1, 0xc0, 0x3, 0x8e, 0x7, 0x0,
    0x1, 0xc7, 0x3, 0x80, 0x0, 0xe3, 0x81, 0xc0,
    0x0, 0x71, 0xc0, 0xe0, 0x0, 0x38, 0x0, 0x70,
    0x0, 0x1c, 0x0, 0x38, 0x0, 0xe, 0x0, 0xe0,
    0x0, 0x7, 0x0, 0x70, 0x0, 0x3, 0x80, 0x38,
    0x0, 0x1, 0xc0, 0x1c, 0x0, 0x0, 0xe0, 0xe,
    0x0, 0x0, 0x70, 0x7, 0x0, 0x0, 0x38, 0x1c,
    0x1, 0xc0, 0xe0, 0xe, 0x0, 0xe0, 0x70, 0x7,
    0x0, 0x70, 0x38, 0x3, 0x80, 0x7, 0xe0, 0x1,
    0xc0, 0x3, 0xf0, 0x0, 0xe0, 0x1, 0xf8, 0x0,
    0x0,

    /* U+304C "が" */
    0x0, 0x0, 0x0, 0xe3, 0x80, 0x0, 0x0, 0xe,
    0x38, 0x0, 0x0, 0x0, 0xe3, 0x80, 0x0, 0xe0,
    0x71, 0xc7, 0x0, 0xe, 0x7, 0x1c, 0x70, 0x0,
    0xe0, 0x71, 0xc7, 0x0, 0xe, 0x0, 0xe0, 0x0,
    0x0, 0xe0, 0xe, 0x0, 0x0, 0xe, 0x0, 0xe0,
    0xf, 0xff, 0xff, 0xf1, 0xc0, 0xff, 0xff, 0xff,
    0x1c, 0xf, 0xff, 0xff, 0xf1, 0xc0, 0x0, 0x70,
    0x0, 0xe3, 0x80, 0x7, 0x0, 0xe, 0x38, 0x0,
    0x70, 0x0, 0xe3, 0x80, 0x7, 0x0, 0xe, 0x38,
    0x0, 0x70, 0x0, 0xe3, 0x80, 0x7, 0x0, 0xe,
    0x38, 0x3, 0x80, 0x0, 0xe3, 0x80, 0x38, 0x0,
    0xe, 0x38, 0x3, 0x80, 0x0, 0xe3, 0x80, 0x38,
    0x0, 0xe, 0x0, 0x3, 0x80, 0x0, 0xe0, 0x0,
    0x38, 0x0, 0xe, 0x0, 0x1c, 0x0, 0x0, 0xe0,
    0x1, 0xc0, 0x0, 0xe, 0x0, 0x1c, 0x0, 0x0,
    0xe0, 0x1, 0xc0, 0x0, 0xe, 0x0, 0x1c, 0x0,
    0x0, 0xe0, 0x1, 0xc0, 0x0, 0xe, 0x0, 0xe0,
    0xe, 0x7, 0x0, 0xe, 0x0, 0xe0, 0x70, 0x0,
    0xe0, 0xe, 0x7, 0x0, 0xe, 0x0, 0x1f, 0x80,
    0x0, 0xe0, 0x1, 0xf8, 0x0, 0xe, 0x0, 0x1f,
    0x80, 0x0,

    /* U+304D "き" */
    0x0, 0x1, 0xc0, 0x0, 0x0, 0x0, 0xe0, 0x0,
    0x0, 0x0, 0x70, 0x0, 0x3, 0xff, 0xff, 0xff,
    0x81, 0xff, 0xff, 0xff, 0xc0, 0xff, 0xff, 0xff,
    0xe0, 0x0, 0x0, 0xe0, 0x0, 0x0, 0x0, 0x70,
    0x0, 0x0, 0x0, 0x38, 0x0, 0x7f, 0xff, 0xff,
    0xff, 0xff, 0xff, 0xff, 0xff, 0xff, 0xff, 0xff,
    0xff, 0xf0, 0x0, 0x0, 0x70, 0x0, 0x0, 0x0,
    0x38, 0x0, 0x0, 0x0, 0x1c, 0x0, 0x7, 0xff,
    0x81, 0xc0, 0x3, 0xff, 0xc0, 0xe0, 0x1, 0xff,
    0xe0, 0x70, 0x7, 0x0, 0xf, 0xf8, 0x3, 0x80,
    0x7, 0xfc, 0x1, 0xc0, 0x3, 0xfe, 0x7, 0x0,
    0x0, 0x0, 0x3, 0x80, 0x0, 0x0, 0x1, 0xc0,
    0x0, 0x0, 0x0, 0xe0, 0x0, 0x0, 0x0, 0x70,
    0x0, 0x0, 0x0, 0x38, 0x0, 0x0, 0x0, 0x3,
    0x80, 0x0, 0x0, 0x71, 0xc0, 0x0, 0x0, 0x38,
    0xe0, 0x0, 0x0, 0x1c, 0xf, 0xff, 0xff, 0xf0,
    0x7, 0xff, 0xff, 0xf8, 0x3, 0xff, 0xff, 0xfc,
    0x0,

    /* U+304E "ぎ" */
    0x0, 0x0, 0x0, 0xe3, 0x80, 0x0, 0x0, 0xe,
    0x38, 0x0, 0x0, 0x0, 0xe3, 0x80, 0x0, 0x1c,
    0x1, 0xc7, 0x0, 0x1, 0xc0, 0x1c, 0x70, 0x0,
    0x1c, 0x1, 0xc7, 0x1f, 0xff, 0xff, 0xe0, 0x1,
    0xff, 0xff, 0xfe, 0x0, 0x1f, 0xff, 0xff, 0xe0,
    0x0, 0x0, 0x3, 0x80, 0x0, 0x0, 0x0, 0x38,
    0x0, 0x0, 0x0, 0x3, 0x80, 0x0, 0xff, 0xff,
    0xff, 0xff, 0x8f, 0xff, 0xff, 0xff, 0xf8, 0xff,
    0xff, 0xff, 0xff, 0x80, 0x0, 0x0, 0x70, 0x0,
    0x0, 0x0, 0x7, 0x0, 0x0, 0x0, 0x0, 0x70,
    0x0, 0x3, 0xff, 0xc0, 0xe0, 0x0, 0x3f, 0xfc,
    0xe, 0x0, 0x3, 0xff, 0xc0, 0xe0, 0x1, 0xc0,
    0x3, 0xfe, 0x0, 0x1c, 0x0, 0x3f, 0xe0, 0x1,
    0xc0, 0x3, 0xfe, 0x0, 0xe0, 0x0, 0x0, 0x0,
    0xe, 0x0, 0x0, 0x0, 0x0, 0xe0, 0x0, 0x0,
    0x0, 0xe, 0x0, 0x0, 0x0, 0x0, 0xe0, 0x0,
    0x0, 0x0, 0xe, 0x0, 0x0, 0x0, 0x0, 0x1c,
    0x0, 0x0, 0x3, 0x81, 0xc0, 0x0, 0x0, 0x38,
    0x1c, 0x0, 0x0, 0x3, 0x80, 0x3f, 0xff, 0xff,
    0xc0, 0x3, 0xff, 0xff, 0xfc, 0x0, 0x3f, 0xff,
    0xff, 0xc0,

    /* U+304F "く" */
    0x0, 0x0, 0x0, 0xfc, 0x0, 0x0, 0x0, 0x7e,
    0x0, 0x0, 0x0, 0x3f, 0x0, 0x0, 0x7, 0xe0,
    0x0, 0x0, 0x3, 0xf0, 0x0, 0x0, 0x1, 0xf8,
    0x0, 0x1, 0xff, 0x0, 0x0, 0x0, 0xff, 0x80,
    0x0, 0x0, 0x7f, 0xc0, 0x0, 0xf, 0xc0, 0x0,
    0x0, 0x7, 0xe0, 0x0, 0x0, 0x3, 0xf0, 0x0,
    0x0, 0xe, 0x0, 0x0, 0x0, 0x7, 0x0, 0x0,
    0x0, 0x3, 0x80, 0x0, 0x0, 0x1, 0xc0, 0x0,
    0x0, 0x0, 0xe0, 0x0, 0x0, 0x0, 0x70, 0x0,
    0x0, 0x0, 0x7, 0xe0, 0x0, 0x0, 0x3, 0xf0,
    0x0, 0x0, 0x1, 0xf8, 0x0, 0x0, 0x0, 0x3,
    0xf0, 0x0, 0x0, 0x1, 0xf8, 0x0, 0x0, 0x0,
    0xfc, 0x0, 0x0, 0x0, 0x1, 0xf8, 0x0, 0x0,
    0x0, 0xfc, 0x0, 0x0, 0x0, 0x7e, 0x0, 0x0,
    0x0, 0x0, 0xfc, 0x0, 0x0, 0x0, 0x7e, 0x0,
    0x0, 0x0, 0x3f, 0x0, 0x0, 0x0, 0x0, 0x7e,
    0x0, 0x0, 0x0, 0x3f, 0x0, 0x0, 0x0, 0x1f,
    0x80,

    /* U+3050 "ぐ" */
    0x0, 0x0, 0x7, 0xfc, 0x0, 0x0, 0x3, 0xfe,
    0x0, 0x0, 0x1, 0xff, 0x0, 0x0, 0x3f, 0x0,
    0x0, 0x0, 0x1f, 0x80, 0x0, 0x0, 0xf, 0xc0,
    0x0, 0x1, 0xf8, 0x1c, 0x70, 0x0, 0xfc, 0xe,
    0x38, 0x0, 0x7e, 0x7, 0x1c, 0xf, 0xc0, 0x0,
    0x71, 0xc7, 0xe0, 0x0, 0x38, 0xe3, 0xf0, 0x0,
    0x1c, 0x7e, 0x0, 0x0, 0x0, 0x7, 0x0, 0x0,
    0x0, 0x3, 0x80, 0x0, 0x0, 0x1, 0xc0, 0x0,
    0x0, 0x0, 0xe0, 0x0, 0x0, 0x0, 0x70, 0x0,
    0x0, 0x0, 0x7, 0xe0, 0x0, 0x0, 0x3, 0xf0,
    0x0, 0x0, 0x1, 0xf8, 0x0, 0x0, 0x0, 0x3,
    0xf0, 0x0, 0x0, 0x1, 0xf8, 0x0, 0x0, 0x0,
    0xfc, 0x0, 0x0, 0x0, 0x1, 0xf8, 0x0, 0x0,
    0x0, 0xfc, 0x0, 0x0, 0x0, 0x7e, 0x0, 0x0,
    0x0, 0x0, 0xfc, 0x0, 0x0, 0x0, 0x7e, 0x0,
    0x0, 0x0, 0x3f, 0x0, 0x0, 0x0, 0x0, 0x7e,
    0x0, 0x0, 0x0, 0x3f, 0x0, 0x0, 0x0, 0x1f,
    0x80,

    /* U+3051 "け" */
    0x1c, 0x0, 0x0, 0x1c, 0xe, 0x0, 0x0, 0xe,
    0x7, 0x0, 0x0, 0x7, 0x3, 0x80, 0x0, 0x3,
    0x81, 0xc0, 0x0, 0x1, 0xc0, 0xe0, 0x0, 0x0,
    0xe3, 0x80, 0x3f, 0xff, 0xff, 0xc0, 0x1f, 0xff,
    0xff, 0xe0, 0xf, 0xff, 0xff, 0xf0, 0x0, 0x0,
    0xe, 0x38, 0x0, 0x0, 0x7, 0x1c, 0x0, 0x0,
    0x3, 0x8e, 0x0, 0x0, 0x1, 0xc7, 0x0, 0x0,
    0x0, 0xe3, 0x80, 0x0, 0x0, 0x71, 0xc0, 0x0,
    0x0, 0x38, 0xe0, 0x0, 0x0, 0x1c, 0x70, 0x0,
    0x0, 0xe, 0x38, 0x0, 0x0, 0x7, 0x1c, 0x0,
    0x0, 0x3, 0x8e, 0x0, 0x0, 0x1, 0xc7, 0x0,
    0x0, 0x0, 0xe3, 0x80, 0x0, 0x0, 0x71, 0xc0,
    0x0, 0x0, 0x38, 0xe0, 0x0, 0x0, 0x1c, 0x70,
    0x0, 0x0, 0xe, 0x38, 0x0, 0x0, 0x7, 0x1c,
    0x0, 0x0, 0x1c, 0xe, 0x0, 0x0, 0xe, 0x7,
    0x0, 0x0, 0x7, 0x0, 0x70, 0x0, 0xfc, 0x0,
    0x38, 0x0, 0x7e, 0x0, 0x1c, 0x0, 0x3f, 0x0,
    0x0,

    /* U+3052 "げ" */
    0x0, 0x0, 0x7, 0x1c, 0x0, 0x0, 0x3, 0x8e,
    0x0, 0x0, 0x1, 0xc7, 0x1c, 0x0, 0x0, 0x1c,
    0x7e, 0x0, 0x0, 0xe, 0x3f, 0x0, 0x0, 0x7,
    0x1f, 0x80, 0x0, 0x3, 0x81, 0xc0, 0x0, 0x1,
    0xc0, 0xe0, 0x0, 0x0, 0xe0, 0x70, 0x7, 0xff,
    0xfe, 0x38, 0x3, 0xff, 0xff, 0x1c, 0x1, 0xff,
    0xff, 0x8e, 0x0, 0x0, 0xe, 0x7, 0x0, 0x0,
    0x7, 0x3, 0x80, 0x0, 0x3, 0x81, 0xc0, 0x0,
    0x1, 0xc0, 0xe0, 0x0, 0x0, 0xe0, 0x70, 0x0,
    0x0, 0x70, 0x38, 0x0, 0x0, 0x38, 0x1c, 0x0,
    0x0, 0x1c, 0xe, 0x0, 0x0, 0xe, 0x7, 0x0,
    0x0, 0x7, 0x3, 0x80, 0x0, 0x3, 0x81, 0xc0,
    0x0, 0x1, 0xc0, 0xe0, 0x0, 0x0, 0xe0, 0x70,
    0x0, 0x0, 0x70, 0x38, 0x0, 0x0, 0x38, 0x1c,
    0x0, 0x0, 0x1c, 0xe, 0x0, 0x0, 0xe, 0x7,
    0x0, 0x0, 0x7, 0x3, 0x80, 0x0, 0x1c, 0x1,
    0xc0, 0x0, 0xe, 0x0, 0xe0, 0x0, 0x7, 0x0,
    0xe, 0x0, 0xfc, 0x0, 0x7, 0x0, 0x7e, 0x0,
    0x3, 0x80, 0x3f, 0x0, 0x0,

    /* U+3053 "こ" */
    0x3, 0xff, 0xff, 0xe0, 0x1, 0xff, 0xff, 0xf0,
    0x0, 0xff, 0xff, 0xf8, 0x0, 0x0, 0x0, 0x3,
    0x80, 0x0, 0x0, 0x1, 0xc0, 0x0, 0x0, 0x0,
    0xe0, 0x0, 0x0, 0x0, 0x70, 0x0, 0x0, 0x0,
    0x38, 0x0, 0x0, 0x0, 0x1c, 0x0, 0x0, 0x0,
    0x70, 0x0, 0x0, 0x0, 0x38, 0x0, 0x0, 0x0,
    0x1c, 0x0, 0x0, 0x0, 0x0, 0x0, 0x0, 0x0,
    0x0, 0x0, 0x0, 0x0, 0x0, 0x0, 0x38, 0x0,
    0x0, 0x0, 0x1c, 0x0, 0x0, 0x0, 0xe, 0x0,
    0x0, 0x0, 0x38, 0x0, 0x0, 0x0, 0x1c, 0x0,
    0x0, 0x0, 0xe, 0x0, 0x0, 0x0, 0x7, 0x0,
    0x0, 0x0, 0x3, 0x80, 0x0, 0x0, 0x1, 0xc0,
    0x0, 0x0, 0x0, 0x1c, 0x0, 0x0, 0x0, 0xe,
    0x0, 0x0, 0x0, 0x7, 0x0, 0x0, 0x0, 0x0,
    0x7f, 0xff, 0xff, 0xf0, 0x3f, 0xff, 0xff, 0xf8,
    0x1f, 0xff, 0xff, 0xfc,

    /* U+3054 "ご" */
    0x0, 0x0, 0x0, 0xe3, 0x80, 0x0, 0x0, 0xe,
    0x38, 0x0, 0x0, 0x0, 0xe3, 0x80, 0x0, 0x0,
    0x1, 0xc7, 0x0, 0x0, 0x0, 0x1c, 0x70, 0x0,
    0x0, 0x1, 0xc7, 0x3, 0xff, 0xff, 0xe0, 0x0,
    0x3f, 0xff, 0xfe, 0x0, 0x3, 0xff, 0xff, 0xe0,
    0x0, 0x0, 0x0, 0x1, 0xc0, 0x0, 0x0, 0x0,
    0x1c, 0x0, 0x0, 0x0, 0x1, 0xc0, 0x0, 0x0,
    0x0, 0x1c, 0x0, 0x0, 0x0, 0x1, 0xc0, 0x0,
    0x0, 0x0, 0x1c, 0x0, 0x0, 0x0, 0xe, 0x0,
    0x0, 0x0, 0x0, 0xe0, 0x0, 0x0, 0x0, 0xe,
    0x0, 0x0, 0x0, 0x0, 0x0, 0x0, 0x0, 0x0,
    0x0, 0x0, 0x0, 0x0, 0x0, 0x0, 0x1, 0xc0,
    0x0, 0x0, 0x0, 0x1c, 0x0, 0x0, 0x0, 0x1,
    0xc0, 0x0, 0x0, 0x0, 0xe0, 0x0, 0x0, 0x0,
    0xe, 0x0, 0x0, 0x0, 0x0, 0xe0, 0x0, 0x0,
    0x0, 0xe, 0x0, 0x0, 0x0, 0x0, 0xe0, 0x0,
    0x0, 0x0, 0xe, 0x0, 0x0, 0x0, 0x0, 0x1c,
    0x0, 0x0, 0x0, 0x1, 0xc0, 0x0, 0x0, 0x0,
    0x1c, 0x0, 0x0, 0x0, 0x0, 0x3f, 0xff, 0xff,
    0xf8, 0x3, 0xff, 0xff, 0xff, 0x80, 0x3f, 0xff,
    0xff, 0xf8,

    /* U+3055 "さ" */
    0x0, 0x0, 0x38, 0x0, 0x0, 0x0, 0x1c, 0x0,
    0x0, 0x0, 0xe, 0x0, 0x0, 0x0, 0x7, 0x0,
    0x0, 0x0, 0x3, 0x80, 0x0, 0x0, 0x1, 0xc0,
    0x3, 0xff, 0xff, 0xff, 0xff, 0xff, 0xff, 0xff,
    0xff, 0xff, 0xff, 0xff, 0xff, 0x80, 0x0, 0x3,
    0x80, 0x0, 0x0, 0x1, 0xc0, 0x0, 0x0, 0x0,
    0xe0, 0x0, 0x0, 0x0, 0x70, 0x0, 0x0, 0x0,
    0x38, 0x0, 0x0, 0x0, 0x1c, 0x0, 0x7, 0xff,
    0x81, 0xc0, 0x3, 0xff, 0xc0, 0xe0, 0x1, 0xff,
    0xe0, 0x70, 0x7, 0x0, 0xf, 0xf8, 0x3, 0x80,
    0x7, 0xfc, 0x1, 0xc0, 0x3, 0xfe, 0x7, 0x0,
    0x0, 0x0, 0x3, 0x80, 0x0, 0x0, 0x1, 0xc0,
    0x0, 0x0, 0x0, 0xe0, 0x0, 0x0, 0x0, 0x70,
    0x0, 0x0, 0x0, 0x38, 0x0, 0x0, 0x0, 0x3,
    0x80, 0x0, 0x0, 0x71, 0xc0, 0x0, 0x0, 0x38,
    0xe0, 0x0, 0x0, 0x1c, 0xf, 0xff, 0xff, 0xf0,
    0x7, 0xff, 0xff, 0xf8, 0x3, 0xff, 0xff, 0xfc,
    0x0,

    /* U+3056 "ざ" */
    0x0, 0x0, 0x7, 0x1c, 0x0, 0x0, 0x3, 0x8e,
    0x0, 0x0, 0x1, 0xc7, 0x0, 0x0, 0x7, 0x1c,
    0x70, 0x0, 0x3, 0x8e, 0x38, 0x0, 0x1, 0xc7,
    0x1c, 0x0, 0x0, 0xe0, 0x0, 0x0, 0x0, 0x70,
    0x0, 0x0, 0x0, 0x38, 0x0, 0x7f, 0xff, 0xff,
    0xff, 0xff, 0xff, 0xff, 0xff, 0xff, 0xff, 0xff,
    0xff, 0xf0, 0x0, 0x0, 0x70, 0x0, 0x0, 0x0,
    0x38, 0x0, 0x0, 0x0, 0x1c, 0x0, 0x0, 0x0,
    0xe, 0x0, 0x0, 0x0, 0x7, 0x0, 0x0, 0x0,
    0x3, 0x80, 0x0, 0xff, 0xf0, 0x38, 0x0, 0x7f,
    0xf8, 0x1c, 0x0, 0x3f, 0xfc, 0xe, 0x0, 0xe0,
    0x1, 0xff, 0x0, 0x70, 0x0, 0xff, 0x80, 0x38,
    0x0, 0x7f, 0xc0, 0xe0, 0x0, 0x0, 0x0, 0x70,
    0x0, 0x0, 0x0, 0x38, 0x0, 0x0, 0x0, 0x1c,
    0x0, 0x0, 0x0, 0xe, 0x0, 0x0, 0x0, 0x7,
    0x0, 0x0, 0x0, 0x0, 0x70, 0x0, 0x0, 0xe,
    0x38, 0x0, 0x0, 0x7, 0x1c, 0x0, 0x0, 0x3,
    0x81, 0xff, 0xff, 0xfe, 0x0, 0xff, 0xff, 0xff,
    0x0, 0x7f, 0xff, 0xff, 0x80,

    /* U+3057 "し" */
    0xe0, 0x0, 0x0, 0x3, 0x80, 0x0, 0x0, 0xe,
    0x0, 0x0, 0x0, 0x38, 0x0, 0x0, 0x0, 0xe0,
    0x0, 0x0, 0x3, 0x80, 0x0, 0x0, 0xe, 0x0,
    0x0, 0x0, 0x38, 0x0, 0x0, 0x0, 0xe0, 0x0,
    0x0, 0x3, 0x80, 0x0, 0x0, 0xe, 0x0, 0x0,
    0x0, 0x38, 0x0, 0x0, 0x0, 0xe0, 0x0, 0x0,
    0x3, 0x80, 0x0, 0x0, 0xe, 0x0, 0x0, 0x0,
    0x38, 0x0, 0x0, 0x0, 0xe0, 0x0, 0x0, 0x3,
    0x80, 0x0, 0x0, 0xe, 0x0, 0x0, 0x1, 0xf8,
    0x0, 0x0, 0x7, 0xe0, 0x0, 0x0, 0x1f, 0x80,
    0x0, 0x0, 0x7e, 0x0, 0x0, 0x1, 0xf8, 0x0,
    0x0, 0x7, 0xe0, 0x0, 0x0, 0xe3, 0x80, 0x0,
    0x3, 0x8e, 0x0, 0x0, 0xe, 0x7, 0x0, 0x1,
    0xc0, 0x1c, 0x0, 0x7, 0x0, 0x70, 0x0, 0x1c,
    0x0, 0x3f, 0xff, 0x80, 0x0, 0xff, 0xfe, 0x0,
    0x3, 0xff, 0xf8, 0x0,

    /* U+3058 "じ" */
    0xe0, 0x1, 0xc7, 0x3, 0x80, 0x7, 0x1c, 0xe,
    0x0, 0x1c, 0x70, 0x38, 0x0, 0xe, 0x38, 0xe0,
    0x0, 0x38, 0xe3, 0x80, 0x0, 0xe3, 0x8e, 0x0,
    0x0, 0x0, 0x38, 0x0, 0x0, 0x0, 0xe0, 0x0,
    0x0, 0x3, 0x80, 0x0, 0x0, 0xe, 0x0, 0x0,
    0x0, 0x38, 0x0, 0x0, 0x0, 0xe0, 0x0, 0x0,
    0x3, 0x80, 0x0, 0x0, 0xe, 0x0, 0x0, 0x0,
    0x38, 0x0, 0x0, 0x0, 0xe0, 0x0, 0x0, 0x3,
    0x80, 0x0, 0x0, 0xe, 0x0, 0x0, 0x1, 0xf8,
    0x0, 0x0, 0x7, 0xe0, 0x0, 0x0, 0x1f, 0x80,
    0x0, 0x0, 0x7e, 0x0, 0x0, 0x1, 0xf8, 0x0,
    0x0, 0x7, 0xe0, 0x0, 0x0, 0xe3, 0x80, 0x0,
    0x3, 0x8e, 0x0, 0x0, 0xe, 0x7, 0x0, 0x1,
    0xc0, 0x1c, 0x0, 0x7, 0x0, 0x70, 0x0, 0x1c,
    0x0, 0x3f, 0xff, 0x80, 0x0, 0xff, 0xfe, 0x0,
    0x3, 0xff, 0xf8, 0x0,

    /* U+3059 "す" */
    0x0, 0x0, 0x7, 0x0, 0x0, 0x0, 0x3, 0x80,
    0x0, 0x0, 0x1, 0xc0, 0x1f, 0xff, 0xff, 0xff,
    0xff, 0xff, 0xff, 0xff, 0xff, 0xff, 0xff, 0xff,
    0xfc, 0x0, 0x0, 0x1c, 0x0, 0x0, 0x0, 0xe,
    0x0, 0x0, 0x0, 0x7, 0x0, 0x0, 0x7, 0xff,
    0x80, 0x0, 0x3, 0xff, 0xc0, 0x0, 0x1, 0xff,
    0xe0, 0x0, 0x7, 0x0, 0x70, 0x0, 0x3, 0x80,
    0x38, 0x0, 0x1, 0xc0, 0x1c, 0x0, 0x0, 0xe0,
    0xe, 0x0, 0x0, 0x70, 0x7, 0x0, 0x0, 0x38,
    0x3, 0x80, 0x0, 0x1c, 0x1, 0xc0, 0x0, 0xe,
    0x0, 0xe0, 0x0, 0x7, 0x0, 0x70, 0x0, 0x0,
    0x7f, 0xf8, 0x0, 0x0, 0x3f, 0xfc, 0x0, 0x0,
    0x1f, 0xfe, 0x0, 0x0, 0x0, 0x7, 0x0, 0x0,
    0x0, 0x3, 0x80, 0x0, 0x0, 0x1, 0xc0, 0x0,
    0x0, 0x7, 0x0, 0x0, 0x0, 0x3, 0x80, 0x0,
    0x0, 0x1, 0xc0, 0x0, 0x1, 0xff, 0x0, 0x0,
    0x0, 0xff, 0x80, 0x0, 0x0, 0x7f, 0xc0, 0x0,
    0x0,

    /* U+305A "ず" */
    0x0, 0x0, 0x0, 0xe3, 0x80, 0x0, 0x0, 0xe,
    0x38, 0x0, 0x0, 0x0, 0xe3, 0x80, 0x0, 0x0,
    0x71, 0xc7, 0x0, 0x0, 0x7, 0x1c, 0x70, 0x0,
    0x0, 0x71, 0xc7, 0xff, 0xff, 0xff, 0xff, 0x8f,
    0xff, 0xff, 0xff, 0xf8, 0xff, 0xff, 0xff, 0xff,
    0x80, 0x0, 0x0, 0x70, 0x0, 0x0, 0x0, 0x7,
    0x0, 0x0, 0x0, 0x0, 0x70, 0x0, 0x0, 0xf,
    0xff, 0x0, 0x0, 0x0, 0xff, 0xf0, 0x0, 0x0,
    0xf, 0xff, 0x0, 0x0, 0x7, 0x0, 0x70, 0x0,
    0x0, 0x70, 0x7, 0x0, 0x0, 0x7, 0x0, 0x70,
    0x0, 0x0, 0x70, 0x7, 0x0, 0x0, 0x7, 0x0,
    0x70, 0x0, 0x0, 0x70, 0x7, 0x0, 0x0, 0x7,
    0x0, 0x70, 0x0, 0x0, 0x70, 0x7, 0x0, 0x0,
    0x7, 0x0, 0x70, 0x0, 0x0, 0xf, 0xff, 0x0,
    0x0, 0x0, 0xff, 0xf0, 0x0, 0x0, 0xf, 0xff,
    0x0, 0x0, 0x0, 0x0, 0x70, 0x0, 0x0, 0x0,
    0x7, 0x0, 0x0, 0x0, 0x0, 0x70, 0x0, 0x0,
    0x0, 0x38, 0x0, 0x0, 0x0, 0x3, 0x80, 0x0,
    0x0, 0x0, 0x38, 0x0, 0x0, 0x7, 0xfc, 0x0,
    0x0, 0x0, 0x7f, 0xc0, 0x0, 0x0, 0x7, 0xfc,
    0x0, 0x0,

    /* U+305B "せ" */
    0x3, 0x80, 0x0, 0xe0, 0x1, 0xc0, 0x0, 0x70,
    0x0, 0xe0, 0x0, 0x38, 0x0, 0x70, 0x0, 0x1c,
    0x0, 0x38, 0x0, 0xe, 0x0, 0x1c, 0x0, 0x7,
    0x0, 0xe, 0x0, 0x3, 0x80, 0x7, 0x0, 0x1,
    0xc0, 0x3, 0x80, 0x0, 0xe0, 0x7f, 0xff, 0xff,
    0xff, 0xff, 0xff, 0xff, 0xff, 0xff, 0xff, 0xff,
    0xff, 0xf0, 0x38, 0x0, 0xe, 0x0, 0x1c, 0x0,
    0x7, 0x0, 0xe, 0x0, 0x3, 0x80, 0x7, 0x0,
    0x1, 0xc0, 0x3, 0x80, 0x0, 0xe0, 0x1, 0xc0,
    0x0, 0x70, 0x0, 0xe0, 0x0, 0x38, 0x0, 0x70,
    0x0, 0x1c, 0x0, 0x38, 0x0, 0xe, 0x0, 0x1c,
    0x1, 0xf8, 0x0, 0xe, 0x0, 0xfc, 0x0, 0x7,
    0x0, 0x7e, 0x0, 0x3, 0x80, 0x0, 0x0, 0x1,
    0xc0, 0x0, 0x0, 0x0, 0xe0, 0x0, 0x0, 0x0,
    0x70, 0x0, 0x0, 0x70, 0x38, 0x0, 0x0, 0x38,
    0x1c, 0x0, 0x0, 0x1c, 0x1, 0xff, 0xff, 0xf0,
    0x0, 0xff, 0xff, 0xf8, 0x0, 0x7f, 0xff, 0xfc,
    0x0,

    /* U+305C "ぜ" */
    0x0, 0x0, 0x0, 0xe3, 0x80, 0x0, 0x0, 0xe,
    0x38, 0x0, 0x0, 0x0, 0xe3, 0x80, 0x38, 0x0,
    0x1, 0xc7, 0x3, 0x80, 0x0, 0x1c, 0x70, 0x38,
    0x0, 0x1, 0xc7, 0x3, 0x80, 0x0, 0xe0, 0x0,
    0x38, 0x0, 0xe, 0x0, 0x3, 0x80, 0x0, 0xe0,
    0x0, 0x38, 0x0, 0xe, 0x0, 0x3, 0x80, 0x0,
    0xe0, 0x0, 0x38, 0x0, 0xe, 0x0, 0xff, 0xff,
    0xff, 0xff, 0x8f, 0xff, 0xff, 0xff, 0xf8, 0xff,
    0xff, 0xff, 0xff, 0x80, 0x38, 0x0, 0xe, 0x0,
    0x3, 0x80, 0x0, 0xe0, 0x0, 0x38, 0x0, 0xe,
    0x0, 0x3, 0x80, 0x0, 0xe0, 0x0, 0x38, 0x0,
    0xe, 0x0, 0x3, 0x80, 0x0, 0xe0, 0x0, 0x38,
    0x0, 0xe, 0x0, 0x3, 0x80, 0x0, 0xe0, 0x0,
    0x38, 0x0, 0xe, 0x0, 0x3, 0x80, 0x3f, 0x0,
    0x0, 0x38, 0x3, 0xf0, 0x0, 0x3, 0x80, 0x3f,
    0x0, 0x0, 0x38, 0x0, 0x0, 0x0, 0x3, 0x80,
    0x0, 0x0, 0x0, 0x38, 0x0, 0x0, 0x0, 0x3,
    0x80, 0x0, 0x3, 0x80, 0x38, 0x0, 0x0, 0x38,
    0x3, 0x80, 0x0, 0x3, 0x80, 0x7, 0xff, 0xff,
    0xc0, 0x0, 0x7f, 0xff, 0xfc, 0x0, 0x7, 0xff,
    0xff, 0xc0,

    /* U+305D "そ" */
    0x3, 0xff, 0xff, 0xe0, 0x1, 0xff, 0xff, 0xf0,
    0x0, 0xff, 0xff, 0xf8, 0x0, 0x0, 0x7, 0x0,
    0x0, 0x0, 0x3, 0x80, 0x0, 0x0, 0x1, 0xc0,
    0x0, 0x0, 0x7, 0x0, 0x0, 0x0, 0x3, 0x80,
    0x0, 0x0, 0x1, 0xc0, 0x0, 0x0, 0x7, 0x0,
    0x0, 0x0, 0x3, 0x80, 0x0, 0x0, 0x1, 0xc0,
    0x0, 0xf, 0xff, 0xff, 0xff, 0xff, 0xff, 0xff,
    0xff, 0xff, 0xff, 0xff, 0xff, 0xfe, 0x0, 0xe0,
    0x0, 0x0, 0x0, 0x70, 0x0, 0x0, 0x0, 0x38,
    0x0, 0x0, 0x0, 0xe0, 0x0, 0x0, 0x0, 0x70,
    0x0, 0x0, 0x0, 0x38, 0x0, 0x0, 0x0, 0x1c,
    0x0, 0x0, 0x0, 0xe, 0x0, 0x0, 0x0, 0x7,
    0x0, 0x0, 0x0, 0x3, 0x80, 0x0, 0x0, 0x1,
    0xc0, 0x0, 0x0, 0x0, 0xe0, 0x0, 0x0, 0x0,
    0xe, 0x0, 0x0, 0x0, 0x7, 0x0, 0x0, 0x0,
    0x3, 0x80, 0x0, 0x0, 0x0, 0x3f, 0xff, 0xf0,
    0x0, 0x1f, 0xff, 0xf8, 0x0, 0xf, 0xff, 0xfc,
    0x0,

    /* U+305E "ぞ" */
    0x3, 0xff, 0xff, 0xe0, 0x1, 0xff, 0xff, 0xf0,
    0x0, 0xff, 0xff, 0xf8, 0x0, 0x0, 0x7, 0x0,
    0x0, 0x0, 0x3, 0x80, 0x0, 0x0, 0x1, 0xc0,
    0x0, 0x0, 0x7, 0x1c, 0x70, 0x0, 0x3, 0x8e,
    0x38, 0x0, 0x1, 0xc7, 0x1c, 0x0, 0x7, 0x0,
    0x71, 0xc0, 0x3, 0x80, 0x38, 0xe0, 0x1, 0xc0,
    0x1c, 0x7f, 0xff, 0xff, 0xff, 0xff, 0xff, 0xff,
    0xff, 0xff, 0xff, 0xff, 0xff, 0xfe, 0x0, 0xe0,
    0x0, 0x0, 0x0, 0x70, 0x0, 0x0, 0x0, 0x38,
    0x0, 0x0, 0x0, 0xe0, 0x0, 0x0, 0x0, 0x70,
    0x0, 0x0, 0x0, 0x38, 0x0, 0x0, 0x0, 0x1c,
    0x0, 0x0, 0x0, 0xe, 0x0, 0x0, 0x0, 0x7,
    0x0, 0x0, 0x0, 0x3, 0x80, 0x0, 0x0, 0x1,
    0xc0, 0x0, 0x0, 0x0, 0xe0, 0x0, 0x0, 0x0,
    0xe, 0x0, 0x0, 0x0, 0x7, 0x0, 0x0, 0x0,
    0x3, 0x80, 0x0, 0x0, 0x0, 0x3f, 0xff, 0xf0,
    0x0, 0x1f, 0xff, 0xf8, 0x0, 0xf, 0xff, 0xfc,
    0x0,

    /* U+305F "た" */
    0x0, 0x70, 0x0, 0x0, 0x0, 0x38, 0x0, 0x0,
    0x0, 0x1c, 0x0, 0x0, 0x0, 0xe, 0x0, 0x0,
    0x0, 0x7, 0x0, 0x0, 0x0, 0x3, 0x80, 0x0,
    0x3, 0xff, 0xff, 0xff, 0xff, 0xff, 0xff, 0xff,
    0xff, 0xff, 0xff, 0xff, 0xff, 0x81, 0xc0, 0x0,
    0x0, 0x0, 0xe0, 0x0, 0x0, 0x0, 0x70, 0x0,
    0x0, 0x0, 0x38, 0x1f, 0xff, 0xc0, 0x1c, 0xf,
    0xff, 0xe0, 0xe, 0x7, 0xff, 0xf0, 0x7, 0x0,
    0x0, 0x7, 0x3, 0x80, 0x0, 0x3, 0x81, 0xc0,
    0x0, 0x1, 0xc7, 0x0, 0x0, 0x7, 0x3, 0x80,
    0x0, 0x3, 0x81, 0xc0, 0x0, 0x1, 0xc0, 0xe0,
    0x70, 0x0, 0x0, 0x70, 0x38, 0x0, 0x0, 0x38,
    0x1c, 0x0, 0x0, 0x1c, 0x70, 0x0, 0x0, 0xe,
    0x38, 0x0, 0x0, 0x7, 0x1c, 0x0, 0x0, 0x1c,
    0xe, 0x0, 0x0, 0xe, 0x7, 0x0, 0x0, 0x7,
    0x3, 0x80, 0x0, 0x3, 0x80, 0x3f, 0xff, 0xff,
    0xc0, 0x1f, 0xff, 0xff, 0xe0, 0xf, 0xff, 0xff,
    0x80,

    /* U+3060 "だ" */
    0x0, 0x0, 0x7, 0x1c, 0x0, 0x0, 0x3, 0x8e,
    0x0, 0x0, 0x1, 0xc7, 0x0, 0xe, 0x0, 0x1c,
    0x70, 0x7, 0x0, 0xe, 0x38, 0x3, 0x80, 0x7,
    0x1c, 0x1, 0xc0, 0x0, 0x0, 0x0, 0xe0, 0x0,
    0x0, 0x0, 0x70, 0x0, 0x0, 0x7f, 0xff, 0xff,
    0xff, 0xff, 0xff, 0xff, 0xff, 0xff, 0xff, 0xff,
    0xff, 0xf0, 0x38, 0x0, 0x0, 0x0, 0x1c, 0x0,
    0x0, 0x0, 0xe, 0x0, 0x0, 0x0, 0x7, 0x3,
    0xff, 0xf8, 0x3, 0x81, 0xff, 0xfc, 0x1, 0xc0,
    0xff, 0xfe, 0x0, 0xe0, 0x0, 0x0, 0xe0, 0x70,
    0x0, 0x0, 0x70, 0x38, 0x0, 0x0, 0x38, 0xe0,
    0x0, 0x0, 0xe0, 0x70, 0x0, 0x0, 0x70, 0x38,
    0x0, 0x0, 0x38, 0x1c, 0xe, 0x0, 0x0, 0xe,
    0x7, 0x0, 0x0, 0x7, 0x3, 0x80, 0x0, 0x3,
    0x8e, 0x0, 0x0, 0x1, 0xc7, 0x0, 0x0, 0x0,
    0xe3, 0x80, 0x0, 0x3, 0x81, 0xc0, 0x0, 0x1,
    0xc0, 0xe0, 0x0, 0x0, 0xe0, 0x70, 0x0, 0x0,
    0x70, 0x7, 0xff, 0xff, 0xf8, 0x3, 0xff, 0xff,
    0xfc, 0x1, 0xff, 0xff, 0xf0,

    /* U+3061 "ち" */
    0x0, 0xe, 0x0, 0x0, 0x0, 0x7, 0x0, 0x0,
    0x0, 0x3, 0x80, 0x0, 0x0, 0x1, 0xc0, 0x0,
    0x0, 0x0, 0xe0, 0x0, 0x0, 0x0, 0x70, 0x0,
    0x3, 0xff, 0xff, 0xff, 0xff, 0xff, 0xff, 0xff,
    0xff, 0xff, 0xff, 0xff, 0xff, 0x80, 0x38, 0x0,
    0x0, 0x0, 0x1c, 0x0, 0x0, 0x0, 0xe, 0x0,
    0x0, 0x0, 0x38, 0xff, 0xfe, 0x0, 0x1c, 0x7f,
    0xff, 0x0, 0xe, 0x3f, 0xff, 0x80, 0x7, 0xe0,
    0x0, 0x38, 0x3, 0xf0, 0x0, 0x1c, 0x1, 0xf8,
    0x0, 0xe, 0x7, 0x0, 0x0, 0x0, 0xe3, 0x80,
    0x0, 0x0, 0x71, 0xc0, 0x0, 0x0, 0x38, 0x0,
    0x0, 0x0, 0x1c, 0x0, 0x0, 0x0, 0xe, 0x0,
    0x0, 0x0, 0x7, 0x0, 0x0, 0x0, 0x3, 0x80,
    0x0, 0x0, 0x1, 0xc0, 0x0, 0x0, 0x0, 0xe0,
    0x70, 0x0, 0x3, 0x80, 0x38, 0x0, 0x1, 0xc0,
    0x1c, 0x0, 0x0, 0xe0, 0x1, 0xff, 0xff, 0x80,
    0x0, 0xff, 0xff, 0xc0, 0x0, 0x7f, 0xff, 0xe0,
    0x0,

    /* U+3062 "ぢ" */
    0x0, 0x0, 0x7, 0x1c, 0x0, 0x0, 0x3, 0x8e,
    0x0, 0x0, 0x1, 0xc7, 0x0, 0x1, 0xc0, 0x1c,
    0x70, 0x0, 0xe0, 0xe, 0x38, 0x0, 0x70, 0x7,
    0x1c, 0x0, 0x38, 0x0, 0x0, 0x0, 0x1c, 0x0,
    0x0, 0x0, 0xe, 0x0, 0x0, 0x7f, 0xff, 0xff,
    0xff, 0xff, 0xff, 0xff, 0xff, 0xff, 0xff, 0xff,
    0xff, 0xf0, 0x7, 0x0, 0x0, 0x0, 0x3, 0x80,
    0x0, 0x0, 0x1, 0xc0, 0x0, 0x0, 0x7, 0x1f,
    0xff, 0xc0, 0x3, 0x8f, 0xff, 0xe0, 0x1, 0xc7,
    0xff, 0xf0, 0x0, 0xfc, 0x0, 0x7, 0x0, 0x7e,
    0x0, 0x3, 0x80, 0x3f, 0x0, 0x1, 0xc0, 0xe0,
    0x0, 0x0, 0x1c, 0x70, 0x0, 0x0, 0xe, 0x38,
    0x0, 0x0, 0x7, 0x0, 0x0, 0x0, 0x3, 0x80,
    0x0, 0x0, 0x1, 0xc0, 0x0, 0x0, 0x0, 0xe0,
    0x0, 0x0, 0x0, 0x70, 0x0, 0x0, 0x0, 0x38,
    0x0, 0x0, 0x0, 0x1c, 0xe, 0x0, 0x0, 0x70,
    0x7, 0x0, 0x0, 0x38, 0x3, 0x80, 0x0, 0x1c,
    0x0, 0x3f, 0xff, 0xf0, 0x0, 0x1f, 0xff, 0xf8,
    0x0, 0xf, 0xff, 0xfc, 0x0,

    /* U+3063 "っ" */
    0x0, 0x7f, 0xf8, 0x0, 0xf, 0xff, 0x0, 0x1,
    0xff, 0xe0, 0x7f, 0xc0, 0x3, 0x8f, 0xf8, 0x0,
    0x71, 0xff, 0x0, 0xe, 0x0, 0x0, 0x0, 0x38,
    0x0, 0x0, 0x7, 0x0, 0x0, 0x0, 0xe0, 0x0,
    0x0, 0x1c, 0x0, 0x0, 0x3, 0x80, 0x0, 0x0,
    0x70, 0x0, 0x0, 0xe, 0x0, 0x0, 0x1, 0xc0,
    0x0, 0x0, 0x38, 0x0, 0x0, 0x7, 0x0, 0x0,
    0x0, 0xe0, 0x0, 0x0, 0x1c, 0x0, 0x0, 0x1c,
    0x0, 0x0, 0x3, 0x80, 0x0, 0x0, 0x70, 0x7,
    0xff, 0xf0, 0x0, 0xff, 0xfe, 0x0, 0x1f, 0xff,
    0xc0,

    /* U+3064 "つ" */
    0x0, 0xf, 0xff, 0xe0, 0x0, 0x7, 0xff, 0xf0,
    0x0, 0x3, 0xff, 0xf8, 0x1f, 0xfe, 0x0, 0x3,
    0x8f, 0xff, 0x0, 0x1, 0xc7, 0xff, 0x80, 0x0,
    0xe0, 0x0, 0x0, 0x0, 0xe, 0x0, 0x0, 0x0,
    0x7, 0x0, 0x0, 0x0, 0x3, 0x80, 0x0, 0x0,
    0x1, 0xc0, 0x0, 0x0, 0x0, 0xe0, 0x0, 0x0,
    0x0, 0x70, 0x0, 0x0, 0x0, 0x38, 0x0, 0x0,
    0x0, 0x1c, 0x0, 0x0, 0x0, 0xe, 0x0, 0x0,
    0x0, 0x7, 0x0, 0x0, 0x0, 0x3, 0x80, 0x0,
    0x0, 0x1, 0xc0, 0x0, 0x0, 0x0, 0xe0, 0x0,
    0x0, 0x0, 0x70, 0x0, 0x0, 0x0, 0x38, 0x0,
    0x0, 0x0, 0xe0, 0x0, 0x0, 0x0, 0x70, 0x0,
    0x0, 0x0, 0x38, 0x0, 0x0, 0x7, 0xe0, 0x0,
    0x0, 0x3, 0xf0, 0x0, 0x0, 0x1, 0xf8, 0x0,
    0xf, 0xff, 0x0, 0x0, 0x7, 0xff, 0x80, 0x0,
    0x3, 0xff, 0xc0, 0x0,

    /* U+3065 "づ" */
    0x0, 0x0, 0x0, 0xe3, 0x80, 0x0, 0x0, 0xe,
    0x38, 0x0, 0x0, 0x0, 0xe3, 0x80, 0x0, 0x0,
    0x1, 0xc7, 0x0, 0x0, 0x0, 0x1c, 0x70, 0x0,
    0x0, 0x1, 0xc7, 0x0, 0xf, 0xff, 0xe0, 0x0,
    0x0, 0xff, 0xfe, 0x0, 0x0, 0xf, 0xff, 0xe0,
    0xf, 0xff, 0x0, 0x1, 0xc0, 0xff, 0xf0, 0x0,
    0x1c, 0xf, 0xff, 0x0, 0x1, 0xc0, 0x0, 0x0,
    0x0, 0x3, 0x80, 0x0, 0x0, 0x0, 0x38, 0x0,
    0x0, 0x0, 0x3, 0x80, 0x0, 0x0, 0x0, 0x38,
    0x0, 0x0, 0x0, 0x3, 0x80, 0x0, 0x0, 0x0,
    0x38, 0x0, 0x0, 0x0, 0x3, 0x80, 0x0, 0x0,
    0x0, 0x38, 0x0, 0x0, 0x0, 0x3, 0x80, 0x0,
    0x0, 0x0, 0x38, 0x0, 0x0, 0x0, 0x3, 0x80,
    0x0, 0x0, 0x0, 0x38, 0x0, 0x0, 0x0, 0x3,
    0x80, 0x0, 0x0, 0x0, 0x38, 0x0, 0x0, 0x0,
    0x3, 0x80, 0x0, 0x0, 0x1, 0xc0, 0x0, 0x0,
    0x0, 0x1c, 0x0, 0x0, 0x0, 0x1, 0xc0, 0x0,
    0x0, 0x7, 0xe0, 0x0, 0x0, 0x0, 0x7e, 0x0,
    0x0, 0x0, 0x7, 0xe0, 0x0, 0x7, 0xff, 0x80,
    0x0, 0x0, 0x7f, 0xf8, 0x0, 0x0, 0x7, 0xff,
    0x80, 0x0,

    /* U+3066 "て" */
    0xff, 0xff, 0xff, 0xff, 0xff, 0xff, 0xff, 0xff,
    0xff, 0xff, 0xff, 0xff, 0xe0, 0x0, 0x7, 0xe0,
    0x0, 0x0, 0x3, 0xf0, 0x0, 0x0, 0x1, 0xf8,
    0x0, 0x0, 0x7, 0x0, 0x0, 0x0, 0x3, 0x80,
    0x0, 0x0, 0x1, 0xc0, 0x0, 0x0, 0x7, 0x0,
    0x0, 0x0, 0x3, 0x80, 0x0, 0x0, 0x1, 0xc0,
    0x0, 0x0, 0x7, 0x0, 0x0, 0x0, 0x3, 0x80,
    0x0, 0x0, 0x1, 0xc0, 0x0, 0x0, 0x0, 0xe0,
    0x0, 0x0, 0x0, 0x70, 0x0, 0x0, 0x0, 0x38,
    0x0, 0x0, 0x0, 0x1c, 0x0, 0x0, 0x0, 0xe,
    0x0, 0x0, 0x0, 0x7, 0x0, 0x0, 0x0, 0x0,
    0x70, 0x0, 0x0, 0x0, 0x38, 0x0, 0x0, 0x0,
    0x1c, 0x0, 0x0, 0x0, 0x1, 0xf8, 0x0, 0x0,
    0x0, 0xfc, 0x0, 0x0, 0x0, 0x7e, 0x0, 0x0,
    0x0, 0x0, 0xff, 0x80, 0x0, 0x0, 0x7f, 0xc0,
    0x0, 0x0, 0x3f, 0xe0,

    /* U+3067 "で" */
    0xff, 0xff, 0xff, 0xff, 0xff, 0xff, 0xff, 0xff,
    0xff, 0xff, 0xff, 0xff, 0xe0, 0x0, 0x7, 0x0,
    0x0, 0x0, 0x3, 0x80, 0x0, 0x0, 0x1, 0xc0,
    0x0, 0x0, 0x7, 0x1c, 0x70, 0x0, 0x3, 0x8e,
    0x38, 0x0, 0x1, 0xc7, 0x1c, 0x0, 0x7, 0x0,
    0x71, 0xc0, 0x3, 0x80, 0x38, 0xe0, 0x1, 0xc0,
    0x1c, 0x70, 0x7, 0x0, 0x0, 0x0, 0x3, 0x80,
    0x0, 0x0, 0x1, 0xc0, 0x0, 0x0, 0x0, 0xe0,
    0x0, 0x0, 0x0, 0x70, 0x0, 0x0, 0x0, 0x38,
    0x0, 0x0, 0x0, 0x1c, 0x0, 0x0, 0x0, 0xe,
    0x0, 0x0, 0x0, 0x7, 0x0, 0x0, 0x0, 0x0,
    0x70, 0x0, 0x0, 0x0, 0x38, 0x0, 0x0, 0x0,
    0x1c, 0x0, 0x0, 0x0, 0x1, 0xf8, 0x0, 0x0,
    0x0, 0xfc, 0x0, 0x0, 0x0, 0x7e, 0x0, 0x0,
    0x0, 0x0, 0xff, 0x80, 0x0, 0x0, 0x7f, 0xc0,
    0x0, 0x0, 0x3f, 0xe0,

    /* U+3068 "と" */
    0x3, 0x80, 0x0, 0x0, 0x1, 0xc0, 0x0, 0x0,
    0x0, 0xe0, 0x0, 0x0, 0x0, 0x70, 0x0, 0x0,
    0x0, 0x38, 0x0, 0x0, 0x0, 0x1c, 0x0, 0x0,
    0x0, 0xe, 0x0, 0x1f, 0xf0, 0x7, 0x0, 0xf,
    0xf8, 0x3, 0x80, 0x7, 0xfc, 0x1, 0xc0, 0xfc,
    0x0, 0x0, 0xe0, 0x7e, 0x0, 0x0, 0x70, 0x3f,
    0x0, 0x0, 0x7, 0xe0, 0x0, 0x0, 0x3, 0xf0,
    0x0, 0x0, 0x1, 0xf8, 0x0, 0x0, 0x7, 0x0,
    0x0, 0x0, 0x3, 0x80, 0x0, 0x0, 0x1, 0xc0,
    0x0, 0x0, 0x7, 0x0, 0x0, 0x0, 0x3, 0x80,
    0x0, 0x0, 0x1, 0xc0, 0x0, 0x0, 0x7, 0x0,
    0x0, 0x0, 0x3, 0x80, 0x0, 0x0, 0x1, 0xc0,
    0x0, 0x0, 0x0, 0xe0, 0x0, 0x0, 0x0, 0x70,
    0x0, 0x0, 0x0, 0x38, 0x0, 0x0, 0x0, 0x3,
    0x80, 0x0, 0x0, 0x1, 0xc0, 0x0, 0x0, 0x0,
    0xe0, 0x0, 0x0, 0x0, 0xf, 0xff, 0xff, 0xfe,
    0x7, 0xff, 0xff, 0xff, 0x3, 0xff, 0xff, 0xff,
    0x80,

    /* U+3069 "ど" */
    0x3, 0x80, 0x7, 0x1c, 0x1, 0xc0, 0x3, 0x8e,
    0x0, 0xe0, 0x1, 0xc7, 0x0, 0x70, 0x0, 0x1c,
    0x70, 0x38, 0x0, 0xe, 0x38, 0x1c, 0x0, 0x7,
    0x1c, 0xe, 0x0, 0x0, 0x0, 0x7, 0x0, 0x0,
    0x0, 0x3, 0x80, 0x0, 0x0, 0x1, 0xc0, 0xff,
    0xf0, 0x0, 0xe0, 0x7f, 0xf8, 0x0, 0x70, 0x3f,
    0xfc, 0x0, 0x7, 0xe0, 0x0, 0x0, 0x3, 0xf0,
    0x0, 0x0, 0x1, 0xf8, 0x0, 0x0, 0x7, 0x0,
    0x0, 0x0, 0x3, 0x80, 0x0, 0x0, 0x1, 0xc0,
    0x0, 0x0, 0x7, 0x0, 0x0, 0x0, 0x3, 0x80,
    0x0, 0x0, 0x1, 0xc0, 0x0, 0x0, 0x7, 0x0,
    0x0, 0x0, 0x3, 0x80, 0x0, 0x0, 0x1, 0xc0,
    0x0, 0x0, 0x0, 0xe0, 0x0, 0x0, 0x0, 0x70,
    0x0, 0x0, 0x0, 0x38, 0x0, 0x0, 0x0, 0x3,
    0x80, 0x0, 0x0, 0x1, 0xc0, 0x0, 0x0, 0x0,
    0xe0, 0x0, 0x0, 0x0, 0xf, 0xff, 0xff, 0xf0,
    0x7, 0xff, 0xff, 0xf8, 0x3, 0xff, 0xff, 0xfc,
    0x0,

    /* U+306A "な" */
    0x0, 0x70, 0x0, 0x0, 0x0, 0x38, 0x0, 0x0,
    0x0, 0x1c, 0x0, 0x0, 0x1f, 0xff, 0xf8, 0xfc,
    0xf, 0xff, 0xfc, 0x7e, 0x7, 0xff, 0xfe, 0x3f,
    0x0, 0xe, 0x0, 0x0, 0x70, 0x7, 0x0, 0x0,
    0x38, 0x3, 0x80, 0x0, 0x1c, 0x1, 0xc0, 0x0,
    0x1, 0xc0, 0xe0, 0x0, 0x0, 0xe0, 0x70, 0x0,
    0x0, 0x71, 0xc0, 0x0, 0x70, 0x0, 0xe0, 0x0,
    0x38, 0x0, 0x70, 0x0, 0x1c, 0x0, 0x38, 0x0,
    0xe, 0x0, 0x1c, 0x0, 0x7, 0x0, 0xe, 0x0,
    0x3, 0x80, 0x38, 0x1f, 0xff, 0xc0, 0x1c, 0xf,
    0xff, 0xe0, 0xe, 0x7, 0xff, 0xf0, 0x7, 0x1c,
    0x0, 0x3f, 0x3, 0x8e, 0x0, 0x1f, 0x81, 0xc7,
    0x0, 0xf, 0xc0, 0x3, 0x80, 0x7, 0x1c, 0x1,
    0xc0, 0x3, 0x8e, 0x0, 0xe0, 0x1, 0xc7, 0x0,
    0x70, 0x0, 0xe0, 0x70, 0x38, 0x0, 0x70, 0x38,
    0x1c, 0x0, 0x38, 0x1c, 0x1, 0xff, 0xe0, 0x0,
    0x0, 0xff, 0xf0, 0x0, 0x0, 0x7f, 0xf8, 0x0,
    0x0,

    /* U+306B "に" */
    0x1c, 0x0, 0x0, 0x0, 0xe, 0x0, 0x0, 0x0,
    0x7, 0x0, 0x0, 0x0, 0x3, 0x81, 0xff, 0xff,
    0x81, 0xc0, 0xff, 0xff, 0xc0, 0xe0, 0x7f, 0xff,
    0xe3, 0x80, 0x0, 0x0, 0xf, 0xc0, 0x0, 0x0,
    0x7, 0xe0, 0x0, 0x0, 0x3, 0xf0, 0x0, 0x0,
    0xe, 0x38, 0x0, 0x0, 0x7, 0x1c, 0x0, 0x0,
    0x3, 0x8e, 0x0, 0x0, 0x0, 0x7, 0x0, 0x0,
    0x0, 0x3, 0x80, 0x0, 0x0, 0x1, 0xc0, 0x0,
    0x0, 0x0, 0xe0, 0x0, 0x0, 0x0, 0x70, 0x0,
    0x0, 0x0, 0x38, 0x0, 0x0, 0x0, 0x1c, 0x0,
    0x0, 0x0, 0xe, 0x0, 0x0, 0x0, 0x7, 0x0,
    0x70, 0x0, 0x3, 0x80, 0x38, 0x0, 0x1, 0xc0,
    0x1c, 0x0, 0x0, 0xe0, 0x70, 0x0, 0x0, 0x70,
    0x38, 0x0, 0x0, 0x38, 0x1c, 0x0, 0x0, 0x1c,
    0xe, 0x0, 0x0, 0xe, 0x7, 0x0, 0x0, 0x7,
    0x3, 0x80, 0x0, 0x0, 0x70, 0x3f, 0xff, 0xfe,
    0x38, 0x1f, 0xff, 0xff, 0x1c, 0xf, 0xff, 0xff,
    0x80,

    /* U+306C "ぬ" */
    0x0, 0x0, 0x38, 0x0, 0x0, 0x0, 0x1c, 0x0,
    0x0, 0x0, 0xe, 0x0, 0x0, 0x70, 0x7, 0x0,
    0x0, 0x38, 0x3, 0x80, 0x0, 0x1c, 0x1, 0xc0,
    0x0, 0xe, 0x3f, 0xff, 0x80, 0x7, 0x1f, 0xff,
    0xc0, 0x3, 0x8f, 0xff, 0xe0, 0x1, 0xf8, 0x1c,
    0xe, 0x0, 0xfc, 0xe, 0x7, 0x0, 0x7e, 0x7,
    0x3, 0x80, 0x38, 0x3, 0x80, 0x38, 0x1c, 0x1,
    0xc0, 0x1c, 0xe, 0x0, 0xe0, 0xe, 0x38, 0xe0,
    0x70, 0x7, 0x1c, 0x70, 0x38, 0x3, 0x8e, 0x38,
    0x1c, 0x1, 0xf8, 0x1c, 0x70, 0x0, 0xfc, 0xe,
    0x38, 0x0, 0x7e, 0x7, 0x1c, 0x0, 0x3f, 0x3,
    0x8e, 0x3f, 0x1f, 0x81, 0xc7, 0x1f, 0x8f, 0xc0,
    0xe3, 0x8f, 0xc7, 0xe0, 0xe, 0x38, 0x1c, 0x70,
    0x7, 0x1c, 0xe, 0x38, 0x3, 0x8e, 0x7, 0x1c,
    0xe, 0x7, 0x3, 0x8e, 0x7, 0x3, 0x81, 0xc7,
    0x3, 0x81, 0xc0, 0xe0, 0x7e, 0x0, 0x1f, 0x8e,
    0x3f, 0x0, 0xf, 0xc7, 0x1f, 0x80, 0x7, 0xe3,
    0x80,

    /* U+306D "ね" */
    0x0, 0x70, 0x0, 0x0, 0x0, 0x38, 0x0, 0x0,
    0x0, 0x1c, 0x0, 0x0, 0x0, 0xe, 0x7, 0xfc,
    0x0, 0x7, 0x3, 0xfe, 0x0, 0x3, 0x81, 0xff,
    0x3, 0xff, 0xc7, 0x0, 0x71, 0xff, 0xe3, 0x80,
    0x38, 0xff, 0xf1, 0xc0, 0x1c, 0x0, 0x3f, 0x0,
    0x1, 0xc0, 0x1f, 0x80, 0x0, 0xe0, 0xf, 0xc0,
    0x0, 0x70, 0x7, 0x0, 0x0, 0x38, 0x3, 0x80,
    0x0, 0x1c, 0x1, 0xc0, 0x0, 0xe, 0x7, 0xe0,
    0x0, 0x7, 0x3, 0xf0, 0x0, 0x3, 0x81, 0xf8,
    0x0, 0x1, 0xc7, 0x1c, 0x0, 0x0, 0xe3, 0x8e,
    0x0, 0x0, 0x71, 0xc7, 0x0, 0x0, 0x38, 0xe3,
    0x80, 0x3f, 0x1c, 0x71, 0xc0, 0x1f, 0x8e, 0x38,
    0xe0, 0xf, 0xc7, 0xe0, 0x70, 0x38, 0x1c, 0x70,
    0x38, 0x1c, 0xe, 0x38, 0x1c, 0xe, 0x7, 0x1c,
    0xe, 0x7, 0x3, 0x8e, 0x7, 0x3, 0x81, 0xc7,
    0x3, 0x81, 0xc0, 0xe0, 0x1, 0xc0, 0x1f, 0x8e,
    0x0, 0xe0, 0xf, 0xc7, 0x0, 0x70, 0x7, 0xe3,
    0x80,

    /* U+306E "の" */
    0x0, 0x7f, 0xff, 0x0, 0x0, 0x3f, 0xff, 0x80,
    0x0, 0x1f, 0xff, 0xc0, 0x0, 0x70, 0x38, 0x1c,
    0x0, 0x38, 0x1c, 0xe, 0x0, 0x1c, 0xe, 0x7,
    0x0, 0x70, 0x7, 0x0, 0x70, 0x38, 0x3, 0x80,
    0x38, 0x1c, 0x1, 0xc0, 0x1c, 0xe, 0x0, 0xe0,
    0x1, 0xc7, 0x0, 0x70, 0x0, 0xe3, 0x80, 0x38,
    0x0, 0x7e, 0x0, 0x1c, 0x0, 0x3f, 0x0, 0xe,
    0x0, 0x1f, 0x80, 0x7, 0x0, 0xf, 0xc0, 0x1c,
    0x0, 0x7, 0xe0, 0xe, 0x0, 0x3, 0xf0, 0x7,
    0x0, 0x1, 0xf8, 0x3, 0x80, 0x0, 0xfc, 0x1,
    0xc0, 0x0, 0x7e, 0x0, 0xe0, 0x0, 0x3f, 0x3,
    0x80, 0x0, 0xe3, 0x81, 0xc0, 0x0, 0x71, 0xc0,
    0xe0, 0x0, 0x38, 0x1f, 0x80, 0x0, 0xe0, 0xf,
    0xc0, 0x0, 0x70, 0x7, 0xe0, 0x0, 0x38, 0x0,
    0x0, 0x7, 0xe0, 0x0, 0x0, 0x3, 0xf0, 0x0,
    0x0, 0x1, 0xf8, 0x0,

    /* U+306F "は" */
    0x1c, 0x0, 0x0, 0xe0, 0xe, 0x0, 0x0, 0x70,
    0x7, 0x0, 0x0, 0x38, 0x3, 0x80, 0x0, 0x1c,
    0x1, 0xc0, 0x0, 0xe, 0x0, 0xe0, 0x0, 0x7,
    0x3, 0x80, 0x3f, 0xff, 0xff, 0xc0, 0x1f, 0xff,
    0xff, 0xe0, 0xf, 0xff, 0xff, 0xf0, 0x0, 0x0,
    0x70, 0x38, 0x0, 0x0, 0x38, 0x1c, 0x0, 0x0,
    0x1c, 0xe, 0x0, 0x0, 0xe, 0x7, 0x0, 0x0,
    0x7, 0x3, 0x80, 0x0, 0x3, 0x81, 0xc0, 0x0,
    0x1, 0xc0, 0xe0, 0x0, 0x0, 0xe0, 0x70, 0x0,
    0x0, 0x70, 0x38, 0x0, 0x0, 0x38, 0x1c, 0x0,
    0x0, 0x1c, 0xe, 0x0, 0x0, 0xe, 0x7, 0x0,
    0x7f, 0xff, 0x3, 0x80, 0x3f, 0xff, 0x81, 0xc0,
    0x1f, 0xff, 0xc0, 0xe0, 0x70, 0x0, 0xfc, 0x70,
    0x38, 0x0, 0x7e, 0x38, 0x1c, 0x0, 0x3f, 0x1c,
    0xe, 0x0, 0x1c, 0x7e, 0x7, 0x0, 0xe, 0x3f,
    0x3, 0x80, 0x7, 0x1c, 0x70, 0x3f, 0xfc, 0x0,
    0x38, 0x1f, 0xfe, 0x0, 0x1c, 0xf, 0xff, 0x0,
    0x0,

    /* U+3070 "ば" */
    0x0, 0x0, 0x0, 0xe3, 0x80, 0x0, 0x0, 0xe,
    0x38, 0x0, 0x0, 0x0, 0xe3, 0x81, 0xc0, 0x0,
    0x1, 0xc7, 0x1c, 0x0, 0x0, 0x1c, 0x71, 0xc0,
    0x0, 0x1, 0xc7, 0x1c, 0x0, 0x0, 0xe0, 0x1,
    0xc0, 0x0, 0xe, 0x0, 0x1c, 0x0, 0x0, 0xe0,
    0xe, 0x0, 0xff, 0xff, 0xf8, 0xe0, 0xf, 0xff,
    0xff, 0x8e, 0x0, 0xff, 0xff, 0xf8, 0xe0, 0x0,
    0x0, 0xe0, 0xe, 0x0, 0x0, 0xe, 0x0, 0xe0,
    0x0, 0x0, 0xe0, 0xe, 0x0, 0x0, 0xe, 0x0,
    0xe0, 0x0, 0x0, 0xe0, 0xe, 0x0, 0x0, 0xe,
    0x0, 0xe0, 0x0, 0x0, 0xe0, 0xe, 0x0, 0x0,
    0xe, 0x0, 0xe0, 0x0, 0x0, 0xe0, 0xe, 0x0,
    0x0, 0xe, 0x0, 0xe0, 0x0, 0x0, 0xe0, 0xe,
    0x0, 0x0, 0xe, 0x0, 0xe0, 0xf, 0xff, 0xe0,
    0xe, 0x0, 0xff, 0xfe, 0x0, 0xe0, 0xf, 0xff,
    0xe0, 0xe, 0x7, 0x0, 0xf, 0xc0, 0xe0, 0x70,
    0x0, 0xfc, 0xe, 0x7, 0x0, 0xf, 0xc0, 0xe0,
    0x70, 0x0, 0xe3, 0x8e, 0x7, 0x0, 0xe, 0x38,
    0xe0, 0x70, 0x0, 0xe3, 0x81, 0xc0, 0xff, 0xf0,
    0x0, 0x1c, 0xf, 0xff, 0x0, 0x1, 0xc0, 0xff,
    0xf0, 0x0,

    /* U+3071 "ぱ" */
    0x0, 0x0, 0x0, 0x1f, 0x80, 0x0, 0x0, 0x1,
    0xf8, 0x0, 0x0, 0x0, 0x1f, 0x81, 0xc0, 0x0,
    0xe, 0x7, 0x1c, 0x0, 0x0, 0xe0, 0x71, 0xc0,
    0x0, 0xe, 0x7, 0x1c, 0x0, 0x0, 0xe0, 0x71,
    0xc0, 0x0, 0xe, 0x7, 0x1c, 0x0, 0x0, 0xe0,
    0x7e, 0x0, 0xff, 0xff, 0xf8, 0xe0, 0xf, 0xff,
    0xff, 0x8e, 0x0, 0xff, 0xff, 0xf8, 0xe0, 0x0,
    0x0, 0xe0, 0xe, 0x0, 0x0, 0xe, 0x0, 0xe0,
    0x0, 0x0, 0xe0, 0xe, 0x0, 0x0, 0xe, 0x0,
    0xe0, 0x0, 0x0, 0xe0, 0xe, 0x0, 0x0, 0xe,
    0x0, 0xe0, 0x0, 0x0, 0xe0, 0xe, 0x0, 0x0,
    0xe, 0x0, 0xe0, 0x0, 0x0, 0xe0, 0xe, 0x0,
    0x0, 0xe, 0x0, 0xe0, 0x0, 0x0, 0xe0, 0xe,
    0x0, 0x0, 0xe, 0x0, 0xe0, 0xf, 0xff, 0xe0,
    0xe, 0x0, 0xff, 0xfe, 0x0, 0xe0, 0xf, 0xff,
    0xe0, 0xe, 0x7, 0x0, 0xf, 0xc0, 0xe0, 0x70,
    0x0, 0xfc, 0xe, 0x7, 0x0, 0xf, 0xc0, 0xe0,
    0x70, 0x0, 0xe3, 0x8e, 0x7, 0x0, 0xe, 0x38,
    0xe0, 0x70, 0x0, 0xe3, 0x81, 0xc0, 0xff, 0xf0,
    0x0, 0x1c, 0xf, 0xff, 0x0, 0x1, 0xc0, 0xff,
    0xf0, 0x0,

    /* U+3072 "ひ" */
    0x0, 0xf, 0xc0, 0x0, 0x0, 0x7, 0xe0, 0x0,
    0x0, 0x3, 0xf0, 0x0, 0x1f, 0xfe, 0x0, 0x1c,
    0xf, 0xff, 0x0, 0xe, 0x7, 0xff, 0x80, 0x7,
    0x0, 0x1, 0xc0, 0x0, 0x7e, 0x0, 0xe0, 0x0,
    0x3f, 0x0, 0x70, 0x0, 0x1f, 0x81, 0xc0, 0x0,
    0xe, 0x0, 0xe0, 0x0, 0x7, 0x0, 0x70, 0x0,
    0x3, 0x80, 0x38, 0x0, 0x1, 0xc0, 0x1c, 0x0,
    0x0, 0xe0, 0xe, 0x0, 0x0, 0x70, 0x38, 0x0,
    0x0, 0x38, 0x1c, 0x0, 0x0, 0x1c, 0xe, 0x0,
    0x0, 0xe, 0x7, 0x0, 0x0, 0x7, 0x3, 0x80,
    0x0, 0x3, 0x81, 0xc0, 0x0, 0x1, 0xc0, 0xe0,
    0x0, 0x7, 0x0, 0x70, 0x0, 0x3, 0x80, 0x38,
    0x0, 0x1, 0xc0, 0x1c, 0x0, 0x0, 0xe0, 0xe,
    0x0, 0x0, 0x70, 0x7, 0x0, 0x0, 0x38, 0x0,
    0x70, 0x0, 0xe0, 0x0, 0x38, 0x0, 0x70, 0x0,
    0x1c, 0x0, 0x38, 0x0, 0x1, 0xff, 0xe0, 0x0,
    0x0, 0xff, 0xf0, 0x0, 0x0, 0x7f, 0xf8, 0x0,
    0x0,

    /* U+3073 "び" */
    0x0, 0xf, 0xc0, 0xe3, 0x80, 0x0, 0xfc, 0xe,
    0x38, 0x0, 0xf, 0xc0, 0xe3, 0x8f, 0xff, 0x0,
    0x1, 0xc7, 0xff, 0xf0, 0x0, 0x1c, 0x7f, 0xff,
    0x0, 0x1, 0xc7, 0x0, 0x70, 0x0, 0xe0, 0x0,
    0x7, 0x0, 0xe, 0x0, 0x0, 0x70, 0x0, 0xe0,
    0x0, 0x38, 0x0, 0x1, 0xf8, 0x3, 0x80, 0x0,
    0x1f, 0x80, 0x38, 0x0, 0x1, 0xf8, 0x3, 0x80,
    0x0, 0x1c, 0x0, 0x38, 0x0, 0x1, 0xc0, 0x3,
    0x80, 0x0, 0x1c, 0x1, 0xc0, 0x0, 0x1, 0xc0,
    0x1c, 0x0, 0x0, 0x1c, 0x1, 0xc0, 0x0, 0x1,
    0xc0, 0x1c, 0x0, 0x0, 0x1c, 0x1, 0xc0, 0x0,
    0x1, 0xc0, 0x1c, 0x0, 0x0, 0x1c, 0x1, 0xc0,
    0x0, 0xe, 0x0, 0x1c, 0x0, 0x0, 0xe0, 0x1,
    0xc0, 0x0, 0xe, 0x0, 0x1c, 0x0, 0x0, 0xe0,
    0x1, 0xc0, 0x0, 0xe, 0x0, 0x1c, 0x0, 0x0,
    0xe0, 0x0, 0x38, 0x0, 0x70, 0x0, 0x3, 0x80,
    0x7, 0x0, 0x0, 0x38, 0x0, 0x70, 0x0, 0x0,
    0x7f, 0xf8, 0x0, 0x0, 0x7, 0xff, 0x80, 0x0,
    0x0, 0x7f, 0xf8, 0x0, 0x0,

    /* U+3074 "ぴ" */
    0x0, 0x0, 0x0, 0x1f, 0x80, 0x0, 0x0, 0x1,
    0xf8, 0x0, 0x0, 0x0, 0x1f, 0x80, 0x0, 0xfc,
    0xe, 0x7, 0x0, 0xf, 0xc0, 0xe0, 0x70, 0x0,
    0xfc, 0xe, 0x7, 0xff, 0xf0, 0x0, 0xe0, 0x7f,
    0xff, 0x0, 0xe, 0x7, 0xff, 0xf0, 0x0, 0xe0,
    0x70, 0x7, 0x0, 0x1, 0xf8, 0x0, 0x70, 0x0,
    0x1f, 0x80, 0x7, 0x0, 0x1, 0xf8, 0x3, 0x80,
    0x0, 0xe0, 0x0, 0x38, 0x0, 0xe, 0x0, 0x3,
    0x80, 0x0, 0xe0, 0x0, 0x38, 0x0, 0x1, 0xf8,
    0x3, 0x80, 0x0, 0x1f, 0x80, 0x38, 0x0, 0x1,
    0xf8, 0x1c, 0x0, 0x0, 0x1c, 0x1, 0xc0, 0x0,
    0x1, 0xc0, 0x1c, 0x0, 0x0, 0x1c, 0x1, 0xc0,
    0x0, 0x1, 0xc0, 0x1c, 0x0, 0x0, 0x1c, 0x1,
    0xc0, 0x0, 0x1, 0xc0, 0x1c, 0x0, 0x0, 0xe0,
    0x1, 0xc0, 0x0, 0xe, 0x0, 0x1c, 0x0, 0x0,
    0xe0, 0x1, 0xc0, 0x0, 0xe, 0x0, 0x1c, 0x0,
    0x0, 0xe0, 0x1, 0xc0, 0x0, 0xe, 0x0, 0x3,
    0x80, 0x7, 0x0, 0x0, 0x38, 0x0, 0x70, 0x0,
    0x3, 0x80, 0x7, 0x0, 0x0, 0x7, 0xff, 0x80,
    0x0, 0x0, 0x7f, 0xf8, 0x0, 0x0, 0x7, 0xff,
    0x80, 0x0,

    /* U+3075 "ふ" */
    0x0, 0x7f, 0xf8, 0x0, 0x0, 0x3f, 0xfc, 0x0,
    0x0, 0x1f, 0xfe, 0x0, 0x0, 0x0, 0x0, 0xe0,
    0x0, 0x0, 0x0, 0x70, 0x0, 0x0, 0x0, 0x38,
    0x0, 0x0, 0x0, 0xe0, 0x0, 0x0, 0x0, 0x70,
    0x0, 0x0, 0x0, 0x38, 0x0, 0x0, 0x0, 0xe0,
    0x0, 0x0, 0x0, 0x70, 0x0, 0x0, 0x0, 0x38,
    0x0, 0x0, 0x38, 0x1c, 0x1, 0xc0, 0x1c, 0xe,
    0x0, 0xe0, 0xe, 0x7, 0x0, 0x70, 0x7, 0x0,
    0x70, 0x38, 0x3, 0x80, 0x38, 0x1c, 0x1, 0xc0,
    0x1c, 0xe, 0x7, 0x0, 0x1, 0xc0, 0xe3, 0x80,
    0x0, 0xe0, 0x71, 0xc0, 0x0, 0x70, 0x38, 0xe0,
    0x0, 0x38, 0x1c, 0x70, 0x0, 0x1c, 0xe, 0x38,
    0x0, 0xe, 0x7, 0xe0, 0x0, 0x7, 0x3, 0xf0,
    0x0, 0x3, 0x81, 0xf8, 0x0, 0x1, 0xc0, 0xe0,
    0xe, 0x7, 0x0, 0x0, 0x7, 0x3, 0x80, 0x0,
    0x3, 0x81, 0xc0, 0x0, 0x0, 0x3f, 0x0, 0x0,
    0x0, 0x1f, 0x80, 0x0, 0x0, 0xf, 0xc0, 0x0,
    0x0,

    /* U+3076 "ぶ" */
    0x0, 0x7f, 0xf8, 0xe3, 0x80, 0x7, 0xff, 0x8e,
    0x38, 0x0, 0x7f, 0xf8, 0xe3, 0x80, 0x0, 0x0,
    0x71, 0xc7, 0x0, 0x0, 0x7, 0x1c, 0x70, 0x0,
    0x0, 0x71, 0xc7, 0x0, 0x0, 0x38, 0x0, 0x0,
    0x0, 0x3, 0x80, 0x0, 0x0, 0x0, 0x38, 0x0,
    0x0, 0x0, 0x1c, 0x0, 0x0, 0x0, 0x1, 0xc0,
    0x0, 0x0, 0x0, 0x1c, 0x0, 0x0, 0x3, 0x81,
    0xc0, 0x1c, 0x0, 0x38, 0x1c, 0x1, 0xc0, 0x3,
    0x81, 0xc0, 0x1c, 0x0, 0x38, 0x3, 0x81, 0xc0,
    0x3, 0x80, 0x38, 0x1c, 0x0, 0x38, 0x3, 0x81,
    0xc0, 0x1c, 0x0, 0x7, 0x3, 0x81, 0xc0, 0x0,
    0x70, 0x38, 0x1c, 0x0, 0x7, 0x3, 0x81, 0xc0,
    0x0, 0x70, 0x38, 0x1c, 0x0, 0x7, 0x3, 0x81,
    0xc0, 0x0, 0x70, 0x38, 0xe0, 0x0, 0x7, 0x3,
    0x8e, 0x0, 0x0, 0x70, 0x38, 0xe0, 0x0, 0x7,
    0x3, 0x80, 0x7, 0x3, 0x80, 0x0, 0x0, 0x70,
    0x38, 0x0, 0x0, 0x7, 0x3, 0x80, 0x0, 0x0,
    0xf, 0xc0, 0x0, 0x0, 0x0, 0xfc, 0x0, 0x0,
    0x0, 0xf, 0xc0, 0x0, 0x0,

    /* U+3077 "ぷ" */
    0x0, 0x0, 0x0, 0x1f, 0x80, 0x0, 0x0, 0x1,
    0xf8, 0x0, 0x0, 0x0, 0x1f, 0x80, 0x7, 0xff,
    0x8e, 0x7, 0x0, 0x7f, 0xf8, 0xe0, 0x70, 0x7,
    0xff, 0x8e, 0x7, 0x0, 0x0, 0x7, 0xe0, 0x70,
    0x0, 0x0, 0x7e, 0x7, 0x0, 0x0, 0x7, 0xe0,
    0x70, 0x0, 0x3, 0x81, 0xf8, 0x0, 0x0, 0x38,
    0x1f, 0x80, 0x0, 0x3, 0x81, 0xf8, 0x0, 0x1,
    0xc0, 0x0, 0x0, 0x0, 0x1c, 0x0, 0x0, 0x0,
    0x1, 0xc0, 0x0, 0x0, 0x38, 0x1c, 0x1, 0xc0,
    0x3, 0x81, 0xc0, 0x1c, 0x0, 0x38, 0x1c, 0x1,
    0xc0, 0x3, 0x80, 0x38, 0x1c, 0x0, 0x38, 0x3,
    0x81, 0xc0, 0x3, 0x80, 0x38, 0x1c, 0x1, 0xc0,
    0x0, 0x70, 0x38, 0x1c, 0x0, 0x7, 0x3, 0x81,
    0xc0, 0x0, 0x70, 0x38, 0x1c, 0x0, 0x7, 0x3,
    0x81, 0xc0, 0x0, 0x70, 0x38, 0x1c, 0x0, 0x7,
    0x3, 0x8e, 0x0, 0x0, 0x70, 0x38, 0xe0, 0x0,
    0x7, 0x3, 0x8e, 0x0, 0x0, 0x70, 0x38, 0x0,
    0x70, 0x38, 0x0, 0x0, 0x7, 0x3, 0x80, 0x0,
    0x0, 0x70, 0x38, 0x0, 0x0, 0x0, 0xfc, 0x0,
    0x0, 0x0, 0xf, 0xc0, 0x0, 0x0, 0x0, 0xfc,
    0x0, 0x0,

    /* U+3078 "へ" */
    0x0, 0xf, 0xc0, 0x0, 0x0, 0x7, 0xe0, 0x0,
    0x0, 0x3, 0xf0, 0x0, 0x0, 0xe, 0x7, 0x0,
    0x0, 0x7, 0x3, 0x80, 0x0, 0x3, 0x81, 0xc0,
    0x0, 0xe, 0x0, 0x1c, 0x0, 0x7, 0x0, 0xe,
    0x0, 0x3, 0x80, 0x7, 0x0, 0x1, 0xc0, 0x3,
    0x80, 0x0, 0xe0, 0x1, 0xc0, 0x0, 0x70, 0x0,
    0xe0, 0x1, 0xc0, 0x0, 0xe, 0x0, 0xe0, 0x0,
    0x7, 0x0, 0x70, 0x0, 0x3, 0x80, 0x38, 0x0,
    0x1, 0xc0, 0x1c, 0x0, 0x0, 0xe0, 0xe, 0x0,
    0x0, 0x70, 0x38, 0x0, 0x0, 0x7, 0x1c, 0x0,
    0x0, 0x3, 0x8e, 0x0, 0x0, 0x1, 0xc7, 0x0,
    0x0, 0x0, 0xe3, 0x80, 0x0, 0x0, 0x71, 0xc0,
    0x0, 0x0, 0x38, 0x0, 0x0, 0x0, 0x3, 0x80,
    0x0, 0x0, 0x1, 0xc0, 0x0, 0x0, 0x0, 0xe0,
    0x0, 0x0, 0x0, 0x70, 0x0, 0x0, 0x0, 0x38,
    0x0, 0x0, 0x0, 0x1c,

    /* U+3079 "べ" */
    0x0, 0x0, 0x7, 0x1c, 0x0, 0x0, 0x3, 0x8e,
    0x0, 0x0, 0x1, 0xc7, 0x0, 0x1, 0xf8, 0x1c,
    0x70, 0x0, 0xfc, 0xe, 0x38, 0x0, 0x7e, 0x7,
    0x1c, 0x1, 0xc0, 0xe0, 0x0, 0x0, 0xe0, 0x70,
    0x0, 0x0, 0x70, 0x38, 0x0, 0x1, 0xc0, 0x3,
    0x80, 0x0, 0xe0, 0x1, 0xc0, 0x0, 0x70, 0x0,
    0xe0, 0x0, 0x38, 0x0, 0x70, 0x0, 0x1c, 0x0,
    0x38, 0x0, 0xe, 0x0, 0x1c, 0x0, 0x38, 0x0,
    0x1, 0xc0, 0x1c, 0x0, 0x0, 0xe0, 0xe, 0x0,
    0x0, 0x70, 0x7, 0x0, 0x0, 0x38, 0x3, 0x80,
    0x0, 0x1c, 0x1, 0xc0, 0x0, 0xe, 0x7, 0x0,
    0x0, 0x0, 0xe3, 0x80, 0x0, 0x0, 0x71, 0xc0,
    0x0, 0x0, 0x38, 0xe0, 0x0, 0x0, 0x1c, 0x70,
    0x0, 0x0, 0xe, 0x38, 0x0, 0x0, 0x7, 0x0,
    0x0, 0x0, 0x0, 0x70, 0x0, 0x0, 0x0, 0x38,
    0x0, 0x0, 0x0, 0x1c, 0x0, 0x0, 0x0, 0xe,
    0x0, 0x0, 0x0, 0x7, 0x0, 0x0, 0x0, 0x3,
    0x80,

    /* U+307A "ぺ" */
    0x0, 0x0, 0x0, 0x1f, 0x80, 0x0, 0x0, 0x1,
    0xf8, 0x0, 0x0, 0x0, 0x1f, 0x80, 0x0, 0xfc,
    0xe, 0x7, 0x0, 0xf, 0xc0, 0xe0, 0x70, 0x0,
    0xfc, 0xe, 0x7, 0x0, 0x70, 0x38, 0xe0, 0x70,
    0x7, 0x3, 0x8e, 0x7, 0x0, 0x70, 0x38, 0xe0,
    0x70, 0x38, 0x0, 0x71, 0xf8, 0x3, 0x80, 0x7,
    0x1f, 0x80, 0x38, 0x0, 0x71, 0xf8, 0x3, 0x80,
    0x7, 0x0, 0x0, 0x38, 0x0, 0x70, 0x0, 0x3,
    0x80, 0x7, 0x0, 0x1, 0xc0, 0x0, 0xe, 0x0,
    0x1c, 0x0, 0x0, 0xe0, 0x1, 0xc0, 0x0, 0xe,
    0x0, 0x1c, 0x0, 0x0, 0xe0, 0x1, 0xc0, 0x0,
    0xe, 0x0, 0x1c, 0x0, 0x0, 0xe0, 0xe, 0x0,
    0x0, 0x1, 0xc0, 0xe0, 0x0, 0x0, 0x1c, 0xe,
    0x0, 0x0, 0x1, 0xc0, 0xe0, 0x0, 0x0, 0x1c,
    0xe, 0x0, 0x0, 0x1, 0xc0, 0xe0, 0x0, 0x0,
    0x1c, 0x0, 0x0, 0x0, 0x0, 0x38, 0x0, 0x0,
    0x0, 0x3, 0x80, 0x0, 0x0, 0x0, 0x38, 0x0,
    0x0, 0x0, 0x3, 0x80, 0x0, 0x0, 0x0, 0x38,
    0x0, 0x0, 0x0, 0x3, 0x80,

    /* U+307B "ほ" */
    0x1c, 0x0, 0x0, 0x0, 0xe, 0x0, 0x0, 0x0,
    0x7, 0x0, 0x0, 0x0, 0x3, 0x81, 0xff, 0xff,
    0xf1, 0xc0, 0xff, 0xff, 0xf8, 0xe0, 0x7f, 0xff,
    0xff, 0x80, 0x0, 0x3, 0x81, 0xc0, 0x0, 0x1,
    0xc0, 0xe0, 0x0, 0x0, 0xe0, 0x70, 0x0, 0x0,
    0x70, 0x38, 0x0, 0x0, 0x38, 0x1c, 0x0, 0x0,
    0x1c, 0xe, 0x0, 0xff, 0xff, 0xff, 0x0, 0x7f,
    0xff, 0xff, 0x80, 0x3f, 0xff, 0xff, 0xc0, 0x0,
    0x1, 0xc0, 0xe0, 0x0, 0x0, 0xe0, 0x70, 0x0,
    0x0, 0x70, 0x38, 0x0, 0x0, 0x38, 0x1c, 0x0,
    0x0, 0x1c, 0xe, 0x0, 0x0, 0xe, 0x7, 0x0,
    0x7f, 0xff, 0x3, 0x80, 0x3f, 0xff, 0x81, 0xc0,
    0x1f, 0xff, 0xc0, 0xe0, 0x70, 0x0, 0xfc, 0x70,
    0x38, 0x0, 0x7e, 0x38, 0x1c, 0x0, 0x3f, 0x1c,
    0xe, 0x0, 0x1c, 0x7e, 0x7, 0x0, 0xe, 0x3f,
    0x3, 0x80, 0x7, 0x1c, 0x70, 0x3f, 0xfc, 0x0,
    0x38, 0x1f, 0xfe, 0x0, 0x1c, 0xf, 0xff, 0x0,
    0x0,

    /* U+307C "ぼ" */
    0x0, 0x0, 0x0, 0xe3, 0x80, 0x0, 0x0, 0xe,
    0x38, 0x0, 0x0, 0x0, 0xe3, 0x81, 0xc0, 0x0,
    0x1, 0xc7, 0x1c, 0x0, 0x0, 0x1c, 0x71, 0xc0,
    0x0, 0x1, 0xc7, 0x1c, 0xf, 0xff, 0xff, 0x81,
    0xc0, 0xff, 0xff, 0xf8, 0x1c, 0xf, 0xff, 0xff,
    0x8e, 0x0, 0x0, 0xe, 0x0, 0xe0, 0x0, 0x0,
    0xe0, 0xe, 0x0, 0x0, 0xe, 0x0, 0xe0, 0x0,
    0x0, 0xe0, 0xe, 0x0, 0x0, 0xe, 0x0, 0xe0,
    0x0, 0x0, 0xe0, 0xe, 0x0, 0xff, 0xff, 0xf8,
    0xe0, 0xf, 0xff, 0xff, 0x8e, 0x0, 0xff, 0xff,
    0xf8, 0xe0, 0x0, 0x0, 0xe0, 0xe, 0x0, 0x0,
    0xe, 0x0, 0xe0, 0x0, 0x0, 0xe0, 0xe, 0x0,
    0x0, 0xe, 0x0, 0xe0, 0x0, 0x0, 0xe0, 0xe,
    0x0, 0x0, 0xe, 0x0, 0xe0, 0xf, 0xff, 0xe0,
    0xe, 0x0, 0xff, 0xfe, 0x0, 0xe0, 0xf, 0xff,
    0xe0, 0xe, 0x7, 0x0, 0xf, 0xc0, 0xe0, 0x70,
    0x0, 0xfc, 0xe, 0x7, 0x0, 0xf, 0xc0, 0xe0,
    0x70, 0x0, 0xe3, 0x8e, 0x7, 0x0, 0xe, 0x38,
    0xe0, 0x70, 0x0, 0xe3, 0x81, 0xc0, 0xff, 0xf0,
    0x0, 0x1c, 0xf, 0xff, 0x0, 0x1, 0xc0, 0xff,
    0xf0, 0x0,

    /* U+307D "ぽ" */
    0x0, 0x0, 0x0, 0x1f, 0x80, 0x0, 0x0, 0x1,
    0xf8, 0x0, 0x0, 0x0, 0x1f, 0x81, 0xc0, 0x0,
    0xe, 0x7, 0x1c, 0x0, 0x0, 0xe0, 0x71, 0xc0,
    0x0, 0xe, 0x7, 0x1c, 0xf, 0xff, 0xe0, 0x71,
    0xc0, 0xff, 0xfe, 0x7, 0x1c, 0xf, 0xff, 0xe0,
    0x7e, 0x0, 0x0, 0xf, 0xf8, 0xe0, 0x0, 0x0,
    0xff, 0x8e, 0x0, 0x0, 0xf, 0xf8, 0xe0, 0x0,
    0x0, 0xe0, 0xe, 0x0, 0x0, 0xe, 0x0, 0xe0,
    0x0, 0x0, 0xe0, 0xe, 0x0, 0xff, 0xff, 0xf8,
    0xe0, 0xf, 0xff, 0xff, 0x8e, 0x0, 0xff, 0xff,
    0xf8, 0xe0, 0x0, 0x0, 0xe0, 0xe, 0x0, 0x0,
    0xe, 0x0, 0xe0, 0x0, 0x0, 0xe0, 0xe, 0x0,
    0x0, 0xe, 0x0, 0xe0, 0x0, 0x0, 0xe0, 0xe,
    0x0, 0x0, 0xe, 0x0, 0xe0, 0xf, 0xff, 0xe0,
    0xe, 0x0, 0xff, 0xfe, 0x0, 0xe0, 0xf, 0xff,
    0xe0, 0xe, 0x7, 0x0, 0xf, 0xc0, 0xe0, 0x70,
    0x0, 0xfc, 0xe, 0x7, 0x0, 0xf, 0xc0, 0xe0,
    0x70, 0x0, 0xe3, 0x8e, 0x7, 0x0, 0xe, 0x38,
    0xe0, 0x70, 0x0, 0xe3, 0x81, 0xc0, 0xff, 0xf0,
    0x0, 0x1c, 0xf, 0xff, 0x0, 0x1, 0xc0, 0xff,
    0xf0, 0x0,

    /* U+307E "ま" */
    0x0, 0x1, 0xc0, 0x0, 0x0, 0x0, 0xe0, 0x0,
    0x0, 0x0, 0x70, 0x0, 0x3, 0xff, 0xff, 0xff,
    0x81, 0xff, 0xff, 0xff, 0xc0, 0xff, 0xff, 0xff,
    0xe0, 0x0, 0x7, 0x0, 0x0, 0x0, 0x3, 0x80,
    0x0, 0x0, 0x1, 0xc0, 0x0, 0x0, 0x0, 0xe0,
    0x0, 0x0, 0x0, 0x70, 0x0, 0x0, 0x0, 0x38,
    0x0, 0x1, 0xff, 0xff, 0xff, 0xc0, 0xff, 0xff,
    0xff, 0xe0, 0x7f, 0xff, 0xff, 0xf0, 0x0, 0x3,
    0x80, 0x0, 0x0, 0x1, 0xc0, 0x0, 0x0, 0x0,
    0xe0, 0x0, 0x0, 0x0, 0x70, 0x0, 0x0, 0x0,
    0x38, 0x0, 0x0, 0x0, 0x1c, 0x0, 0x0, 0xff,
    0xff, 0xf8, 0x0, 0x7f, 0xff, 0xfc, 0x0, 0x3f,
    0xff, 0xfe, 0x0, 0xe0, 0x1, 0xc0, 0xfc, 0x70,
    0x0, 0xe0, 0x7e, 0x38, 0x0, 0x70, 0x3f, 0x1c,
    0x0, 0x38, 0x0, 0x7e, 0x0, 0x1c, 0x0, 0x3f,
    0x0, 0xe, 0x0, 0x1c, 0x7f, 0xf8, 0x0, 0x0,
    0x3f, 0xfc, 0x0, 0x0, 0x1f, 0xfe, 0x0, 0x0,
    0x0,

    /* U+307F "み" */
    0x3, 0xfe, 0x0, 0x0, 0x1, 0xff, 0x0, 0x0,
    0x0, 0xff, 0x80, 0x0, 0x0, 0x0, 0x38, 0x0,
    0x0, 0x0, 0x1c, 0x0, 0x0, 0x0, 0xe, 0x0,
    0x0, 0x0, 0x7, 0x0, 0x70, 0x0, 0x3, 0x80,
    0x38, 0x0, 0x1, 0xc0, 0x1c, 0x0, 0x0, 0xe0,
    0xe, 0x0, 0x0, 0x70, 0x7, 0x0, 0x0, 0x38,
    0x3, 0x80, 0x3f, 0xff, 0xf1, 0xc0, 0x1f, 0xff,
    0xf8, 0xe0, 0xf, 0xff, 0xfc, 0x70, 0x38, 0x3,
    0x81, 0xf8, 0x1c, 0x1, 0xc0, 0xfc, 0xe, 0x0,
    0xe0, 0x7e, 0x38, 0x3, 0x80, 0x7, 0xfc, 0x1,
    0xc0, 0x3, 0xfe, 0x0, 0xe0, 0x1, 0xff, 0x0,
    0x70, 0x0, 0xe3, 0x80, 0x38, 0x0, 0x71, 0xc0,
    0x1c, 0x0, 0x38, 0xe0, 0x70, 0x0, 0x1c, 0x70,
    0x38, 0x0, 0xe, 0x38, 0x1c, 0x0, 0x7, 0x1c,
    0xe, 0x0, 0x1c, 0xe, 0x7, 0x0, 0xe, 0x7,
    0x3, 0x80, 0x7, 0x0, 0x7e, 0x0, 0xfc, 0x0,
    0x3f, 0x0, 0x7e, 0x0, 0x1f, 0x80, 0x3f, 0x0,
    0x0,

    /* U+3080 "む" */
    0x0, 0x70, 0x0, 0xe0, 0x0, 0x38, 0x0, 0x70,
    0x0, 0x1c, 0x0, 0x38, 0x1f, 0xff, 0xff, 0x3,
    0x8f, 0xff, 0xff, 0x81, 0xc7, 0xff, 0xff, 0xc0,
    0xe0, 0x1, 0xc0, 0x0, 0xe, 0x0, 0xe0, 0x0,
    0x7, 0x0, 0x70, 0x0, 0x3, 0x80, 0x38, 0x0,
    0x1, 0xc0, 0x1c, 0x0, 0x0, 0xe0, 0xe, 0x0,
    0x0, 0x71, 0xff, 0x0, 0x0, 0x0, 0xff, 0x80,
    0x0, 0x0, 0x7f, 0xc0, 0x0, 0x1, 0xc0, 0xe0,
    0x0, 0x0, 0xe0, 0x70, 0x0, 0x0, 0x70, 0x38,
    0x0, 0x0, 0x38, 0x1c, 0x0, 0x7, 0x1c, 0xe,
    0x0, 0x3, 0x8e, 0x7, 0x0, 0x1, 0xc7, 0x3,
    0x80, 0x0, 0x1f, 0x81, 0xc0, 0x0, 0xf, 0xc0,
    0xe0, 0x0, 0x7, 0x1f, 0x80, 0x0, 0x3, 0x8f,
    0xc0, 0x0, 0x1, 0xc7, 0xe0, 0x0, 0x0, 0xe0,
    0x70, 0x0, 0x0, 0x70, 0x38, 0x0, 0x0, 0x38,
    0x1c, 0x0, 0x0, 0x1c, 0x1, 0xff, 0xff, 0xf0,
    0x0, 0xff, 0xff, 0xf8, 0x0, 0x7f, 0xff, 0xfc,
    0x0,

    /* U+3081 "め" */
    0x0, 0x0, 0x38, 0x0, 0x0, 0x0, 0x1c, 0x0,
    0x0, 0x0, 0xe, 0x0, 0x0, 0x70, 0x7, 0x0,
    0x0, 0x38, 0x3, 0x80, 0x0, 0x1c, 0x1, 0xc0,
    0x0, 0xe, 0x3f, 0xff, 0x80, 0x7, 0x1f, 0xff,
    0xc0, 0x3, 0x8f, 0xff, 0xe0, 0x1, 0xf8, 0x1c,
    0xe, 0x0, 0xfc, 0xe, 0x7, 0x0, 0x7e, 0x7,
    0x3, 0x80, 0x38, 0x3, 0x80, 0x38, 0x1c, 0x1,
    0xc0, 0x1c, 0xe, 0x0, 0xe0, 0xe, 0x38, 0xe0,
    0x70, 0x7, 0x1c, 0x70, 0x38, 0x3, 0x8e, 0x38,
    0x1c, 0x1, 0xf8, 0x1c, 0xe, 0x0, 0xfc, 0xe,
    0x7, 0x0, 0x7e, 0x7, 0x3, 0x80, 0x3f, 0x3,
    0x8e, 0x0, 0x1f, 0x81, 0xc7, 0x0, 0xf, 0xc0,
    0xe3, 0x80, 0x7, 0xe0, 0x71, 0xc0, 0x3, 0xf0,
    0x38, 0xe0, 0x1, 0xf8, 0x1c, 0x70, 0x0, 0xfc,
    0x1, 0xc0, 0x3, 0x8e, 0x0, 0xe0, 0x1, 0xc7,
    0x0, 0x70, 0x0, 0xe0, 0x7f, 0xc0, 0x1f, 0x80,
    0x3f, 0xe0, 0xf, 0xc0, 0x1f, 0xf0, 0x7, 0xe0,
    0x0,

    /* U+3082 "も" */
    0x0, 0x70, 0x0, 0x0, 0x0, 0x38, 0x0, 0x0,
    0x0, 0x1c, 0x0, 0x0, 0x0, 0xe, 0x0, 0x0,
    0x0, 0x7, 0x0, 0x0, 0x0, 0x3, 0x80, 0x0,
    0x3, 0xff, 0xff, 0xff, 0xf1, 0xff, 0xff, 0xff,
    0xf8, 0xff, 0xff, 0xff, 0xfc, 0x1, 0xc0, 0x0,
    0x0, 0x0, 0xe0, 0x0, 0x0, 0x0, 0x70, 0x0,
    0x0, 0x0, 0x38, 0x0, 0x0, 0x0, 0x1c, 0x0,
    0x0, 0x0, 0xe, 0x0, 0x0, 0x1, 0xff, 0xff,
    0xff, 0xc0, 0xff, 0xff, 0xff, 0xe0, 0x7f, 0xff,
    0xff, 0xf0, 0x0, 0xe0, 0x0, 0x0, 0x0, 0x70,
    0x0, 0x0, 0x0, 0x38, 0x0, 0x0, 0x0, 0x1c,
    0x0, 0x0, 0x1c, 0xe, 0x0, 0x0, 0xe, 0x7,
    0x0, 0x0, 0x7, 0x3, 0x80, 0x0, 0x3, 0x81,
    0xc0, 0x0, 0x1, 0xc0, 0xe0, 0x0, 0x0, 0xe0,
    0xe, 0x0, 0x3, 0x80, 0x7, 0x0, 0x1, 0xc0,
    0x3, 0x80, 0x0, 0xe0, 0x0, 0x3f, 0xff, 0x80,
    0x0, 0x1f, 0xff, 0xc0, 0x0, 0xf, 0xff, 0xe0,
    0x0,

    /* U+3083 "ゃ" */
    0x1c, 0x1, 0xc0, 0x0, 0x70, 0x7, 0x0, 0x1,
    0xc0, 0x1c, 0x0, 0x7, 0x0, 0x7f, 0xc0, 0x1c,
    0x1, 0xff, 0x0, 0x70, 0x7, 0xfc, 0x1, 0xc7,
    0xe0, 0xe, 0x7, 0x1f, 0x80, 0x38, 0x1c, 0x7e,
    0x0, 0xe3, 0xfe, 0x0, 0x0, 0x7f, 0xf8, 0x0,
    0x1, 0xff, 0xe0, 0x0, 0x7, 0x3, 0x80, 0x0,
    0x1c, 0xe, 0x0, 0x0, 0x70, 0x38, 0x0, 0x1,
    0xc0, 0xe0, 0x0, 0x38, 0x3, 0x80, 0x0, 0xe0,
    0xe, 0x0, 0x3, 0x80, 0x7, 0x3, 0xf0, 0x0,
    0x1c, 0xf, 0xc0, 0x0, 0x70, 0x3f, 0x0, 0x1,
    0xc0, 0x0, 0x0, 0x7, 0x0, 0x0, 0x0, 0x1c,
    0x0, 0x0, 0x0, 0x70, 0x0, 0x0, 0x1, 0xc0,
    0x0, 0x0, 0x7, 0x0, 0x0, 0x0,

    /* U+3084 "や" */
    0x1c, 0x0, 0x38, 0x0, 0xe, 0x0, 0x1c, 0x0,
    0x7, 0x0, 0xe, 0x0, 0x3, 0x80, 0x7, 0x0,
    0x1, 0xc0, 0x3, 0x80, 0x0, 0xe0, 0x1, 0xc0,
    0x0, 0x70, 0x7, 0xff, 0x80, 0x38, 0x3, 0xff,
    0xc0, 0x1c, 0x1, 0xff, 0xe0, 0x1, 0xff, 0x0,
    0xe, 0x0, 0xff, 0x80, 0x7, 0x0, 0x7f, 0xc0,
    0x3, 0x8f, 0xf8, 0x0, 0x0, 0x3f, 0xfc, 0x0,
    0x0, 0x1f, 0xfe, 0x0, 0x0, 0xe, 0x7, 0x0,
    0x0, 0x7, 0x3, 0x80, 0x0, 0x3, 0x81, 0xc0,
    0x0, 0x1, 0xc0, 0x1c, 0x0, 0x7, 0x0, 0xe,
    0x0, 0x3, 0x80, 0x7, 0x0, 0x1, 0xc0, 0x3,
    0x80, 0x3f, 0x0, 0x1, 0xc0, 0x1f, 0x80, 0x0,
    0xe0, 0xf, 0xc0, 0x0, 0x70, 0x0, 0x0, 0x0,
    0x38, 0x0, 0x0, 0x0, 0x1c, 0x0, 0x0, 0x0,
    0x1, 0xc0, 0x0, 0x0, 0x0, 0xe0, 0x0, 0x0,
    0x0, 0x70, 0x0, 0x0, 0x0, 0x38, 0x0, 0x0,
    0x0, 0x1c, 0x0, 0x0, 0x0, 0xe, 0x0, 0x0,
    0x0,

    /* U+3085 "ゅ" */
    0x0, 0x1, 0xc0, 0x0, 0x0, 0x7, 0x0, 0x0,
    0x0, 0x1c, 0x0, 0x38, 0x1f, 0xff, 0xc0, 0xe0,
    0x7f, 0xff, 0x3, 0x81, 0xff, 0xfc, 0xe, 0x38,
    0x1c, 0xe, 0x38, 0xe0, 0x70, 0x38, 0xe3, 0x81,
    0xc0, 0xe3, 0xf0, 0x7, 0x0, 0x7f, 0xc0, 0x1c,
    0x1, 0xff, 0x0, 0x70, 0x7, 0xe0, 0x1, 0xc0,
    0x1f, 0x80, 0x7, 0x0, 0x7e, 0x0, 0x1c, 0x1,
    0xf8, 0xe0, 0x70, 0x38, 0xe3, 0x81, 0xc0, 0xe3,
    0x8e, 0x7, 0x3, 0x8e, 0x7, 0xff, 0xf0, 0x38,
    0x1f, 0xff, 0xc0, 0xe0, 0x7f, 0xff, 0x0, 0x0,
    0x7, 0x0, 0x0, 0x0, 0x1c, 0x0, 0x0, 0x0,
    0x70, 0x0, 0x0, 0x7e, 0x0, 0x0, 0x1, 0xf8,
    0x0, 0x0, 0x7, 0xe0, 0x0, 0x0,

    /* U+3086 "ゆ" */
    0x0, 0x0, 0x38, 0x0, 0x0, 0x0, 0x1c, 0x0,
    0x0, 0x0, 0xe, 0x0, 0x1c, 0x1, 0xff, 0xfc,
    0xe, 0x0, 0xff, 0xfe, 0x7, 0x0, 0x7f, 0xff,
    0x3, 0x81, 0xc0, 0xe0, 0x71, 0xc0, 0xe0, 0x70,
    0x38, 0xe0, 0x70, 0x38, 0x1c, 0x71, 0xc0, 0x1c,
    0x1, 0xf8, 0xe0, 0xe, 0x0, 0xfc, 0x70, 0x7,
    0x0, 0x7f, 0xc0, 0x3, 0x80, 0x3f, 0xe0, 0x1,
    0xc0, 0x1f, 0xf0, 0x0, 0xe0, 0xf, 0xf8, 0x0,
    0x70, 0x7, 0xfc, 0x0, 0x38, 0x3, 0xfe, 0x0,
    0x1c, 0x1, 0xf8, 0x0, 0xe, 0x0, 0xfc, 0x0,
    0x7, 0x0, 0x7e, 0x0, 0x3, 0x80, 0x3f, 0x3,
    0x81, 0xc0, 0xe3, 0x81, 0xc0, 0xe0, 0x71, 0xc0,
    0xe0, 0x70, 0x38, 0xe0, 0xf, 0xff, 0xe0, 0x70,
    0x7, 0xff, 0xf0, 0x38, 0x3, 0xff, 0xf8, 0x0,
    0x0, 0x7, 0x0, 0x0, 0x0, 0x3, 0x80, 0x0,
    0x0, 0x1, 0xc0, 0x0, 0x0, 0x3f, 0x0, 0x0,
    0x0, 0x1f, 0x80, 0x0, 0x0, 0xf, 0xc0, 0x0,
    0x0,

    /* U+3087 "ょ" */
    0x0, 0xe, 0x0, 0x0, 0x0, 0x38, 0x0, 0x0,
    0x0, 0xe0, 0x0, 0x0, 0x3, 0x80, 0x0, 0x0,
    0xe, 0x0, 0x0, 0x0, 0x38, 0x0, 0x0, 0x0,
    0xff, 0xfe, 0x0, 0x3, 0xff, 0xf8, 0x0, 0xf,
    0xff, 0xe0, 0x0, 0x38, 0x0, 0x0, 0x0, 0xe0,
    0x0, 0x0, 0x3, 0x80, 0x0, 0x0, 0xe, 0x0,
    0x0, 0x0, 0x38, 0x0, 0x0, 0x0, 0xe0, 0x0,
    0x7, 0xff, 0xfe, 0x0, 0x1f, 0xff, 0xf8, 0x0,
    0x7f, 0xff, 0xe0, 0xe, 0x0, 0xe0, 0x7e, 0x38,
    0x3, 0x81, 0xf8, 0xe0, 0xe, 0x7, 0xe3, 0x80,
    0x38, 0x0, 0x7e, 0x0, 0xe0, 0x1, 0xf8, 0x3,
    0x80, 0x7, 0x1f, 0xf0, 0x0, 0x0, 0x7f, 0xc0,
    0x0, 0x1, 0xff, 0x0, 0x0, 0x0,

    /* U+3088 "よ" */
    0x0, 0x1, 0xc0, 0x0, 0x0, 0x0, 0xe0, 0x0,
    0x0, 0x0, 0x70, 0x0, 0x0, 0x0, 0x38, 0x0,
    0x0, 0x0, 0x1c, 0x0, 0x0, 0x0, 0xe, 0x0,
    0x0, 0x0, 0x7, 0xff, 0xf0, 0x0, 0x3, 0xff,
    0xf8, 0x0, 0x1, 0xff, 0xfc, 0x0, 0x0, 0xe0,
    0x0, 0x0, 0x0, 0x70, 0x0, 0x0, 0x0, 0x38,
    0x0, 0x0, 0x0, 0x1c, 0x0, 0x0, 0x0, 0xe,
    0x0, 0x0, 0x0, 0x7, 0x0, 0x0, 0x0, 0x3,
    0x80, 0x0, 0x0, 0x1, 0xc0, 0x0, 0x0, 0x0,
    0xe0, 0x0, 0x7, 0xff, 0xff, 0xc0, 0x3, 0xff,
    0xff, 0xe0, 0x1, 0xff, 0xff, 0xf0, 0x7, 0x0,
    0xe, 0x7, 0xe3, 0x80, 0x7, 0x3, 0xf1, 0xc0,
    0x3, 0x81, 0xf8, 0xe0, 0x1, 0xc0, 0x3, 0xf0,
    0x0, 0xe0, 0x1, 0xf8, 0x0, 0x70, 0x0, 0xfc,
    0x0, 0x38, 0x0, 0xe, 0x0, 0x1c, 0x0, 0x7,
    0x0, 0xe, 0x0, 0x0, 0x7f, 0xf8, 0x0, 0x0,
    0x3f, 0xfc, 0x0, 0x0, 0x1f, 0xfe, 0x0, 0x0,
    0x0,

    /* U+3089 "ら" */
    0x0, 0x7f, 0xc0, 0x0, 0x0, 0x3f, 0xe0, 0x0,
    0x0, 0x1f, 0xf0, 0x0, 0x3, 0x80, 0x7, 0xe0,
    0x1, 0xc0, 0x3, 0xf0, 0x0, 0xe0, 0x1, 0xf8,
    0x0, 0x70, 0x0, 0x0, 0x0, 0x38, 0x0, 0x0,
    0x0, 0x1c, 0x0, 0x0, 0x0, 0xe, 0x0, 0x0,
    0x0, 0x7, 0x0, 0x0, 0x0, 0x3, 0x80, 0x0,
    0x0, 0xe, 0x0, 0x1f, 0xfe, 0x7, 0x0, 0xf,
    0xff, 0x3, 0x80, 0x7, 0xff, 0x81, 0xc0, 0xfc,
    0x0, 0x38, 0xe0, 0x7e, 0x0, 0x1c, 0x70, 0x3f,
    0x0, 0xe, 0x3f, 0xe0, 0x0, 0x0, 0xff, 0xf0,
    0x0, 0x0, 0x7f, 0xf8, 0x0, 0x0, 0x38, 0x0,
    0x0, 0x0, 0x1c, 0x0, 0x0, 0x0, 0xe, 0x0,
    0x0, 0x0, 0x7, 0x0, 0x0, 0x0, 0x3, 0x80,
    0x0, 0x0, 0x1, 0xc0, 0x0, 0x0, 0x0, 0xe3,
    0x80, 0x0, 0x3, 0x81, 0xc0, 0x0, 0x1, 0xc0,
    0xe0, 0x0, 0x0, 0xe0, 0xf, 0xff, 0xff, 0x80,
    0x7, 0xff, 0xff, 0xc0, 0x3, 0xff, 0xff, 0xe0,
    0x0,

    /* U+308A "り" */
    0xe0, 0x1, 0xff, 0x3, 0x80, 0x7, 0xfc, 0xe,
    0x0, 0x1f, 0xf0, 0x38, 0x3, 0x80, 0x38, 0xe0,
    0xe, 0x0, 0xe3, 0x80, 0x38, 0x3, 0x8e, 0x7,
    0x0, 0x1, 0xf8, 0x1c, 0x0, 0x7, 0xe0, 0x70,
    0x0, 0x1f, 0x81, 0xc0, 0x0, 0x7e, 0x7, 0x0,
    0x1, 0xf8, 0x1c, 0x0, 0x7, 0xe3, 0x80, 0x0,
    0x1f, 0x8e, 0x0, 0x0, 0x7e, 0x38, 0x0, 0x1,
    0xf8, 0xe0, 0x0, 0x7, 0xe3, 0x80, 0x0, 0x1f,
    0x8e, 0x0, 0x0, 0x71, 0xc0, 0x0, 0x1, 0xc7,
    0x0, 0x0, 0x7, 0x1c, 0x0, 0x0, 0x1c, 0x0,
    0x0, 0x3, 0x80, 0x0, 0x0, 0xe, 0x0, 0x0,
    0x0, 0x38, 0x0, 0x0, 0x0, 0xe0, 0x0, 0x0,
    0x3, 0x80, 0x0, 0x0, 0xe, 0x0, 0x0, 0x1,
    0xc0, 0x0, 0x0, 0x7, 0x0, 0x0, 0x0, 0x1c,
    0x0, 0x3f, 0xff, 0x80, 0x0, 0xff, 0xfe, 0x0,
    0x3, 0xff, 0xf8, 0x0,

    /* U+308B "る" */
    0x3, 0xff, 0xff, 0x0, 0x1, 0xff, 0xff, 0x80,
    0x0, 0xff, 0xff, 0xc0, 0x0, 0x0, 0x0, 0x1c,
    0x0, 0x0, 0x0, 0xe, 0x0, 0x0, 0x0, 0x7,
    0x0, 0x0, 0x0, 0xfc, 0x0, 0x0, 0x0, 0x7e,
    0x0, 0x0, 0x0, 0x3f, 0x0, 0x0, 0x7, 0xe0,
    0x0, 0x0, 0x3, 0xf0, 0x0, 0x0, 0x1, 0xf8,
    0x0, 0x0, 0x3f, 0xff, 0xfe, 0x0, 0x1f, 0xff,
    0xff, 0x0, 0xf, 0xff, 0xff, 0x81, 0xf8, 0x0,
    0x0, 0x38, 0xfc, 0x0, 0x0, 0x1c, 0x7e, 0x0,
    0x0, 0xe, 0x0, 0x0, 0x0, 0x0, 0xe0, 0x0,
    0x0, 0x0, 0x70, 0x0, 0x0, 0x0, 0x38, 0x3,
    0xfe, 0x0, 0x1c, 0x1, 0xff, 0x0, 0xe, 0x0,
    0xff, 0x80, 0x7, 0x3, 0x80, 0x38, 0x3, 0x81,
    0xc0, 0x1c, 0x1, 0xc0, 0xe0, 0xe, 0x0, 0xe0,
    0x70, 0x7, 0x3, 0x80, 0x38, 0x3, 0x81, 0xc0,
    0x1c, 0x1, 0xc0, 0xe0, 0x1, 0xff, 0xff, 0x80,
    0x0, 0xff, 0xff, 0xc0, 0x0, 0x7f, 0xff, 0xe0,
    0x0,

    /* U+308C "れ" */
    0x0, 0x70, 0x0, 0x0, 0x0, 0x38, 0x0, 0x0,
    0x0, 0x1c, 0x0, 0x0, 0x0, 0xe, 0x7, 0xfc,
    0x0, 0x7, 0x3, 0xfe, 0x0, 0x3, 0x81, 0xff,
    0x3, 0xff, 0xc7, 0x0, 0x71, 0xff, 0xe3, 0x80,
    0x38, 0xff, 0xf1, 0xc0, 0x1c, 0x0, 0x3f, 0x0,
    0x1, 0xc0, 0x1f, 0x80, 0x0, 0xe0, 0xf, 0xc0,
    0x0, 0x70, 0x7, 0x0, 0x0, 0x38, 0x3, 0x80,
    0x0, 0x1c, 0x1, 0xc0, 0x0, 0xe, 0x7, 0xe0,
    0x0, 0x38, 0x3, 0xf0, 0x0, 0x1c, 0x1, 0xf8,
    0x0, 0xe, 0x7, 0x1c, 0x0, 0x7, 0x3, 0x8e,
    0x0, 0x3, 0x81, 0xc7, 0x0, 0x1, 0xc0, 0xe3,
    0x80, 0x7, 0x0, 0x71, 0xc0, 0x3, 0x80, 0x38,
    0xe0, 0x1, 0xc0, 0xe0, 0x70, 0x0, 0xe0, 0x70,
    0x38, 0x0, 0x70, 0x38, 0x1c, 0x0, 0x38, 0x1c,
    0xe, 0x0, 0x1c, 0xe, 0x7, 0x0, 0xe, 0x7,
    0x3, 0x80, 0x7, 0x0, 0x1, 0xc0, 0x0, 0x7e,
    0x0, 0xe0, 0x0, 0x3f, 0x0, 0x70, 0x0, 0x1f,
    0x80,

    /* U+308D "ろ" */
    0x3, 0xff, 0xff, 0x0, 0x1, 0xff, 0xff, 0x80,
    0x0, 0xff, 0xff, 0xc0, 0x0, 0x0, 0x0, 0x1c,
    0x0, 0x0, 0x0, 0xe, 0x0, 0x0, 0x0, 0x7,
    0x0, 0x0, 0x0, 0xfc, 0x0, 0x0, 0x0, 0x7e,
    0x0, 0x0, 0x0, 0x3f, 0x0, 0x0, 0x7, 0xe0,
    0x0, 0x0, 0x3, 0xf0, 0x0, 0x0, 0x1, 0xf8,
    0x0, 0x0, 0x3f, 0xff, 0xfe, 0x0, 0x1f, 0xff,
    0xff, 0x0, 0xf, 0xff, 0xff, 0x81, 0xf8, 0x0,
    0x0, 0x38, 0xfc, 0x0, 0x0, 0x1c, 0x7e, 0x0,
    0x0, 0xe, 0x0, 0x0, 0x0, 0x0, 0xe0, 0x0,
    0x0, 0x0, 0x70, 0x0, 0x0, 0x0, 0x38, 0x0,
    0x0, 0x0, 0x1c, 0x0, 0x0, 0x0, 0xe, 0x0,
    0x0, 0x0, 0x7, 0x0, 0x0, 0x0, 0x3, 0x80,
    0x0, 0x0, 0x1, 0xc0, 0x0, 0x0, 0x0, 0xe3,
    0xf0, 0x0, 0x3, 0x81, 0xf8, 0x0, 0x1, 0xc0,
    0xfc, 0x0, 0x0, 0xe0, 0x1, 0xff, 0xff, 0x80,
    0x0, 0xff, 0xff, 0xc0, 0x0, 0x7f, 0xff, 0xe0,
    0x0,

    /* U+308E "ゎ" */
    0x3, 0x80, 0x0, 0x0, 0x70, 0x0, 0x0, 0xe,
    0x0, 0x0, 0x7f, 0xc7, 0xfc, 0xf, 0xf8, 0xff,
    0x81, 0xff, 0x1f, 0xf0, 0x0, 0xfc, 0x1, 0xc0,
    0x1f, 0x80, 0x38, 0x3, 0xf0, 0x7, 0x0, 0x70,
    0x0, 0x1c, 0xe, 0x0, 0x3, 0x81, 0xc0, 0x0,
    0x71, 0xf8, 0x0, 0xe, 0x3f, 0x0, 0x1, 0xc7,
    0xe0, 0x0, 0x3f, 0x1c, 0x0, 0x7, 0xe3, 0x80,
    0x0, 0xfc, 0x70, 0x0, 0x1f, 0x8e, 0x0, 0x3,
    0xf1, 0xc0, 0x0, 0x7e, 0x38, 0x0, 0xe, 0x7,
    0x0, 0xe, 0x0, 0xe0, 0x1, 0xc0, 0x1c, 0x0,
    0x38, 0x3, 0x81, 0xf8, 0x0, 0x70, 0x3f, 0x0,
    0xe, 0x7, 0xe0, 0x0,

    /* U+308F "わ" */
    0x0, 0x70, 0x0, 0x0, 0x0, 0x38, 0x0, 0x0,
    0x0, 0x1c, 0x0, 0x0, 0x0, 0xe, 0x7, 0xfc,
    0x0, 0x7, 0x3, 0xfe, 0x0, 0x3, 0x81, 0xff,
    0x3, 0xff, 0xc7, 0x0, 0x71, 0xff, 0xe3, 0x80,
    0x38, 0xff, 0xf1, 0xc0, 0x1c, 0x0, 0x3f, 0x0,
    0x1, 0xc0, 0x1f, 0x80, 0x0, 0xe0, 0xf, 0xc0,
    0x0, 0x70, 0x7, 0x0, 0x0, 0x38, 0x3, 0x80,
    0x0, 0x1c, 0x1, 0xc0, 0x0, 0xe, 0x7, 0xe0,
    0x0, 0x7, 0x3, 0xf0, 0x0, 0x3, 0x81, 0xf8,
    0x0, 0x1, 0xc7, 0x1c, 0x0, 0x0, 0xe3, 0x8e,
    0x0, 0x0, 0x71, 0xc7, 0x0, 0x0, 0x38, 0xe3,
    0x80, 0x0, 0x1c, 0x71, 0xc0, 0x0, 0xe, 0x38,
    0xe0, 0x0, 0x7, 0xe0, 0x70, 0x0, 0x3, 0xf0,
    0x38, 0x0, 0x1, 0xf8, 0x1c, 0x0, 0x0, 0xfc,
    0xe, 0x0, 0x3, 0x8e, 0x7, 0x0, 0x1, 0xc7,
    0x3, 0x80, 0x0, 0xe0, 0x1, 0xc0, 0xff, 0x80,
    0x0, 0xe0, 0x7f, 0xc0, 0x0, 0x70, 0x3f, 0xe0,
    0x0,

    /* U+3092 "を" */
    0x0, 0xe, 0x0, 0x0, 0x0, 0x7, 0x0, 0x0,
    0x0, 0x3, 0x80, 0x0, 0x0, 0x1, 0xc0, 0x0,
    0x0, 0x0, 0xe0, 0x0, 0x0, 0x0, 0x70, 0x0,
    0x0, 0x7f, 0xff, 0xff, 0xf0, 0x3f, 0xff, 0xff,
    0xf8, 0x1f, 0xff, 0xff, 0xfc, 0x0, 0x38, 0x0,
    0x0, 0x0, 0x1c, 0x0, 0x0, 0x0, 0xe, 0x0,
    0x0, 0x0, 0x7, 0xff, 0x80, 0x0, 0x3, 0xff,
    0xc0, 0x0, 0x1, 0xff, 0xe0, 0x0, 0x7, 0x0,
    0xf, 0xff, 0x3, 0x80, 0x7, 0xff, 0x81, 0xc0,
    0x3, 0xff, 0xc7, 0x0, 0x7f, 0xc0, 0x3, 0x80,
    0x3f, 0xe0, 0x1, 0xc0, 0x1f, 0xf0, 0x7, 0x0,
    0x70, 0x38, 0x3, 0x80, 0x38, 0x1c, 0x1, 0xc0,
    0x1c, 0xe, 0x0, 0x0, 0x70, 0x7, 0x0, 0x0,
    0x38, 0x3, 0x80, 0x0, 0x1c, 0x1, 0xc0, 0x0,
    0xe, 0x0, 0x0, 0x0, 0x7, 0x0, 0x0, 0x0,
    0x3, 0x80, 0x0, 0x0, 0x0, 0x3f, 0xff, 0xf0,
    0x0, 0x1f, 0xff, 0xf8, 0x0, 0xf, 0xff, 0xfc,
    0x0,

    /* U+3093 "ん" */
    0x0, 0x1, 0xc0, 0x0, 0x0, 0x0, 0xe0, 0x0,
    0x0, 0x0, 0x70, 0x0, 0x0, 0x1, 0xc0, 0x0,
    0x0, 0x0, 0xe0, 0x0, 0x0, 0x0, 0x70, 0x0,
    0x0, 0x0, 0x38, 0x0, 0x0, 0x0, 0x1c, 0x0,
    0x0, 0x0, 0xe, 0x0, 0x0, 0x0, 0x38, 0x0,
    0x0, 0x0, 0x1c, 0x0, 0x0, 0x0, 0xe, 0x0,
    0x0, 0x0, 0x7, 0x0, 0x0, 0x0, 0x3, 0x80,
    0x0, 0x0, 0x1, 0xc0, 0x0, 0x0, 0x7, 0x1f,
    0x80, 0x0, 0x3, 0x8f, 0xc0, 0x0, 0x1, 0xc7,
    0xe0, 0x0, 0x0, 0xfc, 0xe, 0x0, 0xe0, 0x7e,
    0x7, 0x0, 0x70, 0x3f, 0x3, 0x80, 0x38, 0xfc,
    0x1, 0xc0, 0x1c, 0x7e, 0x0, 0xe0, 0xe, 0x3f,
    0x0, 0x70, 0x7, 0x1c, 0x0, 0x38, 0x3, 0x8e,
    0x0, 0x1c, 0x1, 0xc7, 0x0, 0xe, 0x0, 0xfc,
    0x0, 0x7, 0x3, 0x8e, 0x0, 0x3, 0x81, 0xc7,
    0x0, 0x1, 0xc0, 0xe3, 0x80, 0x0, 0x1f, 0x81,
    0xc0, 0x0, 0xf, 0xc0, 0xe0, 0x0, 0x7, 0xe0,
    0x0,

    /* U+3094 "ゔ" */
    0x0, 0x0, 0x0, 0xe3, 0x80, 0x0, 0x0, 0xe,
    0x38, 0x0, 0x0, 0x0, 0xe3, 0x80, 0x3f, 0xfc,
    0x1, 0xc7, 0x3, 0xff, 0xc0, 0x1c, 0x70, 0x3f,
    0xfc, 0x1, 0xc7, 0x0, 0x0, 0x3f, 0xe0, 0x0,
    0x0, 0x3, 0xfe, 0x0, 0x0, 0x0, 0x3f, 0xe0,
    0x0, 0x0, 0x0, 0x0, 0x0, 0x0, 0x0, 0x0,
    0x0, 0x0, 0x0, 0x0, 0x0, 0x0, 0x0, 0x7f,
    0xff, 0xe0, 0x0, 0x7, 0xff, 0xfe, 0x0, 0x0,
    0x7f, 0xff, 0xe0, 0xf, 0xf8, 0x0, 0x1, 0xc0,
    0xff, 0x80, 0x0, 0x1c, 0xf, 0xf8, 0x0, 0x1,
    0xc0, 0x0, 0x0, 0x0, 0x3, 0x80, 0x0, 0x0,
    0x0, 0x38, 0x0, 0x0, 0x0, 0x3, 0x80, 0x0,
    0x0, 0x0, 0x38, 0x0, 0x0, 0x0, 0x3, 0x80,
    0x0, 0x0, 0x0, 0x38, 0x0, 0x0, 0x0, 0x3,
    0x80, 0x0, 0x0, 0x0, 0x38, 0x0, 0x0, 0x0,
    0x3, 0x80, 0x0, 0x0, 0x1, 0xc0, 0x0, 0x0,
    0x0, 0x1c, 0x0, 0x0, 0x0, 0x1, 0xc0, 0x0,
    0x0, 0x7, 0xe0, 0x0, 0x0, 0x0, 0x7e, 0x0,
    0x0, 0x0, 0x7, 0xe0, 0x0, 0x7, 0xff, 0x80,
    0x0, 0x0, 0x7f, 0xf8, 0x0, 0x0, 0x7, 0xff,
    0x80, 0x0,

    /* U+3095 "ゕ" */
    0x0, 0x70, 0x0, 0x0, 0x1, 0xc0, 0x0, 0x0,
    0x7, 0x0, 0x0, 0x0, 0x1c, 0x1, 0xc0, 0x0,
    0x70, 0x7, 0x0, 0x1, 0xc0, 0x1c, 0xf, 0xff,
    0xff, 0x8e, 0x3f, 0xff, 0xfe, 0x38, 0xff, 0xff,
    0xf8, 0xe0, 0xe, 0x0, 0x1c, 0x70, 0x38, 0x0,
    0x71, 0xc0, 0xe0, 0x1, 0xc7, 0x3, 0x80, 0x7,
    0x1c, 0xe, 0x0, 0x1c, 0x70, 0x38, 0x0, 0x71,
    0xc7, 0x0, 0x1, 0xc0, 0x1c, 0x0, 0x7, 0x0,
    0x70, 0x0, 0x1c, 0x1, 0xc0, 0x0, 0x70, 0x7,
    0x0, 0x1, 0xc0, 0x1c, 0x0, 0x7, 0x3, 0x81,
    0xc0, 0xe0, 0xe, 0x7, 0x3, 0x80, 0x38, 0x1c,
    0xe, 0x0, 0xe0, 0xf, 0xc0, 0x3, 0x80, 0x3f,
    0x0, 0xe, 0x0, 0xfc, 0x0, 0x0,

    /* U+3096 "ゖ" */
    0x1c, 0x0, 0x0, 0xe0, 0x70, 0x0, 0x3, 0x81,
    0xc0, 0x0, 0xe, 0x7, 0x0, 0x0, 0x38, 0x1c,
    0x0, 0x0, 0xe0, 0x70, 0x0, 0x3, 0x8e, 0x7,
    0xff, 0xff, 0xf8, 0x1f, 0xff, 0xff, 0xe0, 0x7f,
    0xff, 0xff, 0x80, 0x0, 0x3, 0x8e, 0x0, 0x0,
    0xe, 0x38, 0x0, 0x0, 0x38, 0xe0, 0x0, 0x0,
    0xe3, 0x80, 0x0, 0x3, 0x8e, 0x0, 0x0, 0xe,
    0x38, 0x0, 0x0, 0x38, 0xe0, 0x0, 0x0, 0xe3,
    0x80, 0x0, 0x3, 0x8e, 0x0, 0x0, 0xe, 0x38,
    0x0, 0x0, 0x38, 0xe0, 0x0, 0x0, 0xe3, 0x80,
    0x0, 0x1c, 0xe, 0x0, 0x0, 0x70, 0x38, 0x0,
    0x1, 0xc0, 0x1c, 0x1, 0xf8, 0x0, 0x70, 0x7,
    0xe0, 0x1, 0xc0, 0x1f, 0x80, 0x0,

    /* U+309B "゛" */
    0xe3, 0x8e, 0x38, 0xe3, 0x81, 0xc7, 0x1c, 0x71,
    0xc7,

    /* U+309C "゜" */
    0x1f, 0x81, 0xf8, 0x1f, 0x8e, 0x7, 0xe0, 0x7e,
    0x7, 0xe0, 0x7e, 0x7, 0xe0, 0x71, 0xf8, 0x1f,
    0x81, 0xf8,

    /* U+30A1 "ァ" */
    0xff, 0xff, 0xff, 0xe3, 0xff, 0xff, 0xff, 0x8f,
    0xff, 0xff, 0xfe, 0x0, 0x0, 0x0, 0x7, 0x0,
    0x0, 0x0, 0x1c, 0x0, 0x0, 0x0, 0x70, 0x0,
    0xe0, 0x1, 0xc0, 0x3, 0x80, 0x7, 0x0, 0xe,
    0x0, 0x1c, 0x0, 0x38, 0x3, 0x80, 0x0, 0xe0,
    0xe, 0x0, 0x3, 0x80, 0x38, 0x0, 0xe, 0x3f,
    0x0, 0x0, 0x38, 0xfc, 0x0, 0x0, 0xe3, 0xf0,
    0x0, 0x3, 0x80, 0x0, 0x0, 0xe, 0x0, 0x0,
    0x0, 0x38, 0x0, 0x0, 0x7, 0x0, 0x0, 0x0,
    0x1c, 0x0, 0x0, 0x0, 0x70, 0x0, 0x0, 0x7e,
    0x0, 0x0, 0x1, 0xf8, 0x0, 0x0, 0x7, 0xe0,
    0x0, 0x0,

    /* U+30A2 "ア" */
    0xff, 0xff, 0xff, 0xfc, 0x7f, 0xff, 0xff, 0xfe,
    0x3f, 0xff, 0xff, 0xff, 0x0, 0x0, 0x0, 0x0,
    0x70, 0x0, 0x0, 0x0, 0x38, 0x0, 0x0, 0x0,
    0x1c, 0x0, 0x7, 0x0, 0xe, 0x0, 0x3, 0x80,
    0x7, 0x0, 0x1, 0xc0, 0x3, 0x80, 0x0, 0xe0,
    0xe, 0x0, 0x0, 0x70, 0x7, 0x0, 0x0, 0x38,
    0x3, 0x80, 0x0, 0x1c, 0x7e, 0x0, 0x0, 0xe,
    0x3f, 0x0, 0x0, 0x7, 0x1f, 0x80, 0x0, 0x3,
    0x80, 0x0, 0x0, 0x1, 0xc0, 0x0, 0x0, 0x0,
    0xe0, 0x0, 0x0, 0x3, 0x80, 0x0, 0x0, 0x1,
    0xc0, 0x0, 0x0, 0x0, 0xe0, 0x0, 0x0, 0x0,
    0x70, 0x0, 0x0, 0x0, 0x38, 0x0, 0x0, 0x0,
    0x1c, 0x0, 0x0, 0x0, 0x70, 0x0, 0x0, 0x0,
    0x38, 0x0, 0x0, 0x0, 0x1c, 0x0, 0x0, 0x3,
    0xf0, 0x0, 0x0, 0x1, 0xf8, 0x0, 0x0, 0x0,
    0xfc, 0x0, 0x0, 0x0,

    /* U+30A3 "ィ" */
    0x0, 0x0, 0x0, 0x1c, 0x0, 0x0, 0x0, 0x70,
    0x0, 0x0, 0x1, 0xc0, 0x0, 0x0, 0x38, 0x0,
    0x0, 0x0, 0xe0, 0x0, 0x0, 0x3, 0x80, 0x0,
    0x3, 0xf0, 0x0, 0x0, 0xf, 0xc0, 0x0, 0x0,
    0x3f, 0x0, 0x1, 0xff, 0x0, 0x0, 0x7, 0xfc,
    0x0, 0x0, 0x1f, 0xf0, 0x0, 0xff, 0x81, 0xc0,
    0x3, 0xfe, 0x7, 0x0, 0xf, 0xf8, 0x1c, 0x0,
    0x0, 0x0, 0x70, 0x0, 0x0, 0x1, 0xc0, 0x0,
    0x0, 0x7, 0x0, 0x0, 0x0, 0x1c, 0x0, 0x0,
    0x0, 0x70, 0x0, 0x0, 0x1, 0xc0, 0x0, 0x0,
    0x7, 0x0, 0x0, 0x0, 0x1c, 0x0, 0x0, 0x0,
    0x70, 0x0, 0x0, 0x1, 0xc0, 0x0, 0x0, 0x7,
    0x0, 0x0, 0x0, 0x1c, 0x0, 0x0,

    /* U+30A4 "イ" */
    0x0, 0x0, 0x0, 0x3, 0x80, 0x0, 0x0, 0x1,
    0xc0, 0x0, 0x0, 0x0, 0xe0, 0x0, 0x0, 0x3,
    0x80, 0x0, 0x0, 0x1, 0xc0, 0x0, 0x0, 0x0,
    0xe0, 0x0, 0x0, 0x3, 0x80, 0x0, 0x0, 0x1,
    0xc0, 0x0, 0x0, 0x0, 0xe0, 0x0, 0x0, 0x3,
    0x80, 0x0, 0x0, 0x1, 0xc0, 0x0, 0x0, 0x0,
    0xe0, 0x0, 0x0, 0x1f, 0x80, 0x0, 0x0, 0xf,
    0xc0, 0x0, 0x0, 0x7, 0xe0, 0x0, 0x0, 0xfc,
    0x70, 0x0, 0x0, 0x7e, 0x38, 0x0, 0x0, 0x3f,
    0x1c, 0x0, 0x3f, 0xe0, 0xe, 0x0, 0x1f, 0xf0,
    0x7, 0x0, 0xf, 0xf8, 0x3, 0x80, 0x0, 0x0,
    0x1, 0xc0, 0x0, 0x0, 0x0, 0xe0, 0x0, 0x0,
    0x0, 0x70, 0x0, 0x0, 0x0, 0x38, 0x0, 0x0,
    0x0, 0x1c, 0x0, 0x0, 0x0, 0xe, 0x0, 0x0,
    0x0, 0x7, 0x0, 0x0, 0x0, 0x3, 0x80, 0x0,
    0x0, 0x1, 0xc0, 0x0, 0x0, 0x0, 0xe0, 0x0,
    0x0, 0x0, 0x70, 0x0, 0x0, 0x0, 0x38, 0x0,
    0x0,

    /* U+30A6 "ウ" */
    0x0, 0x1, 0xc0, 0x0, 0x0, 0x0, 0xe0, 0x0,
    0x0, 0x0, 0x70, 0x0, 0x0, 0x0, 0x38, 0x0,
    0x0, 0x0, 0x1c, 0x0, 0x0, 0x0, 0xe, 0x0,
    0x0, 0x7f, 0xff, 0xff, 0xf0, 0x3f, 0xff, 0xff,
    0xf8, 0x1f, 0xff, 0xff, 0xfc, 0x70, 0x0, 0x0,
    0x1, 0xf8, 0x0, 0x0, 0x0, 0xfc, 0x0, 0x0,
    0x0, 0x7e, 0x0, 0x0, 0x0, 0x3f, 0x0, 0x0,
    0x0, 0x1f, 0x80, 0x0, 0x0, 0xf, 0xc0, 0x0,
    0x0, 0x7, 0xe0, 0x0, 0x0, 0x3, 0xf0, 0x0,
    0x0, 0x1, 0xc0, 0x0, 0x0, 0x7, 0x0, 0x0,
    0x0, 0x3, 0x80, 0x0, 0x0, 0x1, 0xc0, 0x0,
    0x0, 0x0, 0xe0, 0x0, 0x0, 0x0, 0x70, 0x0,
    0x0, 0x0, 0x38, 0x0, 0x0, 0x0, 0xe0, 0x0,
    0x0, 0x0, 0x70, 0x0, 0x0, 0x0, 0x38, 0x0,
    0x0, 0x0, 0xe0, 0x0, 0x0, 0x0, 0x70, 0x0,
    0x0, 0x0, 0x38, 0x0, 0x0, 0x3f, 0xe0, 0x0,
    0x0, 0x1f, 0xf0, 0x0, 0x0, 0xf, 0xf8, 0x0,
    0x0,

    /* U+30A7 "ェ" */
    0x1f, 0xff, 0xff, 0xfc, 0xf, 0xff, 0xff, 0xfe,
    0x7, 0xff, 0xff, 0xff, 0x0, 0x0, 0x38, 0x0,
    0x0, 0x0, 0x1c, 0x0, 0x0, 0x0, 0xe, 0x0,
    0x0, 0x0, 0x7, 0x0, 0x0, 0x0, 0x3, 0x80,
    0x0, 0x0, 0x1, 0xc0, 0x0, 0x0, 0x0, 0xe0,
    0x0, 0x0, 0x0, 0x70, 0x0, 0x0, 0x0, 0x38,
    0x0, 0x0, 0x0, 0x1c, 0x0, 0x0, 0x0, 0xe,
    0x0, 0x0, 0x0, 0x7, 0x0, 0x0, 0x0, 0x3,
    0x80, 0x0, 0x0, 0x1, 0xc0, 0x0, 0x0, 0x0,
    0xe0, 0x0, 0x0, 0x0, 0x70, 0x0, 0x0, 0x0,
    0x38, 0x0, 0x0, 0x0, 0x1c, 0x0, 0x7, 0xff,
    0xff, 0xff, 0xff, 0xff, 0xff, 0xff, 0xff, 0xff,
    0xff, 0xff, 0xff,

    /* U+30A8 "エ" */
    0x1f, 0xff, 0xff, 0xfc, 0xf, 0xff, 0xff, 0xfe,
    0x7, 0xff, 0xff, 0xff, 0x0, 0x0, 0x38, 0x0,
    0x0, 0x0, 0x1c, 0x0, 0x0, 0x0, 0xe, 0x0,
    0x0, 0x0, 0x7, 0x0, 0x0, 0x0, 0x3, 0x80,
    0x0, 0x0, 0x1, 0xc0, 0x0, 0x0, 0x0, 0xe0,
    0x0, 0x0, 0x0, 0x70, 0x0, 0x0, 0x0, 0x38,
    0x0, 0x0, 0x0, 0x1c, 0x0, 0x0, 0x0, 0xe,
    0x0, 0x0, 0x0, 0x7, 0x0, 0x0, 0x0, 0x3,
    0x80, 0x0, 0x0, 0x1, 0xc0, 0x0, 0x0, 0x0,
    0xe0, 0x0, 0x0, 0x0, 0x70, 0x0, 0x0, 0x0,
    0x38, 0x0, 0x0, 0x0, 0x1c, 0x0, 0x0, 0x0,
    0xe, 0x0, 0x0, 0x0, 0x7, 0x0, 0x0, 0x0,
    0x3, 0x80, 0x0, 0x0, 0x1, 0xc0, 0x0, 0x0,
    0x0, 0xe0, 0x0, 0x0, 0x0, 0x70, 0x0, 0x1f,
    0xff, 0xff, 0xff, 0xff, 0xff, 0xff, 0xff, 0xff,
    0xff, 0xff, 0xff, 0xfc,

    /* U+30A9 "ォ" */
    0x0, 0x0, 0x38, 0x0, 0x0, 0x0, 0xe0, 0x0,
    0x0, 0x3, 0x80, 0x0, 0x0, 0xe, 0x0, 0x0,
    0x0, 0x38, 0x0, 0x0, 0x0, 0xe0, 0xf, 0xff,
    0xff, 0xff, 0xff, 0xff, 0xff, 0xff, 0xff, 0xff,
    0xff, 0xfc, 0x0, 0x0, 0xe0, 0x0, 0x0, 0x3,
    0x80, 0x0, 0x0, 0xe, 0x0, 0x0, 0x1, 0xf8,
    0x0, 0x0, 0x7, 0xe0, 0x0, 0x0, 0x1f, 0x80,
    0x0, 0x3, 0x8e, 0x0, 0x0, 0xe, 0x38, 0x0,
    0x0, 0x38, 0xe0, 0x0, 0x3f, 0x3, 0x80, 0x0,
    0xfc, 0xe, 0x0, 0x3, 0xf0, 0x38, 0x3, 0xf0,
    0x0, 0xe0, 0xf, 0xc0, 0x3, 0x80, 0x3f, 0x0,
    0xe, 0x0, 0x0, 0xf, 0xc0, 0x0, 0x0, 0x3f,
    0x0, 0x0, 0x0, 0xfc, 0x0, 0x0,

    /* U+30AA "オ" */
    0x0, 0x0, 0x0, 0xe0, 0x0, 0x0, 0x0, 0x70,
    0x0, 0x0, 0x0, 0x38, 0x0, 0x0, 0x0, 0x1c,
    0x0, 0x0, 0x0, 0xe, 0x0, 0x0, 0x0, 0x7,
    0x3, 0xff, 0xff, 0xff, 0xff, 0xff, 0xff, 0xff,
    0xff, 0xff, 0xff, 0xff, 0xff, 0x80, 0x0, 0x0,
    0x70, 0x0, 0x0, 0x0, 0x38, 0x0, 0x0, 0x0,
    0x1c, 0x0, 0x0, 0x0, 0x7e, 0x0, 0x0, 0x0,
    0x3f, 0x0, 0x0, 0x0, 0x1f, 0x80, 0x0, 0x0,
    0x71, 0xc0, 0x0, 0x0, 0x38, 0xe0, 0x0, 0x0,
    0x1c, 0x70, 0x0, 0x0, 0x70, 0x38, 0x0, 0x0,
    0x38, 0x1c, 0x0, 0x0, 0x1c, 0xe, 0x0, 0x0,
    0x70, 0x7, 0x0, 0x0, 0x38, 0x3, 0x80, 0x0,
    0x1c, 0x1, 0xc0, 0x3, 0xf0, 0x0, 0xe0, 0x1,
    0xf8, 0x0, 0x70, 0x0, 0xfc, 0x0, 0x38, 0x1f,
    0x80, 0x0, 0x1c, 0xf, 0xc0, 0x0, 0xe, 0x7,
    0xe0, 0x0, 0x7, 0x0, 0x0, 0x0, 0xfc, 0x0,
    0x0, 0x0, 0x7e, 0x0, 0x0, 0x0, 0x3f, 0x0,
    0x0,

    /* U+30AB "カ" */
    0x0, 0xe, 0x0, 0x0, 0x0, 0x38, 0x0, 0x0,
    0x0, 0xe0, 0x0, 0x0, 0x3, 0x80, 0x0, 0x0,
    0xe, 0x0, 0x0, 0x0, 0x38, 0x0, 0xf, 0xff,
    0xff, 0xfe, 0x3f, 0xff, 0xff, 0xf8, 0xff, 0xff,
    0xff, 0xe0, 0x1, 0xc0, 0x0, 0x70, 0x7, 0x0,
    0x1, 0xc0, 0x1c, 0x0, 0x7, 0x0, 0x70, 0x0,
    0x1c, 0x1, 0xc0, 0x0, 0x70, 0x7, 0x0, 0x1,
    0xc0, 0xe0, 0x0, 0x7, 0x3, 0x80, 0x0, 0x1c,
    0xe, 0x0, 0x0, 0x70, 0x38, 0x0, 0x1, 0xc0,
    0xe0, 0x0, 0x7, 0x3, 0x80, 0x0, 0x1c, 0x70,
    0x0, 0x0, 0x71, 0xc0, 0x0, 0x1, 0xc7, 0x0,
    0x0, 0x7, 0x1c, 0x0, 0x0, 0x1c, 0x70, 0x0,
    0x0, 0x71, 0xc0, 0x0, 0x1, 0xf8, 0x0, 0x7e,
    0x7, 0xe0, 0x1, 0xf8, 0x1f, 0x80, 0x7, 0xe0,
    0x7e, 0x0, 0x0, 0x7e, 0x38, 0x0, 0x1, 0xf8,
    0xe0, 0x0, 0x7, 0xe0,

    /* U+30AD "キ" */
    0x0, 0xe, 0x0, 0x0, 0x0, 0x7, 0x0, 0x0,
    0x0, 0x3, 0x80, 0x0, 0x0, 0x1, 0xc0, 0x0,
    0x0, 0x0, 0xe0, 0x0, 0x0, 0x0, 0x70, 0x0,
    0x0, 0x0, 0x7, 0xff, 0xf0, 0x0, 0x3, 0xff,
    0xf8, 0x0, 0x1, 0xff, 0xfc, 0xf, 0xff, 0xe0,
    0x0, 0x7, 0xff, 0xf0, 0x0, 0x3, 0xff, 0xf8,
    0x0, 0x0, 0x0, 0x1c, 0x0, 0x0, 0x0, 0xe,
    0x0, 0x0, 0x0, 0x7, 0x0, 0x0, 0x0, 0x0,
    0x70, 0x0, 0x0, 0x0, 0x38, 0x0, 0x0, 0x0,
    0x1c, 0x0, 0x0, 0x0, 0xf, 0xff, 0xe0, 0x0,
    0x7, 0xff, 0xf0, 0x0, 0x3, 0xff, 0xff, 0xff,
    0xff, 0xc0, 0x3, 0xff, 0xff, 0xe0, 0x1, 0xff,
    0xff, 0xf0, 0x0, 0x0, 0x0, 0x7, 0x0, 0x0,
    0x0, 0x3, 0x80, 0x0, 0x0, 0x1, 0xc0, 0x0,
    0x0, 0x0, 0xe0, 0x0, 0x0, 0x0, 0x70, 0x0,
    0x0, 0x0, 0x38, 0x0, 0x0, 0x0, 0x1c, 0x0,
    0x0, 0x0, 0xe, 0x0, 0x0, 0x0, 0x7, 0x0,
    0x0,

    /* U+30AF "ク" */
    0x0, 0x7f, 0xff, 0xfc, 0x0, 0x3f, 0xff, 0xfe,
    0x0, 0x1f, 0xff, 0xff, 0x0, 0x70, 0x0, 0x0,
    0x70, 0x38, 0x0, 0x0, 0x38, 0x1c, 0x0, 0x0,
    0x1c, 0xe, 0x0, 0x0, 0xe, 0x7, 0x0, 0x0,
    0x7, 0x3, 0x80, 0x0, 0x3, 0x8e, 0x0, 0x0,
    0x1, 0xc7, 0x0, 0x0, 0x0, 0xe3, 0x80, 0x0,
    0x0, 0x7e, 0x0, 0x0, 0x1, 0xc7, 0x0, 0x0,
    0x0, 0xe3, 0x80, 0x0, 0x0, 0x70, 0x0, 0x0,
    0x0, 0x38, 0x0, 0x0, 0x0, 0x1c, 0x0, 0x0,
    0x0, 0xe, 0x0, 0x0, 0x0, 0x38, 0x0, 0x0,
    0x0, 0x1c, 0x0, 0x0, 0x0, 0xe, 0x0, 0x0,
    0x0, 0x38, 0x0, 0x0, 0x0, 0x1c, 0x0, 0x0,
    0x0, 0xe, 0x0, 0x0, 0x1, 0xf8, 0x0, 0x0,
    0x0, 0xfc, 0x0, 0x0, 0x0, 0x7e, 0x0, 0x0,
    0x7f, 0xc0, 0x0, 0x0, 0x3f, 0xe0, 0x0, 0x0,
    0x1f, 0xf0, 0x0, 0x0,

    /* U+30B0 "グ" */
    0x0, 0x0, 0x0, 0xe3, 0x80, 0x0, 0x0, 0xe,
    0x38, 0x0, 0x0, 0x0, 0xe3, 0x80, 0x0, 0x0,
    0x1, 0xc7, 0x0, 0x0, 0x0, 0x1c, 0x70, 0x0,
    0x0, 0x1, 0xc7, 0x0, 0x7f, 0xff, 0xfc, 0x0,
    0x7, 0xff, 0xff, 0xc0, 0x0, 0x7f, 0xff, 0xfc,
    0x0, 0x38, 0x0, 0x0, 0x38, 0x3, 0x80, 0x0,
    0x3, 0x80, 0x38, 0x0, 0x0, 0x38, 0x3, 0x80,
    0x0, 0x3, 0x80, 0x38, 0x0, 0x0, 0x38, 0x3,
    0x80, 0x0, 0x3, 0x81, 0xc0, 0x0, 0x0, 0x38,
    0x1c, 0x0, 0x0, 0x3, 0x81, 0xc0, 0x0, 0x0,
    0x38, 0xe0, 0x0, 0x0, 0x1c, 0xe, 0x0, 0x0,
    0x1, 0xc0, 0xe0, 0x0, 0x0, 0x1c, 0x0, 0x0,
    0x0, 0x1, 0xc0, 0x0, 0x0, 0x0, 0x1c, 0x0,
    0x0, 0x0, 0x1, 0xc0, 0x0, 0x0, 0x0, 0xe0,
    0x0, 0x0, 0x0, 0xe, 0x0, 0x0, 0x0, 0x0,
    0xe0, 0x0, 0x0, 0x0, 0x70, 0x0, 0x0, 0x0,
    0x7, 0x0, 0x0, 0x0, 0x0, 0x70, 0x0, 0x0,
    0x1, 0xf8, 0x0, 0x0, 0x0, 0x1f, 0x80, 0x0,
    0x0, 0x1, 0xf8, 0x0, 0x0, 0x3f, 0xe0, 0x0,
    0x0, 0x3, 0xfe, 0x0, 0x0, 0x0, 0x3f, 0xe0,
    0x0, 0x0,

    /* U+30B1 "ケ" */
    0x3, 0x80, 0x0, 0x0, 0x1, 0xc0, 0x0, 0x0,
    0x0, 0xe0, 0x0, 0x0, 0x0, 0x70, 0x0, 0x0,
    0x0, 0x38, 0x0, 0x0, 0x0, 0x1c, 0x0, 0x0,
    0x0, 0xf, 0xff, 0xff, 0xfe, 0x7, 0xff, 0xff,
    0xff, 0x3, 0xff, 0xff, 0xff, 0x8e, 0x0, 0x0,
    0x70, 0x7, 0x0, 0x0, 0x38, 0x3, 0x80, 0x0,
    0x1c, 0x1, 0xc0, 0x0, 0xe, 0x0, 0xe0, 0x0,
    0x7, 0x0, 0x70, 0x0, 0x3, 0x81, 0xc0, 0x0,
    0x1, 0xc0, 0xe0, 0x0, 0x0, 0xe0, 0x70, 0x0,
    0x0, 0x70, 0x0, 0x0, 0x0, 0x38, 0x0, 0x0,
    0x0, 0x1c, 0x0, 0x0, 0x0, 0xe, 0x0, 0x0,
    0x0, 0x38, 0x0, 0x0, 0x0, 0x1c, 0x0, 0x0,
    0x0, 0xe, 0x0, 0x0, 0x0, 0x7, 0x0, 0x0,
    0x0, 0x3, 0x80, 0x0, 0x0, 0x1, 0xc0, 0x0,
    0x0, 0x7, 0x0, 0x0, 0x0, 0x3, 0x80, 0x0,
    0x0, 0x1, 0xc0, 0x0, 0x1, 0xff, 0x0, 0x0,
    0x0, 0xff, 0x80, 0x0, 0x0, 0x7f, 0xc0, 0x0,
    0x0,

    /* U+30B3 "コ" */
    0xff, 0xff, 0xff, 0xfc, 0x7f, 0xff, 0xff, 0xfe,
    0x3f, 0xff, 0xff, 0xff, 0x0, 0x0, 0x0, 0x0,
    0x70, 0x0, 0x0, 0x0, 0x38, 0x0, 0x0, 0x0,
    0x1c, 0x0, 0x0, 0x0, 0xe, 0x0, 0x0, 0x0,
    0x7, 0x0, 0x0, 0x0, 0x3, 0x80, 0x0, 0x0,
    0x1, 0xc0, 0x0, 0x0, 0x0, 0xe0, 0x0, 0x0,
    0x0, 0x70, 0x0, 0x0, 0x0, 0x38, 0x0, 0x0,
    0x0, 0x1c, 0x0, 0x0, 0x0, 0xe, 0x0, 0x0,
    0x0, 0x7, 0x0, 0x0, 0x0, 0x3, 0x80, 0x0,
    0x0, 0x1, 0xc0, 0x0, 0x0, 0x0, 0xe0, 0x0,
    0x0, 0x0, 0x70, 0x0, 0x0, 0x0, 0x38, 0x0,
    0x0, 0x0, 0x1c, 0x0, 0x0, 0x0, 0xe, 0x0,
    0x0, 0x0, 0x7, 0x0, 0x0, 0x0, 0x3, 0x80,
    0x0, 0x0, 0x1, 0xc0, 0x0, 0x0, 0x0, 0xff,
    0xff, 0xff, 0xff, 0x8f, 0xff, 0xff, 0xff, 0xc7,
    0xff, 0xff, 0xff, 0xe0,

    /* U+30B5 "サ" */
    0x3, 0x80, 0x0, 0xe0, 0x1, 0xc0, 0x0, 0x70,
    0x0, 0xe0, 0x0, 0x38, 0x0, 0x70, 0x0, 0x1c,
    0x0, 0x38, 0x0, 0xe, 0x0, 0x1c, 0x0, 0x7,
    0x0, 0xe, 0x0, 0x3, 0x80, 0x7, 0x0, 0x1,
    0xc0, 0x3, 0x80, 0x0, 0xe0, 0x7f, 0xff, 0xff,
    0xff, 0xff, 0xff, 0xff, 0xff, 0xff, 0xff, 0xff,
    0xff, 0xf0, 0x38, 0x0, 0xe, 0x0, 0x1c, 0x0,
    0x7, 0x0, 0xe, 0x0, 0x3, 0x80, 0x7, 0x0,
    0x1, 0xc0, 0x3, 0x80, 0x0, 0xe0, 0x1, 0xc0,
    0x0, 0x70, 0x0, 0xe0, 0x0, 0x38, 0x0, 0x70,
    0x0, 0x1c, 0x0, 0x38, 0x0, 0xe, 0x0, 0x0,
    0x0, 0x7, 0x0, 0x0, 0x0, 0x3, 0x80, 0x0,
    0x0, 0x1, 0xc0, 0x0, 0x0, 0x7, 0x0, 0x0,
    0x0, 0x3, 0x80, 0x0, 0x0, 0x1, 0xc0, 0x0,
    0x0, 0x7, 0x0, 0x0, 0x0, 0x3, 0x80, 0x0,
    0x0, 0x1, 0xc0, 0x0, 0x1, 0xff, 0x0, 0x0,
    0x0, 0xff, 0x80, 0x0, 0x0, 0x7f, 0xc0, 0x0,
    0x0,

    /* U+30B6 "ザ" */
    0x0, 0x0, 0x0, 0xe3, 0x80, 0x0, 0x0, 0xe,
    0x38, 0x0, 0x0, 0x0, 0xe3, 0x80, 0x38, 0x0,
    0x1, 0xc7, 0x3, 0x80, 0x0, 0x1c, 0x70, 0x38,
    0x0, 0x1, 0xc7, 0x3, 0x80, 0x0, 0xe0, 0x0,
    0x38, 0x0, 0xe, 0x0, 0x3, 0x80, 0x0, 0xe0,
    0x0, 0x38, 0x0, 0xe, 0x0, 0x3, 0x80, 0x0,
    0xe0, 0x0, 0x38, 0x0, 0xe, 0x0, 0xff, 0xff,
    0xff, 0xff, 0x8f, 0xff, 0xff, 0xff, 0xf8, 0xff,
    0xff, 0xff, 0xff, 0x80, 0x38, 0x0, 0xe, 0x0,
    0x3, 0x80, 0x0, 0xe0, 0x0, 0x38, 0x0, 0xe,
    0x0, 0x3, 0x80, 0x0, 0xe0, 0x0, 0x38, 0x0,
    0xe, 0x0, 0x3, 0x80, 0x0, 0xe0, 0x0, 0x38,
    0x0, 0xe, 0x0, 0x3, 0x80, 0x0, 0xe0, 0x0,
    0x38, 0x0, 0xe, 0x0, 0x0, 0x0, 0x0, 0xe0,
    0x0, 0x0, 0x0, 0xe, 0x0, 0x0, 0x0, 0x0,
    0xe0, 0x0, 0x0, 0x0, 0x70, 0x0, 0x0, 0x0,
    0x7, 0x0, 0x0, 0x0, 0x0, 0x70, 0x0, 0x0,
    0x0, 0x38, 0x0, 0x0, 0x0, 0x3, 0x80, 0x0,
    0x0, 0x0, 0x38, 0x0, 0x0, 0x7, 0xfc, 0x0,
    0x0, 0x0, 0x7f, 0xc0, 0x0, 0x0, 0x7, 0xfc,
    0x0, 0x0,

    /* U+30B7 "シ" */
    0x1f, 0xf0, 0x0, 0x0, 0xf, 0xf8, 0x0, 0x0,
    0x7, 0xfc, 0x0, 0x0, 0x0, 0x1, 0xf8, 0x0,
    0x70, 0x0, 0xfc, 0x0, 0x38, 0x0, 0x7e, 0x0,
    0x1c, 0x0, 0x0, 0x0, 0xe, 0x0, 0x0, 0x0,
    0x7, 0x0, 0x0, 0x0, 0x3, 0xff, 0xc0, 0x0,
    0x1, 0xff, 0xe0, 0x0, 0x0, 0xff, 0xf0, 0x0,
    0x0, 0x70, 0x7, 0xe0, 0x1, 0xc0, 0x3, 0xf0,
    0x0, 0xe0, 0x1, 0xf8, 0x0, 0x70, 0x0, 0x0,
    0x0, 0x38, 0x0, 0x0, 0x0, 0x1c, 0x0, 0x0,
    0x0, 0xe, 0x0, 0x0, 0x0, 0x38, 0x0, 0x0,
    0x0, 0x1c, 0x0, 0x0, 0x0, 0xe, 0x0, 0x0,
    0x0, 0x38, 0x0, 0x0, 0x0, 0x1c, 0x0, 0x0,
    0x0, 0xe, 0x0, 0x0, 0x1, 0xf8, 0x0, 0x0,
    0x0, 0xfc, 0x0, 0x0, 0x0, 0x7e, 0x0, 0x1f,
    0xff, 0xc0, 0x0, 0xf, 0xff, 0xe0, 0x0, 0x7,
    0xff, 0xf0, 0x0, 0x0,

    /* U+30B8 "ジ" */
    0x0, 0x0, 0x0, 0xe3, 0x80, 0x0, 0x0, 0xe,
    0x38, 0x0, 0x0, 0x0, 0xe3, 0x81, 0xff, 0x0,
    0x1, 0xc7, 0x1f, 0xf0, 0x0, 0x1c, 0x71, 0xff,
    0x0, 0x1, 0xc7, 0x0, 0xf, 0xc0, 0x3, 0x80,
    0x0, 0xfc, 0x0, 0x38, 0x0, 0xf, 0xc0, 0x3,
    0x80, 0x0, 0x0, 0x0, 0x38, 0x0, 0x0, 0x0,
    0x3, 0x80, 0x0, 0x0, 0x0, 0x38, 0xff, 0x80,
    0x0, 0x3, 0x8f, 0xf8, 0x0, 0x0, 0x38, 0xff,
    0x80, 0x0, 0x3, 0x80, 0x7, 0xe0, 0x1, 0xc0,
    0x0, 0x7e, 0x0, 0x1c, 0x0, 0x7, 0xe0, 0x1,
    0xc0, 0x0, 0x0, 0x0, 0x1c, 0x0, 0x0, 0x0,
    0x1, 0xc0, 0x0, 0x0, 0x0, 0x1c, 0x0, 0x0,
    0x0, 0xe, 0x0, 0x0, 0x0, 0x0, 0xe0, 0x0,
    0x0, 0x0, 0xe, 0x0, 0x0, 0x0, 0x7, 0x0,
    0x0, 0x0, 0x0, 0x70, 0x0, 0x0, 0x0, 0x7,
    0x0, 0x0, 0x0, 0x1f, 0x80, 0x0, 0x0, 0x1,
    0xf8, 0x0, 0x0, 0x0, 0x1f, 0x80, 0x0, 0xff,
    0xfe, 0x0, 0x0, 0xf, 0xff, 0xe0, 0x0, 0x0,
    0xff, 0xfe, 0x0, 0x0, 0x0,

    /* U+30B9 "ス" */
    0x1f, 0xff, 0xff, 0xe0, 0xf, 0xff, 0xff, 0xf0,
    0x7, 0xff, 0xff, 0xf8, 0x0, 0x0, 0x0, 0x3,
    0x80, 0x0, 0x0, 0x1, 0xc0, 0x0, 0x0, 0x0,
    0xe0, 0x0, 0x0, 0x0, 0x70, 0x0, 0x0, 0x0,
    0x38, 0x0, 0x0, 0x0, 0x1c, 0x0, 0x0, 0x0,
    0x70, 0x0, 0x0, 0x0, 0x38, 0x0, 0x0, 0x0,
    0x1c, 0x0, 0x0, 0x0, 0xe, 0x0, 0x0, 0x0,
    0x7, 0x0, 0x0, 0x0, 0x3, 0x80, 0x0, 0x0,
    0xe, 0x0, 0x0, 0x0, 0x7, 0x0, 0x0, 0x0,
    0x3, 0x80, 0x0, 0x0, 0xe, 0x38, 0x0, 0x0,
    0x7, 0x1c, 0x0, 0x0, 0x3, 0x8e, 0x0, 0x0,
    0x7e, 0x0, 0xe0, 0x0, 0x3f, 0x0, 0x70, 0x0,
    0x1f, 0x80, 0x38, 0x3, 0xf0, 0x0, 0x3, 0x81,
    0xf8, 0x0, 0x1, 0xc0, 0xfc, 0x0, 0x0, 0xff,
    0x80, 0x0, 0x0, 0x7f, 0xc0, 0x0, 0x0, 0x3f,
    0xe0, 0x0, 0x0, 0x1c,

    /* U+30BA "ズ" */
    0x0, 0x0, 0x0, 0xe3, 0x80, 0x0, 0x0, 0xe,
    0x38, 0x0, 0x0, 0x0, 0xe3, 0x80, 0x0, 0x0,
    0x1, 0xc7, 0x0, 0x0, 0x0, 0x1c, 0x70, 0x0,
    0x0, 0x1, 0xc7, 0x1f, 0xff, 0xff, 0xe0, 0x1,
    0xff, 0xff, 0xfe, 0x0, 0x1f, 0xff, 0xff, 0xe0,
    0x0, 0x0, 0x0, 0x1, 0xc0, 0x0, 0x0, 0x0,
    0x1c, 0x0, 0x0, 0x0, 0x1, 0xc0, 0x0, 0x0,
    0x0, 0x1c, 0x0, 0x0, 0x0, 0x1, 0xc0, 0x0,
    0x0, 0x0, 0x1c, 0x0, 0x0, 0x0, 0xe, 0x0,
    0x0, 0x0, 0x0, 0xe0, 0x0, 0x0, 0x0, 0xe,
    0x0, 0x0, 0x0, 0x0, 0xe0, 0x0, 0x0, 0x0,
    0xe, 0x0, 0x0, 0x0, 0x0, 0xe0, 0x0, 0x0,
    0x0, 0x70, 0x0, 0x0, 0x0, 0x7, 0x0, 0x0,
    0x0, 0x0, 0x70, 0x0, 0x0, 0x0, 0x38, 0xe0,
    0x0, 0x0, 0x3, 0x8e, 0x0, 0x0, 0x0, 0x38,
    0xe0, 0x0, 0x0, 0xfc, 0x1, 0xc0, 0x0, 0xf,
    0xc0, 0x1c, 0x0, 0x0, 0xfc, 0x1, 0xc0, 0x3,
    0xf0, 0x0, 0x3, 0x80, 0x3f, 0x0, 0x0, 0x38,
    0x3, 0xf0, 0x0, 0x3, 0x8f, 0xc0, 0x0, 0x0,
    0x38, 0xfc, 0x0, 0x0, 0x3, 0x8f, 0xc0, 0x0,
    0x0, 0x38,

    /* U+30BB "セ" */
    0x3, 0x80, 0x0, 0x0, 0x1, 0xc0, 0x0, 0x0,
    0x0, 0xe0, 0x0, 0x0, 0x0, 0x70, 0x0, 0x0,
    0x0, 0x38, 0x0, 0x0, 0x0, 0x1c, 0x0, 0x0,
    0x0, 0xe, 0x0, 0xff, 0xf0, 0x7, 0x0, 0x7f,
    0xf8, 0x3, 0x80, 0x3f, 0xfc, 0x1, 0xff, 0xe0,
    0x1, 0xc0, 0xff, 0xf0, 0x0, 0xe0, 0x7f, 0xf8,
    0x0, 0x7f, 0xf8, 0x0, 0x1, 0xc7, 0xfc, 0x0,
    0x0, 0xe3, 0xfe, 0x0, 0x0, 0x70, 0x7, 0x0,
    0x1, 0xc0, 0x3, 0x80, 0x0, 0xe0, 0x1, 0xc0,
    0x0, 0x70, 0x0, 0xe0, 0xf, 0xc0, 0x0, 0x70,
    0x7, 0xe0, 0x0, 0x38, 0x3, 0xf0, 0x0, 0x1c,
    0x0, 0x0, 0x0, 0xe, 0x0, 0x0, 0x0, 0x7,
    0x0, 0x0, 0x0, 0x3, 0x80, 0x0, 0x0, 0x1,
    0xc0, 0x0, 0x0, 0x0, 0xe0, 0x0, 0x0, 0x0,
    0x70, 0x0, 0x0, 0x0, 0x38, 0x0, 0x0, 0x0,
    0x1c, 0x0, 0x0, 0x0, 0x1, 0xff, 0xff, 0xfe,
    0x0, 0xff, 0xff, 0xff, 0x0, 0x7f, 0xff, 0xff,
    0x80,

    /* U+30BD "ソ" */
    0xe0, 0x0, 0x0, 0x3, 0xf0, 0x0, 0x0, 0x1,
    0xf8, 0x0, 0x0, 0x0, 0xe3, 0x80, 0x0, 0x0,
    0x71, 0xc0, 0x0, 0x0, 0x38, 0xe0, 0x0, 0x0,
    0x1c, 0x70, 0x0, 0x0, 0xe, 0x38, 0x0, 0x0,
    0x7, 0x1c, 0x0, 0x0, 0x3, 0x81, 0xc0, 0x0,
    0xe, 0x0, 0xe0, 0x0, 0x7, 0x0, 0x70, 0x0,
    0x3, 0x80, 0x38, 0x0, 0x1, 0xc0, 0x1c, 0x0,
    0x0, 0xe0, 0xe, 0x0, 0x0, 0x70, 0x0, 0x0,
    0x1, 0xc0, 0x0, 0x0, 0x0, 0xe0, 0x0, 0x0,
    0x0, 0x70, 0x0, 0x0, 0x0, 0x38, 0x0, 0x0,
    0x0, 0x1c, 0x0, 0x0, 0x0, 0xe, 0x0, 0x0,
    0x0, 0x38, 0x0, 0x0, 0x0, 0x1c, 0x0, 0x0,
    0x0, 0xe, 0x0, 0x0, 0x1, 0xf8, 0x0, 0x0,
    0x0, 0xfc, 0x0, 0x0, 0x0, 0x7e, 0x0, 0x0,
    0x7f, 0xc0, 0x0, 0x0, 0x3f, 0xe0, 0x0, 0x0,
    0x1f, 0xf0, 0x0, 0x0,

    /* U+30BF "タ" */
    0x0, 0x7f, 0xff, 0xfc, 0x0, 0x3f, 0xff, 0xfe,
    0x0, 0x1f, 0xff, 0xff, 0x0, 0x70, 0x0, 0x0,
    0x70, 0x38, 0x0, 0x0, 0x38, 0x1c, 0x0, 0x0,
    0x1c, 0xe, 0x0, 0x0, 0xe, 0x7, 0x0, 0x0,
    0x7, 0x3, 0x80, 0x0, 0x3, 0x8e, 0x3f, 0x0,
    0x1, 0xc7, 0x1f, 0x80, 0x0, 0xe3, 0x8f, 0xc0,
    0x0, 0x7e, 0x0, 0x1f, 0x81, 0xc7, 0x0, 0xf,
    0xc0, 0xe3, 0x80, 0x7, 0xe0, 0x70, 0x0, 0x0,
    0xe, 0x38, 0x0, 0x0, 0x7, 0x1c, 0x0, 0x0,
    0x3, 0x8e, 0x0, 0x0, 0x0, 0x38, 0x0, 0x0,
    0x0, 0x1c, 0x0, 0x0, 0x0, 0xe, 0x0, 0x0,
    0x0, 0x38, 0x0, 0x0, 0x0, 0x1c, 0x0, 0x0,
    0x0, 0xe, 0x0, 0x0, 0x1, 0xf8, 0x0, 0x0,
    0x0, 0xfc, 0x0, 0x0, 0x0, 0x7e, 0x0, 0x0,
    0x7f, 0xc0, 0x0, 0x0, 0x3f, 0xe0, 0x0, 0x0,
    0x1f, 0xf0, 0x0, 0x0,

    /* U+30C0 "ダ" */
    0x0, 0x0, 0x0, 0xe3, 0x80, 0x0, 0x0, 0xe,
    0x38, 0x0, 0x0, 0x0, 0xe3, 0x80, 0x0, 0x0,
    0x1, 0xc7, 0x0, 0x0, 0x0, 0x1c, 0x70, 0x0,
    0x0, 0x1, 0xc7, 0x0, 0x7f, 0xff, 0xfc, 0x0,
    0x7, 0xff, 0xff, 0xc0, 0x0, 0x7f, 0xff, 0xfc,
    0x0, 0x38, 0x0, 0x0, 0x38, 0x3, 0x80, 0x0,
    0x3, 0x80, 0x38, 0x0, 0x0, 0x38, 0x3, 0x80,
    0x0, 0x3, 0x80, 0x38, 0x0, 0x0, 0x38, 0x3,
    0x80, 0x0, 0x3, 0x81, 0xc7, 0xe0, 0x0, 0x38,
    0x1c, 0x7e, 0x0, 0x3, 0x81, 0xc7, 0xe0, 0x0,
    0x38, 0xe0, 0x1, 0xf8, 0x1c, 0xe, 0x0, 0x1f,
    0x81, 0xc0, 0xe0, 0x1, 0xf8, 0x1c, 0x0, 0x0,
    0x0, 0x71, 0xc0, 0x0, 0x0, 0x7, 0x1c, 0x0,
    0x0, 0x0, 0x71, 0xc0, 0x0, 0x0, 0x0, 0xe0,
    0x0, 0x0, 0x0, 0xe, 0x0, 0x0, 0x0, 0x0,
    0xe0, 0x0, 0x0, 0x0, 0x70, 0x0, 0x0, 0x0,
    0x7, 0x0, 0x0, 0x0, 0x0, 0x70, 0x0, 0x0,
    0x1, 0xf8, 0x0, 0x0, 0x0, 0x1f, 0x80, 0x0,
    0x0, 0x1, 0xf8, 0x0, 0x0, 0x3f, 0xe0, 0x0,
    0x0, 0x3, 0xfe, 0x0, 0x0, 0x0, 0x3f, 0xe0,
    0x0, 0x0,

    /* U+30C1 "チ" */
    0x0, 0x0, 0x0, 0x1c, 0x0, 0x0, 0x0, 0xe,
    0x0, 0x0, 0x0, 0x7, 0x0, 0x0, 0x0, 0xfc,
    0x0, 0x0, 0x0, 0x7e, 0x0, 0x0, 0x0, 0x3f,
    0x0, 0xf, 0xff, 0xe0, 0x0, 0x7, 0xff, 0xf0,
    0x0, 0x3, 0xff, 0xf8, 0x0, 0x0, 0x0, 0x1c,
    0x0, 0x0, 0x0, 0xe, 0x0, 0x0, 0x0, 0x7,
    0x0, 0x0, 0x0, 0x3, 0x80, 0x0, 0x0, 0x1,
    0xc0, 0x0, 0x0, 0x0, 0xe0, 0x1, 0xff, 0xff,
    0xff, 0xff, 0xff, 0xff, 0xff, 0xff, 0xff, 0xff,
    0xff, 0xff, 0xc0, 0x0, 0xe, 0x0, 0x0, 0x0,
    0x7, 0x0, 0x0, 0x0, 0x3, 0x80, 0x0, 0x0,
    0x1, 0xc0, 0x0, 0x0, 0x0, 0xe0, 0x0, 0x0,
    0x0, 0x70, 0x0, 0x0, 0x1, 0xc0, 0x0, 0x0,
    0x0, 0xe0, 0x0, 0x0, 0x0, 0x70, 0x0, 0x0,
    0x1, 0xc0, 0x0, 0x0, 0x0, 0xe0, 0x0, 0x0,
    0x0, 0x70, 0x0, 0x0, 0x7f, 0xc0, 0x0, 0x0,
    0x3f, 0xe0, 0x0, 0x0, 0x1f, 0xf0, 0x0, 0x0,
    0x0,

    /* U+30C3 "ッ" */
    0x0, 0x70, 0x0, 0xe0, 0xe, 0x0, 0x1c, 0x1,
    0xc0, 0x3, 0xf0, 0x38, 0x0, 0x7e, 0x7, 0x0,
    0xf, 0xc0, 0xe0, 0x1, 0xf8, 0x3, 0x80, 0x3f,
    0x0, 0x70, 0x7, 0xe0, 0xe, 0x0, 0xe3, 0x81,
    0xc0, 0x1c, 0x70, 0x38, 0x3, 0x8e, 0x7, 0x0,
    0x71, 0xc0, 0x0, 0x70, 0x38, 0x0, 0xe, 0x7,
    0x0, 0x1, 0xc0, 0x0, 0x0, 0x38, 0x0, 0x0,
    0x7, 0x0, 0x0, 0x0, 0xe0, 0x0, 0x0, 0xe0,
    0x0, 0x0, 0x1c, 0x0, 0x0, 0x3, 0x80, 0x0,
    0x3, 0x80, 0x0, 0x0, 0x70, 0x0, 0x0, 0xe,
    0x0, 0x0, 0x7e, 0x0, 0x0, 0xf, 0xc0, 0x0,
    0x1, 0xf8, 0x0, 0x0,

    /* U+30C4 "ツ" */
    0x0, 0xe, 0x0, 0x3, 0x80, 0x7, 0x0, 0x1,
    0xc0, 0x3, 0x80, 0x0, 0xfc, 0x1, 0xc0, 0x0,
    0x7e, 0x0, 0xe0, 0x0, 0x3f, 0x0, 0x70, 0x0,
    0x1f, 0x80, 0x7, 0x0, 0xf, 0xc0, 0x3, 0x80,
    0x7, 0xe0, 0x1, 0xc0, 0x3, 0x8e, 0x0, 0xe0,
    0x1, 0xc7, 0x0, 0x70, 0x0, 0xe3, 0x80, 0x38,
    0x0, 0x71, 0xc0, 0x0, 0x1, 0xc0, 0xe0, 0x0,
    0x0, 0xe0, 0x70, 0x0, 0x0, 0x70, 0x0, 0x0,
    0x0, 0x38, 0x0, 0x0, 0x0, 0x1c, 0x0, 0x0,
    0x0, 0xe, 0x0, 0x0, 0x0, 0x38, 0x0, 0x0,
    0x0, 0x1c, 0x0, 0x0, 0x0, 0xe, 0x0, 0x0,
    0x0, 0x38, 0x0, 0x0, 0x0, 0x1c, 0x0, 0x0,
    0x0, 0xe, 0x0, 0x0, 0x1, 0xf8, 0x0, 0x0,
    0x0, 0xfc, 0x0, 0x0, 0x0, 0x7e, 0x0, 0x0,
    0x7f, 0xc0, 0x0, 0x0, 0x3f, 0xe0, 0x0, 0x0,
    0x1f, 0xf0, 0x0, 0x0,

    /* U+30C6 "テ" */
    0x1f, 0xff, 0xff, 0xfc, 0xf, 0xff, 0xff, 0xfe,
    0x7, 0xff, 0xff, 0xff, 0x0, 0x0, 0x0, 0x0,
    0x0, 0x0, 0x0, 0x0, 0x0, 0x0, 0x0, 0x0,
    0x0, 0x0, 0x0, 0x0, 0x0, 0x0, 0x0, 0x0,
    0x0, 0x0, 0x0, 0x0, 0x0, 0x7f, 0xff, 0xff,
    0xff, 0xff, 0xff, 0xff, 0xff, 0xff, 0xff, 0xff,
    0xff, 0xf0, 0x0, 0x3, 0x80, 0x0, 0x0, 0x1,
    0xc0, 0x0, 0x0, 0x0, 0xe0, 0x0, 0x0, 0x0,
    0x70, 0x0, 0x0, 0x0, 0x38, 0x0, 0x0, 0x0,
    0x1c, 0x0, 0x0, 0x0, 0xe, 0x0, 0x0, 0x0,
    0x7, 0x0, 0x0, 0x0, 0x3, 0x80, 0x0, 0x0,
    0xe, 0x0, 0x0, 0x0, 0x7, 0x0, 0x0, 0x0,
    0x3, 0x80, 0x0, 0x0, 0xe, 0x0, 0x0, 0x0,
    0x7, 0x0, 0x0, 0x0, 0x3, 0x80, 0x0, 0x3,
    0xfe, 0x0, 0x0, 0x1, 0xff, 0x0, 0x0, 0x0,
    0xff, 0x80, 0x0, 0x0,

    /* U+30C7 "デ" */
    0x0, 0x0, 0x7, 0x1c, 0x0, 0x0, 0x3, 0x8e,
    0x0, 0x0, 0x1, 0xc7, 0x0, 0x0, 0x0, 0x1c,
    0x70, 0x0, 0x0, 0xe, 0x38, 0x0, 0x0, 0x7,
    0x1c, 0x7f, 0xff, 0xff, 0xf0, 0x3f, 0xff, 0xff,
    0xf8, 0x1f, 0xff, 0xff, 0xfc, 0x0, 0x0, 0x0,
    0x0, 0x0, 0x0, 0x0, 0x0, 0x0, 0x0, 0x0,
    0x0, 0x0, 0x0, 0x0, 0x0, 0x0, 0x0, 0x0,
    0x0, 0x0, 0x0, 0x0, 0x0, 0x1, 0xff, 0xff,
    0xff, 0xff, 0xff, 0xff, 0xff, 0xff, 0xff, 0xff,
    0xff, 0xff, 0xc0, 0x0, 0xe, 0x0, 0x0, 0x0,
    0x7, 0x0, 0x0, 0x0, 0x3, 0x80, 0x0, 0x0,
    0x1, 0xc0, 0x0, 0x0, 0x0, 0xe0, 0x0, 0x0,
    0x0, 0x70, 0x0, 0x0, 0x0, 0x38, 0x0, 0x0,
    0x0, 0x1c, 0x0, 0x0, 0x0, 0xe, 0x0, 0x0,
    0x0, 0x38, 0x0, 0x0, 0x0, 0x1c, 0x0, 0x0,
    0x0, 0xe, 0x0, 0x0, 0x0, 0x38, 0x0, 0x0,
    0x0, 0x1c, 0x0, 0x0, 0x0, 0xe, 0x0, 0x0,
    0xf, 0xf8, 0x0, 0x0, 0x7, 0xfc, 0x0, 0x0,
    0x3, 0xfe, 0x0, 0x0, 0x0,

    /* U+30C8 "ト" */
    0xe0, 0x0, 0x0, 0x3, 0x80, 0x0, 0x0, 0xe,
    0x0, 0x0, 0x0, 0x38, 0x0, 0x0, 0x0, 0xe0,
    0x0, 0x0, 0x3, 0x80, 0x0, 0x0, 0xe, 0x0,
    0x0, 0x0, 0x38, 0x0, 0x0, 0x0, 0xe0, 0x0,
    0x0, 0x3, 0x80, 0x0, 0x0, 0xe, 0x0, 0x0,
    0x0, 0x38, 0x0, 0x0, 0x0, 0xff, 0xfe, 0x0,
    0x3, 0xff, 0xf8, 0x0, 0xf, 0xff, 0xe0, 0x0,
    0x38, 0x0, 0x7f, 0xc0, 0xe0, 0x1, 0xff, 0x3,
    0x80, 0x7, 0xfc, 0xe, 0x0, 0x0, 0xf, 0xf8,
    0x0, 0x0, 0x3f, 0xe0, 0x0, 0x0, 0xff, 0x80,
    0x0, 0x0, 0xe, 0x0, 0x0, 0x0, 0x38, 0x0,
    0x0, 0x0, 0xe0, 0x0, 0x0, 0x3, 0x80, 0x0,
    0x0, 0xe, 0x0, 0x0, 0x0, 0x38, 0x0, 0x0,
    0x0, 0xe0, 0x0, 0x0, 0x3, 0x80, 0x0, 0x0,
    0xe, 0x0, 0x0, 0x0, 0x38, 0x0, 0x0, 0x0,
    0xe0, 0x0, 0x0, 0x0,

    /* U+30C9 "ド" */
    0xe0, 0x1, 0xc7, 0x3, 0x80, 0x7, 0x1c, 0xe,
    0x0, 0x1c, 0x70, 0x38, 0x0, 0xe, 0x38, 0xe0,
    0x0, 0x38, 0xe3, 0x80, 0x0, 0xe3, 0x8e, 0x0,
    0x0, 0x0, 0x38, 0x0, 0x0, 0x0, 0xe0, 0x0,
    0x0, 0x3, 0x80, 0x0, 0x0, 0xe, 0x0, 0x0,
    0x0, 0x38, 0x0, 0x0, 0x0, 0xff, 0xfe, 0x0,
    0x3, 0xff, 0xf8, 0x0, 0xf, 0xff, 0xe0, 0x0,
    0x38, 0x0, 0x7f, 0xc0, 0xe0, 0x1, 0xff, 0x3,
    0x80, 0x7, 0xfc, 0xe, 0x0, 0x0, 0xf, 0xf8,
    0x0, 0x0, 0x3f, 0xe0, 0x0, 0x0, 0xff, 0x80,
    0x0, 0x0, 0xe, 0x0, 0x0, 0x0, 0x38, 0x0,
    0x0, 0x0, 0xe0, 0x0, 0x0, 0x3, 0x80, 0x0,
    0x0, 0xe, 0x0, 0x0, 0x0, 0x38, 0x0, 0x0,
    0x0, 0xe0, 0x0, 0x0, 0x3, 0x80, 0x0, 0x0,
    0xe, 0x0, 0x0, 0x0, 0x38, 0x0, 0x0, 0x0,
    0xe0, 0x0, 0x0, 0x0,

    /* U+30CA "ナ" */
    0x0, 0x0, 0x7, 0x0, 0x0, 0x0, 0x3, 0x80,
    0x0, 0x0, 0x1, 0xc0, 0x0, 0x0, 0x0, 0xe0,
    0x0, 0x0, 0x0, 0x70, 0x0, 0x0, 0x0, 0x38,
    0x0, 0x0, 0x0, 0x1c, 0x0, 0x0, 0x0, 0xe,
    0x0, 0x0, 0x0, 0x7, 0x0, 0x7f, 0xff, 0xff,
    0xff, 0xff, 0xff, 0xff, 0xff, 0xff, 0xff, 0xff,
    0xff, 0xf0, 0x0, 0x0, 0x70, 0x0, 0x0, 0x0,
    0x38, 0x0, 0x0, 0x0, 0x1c, 0x0, 0x0, 0x0,
    0xe, 0x0, 0x0, 0x0, 0x7, 0x0, 0x0, 0x0,
    0x3, 0x80, 0x0, 0x0, 0xe, 0x0, 0x0, 0x0,
    0x7, 0x0, 0x0, 0x0, 0x3, 0x80, 0x0, 0x0,
    0x1, 0xc0, 0x0, 0x0, 0x0, 0xe0, 0x0, 0x0,
    0x0, 0x70, 0x0, 0x0, 0x1, 0xc0, 0x0, 0x0,
    0x0, 0xe0, 0x0, 0x0, 0x0, 0x70, 0x0, 0x0,
    0xf, 0xc0, 0x0, 0x0, 0x7, 0xe0, 0x0, 0x0,
    0x3, 0xf0, 0x0, 0x0, 0x7e, 0x0, 0x0, 0x0,
    0x3f, 0x0, 0x0, 0x0, 0x1f, 0x80, 0x0, 0x0,
    0x0,

    /* U+30CD "ネ" */
    0x0, 0x1, 0xc0, 0x0, 0x0, 0x0, 0xe0, 0x0,
    0x0, 0x0, 0x70, 0x0, 0x0, 0x0, 0x38, 0x0,
    0x0, 0x0, 0x1c, 0x0, 0x0, 0x0, 0xe, 0x0,
    0x0, 0x7f, 0xff, 0xff, 0x80, 0x3f, 0xff, 0xff,
    0xc0, 0x1f, 0xff, 0xff, 0xe0, 0x0, 0x0, 0x0,
    0xe, 0x0, 0x0, 0x0, 0x7, 0x0, 0x0, 0x0,
    0x3, 0x80, 0x0, 0x0, 0xe, 0x0, 0x0, 0x0,
    0x7, 0x0, 0x0, 0x0, 0x3, 0x80, 0x0, 0x0,
    0xe, 0x0, 0x0, 0x0, 0x7, 0x0, 0x0, 0x0,
    0x3, 0x80, 0x0, 0x0, 0x7e, 0x0, 0x0, 0x0,
    0x3f, 0x0, 0x0, 0x0, 0x1f, 0x80, 0x0, 0x3,
    0xfe, 0x3f, 0x0, 0x1, 0xff, 0x1f, 0x80, 0x0,
    0xff, 0x8f, 0xc0, 0xff, 0x81, 0xc0, 0x1f, 0xff,
    0xc0, 0xe0, 0xf, 0xff, 0xe0, 0x70, 0x7, 0xe0,
    0x0, 0x38, 0x0, 0x0, 0x0, 0x1c, 0x0, 0x0,
    0x0, 0xe, 0x0, 0x0, 0x0, 0x7, 0x0, 0x0,
    0x0, 0x3, 0x80, 0x0, 0x0, 0x1, 0xc0, 0x0,
    0x0,

    /* U+30CE "ノ" */
    0x0, 0x0, 0x0, 0x3, 0x80, 0x0, 0x0, 0x1,
    0xc0, 0x0, 0x0, 0x0, 0xe0, 0x0, 0x0, 0x0,
    0x70, 0x0, 0x0, 0x0, 0x38, 0x0, 0x0, 0x0,
    0x1c, 0x0, 0x0, 0x0, 0xe, 0x0, 0x0, 0x0,
    0x7, 0x0, 0x0, 0x0, 0x3, 0x80, 0x0, 0x0,
    0x1, 0xc0, 0x0, 0x0, 0x0, 0xe0, 0x0, 0x0,
    0x0, 0x70, 0x0, 0x0, 0x1, 0xc0, 0x0, 0x0,
    0x0, 0xe0, 0x0, 0x0, 0x0, 0x70, 0x0, 0x0,
    0x0, 0x38, 0x0, 0x0, 0x0, 0x1c, 0x0, 0x0,
    0x0, 0xe, 0x0, 0x0, 0x0, 0x38, 0x0, 0x0,
    0x0, 0x1c, 0x0, 0x0, 0x0, 0xe, 0x0, 0x0,
    0x0, 0x38, 0x0, 0x0, 0x0, 0x1c, 0x0, 0x0,
    0x0, 0xe, 0x0, 0x0, 0x0, 0x38, 0x0, 0x0,
    0x0, 0x1c, 0x0, 0x0, 0x0, 0xe, 0x0, 0x0,
    0x1, 0xf8, 0x0, 0x0, 0x0, 0xfc, 0x0, 0x0,
    0x0, 0x7e, 0x0, 0x3, 0xff, 0xc0, 0x0, 0x1,
    0xff, 0xe0, 0x0, 0x0, 0xff, 0xf0, 0x0, 0x0,
    0x0,

    /* U+30D0 "バ" */
    0x0, 0x0, 0x0, 0xe3, 0x80, 0x0, 0x0, 0xe,
    0x38, 0x0, 0x0, 0x0, 0xe3, 0x80, 0x7, 0x0,
    0x71, 0xc7, 0x0, 0x70, 0x7, 0x1c, 0x70, 0x7,
    0x0, 0x71, 0xc7, 0x0, 0x70, 0x7, 0x0, 0x0,
    0x7, 0x0, 0x70, 0x0, 0x0, 0x70, 0x7, 0x0,
    0x0, 0x7, 0x0, 0xe, 0x0, 0x0, 0x70, 0x0,
    0xe0, 0x0, 0x7, 0x0, 0xe, 0x0, 0x3, 0x80,
    0x0, 0xe0, 0x0, 0x38, 0x0, 0xe, 0x0, 0x3,
    0x80, 0x0, 0xe0, 0x0, 0x38, 0x0, 0x1, 0xc0,
    0x3, 0x80, 0x0, 0x1c, 0x0, 0x38, 0x0, 0x1,
    0xc0, 0x3, 0x80, 0x0, 0x1c, 0x0, 0x38, 0x0,
    0x1, 0xc0, 0x3, 0x80, 0x0, 0x1c, 0x1, 0xc0,
    0x0, 0x1, 0xc0, 0x1c, 0x0, 0x0, 0x1c, 0x1,
    0xc0, 0x0, 0x1, 0xc0, 0x1c, 0x0, 0x0, 0x3,
    0x81, 0xc0, 0x0, 0x0, 0x38, 0x1c, 0x0, 0x0,
    0x3, 0x8e, 0x0, 0x0, 0x0, 0x38, 0xe0, 0x0,
    0x0, 0x3, 0x8e, 0x0, 0x0, 0x0, 0x38, 0xe0,
    0x0, 0x0, 0x3, 0x8e, 0x0, 0x0, 0x0, 0x38,
    0xe0, 0x0, 0x0, 0x3, 0x80,

    /* U+30D1 "パ" */
    0x0, 0x0, 0x0, 0xfc, 0x0, 0x0, 0x0, 0x7e,
    0x0, 0x0, 0x0, 0x3f, 0x0, 0xe, 0x0, 0xe0,
    0x70, 0x7, 0x0, 0x70, 0x38, 0x3, 0x80, 0x38,
    0x1c, 0x1, 0xc0, 0x1c, 0xe, 0x0, 0xe0, 0xe,
    0x7, 0x0, 0x70, 0x7, 0x3, 0x80, 0x38, 0x0,
    0x7e, 0x0, 0x1c, 0x0, 0x3f, 0x0, 0xe, 0x0,
    0x1f, 0x80, 0x38, 0x0, 0xe, 0x0, 0x1c, 0x0,
    0x7, 0x0, 0xe, 0x0, 0x3, 0x80, 0x7, 0x0,
    0x0, 0x38, 0x3, 0x80, 0x0, 0x1c, 0x1, 0xc0,
    0x0, 0xe, 0x0, 0xe0, 0x0, 0x7, 0x0, 0x70,
    0x0, 0x3, 0x80, 0x38, 0x0, 0x1, 0xc0, 0xe0,
    0x0, 0x0, 0xe0, 0x70, 0x0, 0x0, 0x70, 0x38,
    0x0, 0x0, 0x38, 0x1c, 0x0, 0x0, 0x3, 0x8e,
    0x0, 0x0, 0x1, 0xc7, 0x0, 0x0, 0x0, 0xfc,
    0x0, 0x0, 0x0, 0x7e, 0x0, 0x0, 0x0, 0x3f,
    0x0, 0x0, 0x0, 0x1f, 0x80, 0x0, 0x0, 0xf,
    0xc0, 0x0, 0x0, 0x7, 0xe0, 0x0, 0x0, 0x3,
    0x80,

    /* U+30D3 "ビ" */
    0x0, 0x0, 0x38, 0xe0, 0x0, 0x0, 0xe3, 0x80,
    0x0, 0x3, 0x8e, 0x38, 0x0, 0x1, 0xc7, 0xe0,
    0x0, 0x7, 0x1f, 0x80, 0x0, 0x1c, 0x7e, 0x0,
    0x0, 0x0, 0x38, 0x0, 0x0, 0x0, 0xe0, 0x0,
    0x0, 0x3, 0x80, 0x0, 0x3, 0xfe, 0x0, 0x0,
    0xf, 0xf8, 0x0, 0x0, 0x3f, 0xe0, 0x1, 0xff,
    0x3, 0x80, 0x7, 0xfc, 0xe, 0x0, 0x1f, 0xf0,
    0x3f, 0xff, 0x80, 0x0, 0xff, 0xfe, 0x0, 0x3,
    0xff, 0xf8, 0x0, 0xe, 0x0, 0x0, 0x0, 0x38,
    0x0, 0x0, 0x0, 0xe0, 0x0, 0x0, 0x3, 0x80,
    0x0, 0x0, 0xe, 0x0, 0x0, 0x0, 0x38, 0x0,
    0x0, 0x0, 0xe0, 0x0, 0x0, 0x3, 0x80, 0x0,
    0x0, 0xe, 0x0, 0x0, 0x0, 0x38, 0x0, 0x0,
    0x0, 0xe0, 0x0, 0x0, 0x3, 0x80, 0x0, 0x0,
    0xe, 0x0, 0x0, 0x0, 0x38, 0x0, 0x0, 0x0,
    0xe0, 0x0, 0x0, 0x0, 0x7f, 0xff, 0xff, 0xf1,
    0xff, 0xff, 0xff, 0xc7, 0xff, 0xff, 0xff,

    /* U+30D4 "ピ" */
    0x0, 0x0, 0x0, 0xfc, 0x0, 0x0, 0x0, 0x7e,
    0x0, 0x0, 0x0, 0x3f, 0x1c, 0x0, 0x0, 0xe0,
    0x7e, 0x0, 0x0, 0x70, 0x3f, 0x0, 0x0, 0x38,
    0x1f, 0x80, 0x0, 0x1c, 0xf, 0xc0, 0x0, 0xe,
    0x7, 0xe0, 0x0, 0x7, 0x3, 0xf0, 0x0, 0x0,
    0x7e, 0x38, 0x0, 0x0, 0x3f, 0x1c, 0x0, 0x0,
    0x1f, 0x8e, 0x0, 0x1f, 0xf0, 0x7, 0x0, 0xf,
    0xf8, 0x3, 0x80, 0x7, 0xfc, 0x1, 0xff, 0xfc,
    0x0, 0x0, 0xff, 0xfe, 0x0, 0x0, 0x7f, 0xff,
    0x0, 0x0, 0x38, 0x0, 0x0, 0x0, 0x1c, 0x0,
    0x0, 0x0, 0xe, 0x0, 0x0, 0x0, 0x7, 0x0,
    0x0, 0x0, 0x3, 0x80, 0x0, 0x0, 0x1, 0xc0,
    0x0, 0x0, 0x0, 0xe0, 0x0, 0x0, 0x0, 0x70,
    0x0, 0x0, 0x0, 0x38, 0x0, 0x0, 0x0, 0x1c,
    0x0, 0x0, 0x0, 0xe, 0x0, 0x0, 0x0, 0x7,
    0x0, 0x0, 0x0, 0x3, 0x80, 0x0, 0x0, 0x1,
    0xc0, 0x0, 0x0, 0x0, 0xe0, 0x0, 0x0, 0x0,
    0xf, 0xff, 0xff, 0xfe, 0x7, 0xff, 0xff, 0xff,
    0x3, 0xff, 0xff, 0xff, 0x80,

    /* U+30D5 "フ" */
    0xff, 0xff, 0xff, 0xfc, 0x7f, 0xff, 0xff, 0xfe,
    0x3f, 0xff, 0xff, 0xff, 0x0, 0x0, 0x0, 0x0,
    0x70, 0x0, 0x0, 0x0, 0x38, 0x0, 0x0, 0x0,
    0x1c, 0x0, 0x0, 0x0, 0xe, 0x0, 0x0, 0x0,
    0x7, 0x0, 0x0, 0x0, 0x3, 0x80, 0x0, 0x0,
    0x1, 0xc0, 0x0, 0x0, 0x0, 0xe0, 0x0, 0x0,
    0x0, 0x70, 0x0, 0x0, 0x0, 0x38, 0x0, 0x0,
    0x0, 0x1c, 0x0, 0x0, 0x0, 0xe, 0x0, 0x0,
    0x0, 0x38, 0x0, 0x0, 0x0, 0x1c, 0x0, 0x0,
    0x0, 0xe, 0x0, 0x0, 0x0, 0x7, 0x0, 0x0,
    0x0, 0x3, 0x80, 0x0, 0x0, 0x1, 0xc0, 0x0,
    0x0, 0x7, 0x0, 0x0, 0x0, 0x3, 0x80, 0x0,
    0x0, 0x1, 0xc0, 0x0, 0x0, 0x3f, 0x0, 0x0,
    0x0, 0x1f, 0x80, 0x0, 0x0, 0xf, 0xc0, 0x0,
    0x7f, 0xf8, 0x0, 0x0, 0x3f, 0xfc, 0x0, 0x0,
    0x1f, 0xfe, 0x0, 0x0,

    /* U+30D6 "ブ" */
    0x0, 0x0, 0x0, 0xe3, 0x80, 0x0, 0x0, 0xe,
    0x38, 0x0, 0x0, 0x0, 0xe3, 0x80, 0x0, 0x0,
    0x1, 0xc7, 0x0, 0x0, 0x0, 0x1c, 0x70, 0x0,
    0x0, 0x1, 0xc7, 0xff, 0xff, 0xff, 0xfc, 0xf,
    0xff, 0xff, 0xff, 0xc0, 0xff, 0xff, 0xff, 0xfc,
    0x0, 0x0, 0x0, 0x0, 0x38, 0x0, 0x0, 0x0,
    0x3, 0x80, 0x0, 0x0, 0x0, 0x38, 0x0, 0x0,
    0x0, 0x3, 0x80, 0x0, 0x0, 0x0, 0x38, 0x0,
    0x0, 0x0, 0x3, 0x80, 0x0, 0x0, 0x0, 0x38,
    0x0, 0x0, 0x0, 0x3, 0x80, 0x0, 0x0, 0x0,
    0x38, 0x0, 0x0, 0x0, 0x3, 0x80, 0x0, 0x0,
    0x0, 0x38, 0x0, 0x0, 0x0, 0x3, 0x80, 0x0,
    0x0, 0x1, 0xc0, 0x0, 0x0, 0x0, 0x1c, 0x0,
    0x0, 0x0, 0x1, 0xc0, 0x0, 0x0, 0x0, 0x1c,
    0x0, 0x0, 0x0, 0x1, 0xc0, 0x0, 0x0, 0x0,
    0x1c, 0x0, 0x0, 0x0, 0xe, 0x0, 0x0, 0x0,
    0x0, 0xe0, 0x0, 0x0, 0x0, 0xe, 0x0, 0x0,
    0x0, 0x3f, 0x0, 0x0, 0x0, 0x3, 0xf0, 0x0,
    0x0, 0x0, 0x3f, 0x0, 0x0, 0x3f, 0xfc, 0x0,
    0x0, 0x3, 0xff, 0xc0, 0x0, 0x0, 0x3f, 0xfc,
    0x0, 0x0,

    /* U+30D7 "プ" */
    0x0, 0x0, 0x0, 0x1f, 0x80, 0x0, 0x0, 0x1,
    0xf8, 0x0, 0x0, 0x0, 0x1f, 0x80, 0x0, 0x0,
    0xe, 0x7, 0x0, 0x0, 0x0, 0xe0, 0x70, 0x0,
    0x0, 0xe, 0x7, 0xff, 0xff, 0xff, 0xe0, 0x7f,
    0xff, 0xff, 0xfe, 0x7, 0xff, 0xff, 0xff, 0xe0,
    0x70, 0x0, 0x0, 0x1, 0xf8, 0x0, 0x0, 0x0,
    0x1f, 0x80, 0x0, 0x0, 0x1, 0xf8, 0x0, 0x0,
    0x0, 0x3, 0x80, 0x0, 0x0, 0x0, 0x38, 0x0,
    0x0, 0x0, 0x3, 0x80, 0x0, 0x0, 0x0, 0x38,
    0x0, 0x0, 0x0, 0x3, 0x80, 0x0, 0x0, 0x0,
    0x38, 0x0, 0x0, 0x0, 0x3, 0x80, 0x0, 0x0,
    0x0, 0x38, 0x0, 0x0, 0x0, 0x3, 0x80, 0x0,
    0x0, 0x1, 0xc0, 0x0, 0x0, 0x0, 0x1c, 0x0,
    0x0, 0x0, 0x1, 0xc0, 0x0, 0x0, 0x0, 0x1c,
    0x0, 0x0, 0x0, 0x1, 0xc0, 0x0, 0x0, 0x0,
    0x1c, 0x0, 0x0, 0x0, 0xe, 0x0, 0x0, 0x0,
    0x0, 0xe0, 0x0, 0x0, 0x0, 0xe, 0x0, 0x0,
    0x0, 0x3f, 0x0, 0x0, 0x0, 0x3, 0xf0, 0x0,
    0x0, 0x0, 0x3f, 0x0, 0x0, 0x3f, 0xfc, 0x0,
    0x0, 0x3, 0xff, 0xc0, 0x0, 0x0, 0x3f, 0xfc,
    0x0, 0x0,

    /* U+30DB "ホ" */
    0x0, 0x1, 0xc0, 0x0, 0x0, 0x0, 0xe0, 0x0,
    0x0, 0x0, 0x70, 0x0, 0x0, 0x0, 0x38, 0x0,
    0x0, 0x0, 0x1c, 0x0, 0x0, 0x0, 0xe, 0x0,
    0x3, 0xff, 0xff, 0xff, 0xff, 0xff, 0xff, 0xff,
    0xff, 0xff, 0xff, 0xff, 0xff, 0x80, 0x0, 0xe0,
    0x0, 0x0, 0x0, 0x70, 0x0, 0x0, 0x0, 0x38,
    0x0, 0x0, 0x38, 0x1c, 0xe, 0x0, 0x1c, 0xe,
    0x7, 0x0, 0xe, 0x7, 0x3, 0x80, 0x7, 0x3,
    0x80, 0x38, 0x3, 0x81, 0xc0, 0x1c, 0x1, 0xc0,
    0xe0, 0xe, 0x0, 0xe0, 0x70, 0x7, 0x0, 0x70,
    0x38, 0x3, 0x80, 0x38, 0x1c, 0x1, 0xc0, 0xe0,
    0xe, 0x0, 0x1c, 0x70, 0x7, 0x0, 0xe, 0x38,
    0x3, 0x80, 0x7, 0x1c, 0x1, 0xc0, 0x3, 0x8e,
    0x0, 0xe0, 0x1, 0xc7, 0x0, 0x70, 0x0, 0xfc,
    0x0, 0x38, 0x0, 0x7e, 0x0, 0x1c, 0x0, 0x3f,
    0x0, 0xe, 0x0, 0x1c, 0x0, 0x7, 0x0, 0x0,
    0x0, 0x3, 0x80, 0x0, 0x0, 0x1, 0xc0, 0x0,
    0x0,

    /* U+30DC "ボ" */
    0x0, 0x0, 0x7, 0x1c, 0x0, 0x0, 0x3, 0x8e,
    0x0, 0x0, 0x1, 0xc7, 0x0, 0x0, 0x38, 0x1c,
    0x70, 0x0, 0x1c, 0xe, 0x38, 0x0, 0xe, 0x7,
    0x1c, 0x0, 0x7, 0x0, 0x0, 0x0, 0x3, 0x80,
    0x0, 0x0, 0x1, 0xc0, 0x0, 0x7f, 0xff, 0xff,
    0xff, 0xff, 0xff, 0xff, 0xff, 0xff, 0xff, 0xff,
    0xff, 0xf0, 0x0, 0x1c, 0x0, 0x0, 0x0, 0xe,
    0x0, 0x0, 0x0, 0x7, 0x0, 0x0, 0x7, 0x3,
    0x81, 0xc0, 0x3, 0x81, 0xc0, 0xe0, 0x1, 0xc0,
    0xe0, 0x70, 0x0, 0xe0, 0x70, 0x7, 0x0, 0x70,
    0x38, 0x3, 0x80, 0x38, 0x1c, 0x1, 0xc0, 0x1c,
    0xe, 0x0, 0xe0, 0xe, 0x7, 0x0, 0x70, 0x7,
    0x3, 0x80, 0x38, 0x1c, 0x1, 0xc0, 0x3, 0x8e,
    0x0, 0xe0, 0x1, 0xc7, 0x0, 0x70, 0x0, 0xe3,
    0x80, 0x38, 0x0, 0x71, 0xc0, 0x1c, 0x0, 0x38,
    0xe0, 0xe, 0x0, 0x1f, 0x80, 0x7, 0x0, 0xf,
    0xc0, 0x3, 0x80, 0x7, 0xe0, 0x1, 0xc0, 0x3,
    0x80, 0x0, 0xe0, 0x0, 0x0, 0x0, 0x70, 0x0,
    0x0, 0x0, 0x38, 0x0, 0x0,

    /* U+30DD "ポ" */
    0x0, 0x0, 0x0, 0x1f, 0x80, 0x0, 0x0, 0x1,
    0xf8, 0x0, 0x0, 0x0, 0x1f, 0x80, 0x0, 0x1c,
    0xe, 0x7, 0x0, 0x1, 0xc0, 0xe0, 0x70, 0x0,
    0x1c, 0xe, 0x7, 0x0, 0x1, 0xc0, 0xe0, 0x70,
    0x0, 0x1c, 0xe, 0x7, 0x0, 0x1, 0xc0, 0xe0,
    0x7f, 0xff, 0xff, 0xff, 0xf8, 0xff, 0xff, 0xff,
    0xff, 0x8f, 0xff, 0xff, 0xff, 0xf8, 0x0, 0x1,
    0xc0, 0x0, 0x0, 0x0, 0x1c, 0x0, 0x0, 0x0,
    0x1, 0xc0, 0x0, 0x0, 0x38, 0x1c, 0xe, 0x0,
    0x3, 0x81, 0xc0, 0xe0, 0x0, 0x38, 0x1c, 0xe,
    0x0, 0x3, 0x81, 0xc0, 0x1c, 0x0, 0x38, 0x1c,
    0x1, 0xc0, 0x3, 0x81, 0xc0, 0x1c, 0x0, 0x38,
    0x1c, 0x1, 0xc0, 0x3, 0x81, 0xc0, 0x1c, 0x0,
    0x38, 0x1c, 0x1, 0xc0, 0x1c, 0x1, 0xc0, 0x3,
    0x81, 0xc0, 0x1c, 0x0, 0x38, 0x1c, 0x1, 0xc0,
    0x3, 0x81, 0xc0, 0x1c, 0x0, 0x38, 0x1c, 0x1,
    0xc0, 0x3, 0x81, 0xc0, 0x1c, 0x0, 0x38, 0xe0,
    0x1, 0xc0, 0x3, 0x8e, 0x0, 0x1c, 0x0, 0x38,
    0xe0, 0x1, 0xc0, 0x3, 0x80, 0x0, 0x1c, 0x0,
    0x0, 0x0, 0x1, 0xc0, 0x0, 0x0, 0x0, 0x1c,
    0x0, 0x0,

    /* U+30DE "マ" */
    0xff, 0xff, 0xff, 0xfc, 0x7f, 0xff, 0xff, 0xfe,
    0x3f, 0xff, 0xff, 0xff, 0x0, 0x0, 0x0, 0x0,
    0x70, 0x0, 0x0, 0x0, 0x38, 0x0, 0x0, 0x0,
    0x1c, 0x0, 0x0, 0x0, 0xe, 0x0, 0x0, 0x0,
    0x7, 0x0, 0x0, 0x0, 0x3, 0x80, 0x0, 0x0,
    0xe, 0x0, 0x0, 0x0, 0x7, 0x0, 0x0, 0x0,
    0x3, 0x80, 0x0, 0x0, 0xe, 0x0, 0x0, 0x0,
    0x7, 0x0, 0x0, 0x0, 0x3, 0x80, 0x0, 0x0,
    0xe, 0x0, 0x0, 0x0, 0x7, 0x0, 0x0, 0x0,
    0x3, 0x80, 0x0, 0xfc, 0xe, 0x0, 0x0, 0x7e,
    0x7, 0x0, 0x0, 0x3f, 0x3, 0x80, 0x0, 0x0,
    0x7e, 0x0, 0x0, 0x0, 0x3f, 0x0, 0x0, 0x0,
    0x1f, 0x80, 0x0, 0x0, 0x0, 0x38, 0x0, 0x0,
    0x0, 0x1c, 0x0, 0x0, 0x0, 0xe, 0x0, 0x0,
    0x0, 0x0, 0xe0, 0x0, 0x0, 0x0, 0x70, 0x0,
    0x0, 0x0, 0x38, 0x0,

    /* U+30DF "ミ" */
    0x1f, 0xff, 0xc0, 0x0, 0xf, 0xff, 0xe0, 0x0,
    0x7, 0xff, 0xf0, 0x0, 0x0, 0x0, 0x7, 0xff,
    0x80, 0x0, 0x3, 0xff, 0xc0, 0x0, 0x1, 0xff,
    0xe0, 0x0, 0x0, 0x0, 0x0, 0x0, 0x0, 0x0,
    0x0, 0x0, 0x0, 0x0, 0x0, 0x0, 0x0, 0x0,
    0x0, 0x0, 0x0, 0x0, 0x0, 0x0, 0x0, 0x0,
    0x0, 0x1, 0xff, 0xfc, 0x0, 0x0, 0xff, 0xfe,
    0x0, 0x0, 0x7f, 0xff, 0x0, 0x0, 0x0, 0x0,
    0x7f, 0xf8, 0x0, 0x0, 0x3f, 0xfc, 0x0, 0x0,
    0x1f, 0xfe, 0x0, 0x0, 0x0, 0x0, 0x0, 0x0,
    0x0, 0x0, 0x0, 0x0, 0x0, 0x0, 0x0, 0x0,
    0x0, 0x0, 0x0, 0x0, 0x0, 0x0, 0x0, 0x0,
    0x0, 0x0, 0x0, 0xff, 0xff, 0xc0, 0x0, 0x7f,
    0xff, 0xe0, 0x0, 0x3f, 0xff, 0xf0, 0x0, 0x0,
    0x0, 0x7, 0xff, 0xf0, 0x0, 0x3, 0xff, 0xf8,
    0x0, 0x1, 0xff, 0xfc,

    /* U+30E0 "ム" */
    0x0, 0xe, 0x0, 0x0, 0x0, 0x7, 0x0, 0x0,
    0x0, 0x3, 0x80, 0x0, 0x0, 0x1, 0xc0, 0x0,
    0x0, 0x0, 0xe0, 0x0, 0x0, 0x0, 0x70, 0x0,
    0x0, 0x1, 0xc0, 0x0, 0x0, 0x0, 0xe0, 0x0,
    0x0, 0x0, 0x70, 0x0, 0x0, 0x0, 0x38, 0x0,
    0x0, 0x0, 0x1c, 0x0, 0x0, 0x0, 0xe, 0x0,
    0x0, 0x0, 0x38, 0x0, 0xe, 0x0, 0x1c, 0x0,
    0x7, 0x0, 0xe, 0x0, 0x3, 0x80, 0x7, 0x0,
    0x1, 0xc0, 0x3, 0x80, 0x0, 0xe0, 0x1, 0xc0,
    0x0, 0x70, 0x7, 0x0, 0x0, 0x7, 0x3, 0x80,
    0x0, 0x3, 0x81, 0xc0, 0x0, 0x1, 0xc0, 0xe0,
    0x0, 0x0, 0xe0, 0x70, 0x0, 0x0, 0x70, 0x38,
    0x0, 0x0, 0x38, 0xe0, 0x0, 0x0, 0x3, 0xf0,
    0x0, 0x0, 0x1, 0xf8, 0x0, 0x0, 0x0, 0xfc,
    0x0, 0x0, 0x0, 0x7e, 0x0, 0x0, 0x0, 0x3f,
    0x0, 0x0, 0x0, 0x1c, 0x7f, 0xff, 0xff, 0xf0,
    0x3f, 0xff, 0xff, 0xf8, 0x1f, 0xff, 0xff, 0xfc,
    0x0,

    /* U+30E1 "メ" */
    0x0, 0x0, 0x0, 0x1c, 0x0, 0x0, 0x0, 0x70,
    0x0, 0x0, 0x1, 0xc0, 0x0, 0x0, 0x7, 0x0,
    0x0, 0x0, 0x1c, 0x0, 0x0, 0x0, 0x70, 0x0,
    0x0, 0x1, 0xc0, 0x0, 0x0, 0x7, 0x0, 0x0,
    0x0, 0x1c, 0x7e, 0x0, 0x3, 0x81, 0xf8, 0x0,
    0xe, 0x7, 0xe0, 0x0, 0x38, 0x0, 0x7e, 0x0,
    0xe0, 0x1, 0xf8, 0x3, 0x80, 0x7, 0xe0, 0xe,
    0x0, 0x0, 0x71, 0xc0, 0x0, 0x1, 0xc7, 0x0,
    0x0, 0x7, 0x1c, 0x0, 0x0, 0x3, 0x80, 0x0,
    0x0, 0xe, 0x0, 0x0, 0x0, 0x38, 0x0, 0x0,
    0x7, 0x1c, 0x0, 0x0, 0x1c, 0x70, 0x0, 0x0,
    0x71, 0xc0, 0x0, 0xe, 0x0, 0xe0, 0x0, 0x38,
    0x3, 0x80, 0x0, 0xe0, 0xe, 0x0, 0xfc, 0x0,
    0x7, 0x3, 0xf0, 0x0, 0x1c, 0xf, 0xc0, 0x0,
    0x7f, 0xc0, 0x0, 0x0, 0x3f, 0x0, 0x0, 0x0,
    0xfc, 0x0, 0x0, 0x0,

    /* U+30E2 "モ" */
    0x1f, 0xff, 0xff, 0xfc, 0xf, 0xff, 0xff, 0xfe,
    0x7, 0xff, 0xff, 0xff, 0x0, 0x1, 0xc0, 0x0,
    0x0, 0x0, 0xe0, 0x0, 0x0, 0x0, 0x70, 0x0,
    0x0, 0x0, 0x38, 0x0, 0x0, 0x0, 0x1c, 0x0,
    0x0, 0x0, 0xe, 0x0, 0x0, 0x0, 0x7, 0x0,
    0x0, 0x0, 0x3, 0x80, 0x0, 0x0, 0x1, 0xc0,
    0x0, 0xf, 0xff, 0xff, 0xff, 0xff, 0xff, 0xff,
    0xff, 0xff, 0xff, 0xff, 0xff, 0xfe, 0x0, 0x1c,
    0x0, 0x0, 0x0, 0xe, 0x0, 0x0, 0x0, 0x7,
    0x0, 0x0, 0x0, 0x3, 0x80, 0x0, 0x0, 0x1,
    0xc0, 0x0, 0x0, 0x0, 0xe0, 0x0, 0x0, 0x0,
    0x70, 0x0, 0x0, 0x0, 0x38, 0x0, 0x0, 0x0,
    0x1c, 0x0, 0x0, 0x0, 0xe, 0x0, 0x0, 0x0,
    0x7, 0x0, 0x0, 0x0, 0x3, 0x80, 0x0, 0x0,
    0x0, 0x3f, 0xff, 0xf0, 0x0, 0x1f, 0xff, 0xf8,
    0x0, 0xf, 0xff, 0xfc,

    /* U+30E3 "ャ" */
    0x3, 0x80, 0x0, 0x0, 0xe, 0x0, 0x0, 0x0,
    0x38, 0x0, 0x0, 0x0, 0xe0, 0xf, 0xf8, 0x3,
    0x80, 0x3f, 0xe0, 0xe, 0x0, 0xff, 0x80, 0x3f,
    0xfc, 0x1, 0xc0, 0xff, 0xf0, 0x7, 0x3, 0xff,
    0xc0, 0x1f, 0xfe, 0x0, 0x0, 0x7f, 0xf8, 0x0,
    0x1, 0xff, 0xe0, 0x0, 0x7, 0x3, 0x80, 0x0,
    0xe0, 0xe, 0x0, 0x3, 0x80, 0x38, 0x0, 0xe,
    0x0, 0x1c, 0xf, 0xc0, 0x0, 0x70, 0x3f, 0x0,
    0x1, 0xc0, 0xfc, 0x0, 0x7, 0x0, 0x0, 0x0,
    0x1c, 0x0, 0x0, 0x0, 0x70, 0x0, 0x0, 0x0,
    0x38, 0x0, 0x0, 0x0, 0xe0, 0x0, 0x0, 0x3,
    0x80, 0x0, 0x0, 0xe, 0x0, 0x0, 0x0, 0x38,
    0x0, 0x0, 0x0, 0xe0, 0x0, 0x0,

    /* U+30E4 "ヤ" */
    0x3, 0x80, 0x0, 0x0, 0x1, 0xc0, 0x0, 0x0,
    0x0, 0xe0, 0x0, 0x0, 0x0, 0x70, 0x0, 0xff,
    0x80, 0x38, 0x0, 0x7f, 0xc0, 0x1c, 0x0, 0x3f,
    0xe0, 0xe, 0x3f, 0xe0, 0xe, 0x7, 0x1f, 0xf0,
    0x7, 0x3, 0x8f, 0xf8, 0x3, 0xff, 0xf8, 0x0,
    0x1, 0xff, 0xfc, 0x0, 0x0, 0xff, 0xfe, 0x0,
    0x0, 0x70, 0x7, 0x0, 0x1, 0xc0, 0x3, 0x80,
    0x0, 0xe0, 0x1, 0xc0, 0x0, 0x70, 0x0, 0xe0,
    0x1, 0xc0, 0x0, 0x70, 0x0, 0xe0, 0x0, 0x38,
    0x0, 0x70, 0x0, 0x3, 0x81, 0xc0, 0x0, 0x1,
    0xc0, 0xe0, 0x0, 0x0, 0xe0, 0x70, 0x0, 0x0,
    0x70, 0x0, 0x0, 0x0, 0x38, 0x0, 0x0, 0x0,
    0x1c, 0x0, 0x0, 0x0, 0xe, 0x0, 0x0, 0x0,
    0x7, 0x0, 0x0, 0x0, 0x3, 0x80, 0x0, 0x0,
    0x0, 0x38, 0x0, 0x0, 0x0, 0x1c, 0x0, 0x0,
    0x0, 0xe, 0x0, 0x0, 0x0, 0x7, 0x0, 0x0,
    0x0, 0x3, 0x80, 0x0, 0x0, 0x1, 0xc0, 0x0,
    0x0,

    /* U+30E5 "ュ" */
    0x1f, 0xff, 0xf8, 0x0, 0x7f, 0xff, 0xe0, 0x1,
    0xff, 0xff, 0x80, 0x0, 0x0, 0x1, 0xc0, 0x0,
    0x0, 0x7, 0x0, 0x0, 0x0, 0x1c, 0x0, 0x0,
    0x0, 0x70, 0x0, 0x0, 0x1, 0xc0, 0x0, 0x0,
    0x7, 0x0, 0x0, 0x0, 0x1c, 0x0, 0x0, 0x0,
    0x70, 0x0, 0x0, 0x1, 0xc0, 0x0, 0x0, 0x38,
    0x0, 0x0, 0x0, 0xe0, 0x0, 0x0, 0x3, 0x80,
    0x0, 0x0, 0xe, 0x0, 0x0, 0x0, 0x38, 0x0,
    0x0, 0x0, 0xe0, 0x0, 0x0, 0x3, 0x80, 0x0,
    0x0, 0xe, 0x0, 0x0, 0x0, 0x38, 0x3, 0xff,
    0xff, 0xff, 0xff, 0xff, 0xff, 0xff, 0xff, 0xff,
    0xff, 0xff,

    /* U+30E6 "ユ" */
    0x1f, 0xff, 0xff, 0x0, 0xf, 0xff, 0xff, 0x80,
    0x7, 0xff, 0xff, 0xc0, 0x0, 0x0, 0x0, 0x1c,
    0x0, 0x0, 0x0, 0xe, 0x0, 0x0, 0x0, 0x7,
    0x0, 0x0, 0x0, 0x3, 0x80, 0x0, 0x0, 0x1,
    0xc0, 0x0, 0x0, 0x0, 0xe0, 0x0, 0x0, 0x0,
    0x70, 0x0, 0x0, 0x0, 0x38, 0x0, 0x0, 0x0,
    0x1c, 0x0, 0x0, 0x0, 0xe, 0x0, 0x0, 0x0,
    0x7, 0x0, 0x0, 0x0, 0x3, 0x80, 0x0, 0x0,
    0xe, 0x0, 0x0, 0x0, 0x7, 0x0, 0x0, 0x0,
    0x3, 0x80, 0x0, 0x0, 0x1, 0xc0, 0x0, 0x0,
    0x0, 0xe0, 0x0, 0x0, 0x0, 0x70, 0x0, 0x0,
    0x0, 0x38, 0x0, 0x0, 0x0, 0x1c, 0x0, 0x0,
    0x0, 0xe, 0x0, 0x0, 0x0, 0x7, 0x0, 0x0,
    0x0, 0x3, 0x80, 0x0, 0x0, 0x1, 0xc0, 0x1f,
    0xff, 0xff, 0xff, 0xff, 0xff, 0xff, 0xff, 0xff,
    0xff, 0xff, 0xff, 0xfc,

    /* U+30E7 "ョ" */
    0xff, 0xff, 0xff, 0x1f, 0xff, 0xff, 0xe3, 0xff,
    0xff, 0xfc, 0x0, 0x0, 0x0, 0x70, 0x0, 0x0,
    0xe, 0x0, 0x0, 0x1, 0xc0, 0x0, 0x0, 0x38,
    0x0, 0x0, 0x7, 0x0, 0x0, 0x0, 0xe3, 0xff,
    0xff, 0xfc, 0x7f, 0xff, 0xff, 0x8f, 0xff, 0xff,
    0xf0, 0x0, 0x0, 0xe, 0x0, 0x0, 0x1, 0xc0,
    0x0, 0x0, 0x38, 0x0, 0x0, 0x7, 0x0, 0x0,
    0x0, 0xe0, 0x0, 0x0, 0x1c, 0x0, 0x0, 0x3,
    0x80, 0x0, 0x0, 0x70, 0x0, 0x0, 0xf, 0xff,
    0xff, 0xfe, 0x3f, 0xff, 0xff, 0xc7, 0xff, 0xff,
    0xf8,

    /* U+30E9 "ラ" */
    0x1f, 0xff, 0xff, 0xfc, 0xf, 0xff, 0xff, 0xfe,
    0x7, 0xff, 0xff, 0xff, 0x0, 0x0, 0x0, 0x0,
    0x0, 0x0, 0x0, 0x0, 0x0, 0x0, 0x0, 0x0,
    0x0, 0x0, 0x0, 0x0, 0x0, 0x0, 0x0, 0x0,
    0x0, 0x0, 0x0, 0x0, 0x0, 0x7f, 0xff, 0xff,
    0xfe, 0x3f, 0xff, 0xff, 0xff, 0x1f, 0xff, 0xff,
    0xff, 0x80, 0x0, 0x0, 0x0, 0x38, 0x0, 0x0,
    0x0, 0x1c, 0x0, 0x0, 0x0, 0xe, 0x0, 0x0,
    0x0, 0x7, 0x0, 0x0, 0x0, 0x3, 0x80, 0x0,
    0x0, 0x1, 0xc0, 0x0, 0x0, 0x7, 0x0, 0x0,
    0x0, 0x3, 0x80, 0x0, 0x0, 0x1, 0xc0, 0x0,
    0x0, 0x7, 0x0, 0x0, 0x0, 0x3, 0x80, 0x0,
    0x0, 0x1, 0xc0, 0x0, 0x0, 0x3f, 0x0, 0x0,
    0x0, 0x1f, 0x80, 0x0, 0x0, 0xf, 0xc0, 0x0,
    0xf, 0xf8, 0x0, 0x0, 0x7, 0xfc, 0x0, 0x0,
    0x3, 0xfe, 0x0, 0x0,

    /* U+30EA "リ" */
    0xe0, 0x0, 0x0, 0x1f, 0x80, 0x0, 0x0, 0x7e,
    0x0, 0x0, 0x1, 0xf8, 0x0, 0x0, 0x7, 0xe0,
    0x0, 0x0, 0x1f, 0x80, 0x0, 0x0, 0x7e, 0x0,
    0x0, 0x1, 0xf8, 0x0, 0x0, 0x7, 0xe0, 0x0,
    0x0, 0x1f, 0x80, 0x0, 0x0, 0x7e, 0x0, 0x0,
    0x1, 0xf8, 0x0, 0x0, 0x7, 0xe0, 0x0, 0x0,
    0x1f, 0x80, 0x0, 0x0, 0x7e, 0x0, 0x0, 0x1,
    0xf8, 0x0, 0x0, 0x38, 0xe0, 0x0, 0x0, 0xe3,
    0x80, 0x0, 0x3, 0x80, 0x0, 0x0, 0xe, 0x0,
    0x0, 0x0, 0x38, 0x0, 0x0, 0x0, 0xe0, 0x0,
    0x0, 0x1c, 0x0, 0x0, 0x0, 0x70, 0x0, 0x0,
    0x1, 0xc0, 0x0, 0x1, 0xf8, 0x0, 0x0, 0x7,
    0xe0, 0x0, 0x0, 0x1f, 0x80, 0x0, 0xff, 0x80,
    0x0, 0x3, 0xfe, 0x0, 0x0, 0xf, 0xf8, 0x0,
    0x0,

    /* U+30EB "ル" */
    0x3, 0x81, 0xc0, 0x0, 0x1, 0xc0, 0xe0, 0x0,
    0x0, 0xe0, 0x70, 0x0, 0x0, 0x70, 0x38, 0x0,
    0x0, 0x38, 0x1c, 0x0, 0x0, 0x1c, 0xe, 0x0,
    0x0, 0xe, 0x7, 0x0, 0x0, 0x7, 0x3, 0x80,
    0x0, 0x3, 0x81, 0xc0, 0x0, 0x1, 0xc0, 0xe0,
    0x0, 0x0, 0xe0, 0x70, 0x0, 0x0, 0x70, 0x38,
    0x0, 0x0, 0x38, 0x1c, 0x0, 0x0, 0x1c, 0xe,
    0x0, 0x0, 0xe, 0x7, 0x0, 0x0, 0x7, 0x3,
    0x80, 0x7, 0x3, 0x81, 0xc0, 0x3, 0x81, 0xc0,
    0xe0, 0x1, 0xc0, 0xe0, 0x70, 0x0, 0xe0, 0x70,
    0x38, 0x0, 0x70, 0x38, 0x1c, 0x0, 0x38, 0xe0,
    0xe, 0x0, 0xe0, 0x70, 0x7, 0x0, 0x70, 0x38,
    0x3, 0x80, 0x38, 0x1c, 0x1, 0xc0, 0xe0, 0xe,
    0x0, 0xe0, 0x70, 0x7, 0x0, 0x70, 0x38, 0x1c,
    0x0, 0x7, 0xe0, 0xe, 0x0, 0x3, 0xf0, 0x7,
    0x0, 0x1, 0xf8, 0x0,

    /* U+30EC "レ" */
    0xe0, 0x0, 0x0, 0x3, 0x80, 0x0, 0x0, 0xe,
    0x0, 0x0, 0x0, 0x38, 0x0, 0x0, 0x0, 0xe0,
    0x0, 0x0, 0x3, 0x80, 0x0, 0x0, 0xe, 0x0,
    0x0, 0x0, 0x38, 0x0, 0x0, 0x0, 0xe0, 0x0,
    0x0, 0x3, 0x80, 0x0, 0x0, 0xe, 0x0, 0x0,
    0x0, 0x38, 0x0, 0x0, 0x0, 0xe0, 0x0, 0x0,
    0x3, 0x80, 0x0, 0x0, 0xe, 0x0, 0x0, 0x0,
    0x38, 0x0, 0x0, 0x7, 0xe0, 0x0, 0x0, 0x1f,
    0x80, 0x0, 0x0, 0x7e, 0x0, 0x0, 0xe, 0x38,
    0x0, 0x0, 0x38, 0xe0, 0x0, 0x0, 0xe3, 0x80,
    0x0, 0x1c, 0xe, 0x0, 0x0, 0x70, 0x38, 0x0,
    0x1, 0xc0, 0xe0, 0x1, 0xf8, 0x3, 0x80, 0x7,
    0xe0, 0xe, 0x0, 0x1f, 0x80, 0x7, 0xff, 0x80,
    0x0, 0x1f, 0xfe, 0x0, 0x0, 0x7f, 0xf8, 0x0,
    0x0,

    /* U+30ED "ロ" */
    0x1f, 0xff, 0xff, 0xfc, 0xf, 0xff, 0xff, 0xfe,
    0x7, 0xff, 0xff, 0xff, 0x1c, 0x0, 0x0, 0x0,
    0x7e, 0x0, 0x0, 0x0, 0x3f, 0x0, 0x0, 0x0,
    0x1f, 0x80, 0x0, 0x0, 0xf, 0xc0, 0x0, 0x0,
    0x7, 0xe0, 0x0, 0x0, 0x3, 0xf0, 0x0, 0x0,
    0x1, 0xf8, 0x0, 0x0, 0x0, 0xfc, 0x0, 0x0,
    0x0, 0x7e, 0x0, 0x0, 0x0, 0x3f, 0x0, 0x0,
    0x0, 0x1f, 0x80, 0x0, 0x0, 0xf, 0xc0, 0x0,
    0x0, 0x7, 0xe0, 0x0, 0x0, 0x3, 0xf0, 0x0,
    0x0, 0x1, 0xf8, 0x0, 0x0, 0x0, 0xfc, 0x0,
    0x0, 0x0, 0x7e, 0x0, 0x0, 0x0, 0x3f, 0x0,
    0x0, 0x0, 0x1f, 0x80, 0x0, 0x0, 0xf, 0xc0,
    0x0, 0x0, 0x7, 0xe0, 0x0, 0x0, 0x3, 0xf0,
    0x0, 0x0, 0x1, 0xf8, 0x0, 0x0, 0x0, 0xe3,
    0xff, 0xff, 0xff, 0x81, 0xff, 0xff, 0xff, 0xc0,
    0xff, 0xff, 0xff, 0xe0,

    /* U+30EF "ワ" */
    0x1f, 0xff, 0xff, 0xfc, 0xf, 0xff, 0xff, 0xfe,
    0x7, 0xff, 0xff, 0xff, 0x1c, 0x0, 0x0, 0x0,
    0x7e, 0x0, 0x0, 0x0, 0x3f, 0x0, 0x0, 0x0,
    0x1f, 0x80, 0x0, 0x0, 0xf, 0xc0, 0x0, 0x0,
    0x7, 0xe0, 0x0, 0x0, 0x3, 0xf0, 0x0, 0x0,
    0x1, 0xf8, 0x0, 0x0, 0x0, 0xfc, 0x0, 0x0,
    0x0, 0x7e, 0x0, 0x0, 0x0, 0x3f, 0x0, 0x0,
    0x0, 0x1f, 0x80, 0x0, 0x0, 0xe, 0x0, 0x0,
    0x0, 0x38, 0x0, 0x0, 0x0, 0x1c, 0x0, 0x0,
    0x0, 0xe, 0x0, 0x0, 0x0, 0x7, 0x0, 0x0,
    0x0, 0x3, 0x80, 0x0, 0x0, 0x1, 0xc0, 0x0,
    0x0, 0x7, 0x0, 0x0, 0x0, 0x3, 0x80, 0x0,
    0x0, 0x1, 0xc0, 0x0, 0x0, 0x3f, 0x0, 0x0,
    0x0, 0x1f, 0x80, 0x0, 0x0, 0xf, 0xc0, 0x0,
    0xf, 0xf8, 0x0, 0x0, 0x7, 0xfc, 0x0, 0x0,
    0x3, 0xfe, 0x0, 0x0,

    /* U+30F3 "ン" */
    0xff, 0x80, 0x0, 0x0, 0x7f, 0xc0, 0x0, 0x0,
    0x3f, 0xe0, 0x0, 0x0, 0x0, 0xf, 0xc0, 0x0,
    0x70, 0x7, 0xe0, 0x0, 0x38, 0x3, 0xf0, 0x0,
    0x1c, 0x0, 0x7, 0x0, 0xe, 0x0, 0x3, 0x80,
    0x7, 0x0, 0x1, 0xc0, 0x3, 0x80, 0x0, 0x0,
    0x1, 0xc0, 0x0, 0x0, 0x0, 0xe0, 0x0, 0x0,
    0x0, 0x70, 0x0, 0x0, 0x1, 0xc0, 0x0, 0x0,
    0x0, 0xe0, 0x0, 0x0, 0x0, 0x70, 0x0, 0x0,
    0x0, 0x38, 0x0, 0x0, 0x0, 0x1c, 0x0, 0x0,
    0x0, 0xe, 0x0, 0x0, 0x0, 0x38, 0x0, 0x0,
    0x0, 0x1c, 0x0, 0x0, 0x0, 0xe, 0x0, 0x0,
    0x0, 0x38, 0x0, 0x0, 0x0, 0x1c, 0x0, 0x0,
    0x0, 0xe, 0x0, 0x0, 0x1, 0xf8, 0x0, 0x0,
    0x0, 0xfc, 0x0, 0x0, 0x0, 0x7e, 0x0, 0x1f,
    0xff, 0xc0, 0x0, 0xf, 0xff, 0xe0, 0x0, 0x7,
    0xff, 0xf0, 0x0, 0x0,

    /* U+30FB "・" */
    0xff, 0xff, 0xff, 0xff, 0xf0,

    /* U+30FC "ー" */
    0xe0, 0x0, 0x0, 0x1c, 0x0, 0x0, 0x3, 0x80,
    0x0, 0x0, 0xf, 0xff, 0xff, 0xf1, 0xff, 0xff,
    0xfe, 0x3f, 0xff, 0xff, 0xc0,

    /* U+4E00 "一" */
    0xff, 0xff, 0xff, 0xff, 0xff, 0xff, 0xff, 0xff,
    0xff, 0xff, 0xff, 0xff, 0xe0,

    /* U+4E09 "三" */
    0x1f, 0xff, 0xff, 0xfc, 0xf, 0xff, 0xff, 0xfe,
    0x7, 0xff, 0xff, 0xff, 0x0, 0x0, 0x0, 0x0,
    0x0, 0x0, 0x0, 0x0, 0x0, 0x0, 0x0, 0x0,
    0x0, 0x0, 0x0, 0x0, 0x0, 0x0, 0x0, 0x0,
    0x0, 0x0, 0x0, 0x0, 0x0, 0x0, 0x0, 0x0,
    0x0, 0x0, 0x0, 0x0, 0x0, 0x0, 0x0, 0x0,
    0x0, 0x0, 0x0, 0x0, 0x0, 0x0, 0x0, 0x0,
    0x0, 0x0, 0x0, 0x0, 0x0, 0x0, 0x7, 0xff,
    0xff, 0xc0, 0x3, 0xff, 0xff, 0xe0, 0x1, 0xff,
    0xff, 0xf0, 0x0, 0x0, 0x0, 0x0, 0x0, 0x0,
    0x0, 0x0, 0x0, 0x0, 0x0, 0x0, 0x0, 0x0,
    0x0, 0x0, 0x0, 0x0, 0x0, 0x0, 0x0, 0x0,
    0x0, 0x0, 0x0, 0x0, 0x0, 0x0, 0x0, 0x0,
    0x0, 0x0, 0x0, 0x0, 0x0, 0x0, 0x0, 0x0,
    0x0, 0x0, 0x0, 0x0, 0x0, 0x0, 0x0, 0x0,
    0x0, 0x0, 0x0, 0x3, 0xff, 0xff, 0xff, 0xff,
    0xff, 0xff, 0xff, 0xff, 0xff, 0xff, 0xff, 0xff,
    0x80,

    /* U+4E0A "上" */
    0x0, 0xe, 0x0, 0x0, 0x0, 0x7, 0x0, 0x0,
    0x0, 0x3, 0x80, 0x0, 0x0, 0x1, 0xc0, 0x0,
    0x0, 0x0, 0xe0, 0x0, 0x0, 0x0, 0x70, 0x0,
    0x0, 0x0, 0x38, 0x0, 0x0, 0x0, 0x1c, 0x0,
    0x0, 0x0, 0xe, 0x0, 0x0, 0x0, 0x7, 0xff,
    0xfe, 0x0, 0x3, 0xff, 0xff, 0x0, 0x1, 0xff,
    0xff, 0x80, 0x0, 0xe0, 0x0, 0x0, 0x0, 0x70,
    0x0, 0x0, 0x0, 0x38, 0x0, 0x0, 0x0, 0x1c,
    0x0, 0x0, 0x0, 0xe, 0x0, 0x0, 0x0, 0x7,
    0x0, 0x0, 0x0, 0x3, 0x80, 0x0, 0x0, 0x1,
    0xc0, 0x0, 0x0, 0x0, 0xe0, 0x0, 0x0, 0x0,
    0x70, 0x0, 0x0, 0x0, 0x38, 0x0, 0x0, 0x0,
    0x1c, 0x0, 0x0, 0x0, 0xe, 0x0, 0x0, 0x0,
    0x7, 0x0, 0x0, 0x0, 0x3, 0x80, 0x0, 0x0,
    0x1, 0xc0, 0x0, 0x0, 0x0, 0xe0, 0x0, 0x0,
    0x0, 0x70, 0x0, 0x3, 0xff, 0xff, 0xff, 0xff,
    0xff, 0xff, 0xff, 0xff, 0xff, 0xff, 0xff, 0xff,
    0x80,

    /* U+4E0B "下" */
    0xff, 0xff, 0xff, 0xff, 0xff, 0xff, 0xff, 0xff,
    0xff, 0xff, 0xff, 0xff, 0xe0, 0x0, 0x38, 0x0,
    0x0, 0x0, 0x1c, 0x0, 0x0, 0x0, 0xe, 0x0,
    0x0, 0x0, 0x7, 0x0, 0x0, 0x0, 0x3, 0x80,
    0x0, 0x0, 0x1, 0xc0, 0x0, 0x0, 0x0, 0xe0,
    0x0, 0x0, 0x0, 0x70, 0x0, 0x0, 0x0, 0x38,
    0x0, 0x0, 0x0, 0x1f, 0xf0, 0x0, 0x0, 0xf,
    0xf8, 0x0, 0x0, 0x7, 0xfc, 0x0, 0x0, 0x3,
    0x81, 0xf8, 0x0, 0x1, 0xc0, 0xfc, 0x0, 0x0,
    0xe0, 0x7e, 0x0, 0x0, 0x70, 0x0, 0xe0, 0x0,
    0x38, 0x0, 0x70, 0x0, 0x1c, 0x0, 0x38, 0x0,
    0xe, 0x0, 0x0, 0x0, 0x7, 0x0, 0x0, 0x0,
    0x3, 0x80, 0x0, 0x0, 0x1, 0xc0, 0x0, 0x0,
    0x0, 0xe0, 0x0, 0x0, 0x0, 0x70, 0x0, 0x0,
    0x0, 0x38, 0x0, 0x0, 0x0, 0x1c, 0x0, 0x0,
    0x0, 0xe, 0x0, 0x0, 0x0, 0x7, 0x0, 0x0,
    0x0, 0x3, 0x80, 0x0, 0x0, 0x1, 0xc0, 0x0,
    0x0,

    /* U+4E0D "不" */
    0xff, 0xff, 0xff, 0xff, 0xff, 0xff, 0xff, 0xff,
    0xff, 0xff, 0xff, 0xff, 0xe0, 0x0, 0x7, 0x0,
    0x0, 0x0, 0x3, 0x80, 0x0, 0x0, 0x1, 0xc0,
    0x0, 0x0, 0x0, 0xe0, 0x0, 0x0, 0x0, 0x70,
    0x0, 0x0, 0x0, 0x38, 0x0, 0x0, 0x0, 0xe0,
    0x0, 0x0, 0x0, 0x70, 0x0, 0x0, 0x0, 0x38,
    0x0, 0x0, 0x0, 0xfc, 0xe, 0x0, 0x0, 0x7e,
    0x7, 0x0, 0x0, 0x3f, 0x3, 0x80, 0x7, 0xe3,
    0x80, 0x38, 0x3, 0xf1, 0xc0, 0x1c, 0x1, 0xf8,
    0xe0, 0xe, 0x3f, 0x0, 0x70, 0x0, 0xff, 0x80,
    0x38, 0x0, 0x7f, 0xc0, 0x1c, 0x0, 0x38, 0x0,
    0xe, 0x0, 0x1c, 0x0, 0x7, 0x0, 0xe, 0x0,
    0x3, 0x80, 0x7, 0x0, 0x1, 0xc0, 0x0, 0x0,
    0x0, 0xe0, 0x0, 0x0, 0x0, 0x70, 0x0, 0x0,
    0x0, 0x38, 0x0, 0x0, 0x0, 0x1c, 0x0, 0x0,
    0x0, 0xe, 0x0, 0x0, 0x0, 0x7, 0x0, 0x0,
    0x0, 0x3, 0x80, 0x0, 0x0, 0x1, 0xc0, 0x0,
    0x0,

    /* U+4E26 "並" */
    0x3, 0x80, 0x0, 0xe0, 0x1, 0xc0, 0x0, 0x70,
    0x0, 0xe0, 0x0, 0x38, 0x0, 0xe, 0x0, 0xe0,
    0x0, 0x7, 0x0, 0x70, 0x0, 0x3, 0x80, 0x38,
    0x0, 0x7f, 0xff, 0xff, 0xf0, 0x3f, 0xff, 0xff,
    0xf8, 0x1f, 0xff, 0xff, 0xfc, 0x0, 0x38, 0x3,
    0x80, 0x0, 0x1c, 0x1, 0xc0, 0x0, 0xe, 0x0,
    0xe0, 0x0, 0x7, 0x0, 0x70, 0x0, 0x3, 0x80,
    0x38, 0x0, 0x1, 0xc0, 0x1c, 0x1, 0xc0, 0xe0,
    0xe, 0x7, 0xe0, 0x70, 0x7, 0x3, 0xf0, 0x38,
    0x3, 0x81, 0xc7, 0x1c, 0x1, 0xc0, 0xe3, 0x8e,
    0x0, 0xe0, 0x71, 0xc7, 0x0, 0x70, 0x38, 0xe3,
    0x80, 0x38, 0xe0, 0x71, 0xc0, 0x1c, 0x70, 0x38,
    0xe0, 0xe, 0x38, 0x0, 0x70, 0x7, 0x0, 0x0,
    0x38, 0x3, 0x80, 0x0, 0x1c, 0x1, 0xc0, 0x0,
    0xe, 0x0, 0xe0, 0x0, 0x7, 0x0, 0x70, 0x0,
    0x3, 0x80, 0x38, 0x3, 0xff, 0xff, 0xff, 0xff,
    0xff, 0xff, 0xff, 0xff, 0xff, 0xff, 0xff, 0xff,
    0x80,

    /* U+4E2A "个" */
    0x0, 0x1, 0xc0, 0x0, 0x0, 0x0, 0xe0, 0x0,
    0x0, 0x0, 0x70, 0x0, 0x0, 0x1, 0xc7, 0x0,
    0x0, 0x0, 0xe3, 0x80, 0x0, 0x0, 0x71, 0xc0,
    0x0, 0xf, 0xc0, 0x1f, 0x80, 0x7, 0xe0, 0xf,
    0xc0, 0x3, 0xf0, 0x7, 0xe0, 0x7e, 0x0, 0xe0,
    0xf, 0xff, 0x0, 0x70, 0x7, 0xff, 0x80, 0x38,
    0x3, 0xf0, 0x0, 0x1c, 0x0, 0x0, 0x0, 0xe,
    0x0, 0x0, 0x0, 0x7, 0x0, 0x0, 0x0, 0x3,
    0x80, 0x0, 0x0, 0x1, 0xc0, 0x0, 0x0, 0x0,
    0xe0, 0x0, 0x0, 0x0, 0x70, 0x0, 0x0, 0x0,
    0x38, 0x0, 0x0, 0x0, 0x1c, 0x0, 0x0, 0x0,
    0xe, 0x0, 0x0, 0x0, 0x7, 0x0, 0x0, 0x0,
    0x3, 0x80, 0x0, 0x0, 0x1, 0xc0, 0x0, 0x0,
    0x0, 0xe0, 0x0, 0x0, 0x0, 0x70, 0x0, 0x0,
    0x0, 0x38, 0x0, 0x0, 0x0, 0x1c, 0x0, 0x0,
    0x0, 0xe, 0x0, 0x0, 0x0, 0x7, 0x0, 0x0,
    0x0, 0x3, 0x80, 0x0, 0x0, 0x1, 0xc0, 0x0,
    0x0,

    /* U+4E2D "中" */
    0x0, 0x1, 0xc0, 0x0, 0x0, 0x0, 0xe0, 0x0,
    0x0, 0x0, 0x70, 0x0, 0x3, 0xff, 0xff, 0xff,
    0x81, 0xff, 0xff, 0xff, 0xc0, 0xff, 0xff, 0xff,
    0xe3, 0x80, 0x7, 0x0, 0xf, 0xc0, 0x3, 0x80,
    0x7, 0xe0, 0x1, 0xc0, 0x3, 0xf0, 0x0, 0xe0,
    0x1, 0xf8, 0x0, 0x70, 0x0, 0xfc, 0x0, 0x38,
    0x0, 0x7e, 0x0, 0x1c, 0x0, 0x3f, 0x0, 0xe,
    0x0, 0x1f, 0x80, 0x7, 0x0, 0xf, 0xc0, 0x3,
    0x80, 0x7, 0xe0, 0x1, 0xc0, 0x3, 0xf0, 0x0,
    0xe0, 0x1, 0xc7, 0xff, 0xff, 0xff, 0x3, 0xff,
    0xff, 0xff, 0x81, 0xff, 0xff, 0xff, 0xc0, 0x0,
    0xe, 0x0, 0x0, 0x0, 0x7, 0x0, 0x0, 0x0,
    0x3, 0x80, 0x0, 0x0, 0x1, 0xc0, 0x0, 0x0,
    0x0, 0xe0, 0x0, 0x0, 0x0, 0x70, 0x0, 0x0,
    0x0, 0x38, 0x0, 0x0, 0x0, 0x1c, 0x0, 0x0,
    0x0, 0xe, 0x0, 0x0, 0x0, 0x7, 0x0, 0x0,
    0x0, 0x3, 0x80, 0x0, 0x0, 0x1, 0xc0, 0x0,
    0x0,

    /* U+4E32 "串" */
    0x0, 0x1, 0xc0, 0x0, 0x0, 0x0, 0xe0, 0x0,
    0x0, 0x0, 0x70, 0x0, 0x0, 0x7f, 0xff, 0xfc,
    0x0, 0x3f, 0xff, 0xfe, 0x0, 0x1f, 0xff, 0xff,
    0x0, 0x70, 0x7, 0x0, 0x70, 0x38, 0x3, 0x80,
    0x38, 0x1c, 0x1, 0xc0, 0x1c, 0xe, 0x0, 0xe0,
    0xe, 0x7, 0x0, 0x70, 0x7, 0x3, 0x80, 0x38,
    0x3, 0x80, 0x3f, 0xff, 0xfe, 0x0, 0x1f, 0xff,
    0xff, 0x0, 0xf, 0xff, 0xff, 0x80, 0x0, 0x3,
    0x80, 0x0, 0x0, 0x1, 0xc0, 0x0, 0x0, 0x0,
    0xe0, 0x0, 0x7, 0xff, 0xff, 0xff, 0x3, 0xff,
    0xff, 0xff, 0x81, 0xff, 0xff, 0xff, 0xc7, 0x0,
    0xe, 0x0, 0x1f, 0x80, 0x7, 0x0, 0xf, 0xc0,
    0x3, 0x80, 0x7, 0xe0, 0x1, 0xc0, 0x3, 0xf0,
    0x0, 0xe0, 0x1, 0xf8, 0x0, 0x70, 0x0, 0xe3,
    0xff, 0xff, 0xff, 0x81, 0xff, 0xff, 0xff, 0xc0,
    0xff, 0xff, 0xff, 0xe0, 0x0, 0x7, 0x0, 0x0,
    0x0, 0x3, 0x80, 0x0, 0x0, 0x1, 0xc0, 0x0,
    0x0,

    /* U+4E38 "丸" */
    0x0, 0xe, 0x0, 0x0, 0x0, 0x7, 0x0, 0x0,
    0x0, 0x3, 0x80, 0x0, 0x1f, 0xff, 0xff, 0xfc,
    0xf, 0xff, 0xff, 0xfe, 0x7, 0xff, 0xff, 0xff,
    0x0, 0x0, 0x38, 0x0, 0x70, 0x0, 0x1c, 0x0,
    0x38, 0x0, 0xe, 0x0, 0x1c, 0x0, 0x7, 0x0,
    0xe, 0x0, 0x3, 0x80, 0x7, 0x0, 0x1, 0xc0,
    0x3, 0x81, 0xc0, 0xe0, 0x1, 0xc0, 0xe0, 0x70,
    0x0, 0xe0, 0x70, 0x38, 0x0, 0x70, 0x7, 0x1c,
    0x0, 0x38, 0x3, 0x8e, 0x0, 0x1c, 0x1, 0xc7,
    0x0, 0xe, 0x0, 0x1c, 0x0, 0x38, 0x0, 0xe,
    0x0, 0x1c, 0x0, 0x7, 0x0, 0xe, 0x0, 0x3,
    0x80, 0x7, 0x0, 0x1, 0xc0, 0x3, 0x80, 0x0,
    0xe0, 0x1, 0xc0, 0x3, 0x8e, 0x0, 0xe0, 0x1,
    0xc7, 0x0, 0x70, 0x0, 0xe3, 0x80, 0x38, 0x3,
    0x80, 0x38, 0x1c, 0x1, 0xc0, 0x1c, 0xe, 0x0,
    0xe0, 0xe, 0x7, 0x3, 0x80, 0x7, 0x0, 0x7f,
    0xc0, 0x3, 0x80, 0x3f, 0xe0, 0x1, 0xc0, 0x1f,
    0x80,

    /* U+4E3B "主" */
    0x0, 0xe, 0x0, 0x0, 0x0, 0x7, 0x0, 0x0,
    0x0, 0x3, 0x80, 0x0, 0x0, 0x0, 0x38, 0x0,
    0x0, 0x0, 0x1c, 0x0, 0x0, 0x0, 0xe, 0x0,
    0x0, 0x7f, 0xff, 0xff, 0xf0, 0x3f, 0xff, 0xff,
    0xf8, 0x1f, 0xff, 0xff, 0xfc, 0x0, 0x0, 0xe0,
    0x0, 0x0, 0x0, 0x70, 0x0, 0x0, 0x0, 0x38,
    0x0, 0x0, 0x0, 0x1c, 0x0, 0x0, 0x0, 0xe,
    0x0, 0x0, 0x0, 0x7, 0x0, 0x0, 0x0, 0x3,
    0x80, 0x0, 0x0, 0x1, 0xc0, 0x0, 0x0, 0x0,
    0xe0, 0x0, 0x7, 0xff, 0xff, 0xff, 0x3, 0xff,
    0xff, 0xff, 0x81, 0xff, 0xff, 0xff, 0xc0, 0x0,
    0xe, 0x0, 0x0, 0x0, 0x7, 0x0, 0x0, 0x0,
    0x3, 0x80, 0x0, 0x0, 0x1, 0xc0, 0x0, 0x0,
    0x0, 0xe0, 0x0, 0x0, 0x0, 0x70, 0x0, 0x0,
    0x0, 0x38, 0x0, 0x0, 0x0, 0x1c, 0x0, 0x0,
    0x0, 0xe, 0x0, 0x3, 0xff, 0xff, 0xff, 0xff,
    0xff, 0xff, 0xff, 0xff, 0xff, 0xff, 0xff, 0xff,
    0x80,

    /* U+4E86 "了" */
    0xff, 0xff, 0xff, 0xfc, 0x7f, 0xff, 0xff, 0xfe,
    0x3f, 0xff, 0xff, 0xff, 0x0, 0x0, 0x0, 0x0,
    0x70, 0x0, 0x0, 0x0, 0x38, 0x0, 0x0, 0x0,
    0x1c, 0x0, 0x0, 0x3, 0xf0, 0x0, 0x0, 0x1,
    0xf8, 0x0, 0x0, 0x0, 0xfc, 0x0, 0x0, 0x1f,
    0x80, 0x0, 0x0, 0xf, 0xc0, 0x0, 0x0, 0x7,
    0xe0, 0x0, 0x0, 0x1c, 0x0, 0x0, 0x0, 0xe,
    0x0, 0x0, 0x0, 0x7, 0x0, 0x0, 0x0, 0x3,
    0x80, 0x0, 0x0, 0x1, 0xc0, 0x0, 0x0, 0x0,
    0xe0, 0x0, 0x0, 0x0, 0x70, 0x0, 0x0, 0x0,
    0x38, 0x0, 0x0, 0x0, 0x1c, 0x0, 0x0, 0x0,
    0xe, 0x0, 0x0, 0x0, 0x7, 0x0, 0x0, 0x0,
    0x3, 0x80, 0x0, 0x0, 0x1, 0xc0, 0x0, 0x0,
    0x0, 0xe0, 0x0, 0x0, 0x0, 0x70, 0x0, 0x0,
    0x0, 0x38, 0x0, 0x0, 0x0, 0x1c, 0x0, 0x0,
    0x0, 0xe, 0x0, 0x0, 0xf, 0xf8, 0x0, 0x0,
    0x7, 0xfc, 0x0, 0x0, 0x3, 0xfe, 0x0, 0x0,
    0x0,

    /* U+4E8E "于" */
    0x1f, 0xff, 0xff, 0xfc, 0xf, 0xff, 0xff, 0xfe,
    0x7, 0xff, 0xff, 0xff, 0x0, 0x0, 0x38, 0x0,
    0x0, 0x0, 0x1c, 0x0, 0x0, 0x0, 0xe, 0x0,
    0x0, 0x0, 0x7, 0x0, 0x0, 0x0, 0x3, 0x80,
    0x0, 0x0, 0x1, 0xc0, 0x0, 0x0, 0x0, 0xe0,
    0x0, 0x0, 0x0, 0x70, 0x0, 0x0, 0x0, 0x38,
    0x0, 0xf, 0xff, 0xff, 0xff, 0xff, 0xff, 0xff,
    0xff, 0xff, 0xff, 0xff, 0xff, 0xfe, 0x0, 0x3,
    0x80, 0x0, 0x0, 0x1, 0xc0, 0x0, 0x0, 0x0,
    0xe0, 0x0, 0x0, 0x0, 0x70, 0x0, 0x0, 0x0,
    0x38, 0x0, 0x0, 0x0, 0x1c, 0x0, 0x0, 0x0,
    0xe, 0x0, 0x0, 0x0, 0x7, 0x0, 0x0, 0x0,
    0x3, 0x80, 0x0, 0x0, 0x1, 0xc0, 0x0, 0x0,
    0x0, 0xe0, 0x0, 0x0, 0x0, 0x70, 0x0, 0x0,
    0x0, 0x38, 0x0, 0x0, 0x0, 0x1c, 0x0, 0x0,
    0x0, 0xe, 0x0, 0x0, 0xf, 0xf8, 0x0, 0x0,
    0x7, 0xfc, 0x0, 0x0, 0x3, 0xfe, 0x0, 0x0,
    0x0,

    /* U+4EAE "亮" */
    0x0, 0x1, 0xc0, 0x0, 0x0, 0x0, 0xe0, 0x0,
    0x0, 0x0, 0x70, 0x0, 0x1f, 0xff, 0xff, 0xff,
    0xff, 0xff, 0xff, 0xff, 0xff, 0xff, 0xff, 0xff,
    0xfc, 0x70, 0x0, 0x0, 0x70, 0x38, 0x0, 0x0,
    0x38, 0x1c, 0x0, 0x0, 0x1c, 0x1, 0xff, 0xff,
    0xf0, 0x0, 0xff, 0xff, 0xf8, 0x0, 0x7f, 0xff,
    0xfc, 0x0, 0x0, 0x0, 0x0, 0x0, 0x0, 0x0,
    0x0, 0x0, 0x0, 0x0, 0x0, 0x0, 0x3f, 0xff,
    0xff, 0xf8, 0x1f, 0xff, 0xff, 0xfc, 0xf, 0xff,
    0xff, 0xfe, 0x38, 0x0, 0x0, 0x0, 0xfc, 0x0,
    0x0, 0x0, 0x7e, 0x0, 0x0, 0x0, 0x3f, 0x3,
    0x80, 0x38, 0x1f, 0x81, 0xc0, 0x1c, 0xf, 0xc0,
    0xe0, 0xe, 0x7, 0x0, 0x70, 0x7, 0x0, 0x0,
    0x38, 0x3, 0x80, 0x0, 0x1c, 0x1, 0xc0, 0x0,
    0x70, 0x0, 0xe0, 0x70, 0x38, 0x0, 0x70, 0x38,
    0x1c, 0x0, 0x38, 0x1f, 0xf0, 0x0, 0x3, 0xf1,
    0xf8, 0x0, 0x1, 0xf8, 0xfc, 0x0, 0x0, 0xfc,
    0x0,

    /* U+4ECA "今" */
    0x0, 0xf, 0xf8, 0x0, 0x0, 0x7, 0xfc, 0x0,
    0x0, 0x3, 0xfe, 0x0, 0x0, 0xe, 0x0, 0xe0,
    0x0, 0x7, 0x0, 0x70, 0x0, 0x3, 0x80, 0x38,
    0x0, 0xe, 0x0, 0x3, 0x80, 0x7, 0x0, 0x1,
    0xc0, 0x3, 0x80, 0x0, 0xe0, 0x7e, 0x3f, 0xff,
    0x8f, 0xff, 0x1f, 0xff, 0xc7, 0xff, 0x8f, 0xff,
    0xe3, 0xf0, 0x0, 0x0, 0x0, 0x0, 0x0, 0x0,
    0x0, 0x0, 0x0, 0x0, 0x0, 0x0, 0x3f, 0xff,
    0xff, 0xf8, 0x1f, 0xff, 0xff, 0xfc, 0xf, 0xff,
    0xff, 0xfe, 0x0, 0x0, 0x0, 0x0, 0xe0, 0x0,
    0x0, 0x0, 0x70, 0x0, 0x0, 0x0, 0x38, 0x0,
    0x0, 0x0, 0xe0, 0x0, 0x0, 0x0, 0x70, 0x0,
    0x0, 0x0, 0x38, 0x0, 0x0, 0x0, 0xe0, 0x0,
    0x0, 0x0, 0x70, 0x0, 0x0, 0x0, 0x38, 0x0,
    0x0, 0x7, 0xe0, 0x0, 0x0, 0x3, 0xf0, 0x0,
    0x0, 0x1, 0xf8, 0x0, 0x1, 0xff, 0x0, 0x0,
    0x0, 0xff, 0x80, 0x0, 0x0, 0x7f, 0xc0, 0x0,
    0x0,

    /* U+4ECE "从" */
    0x0, 0x70, 0x7, 0x0, 0x0, 0x38, 0x3, 0x80,
    0x0, 0x1c, 0x1, 0xc0, 0x0, 0xe, 0x0, 0xe0,
    0x0, 0x7, 0x0, 0x70, 0x0, 0x3, 0x80, 0x38,
    0x0, 0x1, 0xc0, 0x1c, 0x0, 0x0, 0xe0, 0xe,
    0x0, 0x0, 0x70, 0x7, 0x0, 0x0, 0x38, 0x3,
    0x80, 0x0, 0x1c, 0x1, 0xc0, 0x0, 0xe, 0x0,
    0xe0, 0x0, 0x7, 0x0, 0x70, 0x0, 0x3, 0x80,
    0x38, 0x0, 0x1, 0xc0, 0x1c, 0x0, 0x7, 0x1c,
    0x71, 0xc0, 0x3, 0x8e, 0x38, 0xe0, 0x1, 0xc7,
    0x1c, 0x70, 0x0, 0xe3, 0x8e, 0x38, 0x0, 0x71,
    0xc7, 0x1c, 0x0, 0x38, 0xe3, 0x8e, 0x0, 0x1c,
    0x1, 0xc7, 0x0, 0xe, 0x0, 0xe3, 0x80, 0x7,
    0x0, 0x71, 0xc0, 0x1c, 0x1, 0xc0, 0x1c, 0xe,
    0x0, 0xe0, 0xe, 0x7, 0x0, 0x70, 0x7, 0x3,
    0x80, 0x38, 0x3, 0x81, 0xc0, 0x1c, 0x1, 0xc0,
    0xe0, 0xe, 0x0, 0xe3, 0x80, 0x38, 0x0, 0xf,
    0xc0, 0x1c, 0x0, 0x7, 0xe0, 0xe, 0x0, 0x3,
    0x80,

    /* U+4ED8 "付" */
    0x3, 0x80, 0x0, 0x1c, 0x1, 0xc0, 0x0, 0xe,
    0x0, 0xe0, 0x0, 0x7, 0x0, 0x70, 0x0, 0x3,
    0x80, 0x38, 0x0, 0x1, 0xc0, 0x1c, 0x0, 0x0,
    0xe0, 0x71, 0xff, 0xff, 0xfe, 0x38, 0xff, 0xff,
    0xff, 0x1c, 0x7f, 0xff, 0xff, 0x8e, 0x0, 0x0,
    0xe, 0x7, 0x0, 0x0, 0x7, 0x3, 0x80, 0x0,
    0x3, 0x8f, 0xc0, 0x0, 0x1, 0xc7, 0xe0, 0x0,
    0x0, 0xe3, 0xf0, 0x0, 0x0, 0x70, 0x38, 0x1c,
    0x0, 0x38, 0x1c, 0xe, 0x0, 0x1c, 0xe, 0x7,
    0x0, 0xe, 0x7, 0x0, 0x70, 0x7, 0x3, 0x80,
    0x38, 0x3, 0x81, 0xc0, 0x1c, 0x1, 0xc0, 0xe0,
    0xe, 0x0, 0xe0, 0x70, 0x7, 0x0, 0x70, 0x38,
    0x3, 0x80, 0x38, 0x1c, 0x0, 0x0, 0x1c, 0xe,
    0x0, 0x0, 0xe, 0x7, 0x0, 0x0, 0x7, 0x3,
    0x80, 0x0, 0x3, 0x81, 0xc0, 0x0, 0x1, 0xc0,
    0xe0, 0x0, 0x0, 0xe0, 0x70, 0x0, 0xff, 0x80,
    0x38, 0x0, 0x7f, 0xc0, 0x1c, 0x0, 0x3f, 0xe0,
    0x0,

    /* U+4EE5 "以" */
    0x1c, 0xe, 0x0, 0x1c, 0xe, 0x7, 0x0, 0xe,
    0x7, 0x3, 0x80, 0x7, 0x3, 0x80, 0x38, 0x3,
    0x81, 0xc0, 0x1c, 0x1, 0xc0, 0xe0, 0xe, 0x0,
    0xe0, 0x70, 0x0, 0xe0, 0x70, 0x38, 0x0, 0x70,
    0x38, 0x1c, 0x0, 0x38, 0x1c, 0xe, 0x0, 0x1c,
    0xe, 0x7, 0x0, 0xe, 0x7, 0x3, 0x80, 0x7,
    0x3, 0x81, 0xc0, 0x0, 0x1, 0xc0, 0xe0, 0x0,
    0x0, 0xe0, 0x70, 0x0, 0x0, 0x70, 0x38, 0x0,
    0x0, 0x38, 0x1c, 0x0, 0x0, 0x1c, 0xe, 0x0,
    0x0, 0xe, 0x7, 0x0, 0x70, 0x38, 0x3, 0x80,
    0x38, 0x1c, 0x1, 0xc0, 0x1c, 0xe, 0x0, 0xe3,
    0xf0, 0x7, 0x0, 0x71, 0xf8, 0x3, 0x80, 0x38,
    0xfc, 0x1, 0xc0, 0xff, 0x80, 0x7, 0x1c, 0x7f,
    0xc0, 0x3, 0x8e, 0x3f, 0xe0, 0x1, 0xc7, 0x0,
    0x0, 0x3f, 0x0, 0x70, 0x0, 0x1f, 0x80, 0x38,
    0x0, 0xf, 0xc0, 0x1c, 0xf, 0xf8, 0x0, 0xe,
    0x7, 0xfc, 0x0, 0x7, 0x3, 0xfe, 0x0, 0x3,
    0x80,

    /* U+4EF6 "件" */
    0x3, 0x8e, 0x7, 0x0, 0x1, 0xc7, 0x3, 0x80,
    0x0, 0xe3, 0x81, 0xc0, 0x0, 0x71, 0xc0, 0xe0,
    0x0, 0x38, 0xe0, 0x70, 0x0, 0x1c, 0x70, 0x38,
    0x0, 0x70, 0x3f, 0xff, 0xfe, 0x38, 0x1f, 0xff,
    0xff, 0x1c, 0xf, 0xff, 0xff, 0x8e, 0x38, 0x3,
    0x80, 0x7, 0x1c, 0x1, 0xc0, 0x3, 0x8e, 0x0,
    0xe0, 0xf, 0xc7, 0x0, 0x70, 0x7, 0xe3, 0x80,
    0x38, 0x3, 0xf1, 0xc0, 0x1c, 0x0, 0x38, 0x0,
    0xe, 0x0, 0x1c, 0x0, 0x7, 0x0, 0xe, 0x0,
    0x3, 0x80, 0x7, 0x1f, 0xff, 0xff, 0xe3, 0x8f,
    0xff, 0xff, 0xf1, 0xc7, 0xff, 0xff, 0xf8, 0xe0,
    0x0, 0x38, 0x0, 0x70, 0x0, 0x1c, 0x0, 0x38,
    0x0, 0xe, 0x0, 0x1c, 0x0, 0x7, 0x0, 0xe,
    0x0, 0x3, 0x80, 0x7, 0x0, 0x1, 0xc0, 0x3,
    0x80, 0x0, 0xe0, 0x1, 0xc0, 0x0, 0x70, 0x0,
    0xe0, 0x0, 0x38, 0x0, 0x70, 0x0, 0x1c, 0x0,
    0x38, 0x0, 0xe, 0x0, 0x1c, 0x0, 0x7, 0x0,
    0x0,

    /* U+4EFB "任" */
    0x3, 0x80, 0x0, 0xff, 0x81, 0xc0, 0x0, 0x7f,
    0xc0, 0xe0, 0x0, 0x3f, 0xe0, 0x71, 0xff, 0xe0,
    0x0, 0x38, 0xff, 0xf0, 0x0, 0x1c, 0x7f, 0xf8,
    0x0, 0x70, 0x0, 0x1c, 0x0, 0x38, 0x0, 0xe,
    0x0, 0x1c, 0x0, 0x7, 0x0, 0xe, 0x0, 0x3,
    0x80, 0x7, 0x0, 0x1, 0xc0, 0x3, 0x80, 0x0,
    0xe0, 0xf, 0xc0, 0x0, 0x70, 0x7, 0xe0, 0x0,
    0x38, 0x3, 0xf0, 0x0, 0x1c, 0x0, 0x38, 0xff,
    0xff, 0xff, 0x1c, 0x7f, 0xff, 0xff, 0x8e, 0x3f,
    0xff, 0xff, 0xc7, 0x0, 0x1, 0xc0, 0x3, 0x80,
    0x0, 0xe0, 0x1, 0xc0, 0x0, 0x70, 0x0, 0xe0,
    0x0, 0x38, 0x0, 0x70, 0x0, 0x1c, 0x0, 0x38,
    0x0, 0xe, 0x0, 0x1c, 0x0, 0x7, 0x0, 0xe,
    0x0, 0x3, 0x80, 0x7, 0x0, 0x1, 0xc0, 0x3,
    0x80, 0x0, 0xe0, 0x1, 0xc0, 0x0, 0x70, 0x0,
    0xe0, 0x0, 0x38, 0x0, 0x70, 0x3f, 0xff, 0xfe,
    0x38, 0x1f, 0xff, 0xff, 0x1c, 0xf, 0xff, 0xff,
    0x80,

    /* U+4F1A "会" */
    0x0, 0xf, 0xf8, 0x0, 0x0, 0x7, 0xfc, 0x0,
    0x0, 0x3, 0xfe, 0x0, 0x0, 0xe, 0x0, 0xe0,
    0x0, 0x7, 0x0, 0x70, 0x0, 0x3, 0x80, 0x38,
    0x0, 0xe, 0x0, 0x3, 0x80, 0x7, 0x0, 0x1,
    0xc0, 0x3, 0x80, 0x0, 0xe0, 0x7e, 0x3f, 0xff,
    0x8f, 0xff, 0x1f, 0xff, 0xc7, 0xff, 0x8f, 0xff,
    0xe3, 0xf0, 0x0, 0x0, 0x0, 0x0, 0x0, 0x0,
    0x0, 0x0, 0x0, 0x0, 0x0, 0x0, 0x0, 0x0,
    0x0, 0x0, 0x0, 0x0, 0x0, 0x0, 0x0, 0x0,
    0x0, 0x0, 0x7, 0xff, 0xff, 0xff, 0x3, 0xff,
    0xff, 0xff, 0x81, 0xff, 0xff, 0xff, 0xc0, 0x0,
    0x70, 0x0, 0x0, 0x0, 0x38, 0x0, 0x0, 0x0,
    0x1c, 0x0, 0x0, 0x0, 0x70, 0x0, 0xe0, 0x0,
    0x38, 0x0, 0x70, 0x0, 0x1c, 0x0, 0x38, 0x0,
    0x70, 0x7, 0xe3, 0x80, 0x38, 0x3, 0xf1, 0xc0,
    0x1c, 0x1, 0xf8, 0xe0, 0x7f, 0xff, 0x0, 0x70,
    0x3f, 0xff, 0x80, 0x38, 0x1f, 0xff, 0xc0, 0x1c,
    0x0,

    /* U+4F3A "伺" */
    0x3, 0x8f, 0xff, 0xfc, 0x1, 0xc7, 0xff, 0xfe,
    0x0, 0xe3, 0xff, 0xff, 0x0, 0x70, 0x0, 0x0,
    0x70, 0x38, 0x0, 0x0, 0x38, 0x1c, 0x0, 0x0,
    0x1c, 0x70, 0x3f, 0xff, 0x8e, 0x38, 0x1f, 0xff,
    0xc7, 0x1c, 0xf, 0xff, 0xe3, 0x8e, 0x0, 0x0,
    0x1, 0xc7, 0x0, 0x0, 0x0, 0xe3, 0x80, 0x0,
    0x0, 0x7f, 0xc0, 0x1f, 0xf0, 0x3f, 0xe0, 0xf,
    0xf8, 0x1f, 0xf0, 0x7, 0xfc, 0xe, 0x38, 0x1c,
    0x1, 0xc7, 0x1c, 0xe, 0x0, 0xe3, 0x8e, 0x7,
    0x0, 0x71, 0xc7, 0x3, 0x80, 0x38, 0xe3, 0x81,
    0xc0, 0x1c, 0x71, 0xc0, 0xe0, 0xe, 0x38, 0xe0,
    0x70, 0x7, 0x1c, 0x70, 0x38, 0x3, 0x8e, 0x38,
    0x1c, 0x1, 0xc7, 0x1c, 0x1, 0xff, 0x3, 0x8e,
    0x0, 0xff, 0x81, 0xc7, 0x0, 0x7f, 0xc0, 0xe3,
    0x80, 0x0, 0x0, 0x71, 0xc0, 0x0, 0x0, 0x38,
    0xe0, 0x0, 0x0, 0x1c, 0x70, 0x0, 0x1f, 0xf0,
    0x38, 0x0, 0xf, 0xf8, 0x1c, 0x0, 0x7, 0xfc,
    0x0,

    /* U+4F4D "位" */
    0x3, 0x80, 0x7, 0x0, 0x1, 0xc0, 0x3, 0x80,
    0x0, 0xe0, 0x1, 0xc0, 0x0, 0x71, 0xff, 0xff,
    0xf0, 0x38, 0xff, 0xff, 0xf8, 0x1c, 0x7f, 0xff,
    0xfc, 0x70, 0x0, 0x0, 0x0, 0x38, 0x0, 0x0,
    0x0, 0x1c, 0x0, 0x0, 0x0, 0xe, 0x7, 0x0,
    0x1, 0xc7, 0x3, 0x80, 0x0, 0xe3, 0x81, 0xc0,
    0x0, 0x7f, 0xc0, 0xe0, 0x0, 0x3f, 0xe0, 0x70,
    0x0, 0x1f, 0xf0, 0x38, 0x0, 0xe, 0x38, 0x3,
    0x80, 0x7, 0x1c, 0x1, 0xc0, 0x3, 0x8e, 0x0,
    0xe0, 0x1, 0xc7, 0x0, 0x70, 0x7, 0x3, 0x80,
    0x38, 0x3, 0x81, 0xc0, 0x1c, 0x1, 0xc0, 0xe0,
    0xe, 0x0, 0xe0, 0x70, 0x7, 0x0, 0x70, 0x38,
    0x3, 0x80, 0x38, 0x1c, 0x1, 0xc0, 0xe0, 0xe,
    0x0, 0xe0, 0x70, 0x7, 0x0, 0x70, 0x38, 0x3,
    0x80, 0x0, 0x1c, 0x1, 0xc0, 0x0, 0xe, 0x0,
    0xe0, 0x0, 0x7, 0x0, 0x71, 0xff, 0xff, 0xfe,
    0x38, 0xff, 0xff, 0xff, 0x1c, 0x7f, 0xff, 0xff,
    0x80,

    /* U+4F4F "住" */
    0x3, 0x80, 0x38, 0x0, 0x1, 0xc0, 0x1c, 0x0,
    0x0, 0xe0, 0xe, 0x0, 0x0, 0x70, 0x0, 0xe0,
    0x0, 0x38, 0x0, 0x70, 0x0, 0x1c, 0x0, 0x38,
    0x0, 0x70, 0x3f, 0xff, 0xfe, 0x38, 0x1f, 0xff,
    0xff, 0x1c, 0xf, 0xff, 0xff, 0x8e, 0x0, 0x3,
    0x80, 0x7, 0x0, 0x1, 0xc0, 0x3, 0x80, 0x0,
    0xe0, 0xf, 0xc0, 0x0, 0x70, 0x7, 0xe0, 0x0,
    0x38, 0x3, 0xf0, 0x0, 0x1c, 0x0, 0x38, 0x0,
    0xe, 0x0, 0x1c, 0x0, 0x7, 0x0, 0xe, 0x0,
    0x3, 0x80, 0x7, 0x3, 0xff, 0xff, 0xe3, 0x81,
    0xff, 0xff, 0xf1, 0xc0, 0xff, 0xff, 0xf8, 0xe0,
    0x0, 0x38, 0x0, 0x70, 0x0, 0x1c, 0x0, 0x38,
    0x0, 0xe, 0x0, 0x1c, 0x0, 0x7, 0x0, 0xe,
    0x0, 0x3, 0x80, 0x7, 0x0, 0x1, 0xc0, 0x3,
    0x80, 0x0, 0xe0, 0x1, 0xc0, 0x0, 0x70, 0x0,
    0xe0, 0x0, 0x38, 0x0, 0x71, 0xff, 0xff, 0xfe,
    0x38, 0xff, 0xff, 0xff, 0x1c, 0x7f, 0xff, 0xff,
    0x80,

    /* U+4F53 "体" */
    0x3, 0x80, 0x7, 0x0, 0x1, 0xc0, 0x3, 0x80,
    0x0, 0xe0, 0x1, 0xc0, 0x0, 0x70, 0x0, 0xe0,
    0x0, 0x38, 0x0, 0x70, 0x0, 0x1c, 0x0, 0x38,
    0x0, 0x70, 0x3f, 0xff, 0xfe, 0x38, 0x1f, 0xff,
    0xff, 0x1c, 0xf, 0xff, 0xff, 0x8e, 0x0, 0x3,
    0x80, 0x7, 0x0, 0x1, 0xc0, 0x3, 0x80, 0x0,
    0xe0, 0xf, 0xc0, 0x3, 0xfe, 0x7, 0xe0, 0x1,
    0xff, 0x3, 0xf0, 0x0, 0xff, 0x80, 0x38, 0x3,
    0x8e, 0x38, 0x1c, 0x1, 0xc7, 0x1c, 0xe, 0x0,
    0xe3, 0x8e, 0x7, 0x3, 0x81, 0xc0, 0xe3, 0x81,
    0xc0, 0xe0, 0x71, 0xc0, 0xe0, 0x70, 0x38, 0xe3,
    0x80, 0x38, 0x0, 0x71, 0xc0, 0x1c, 0x0, 0x38,
    0xe0, 0xe, 0x0, 0x1c, 0x1, 0xff, 0xfc, 0xe,
    0x0, 0xff, 0xfe, 0x7, 0x0, 0x7f, 0xff, 0x3,
    0x80, 0x0, 0xe0, 0x1, 0xc0, 0x0, 0x70, 0x0,
    0xe0, 0x0, 0x38, 0x0, 0x70, 0x0, 0x1c, 0x0,
    0x38, 0x0, 0xe, 0x0, 0x1c, 0x0, 0x7, 0x0,
    0x0,

    /* U+4F55 "何" */
    0x3, 0x80, 0x0, 0x0, 0x1, 0xc0, 0x0, 0x0,
    0x0, 0xe0, 0x0, 0x0, 0x0, 0x71, 0xff, 0xff,
    0xf0, 0x38, 0xff, 0xff, 0xf8, 0x1c, 0x7f, 0xff,
    0xfc, 0x70, 0x0, 0x0, 0x70, 0x38, 0x0, 0x0,
    0x38, 0x1c, 0x0, 0x0, 0x1c, 0xe, 0x7, 0xfc,
    0xe, 0x7, 0x3, 0xfe, 0x7, 0x3, 0x81, 0xff,
    0x3, 0x8f, 0xc7, 0x0, 0x71, 0xc7, 0xe3, 0x80,
    0x38, 0xe3, 0xf1, 0xc0, 0x1c, 0x70, 0x38, 0xe0,
    0xe, 0x38, 0x1c, 0x70, 0x7, 0x1c, 0xe, 0x38,
    0x3, 0x8e, 0x7, 0x1c, 0x1, 0xc7, 0x3, 0x8e,
    0x0, 0xe3, 0x81, 0xc7, 0x0, 0x71, 0xc0, 0xe3,
    0x80, 0x38, 0xe0, 0x71, 0xc0, 0x1c, 0x70, 0x38,
    0xe0, 0xe, 0x38, 0x1c, 0xf, 0xf8, 0x1c, 0xe,
    0x7, 0xfc, 0xe, 0x7, 0x3, 0xfe, 0x7, 0x3,
    0x80, 0x0, 0x3, 0x81, 0xc0, 0x0, 0x1, 0xc0,
    0xe0, 0x0, 0x0, 0xe0, 0x70, 0x0, 0xff, 0x80,
    0x38, 0x0, 0x7f, 0xc0, 0x1c, 0x0, 0x3f, 0xe0,
    0x0,

    /* U+4F59 "余" */
    0x0, 0xf, 0xf8, 0x0, 0x0, 0x7, 0xfc, 0x0,
    0x0, 0x3, 0xfe, 0x0, 0x0, 0xe, 0x0, 0xe0,
    0x0, 0x7, 0x0, 0x70, 0x0, 0x3, 0x80, 0x38,
    0x0, 0xe, 0x0, 0x3, 0x80, 0x7, 0x0, 0x1,
    0xc0, 0x3, 0x80, 0x0, 0xe0, 0x7e, 0x3f, 0xff,
    0x8f, 0xff, 0x1f, 0xff, 0xc7, 0xff, 0x8f, 0xff,
    0xe3, 0xf0, 0x0, 0x1c, 0x0, 0x0, 0x0, 0xe,
    0x0, 0x0, 0x0, 0x7, 0x0, 0x0, 0x0, 0x3,
    0x80, 0x0, 0x0, 0x1, 0xc0, 0x0, 0x0, 0x0,
    0xe0, 0x0, 0x7, 0xff, 0xff, 0xff, 0x3, 0xff,
    0xff, 0xff, 0x81, 0xff, 0xff, 0xff, 0xc0, 0x0,
    0xe, 0x0, 0x0, 0x0, 0x7, 0x0, 0x0, 0x0,
    0x3, 0x80, 0x0, 0x3, 0x81, 0xc0, 0xfc, 0x1,
    0xc0, 0xe0, 0x7e, 0x0, 0xe0, 0x70, 0x3f, 0x1f,
    0x80, 0x38, 0x0, 0x7f, 0xc0, 0x1c, 0x0, 0x3f,
    0xe0, 0xe, 0x0, 0x1c, 0x1, 0xf8, 0x0, 0x0,
    0x0, 0xfc, 0x0, 0x0, 0x0, 0x7e, 0x0, 0x0,
    0x0,

    /* U+4F5C "作" */
    0x3, 0x81, 0xc0, 0x0, 0x1, 0xc0, 0xe0, 0x0,
    0x0, 0xe0, 0x70, 0x0, 0x0, 0x70, 0x3f, 0xff,
    0xf0, 0x38, 0x1f, 0xff, 0xf8, 0x1c, 0xf, 0xff,
    0xfc, 0x70, 0x38, 0x1c, 0x0, 0x38, 0x1c, 0xe,
    0x0, 0x1c, 0xe, 0x7, 0x0, 0xe, 0x7, 0x3,
    0x80, 0x7, 0x3, 0x81, 0xc0, 0x3, 0x81, 0xc0,
    0xe0, 0xf, 0xc7, 0x0, 0x7f, 0xff, 0xe3, 0x80,
    0x3f, 0xff, 0xf1, 0xc0, 0x1f, 0xfe, 0x38, 0x0,
    0xe, 0x0, 0x1c, 0x0, 0x7, 0x0, 0xe, 0x0,
    0x3, 0x80, 0x7, 0x0, 0x1, 0xc0, 0x3, 0x80,
    0x0, 0xe0, 0x1, 0xc0, 0x0, 0x70, 0x0, 0xe0,
    0x0, 0x3f, 0xfc, 0x70, 0x0, 0x1f, 0xfe, 0x38,
    0x0, 0xf, 0xff, 0x1c, 0x0, 0x7, 0x0, 0xe,
    0x0, 0x3, 0x80, 0x7, 0x0, 0x1, 0xc0, 0x3,
    0x80, 0x0, 0xe0, 0x1, 0xc0, 0x0, 0x70, 0x0,
    0xe0, 0x0, 0x38, 0x0, 0x70, 0x0, 0x1c, 0x0,
    0x38, 0x0, 0xe, 0x0, 0x1c, 0x0, 0x7, 0x0,
    0x0,

    /* U+4F7F "使" */
    0x3, 0x80, 0x7, 0x0, 0x1, 0xc0, 0x3, 0x80,
    0x0, 0xe0, 0x1, 0xc0, 0x0, 0x71, 0xff, 0xff,
    0xf0, 0x38, 0xff, 0xff, 0xf8, 0x1c, 0x7f, 0xff,
    0xfc, 0x70, 0x0, 0x1c, 0x0, 0x38, 0x0, 0xe,
    0x0, 0x1c, 0x0, 0x7, 0x0, 0xe, 0x7, 0xff,
    0xfe, 0x7, 0x3, 0xff, 0xff, 0x3, 0x81, 0xff,
    0xff, 0x8f, 0xc7, 0x0, 0x70, 0x3f, 0xe3, 0x80,
    0x38, 0x1f, 0xf1, 0xc0, 0x1c, 0xe, 0x38, 0xe0,
    0xe, 0x7, 0x1c, 0x70, 0x7, 0x3, 0x8e, 0x38,
    0x3, 0x81, 0xc7, 0x3, 0xff, 0xff, 0x3, 0x81,
    0xff, 0xff, 0x81, 0xc0, 0xff, 0xff, 0xc0, 0xe3,
    0x80, 0x38, 0x0, 0x71, 0xc0, 0x1c, 0x0, 0x38,
    0xe0, 0xe, 0x0, 0x1c, 0xe, 0x38, 0x0, 0xe,
    0x7, 0x1c, 0x0, 0x7, 0x3, 0x8e, 0x0, 0x3,
    0x80, 0x3f, 0x0, 0x1, 0xc0, 0x1f, 0x80, 0x0,
    0xe0, 0xf, 0xc0, 0x0, 0x71, 0xf8, 0x1f, 0xfe,
    0x38, 0xfc, 0xf, 0xff, 0x1c, 0x7e, 0x7, 0xff,
    0x80,

    /* U+4F9B "供" */
    0x3, 0x81, 0xc0, 0x1c, 0x1, 0xc0, 0xe0, 0xe,
    0x0, 0xe0, 0x70, 0x7, 0x0, 0x70, 0x38, 0x3,
    0x80, 0x38, 0x1c, 0x1, 0xc0, 0x1c, 0xe, 0x0,
    0xe0, 0x71, 0xff, 0xff, 0xfe, 0x38, 0xff, 0xff,
    0xff, 0x1c, 0x7f, 0xff, 0xff, 0x8e, 0x0, 0xe0,
    0xe, 0x7, 0x0, 0x70, 0x7, 0x3, 0x80, 0x38,
    0x3, 0x8f, 0xc0, 0x1c, 0x1, 0xc7, 0xe0, 0xe,
    0x0, 0xe3, 0xf0, 0x7, 0x0, 0x70, 0x38, 0x3,
    0x80, 0x38, 0x1c, 0x1, 0xc0, 0x1c, 0xe, 0x0,
    0xe0, 0xe, 0x7, 0x0, 0x70, 0x7, 0x3, 0x80,
    0x38, 0x3, 0x81, 0xc0, 0x1c, 0x1, 0xc0, 0xe3,
    0xff, 0xff, 0xfc, 0x71, 0xff, 0xff, 0xfe, 0x38,
    0xff, 0xff, 0xff, 0x1c, 0x0, 0x0, 0x0, 0xe,
    0x0, 0x0, 0x0, 0x7, 0x0, 0x0, 0x0, 0x3,
    0x80, 0x38, 0x3, 0x81, 0xc0, 0x1c, 0x1, 0xc0,
    0xe0, 0xe, 0x0, 0xe0, 0x71, 0xf8, 0x0, 0xe,
    0x38, 0xfc, 0x0, 0x7, 0x1c, 0x7e, 0x0, 0x3,
    0x80,

    /* U+4FDD "保" */
    0x3, 0x81, 0xff, 0xfc, 0x1, 0xc0, 0xff, 0xfe,
    0x0, 0xe0, 0x7f, 0xff, 0x0, 0x71, 0xc0, 0x0,
    0x70, 0x38, 0xe0, 0x0, 0x38, 0x1c, 0x70, 0x0,
    0x1c, 0x70, 0x38, 0x0, 0xe, 0x38, 0x1c, 0x0,
    0x7, 0x1c, 0xe, 0x0, 0x3, 0x8e, 0x7, 0x0,
    0x1, 0xc7, 0x3, 0x80, 0x0, 0xe3, 0x81, 0xc0,
    0x0, 0x7f, 0xc0, 0x1f, 0xff, 0xc7, 0xe0, 0xf,
    0xff, 0xe3, 0xf0, 0x7, 0xff, 0xf0, 0x38, 0x0,
    0xe, 0x0, 0x1c, 0x0, 0x7, 0x0, 0xe, 0x0,
    0x3, 0x80, 0x7, 0x1f, 0xff, 0xff, 0xe3, 0x8f,
    0xff, 0xff, 0xf1, 0xc7, 0xff, 0xff, 0xf8, 0xe0,
    0x0, 0x38, 0x0, 0x70, 0x0, 0x1c, 0x0, 0x38,
    0x0, 0xe, 0x0, 0x1c, 0x0, 0x3f, 0xe0, 0xe,
    0x0, 0x1f, 0xf0, 0x7, 0x0, 0xf, 0xf8, 0x3,
    0x80, 0x38, 0xe3, 0x81, 0xc0, 0x1c, 0x71, 0xc0,
    0xe0, 0xe, 0x38, 0xe0, 0x71, 0xf8, 0x1c, 0xe,
    0x38, 0xfc, 0xe, 0x7, 0x1c, 0x7e, 0x7, 0x3,
    0x80,

    /* U+4FE1 "信" */
    0x3, 0x8f, 0xff, 0xfc, 0x1, 0xc7, 0xff, 0xfe,
    0x0, 0xe3, 0xff, 0xff, 0x0, 0x70, 0x0, 0x0,
    0x0, 0x38, 0x0, 0x0, 0x0, 0x1c, 0x0, 0x0,
    0x0, 0x71, 0xff, 0xff, 0xfe, 0x38, 0xff, 0xff,
    0xff, 0x1c, 0x7f, 0xff, 0xff, 0x8e, 0x0, 0x0,
    0x0, 0x7, 0x0, 0x0, 0x0, 0x3, 0x80, 0x0,
    0x0, 0xf, 0xc0, 0xff, 0xff, 0xc7, 0xe0, 0x7f,
    0xff, 0xe3, 0xf0, 0x3f, 0xff, 0xf0, 0x38, 0x0,
    0x0, 0x0, 0x1c, 0x0, 0x0, 0x0, 0xe, 0x0,
    0x0, 0x0, 0x7, 0x3, 0xff, 0xff, 0x3, 0x81,
    0xff, 0xff, 0x81, 0xc0, 0xff, 0xff, 0xc0, 0xe3,
    0x80, 0x0, 0x1c, 0x71, 0xc0, 0x0, 0xe, 0x38,
    0xe0, 0x0, 0x7, 0x1c, 0x70, 0x0, 0x3, 0x8e,
    0x38, 0x0, 0x1, 0xc7, 0x1c, 0x0, 0x0, 0xe3,
    0x8e, 0x0, 0x0, 0x71, 0xc7, 0x0, 0x0, 0x38,
    0xe3, 0x80, 0x0, 0x1c, 0x70, 0x3f, 0xff, 0xf0,
    0x38, 0x1f, 0xff, 0xf8, 0x1c, 0xf, 0xff, 0xfc,
    0x0,

    /* U+500B "個" */
    0x3, 0x8f, 0xff, 0xfc, 0x1, 0xc7, 0xff, 0xfe,
    0x0, 0xe3, 0xff, 0xff, 0x0, 0x7e, 0x0, 0x0,
    0x70, 0x3f, 0x0, 0x0, 0x38, 0x1f, 0x80, 0x0,
    0x1c, 0x71, 0xc0, 0x1c, 0xe, 0x38, 0xe0, 0xe,
    0x7, 0x1c, 0x70, 0x7, 0x3, 0x8e, 0x38, 0xff,
    0xf1, 0xc7, 0x1c, 0x7f, 0xf8, 0xe3, 0x8e, 0x3f,
    0xfc, 0x7f, 0xc7, 0x0, 0x70, 0x3f, 0xe3, 0x80,
    0x38, 0x1f, 0xf1, 0xc0, 0x1c, 0xe, 0x38, 0xe0,
    0x7e, 0x7, 0x1c, 0x70, 0x3f, 0x3, 0x8e, 0x38,
    0x1f, 0x81, 0xc7, 0x1c, 0x70, 0x38, 0xe3, 0x8e,
    0x38, 0x1c, 0x71, 0xc7, 0x1c, 0xe, 0x38, 0xe3,
    0x8e, 0x7, 0x1c, 0x71, 0xc7, 0x3, 0x8e, 0x38,
    0xe3, 0x81, 0xc7, 0x1c, 0x70, 0x3f, 0x3, 0x8e,
    0x38, 0x1f, 0x81, 0xc7, 0x1c, 0xf, 0xc0, 0xe3,
    0x8e, 0x0, 0x0, 0x71, 0xc7, 0x0, 0x0, 0x38,
    0xe3, 0x80, 0x0, 0x1c, 0x70, 0x3f, 0xff, 0xf0,
    0x38, 0x1f, 0xff, 0xf8, 0x1c, 0xf, 0xff, 0xfc,
    0x0,

    /* U+5019 "候" */
    0x3, 0x81, 0xff, 0xe0, 0x1, 0xc0, 0xff, 0xf0,
    0x0, 0xe0, 0x7f, 0xf8, 0x0, 0x70, 0x0, 0x3,
    0x80, 0x38, 0x0, 0x1, 0xc0, 0x1c, 0x0, 0x0,
    0xe0, 0x71, 0xc0, 0x0, 0x70, 0x38, 0xe0, 0x0,
    0x38, 0x1c, 0x70, 0x0, 0x1c, 0xe, 0x3f, 0xff,
    0xff, 0xc7, 0x1f, 0xff, 0xff, 0xe3, 0x8f, 0xff,
    0xff, 0xff, 0xc7, 0x1c, 0x0, 0x7, 0xe3, 0x8e,
    0x0, 0x3, 0xf1, 0xc7, 0x0, 0x0, 0x38, 0xe3,
    0xff, 0xff, 0x1c, 0x71, 0xff, 0xff, 0x8e, 0x38,
    0xff, 0xff, 0xc7, 0x1f, 0x81, 0xc0, 0x3, 0x8f,
    0xc0, 0xe0, 0x1, 0xc7, 0xe0, 0x70, 0x0, 0xe3,
    0x8f, 0xff, 0xfc, 0x71, 0xc7, 0xff, 0xfe, 0x38,
    0xe3, 0xff, 0xff, 0x1c, 0x70, 0x7, 0x0, 0xe,
    0x38, 0x3, 0x80, 0x7, 0x1c, 0x1, 0xc0, 0x3,
    0x80, 0x7, 0x1c, 0x1, 0xc0, 0x3, 0x8e, 0x0,
    0xe0, 0x1, 0xc7, 0x0, 0x70, 0x3f, 0x0, 0x7e,
    0x38, 0x1f, 0x80, 0x3f, 0x1c, 0xf, 0xc0, 0x1f,
    0x80,

    /* U+5047 "假" */
    0x3, 0x8f, 0xc7, 0xfc, 0x1, 0xc7, 0xe3, 0xfe,
    0x0, 0xe3, 0xf1, 0xff, 0x0, 0x7e, 0x7, 0x0,
    0x70, 0x3f, 0x3, 0x80, 0x38, 0x1f, 0x81, 0xc0,
    0x1c, 0x71, 0xc0, 0xe0, 0xe, 0x38, 0xe0, 0x70,
    0x7, 0x1c, 0x70, 0x38, 0x3, 0x8e, 0x38, 0x1c,
    0x7e, 0x7, 0x1c, 0xe, 0x3f, 0x3, 0x8e, 0x7,
    0x1f, 0x8f, 0xc7, 0xfc, 0x0, 0x7, 0xe3, 0xfe,
    0x0, 0x3, 0xf1, 0xff, 0x0, 0x0, 0x38, 0xe0,
    0xf, 0xf8, 0x1c, 0x70, 0x7, 0xfc, 0xe, 0x38,
    0x3, 0xfe, 0x7, 0x1f, 0xfe, 0x0, 0xe3, 0x8f,
    0xff, 0x0, 0x71, 0xc7, 0xff, 0x80, 0x38, 0xe3,
    0x80, 0x7, 0x1c, 0x71, 0xc0, 0x3, 0x8e, 0x38,
    0xe0, 0x1, 0xc7, 0x1c, 0x7f, 0xf8, 0x1c, 0xe,
    0x3f, 0xfc, 0xe, 0x7, 0x1f, 0xfe, 0x7, 0x3,
    0x8e, 0x0, 0x1c, 0x71, 0xc7, 0x0, 0xe, 0x38,
    0xe3, 0x80, 0x7, 0x1c, 0x71, 0xc0, 0xfc, 0xe,
    0x38, 0xe0, 0x7e, 0x7, 0x1c, 0x70, 0x3f, 0x3,
    0x80,

    /* U+504F "偏" */
    0x3, 0x8f, 0xff, 0xff, 0x81, 0xc7, 0xff, 0xff,
    0xc0, 0xe3, 0xff, 0xff, 0xe0, 0x70, 0x0, 0x0,
    0x0, 0x38, 0x0, 0x0, 0x0, 0x1c, 0x0, 0x0,
    0x0, 0x70, 0x3f, 0xff, 0xf0, 0x38, 0x1f, 0xff,
    0xf8, 0x1c, 0xf, 0xff, 0xfc, 0xe, 0x38, 0x0,
    0x1, 0xc7, 0x1c, 0x0, 0x0, 0xe3, 0x8e, 0x0,
    0x0, 0x7f, 0xc7, 0xff, 0xff, 0xc7, 0xe3, 0xff,
    0xff, 0xe3, 0xf1, 0xff, 0xff, 0xf0, 0x38, 0xe0,
    0x0, 0x0, 0x1c, 0x70, 0x0, 0x0, 0xe, 0x38,
    0x0, 0x0, 0x7, 0x1c, 0x7f, 0xff, 0x3, 0x8e,
    0x3f, 0xff, 0x81, 0xc7, 0x1f, 0xff, 0xc0, 0xe3,
    0xf1, 0xc7, 0x1c, 0x71, 0xf8, 0xe3, 0x8e, 0x38,
    0xfc, 0x71, 0xc7, 0x1f, 0x8f, 0xff, 0xff, 0x8f,
    0xc7, 0xff, 0xff, 0xc7, 0xe3, 0xff, 0xff, 0xe3,
    0x81, 0xc7, 0x1c, 0x71, 0xc0, 0xe3, 0x8e, 0x38,
    0xe0, 0x71, 0xc7, 0x1c, 0x70, 0x38, 0xe3, 0xf0,
    0x38, 0x1c, 0x71, 0xf8, 0x1c, 0xe, 0x38, 0xfc,
    0x0,

    /* U+505C "停" */
    0x3, 0x80, 0x7, 0x0, 0x1, 0xc0, 0x3, 0x80,
    0x0, 0xe0, 0x1, 0xc0, 0x0, 0x71, 0xff, 0xff,
    0xf0, 0x38, 0xff, 0xff, 0xf8, 0x1c, 0x7f, 0xff,
    0xfc, 0x70, 0x0, 0x0, 0x0, 0x38, 0x0, 0x0,
    0x0, 0x1c, 0x0, 0x0, 0x0, 0xe, 0x0, 0xff,
    0xf0, 0x7, 0x0, 0x7f, 0xf8, 0x3, 0x80, 0x3f,
    0xfc, 0xf, 0xc0, 0xe0, 0x1, 0xc7, 0xe0, 0x70,
    0x0, 0xe3, 0xf0, 0x38, 0x0, 0x70, 0x38, 0x1f,
    0xff, 0xf8, 0x1c, 0xf, 0xff, 0xfc, 0xe, 0x7,
    0xff, 0xfe, 0x7, 0x1c, 0x0, 0x0, 0xe3, 0x8e,
    0x0, 0x0, 0x71, 0xc7, 0x0, 0x0, 0x38, 0xe3,
    0x8f, 0xff, 0x1c, 0x71, 0xc7, 0xff, 0x8e, 0x38,
    0xe3, 0xff, 0xc7, 0x1c, 0x0, 0x7, 0x0, 0xe,
    0x0, 0x3, 0x80, 0x7, 0x0, 0x1, 0xc0, 0x3,
    0x80, 0x0, 0xe0, 0x1, 0xc0, 0x0, 0x70, 0x0,
    0xe0, 0x0, 0x38, 0x0, 0x70, 0x3f, 0xe0, 0x0,
    0x38, 0x1f, 0xf0, 0x0, 0x1c, 0xf, 0xf8, 0x0,
    0x0,

    /* U+5074 "側" */
    0x3, 0x8f, 0xc0, 0x3, 0x81, 0xc7, 0xe0, 0x1,
    0xc0, 0xe3, 0xf0, 0x0, 0xe0, 0x7e, 0x7, 0x1c,
    0x70, 0x3f, 0x3, 0x8e, 0x38, 0x1f, 0x81, 0xc7,
    0x1c, 0x71, 0xc0, 0xe3, 0x8e, 0x38, 0xe0, 0x71,
    0xc7, 0x1c, 0x70, 0x38, 0xe3, 0x8e, 0x3f, 0xfc,
    0x71, 0xc7, 0x1f, 0xfe, 0x38, 0xe3, 0x8f, 0xff,
    0x1c, 0x7f, 0xc7, 0x3, 0x8e, 0x3f, 0xe3, 0x81,
    0xc7, 0x1f, 0xf1, 0xc0, 0xe3, 0x8e, 0x38, 0xe0,
    0x71, 0xc7, 0x1c, 0x70, 0x38, 0xe3, 0x8e, 0x38,
    0x1c, 0x71, 0xc7, 0x1f, 0xfe, 0x38, 0xe3, 0x8f,
    0xff, 0x1c, 0x71, 0xc7, 0xff, 0x8e, 0x38, 0xe3,
    0x81, 0xc7, 0x1c, 0x71, 0xc0, 0xe3, 0x8e, 0x38,
    0xe0, 0x71, 0xc7, 0x1c, 0x70, 0x38, 0x3, 0x8e,
    0x38, 0x1c, 0x1, 0xc7, 0x1c, 0xe, 0x0, 0xe3,
    0x81, 0xf8, 0x0, 0x71, 0xc0, 0xfc, 0x0, 0x38,
    0xe0, 0x7e, 0x0, 0x1c, 0x71, 0xc0, 0xe3, 0xf0,
    0x38, 0xe0, 0x71, 0xf8, 0x1c, 0x70, 0x38, 0xfc,
    0x0,

    /* U+5075 "偵" */
    0x3, 0x81, 0xc0, 0x0, 0x1, 0xc0, 0xe0, 0x0,
    0x0, 0xe0, 0x70, 0x0, 0x0, 0x70, 0x3f, 0xff,
    0x80, 0x38, 0x1f, 0xff, 0xc0, 0x1c, 0xf, 0xff,
    0xe0, 0x70, 0x7, 0x0, 0x0, 0x38, 0x3, 0x80,
    0x0, 0x1c, 0x1, 0xc0, 0x0, 0xe, 0x7, 0xff,
    0xf0, 0x7, 0x3, 0xff, 0xf8, 0x3, 0x81, 0xff,
    0xfc, 0xf, 0xc7, 0x0, 0x1, 0xc7, 0xe3, 0x80,
    0x0, 0xe3, 0xf1, 0xc0, 0x0, 0x70, 0x38, 0xff,
    0xff, 0xf8, 0x1c, 0x7f, 0xff, 0xfc, 0xe, 0x3f,
    0xff, 0xfe, 0x7, 0x1c, 0x0, 0x7, 0x3, 0x8e,
    0x0, 0x3, 0x81, 0xc7, 0x0, 0x1, 0xc0, 0xe3,
    0xff, 0xff, 0xe0, 0x71, 0xff, 0xff, 0xf0, 0x38,
    0xff, 0xff, 0xf8, 0x1c, 0x70, 0x0, 0x1c, 0xe,
    0x38, 0x0, 0xe, 0x7, 0x1c, 0x0, 0x7, 0x3,
    0x81, 0xff, 0xfc, 0x1, 0xc0, 0xff, 0xfe, 0x0,
    0xe0, 0x7f, 0xff, 0x0, 0x71, 0xc0, 0x0, 0x7e,
    0x38, 0xe0, 0x0, 0x3f, 0x1c, 0x70, 0x0, 0x1f,
    0x80,

    /* U+5099 "備" */
    0x3, 0x81, 0xc0, 0x1c, 0x1, 0xc0, 0xe0, 0xe,
    0x0, 0xe0, 0x70, 0x7, 0x0, 0x71, 0xff, 0xff,
    0xf0, 0x38, 0xff, 0xff, 0xf8, 0x1c, 0x7f, 0xff,
    0xfc, 0x70, 0x7, 0x0, 0x70, 0x38, 0x3, 0x80,
    0x38, 0x1c, 0x1, 0xc0, 0x1c, 0xe, 0x7, 0xff,
    0xff, 0xc7, 0x3, 0xff, 0xff, 0xe3, 0x81, 0xff,
    0xff, 0xff, 0xc7, 0x0, 0x0, 0x7, 0xe3, 0x80,
    0x0, 0x3, 0xf1, 0xc0, 0x0, 0x0, 0x38, 0xe3,
    0xff, 0xf8, 0x1c, 0x71, 0xff, 0xfc, 0xe, 0x38,
    0xff, 0xfe, 0x7, 0xe3, 0x81, 0xc0, 0xe3, 0xf1,
    0xc0, 0xe0, 0x71, 0xf8, 0xe0, 0x70, 0x38, 0xe0,
    0x7f, 0xff, 0xfc, 0x70, 0x3f, 0xff, 0xfe, 0x38,
    0x1f, 0xff, 0xff, 0x1c, 0xe, 0x7, 0x3, 0x8e,
    0x7, 0x3, 0x81, 0xc7, 0x3, 0x81, 0xc0, 0xe3,
    0x81, 0xff, 0xff, 0xf1, 0xc0, 0xff, 0xff, 0xf8,
    0xe0, 0x7f, 0xff, 0xfc, 0x70, 0x38, 0x1c, 0xe,
    0x38, 0x1c, 0xe, 0x7, 0x1c, 0xe, 0x7, 0x3,
    0x80,

    /* U+50B3 "傳" */
    0x3, 0x80, 0x38, 0x0, 0x1, 0xc0, 0x1c, 0x0,
    0x0, 0xe0, 0xe, 0x0, 0x0, 0x7f, 0xff, 0xff,
    0xf0, 0x3f, 0xff, 0xff, 0xf8, 0x1f, 0xff, 0xff,
    0xfc, 0x71, 0xc0, 0xe0, 0x70, 0x38, 0xe0, 0x70,
    0x38, 0x1c, 0x70, 0x38, 0x1c, 0xe, 0x3f, 0xff,
    0xfe, 0x7, 0x1f, 0xff, 0xff, 0x3, 0x8f, 0xff,
    0xff, 0x8f, 0xc7, 0x3, 0x81, 0xc7, 0xe3, 0x81,
    0xc0, 0xe3, 0xf1, 0xc0, 0xe0, 0x70, 0x3f, 0xff,
    0xff, 0xff, 0x1f, 0xff, 0xff, 0xff, 0x8f, 0xff,
    0xff, 0xff, 0xc7, 0x0, 0x0, 0x7, 0x3, 0x80,
    0x0, 0x3, 0x81, 0xc0, 0x0, 0x1, 0xc0, 0xe3,
    0xff, 0xff, 0xfc, 0x71, 0xff, 0xff, 0xfe, 0x38,
    0xff, 0xff, 0xff, 0x1c, 0xe, 0x0, 0x1c, 0xe,
    0x7, 0x0, 0xe, 0x7, 0x3, 0x80, 0x7, 0x3,
    0x80, 0x38, 0x3, 0x81, 0xc0, 0x1c, 0x1, 0xc0,
    0xe0, 0xe, 0x0, 0xe0, 0x70, 0x0, 0x1f, 0x80,
    0x38, 0x0, 0xf, 0xc0, 0x1c, 0x0, 0x7, 0xe0,
    0x0,

    /* U+50C5 "僅" */
    0x3, 0x81, 0xc0, 0x1c, 0x1, 0xc0, 0xe0, 0xe,
    0x0, 0xe0, 0x70, 0x7, 0x0, 0x71, 0xff, 0xff,
    0xf0, 0x38, 0xff, 0xff, 0xf8, 0x1c, 0x7f, 0xff,
    0xfc, 0x70, 0x7, 0x0, 0x70, 0x38, 0x3, 0x80,
    0x38, 0x1c, 0x1, 0xc0, 0x1c, 0xe, 0x7, 0xff,
    0xfe, 0x7, 0x3, 0xff, 0xff, 0x3, 0x81, 0xff,
    0xff, 0x8f, 0xc7, 0x0, 0x70, 0x3f, 0xe3, 0x80,
    0x38, 0x1f, 0xf1, 0xc0, 0x1c, 0xe, 0x38, 0xe0,
    0xe, 0x7, 0x1c, 0x70, 0x7, 0x3, 0x8e, 0x38,
    0x3, 0x81, 0xc7, 0x3, 0xff, 0xff, 0x3, 0x81,
    0xff, 0xff, 0x81, 0xc0, 0xff, 0xff, 0xc0, 0xe0,
    0x0, 0x38, 0x0, 0x70, 0x0, 0x1c, 0x0, 0x38,
    0x0, 0xe, 0x0, 0x1c, 0xf, 0xff, 0xff, 0x8e,
    0x7, 0xff, 0xff, 0xc7, 0x3, 0xff, 0xff, 0xe3,
    0x80, 0x0, 0xe0, 0x1, 0xc0, 0x0, 0x70, 0x0,
    0xe0, 0x0, 0x38, 0x0, 0x71, 0xff, 0xff, 0xfe,
    0x38, 0xff, 0xff, 0xff, 0x1c, 0x7f, 0xff, 0xff,
    0x80,

    /* U+50CD "働" */
    0x3, 0xff, 0xf8, 0xe0, 0x1, 0xff, 0xfc, 0x70,
    0x0, 0xff, 0xfe, 0x38, 0x0, 0x71, 0xc0, 0xff,
    0x80, 0x38, 0xe0, 0x7f, 0xc0, 0x1c, 0x70, 0x3f,
    0xe0, 0x71, 0xff, 0xe3, 0x8e, 0x38, 0xff, 0xf1,
    0xc7, 0x1c, 0x7f, 0xf8, 0xe3, 0x8f, 0xc7, 0x1c,
    0x71, 0xc7, 0xe3, 0x8e, 0x38, 0xe3, 0xf1, 0xc7,
    0x1c, 0x7f, 0xff, 0xff, 0x8e, 0x3f, 0xff, 0xff,
    0xc7, 0x1f, 0xff, 0xff, 0xe3, 0x8e, 0x3f, 0x1c,
    0x71, 0xc7, 0x1f, 0x8e, 0x38, 0xe3, 0x8f, 0xc7,
    0x1c, 0x71, 0xc7, 0x1f, 0xf0, 0x38, 0xe3, 0x8f,
    0xf8, 0x1c, 0x71, 0xc7, 0xfc, 0xe, 0x38, 0xe0,
    0x70, 0x38, 0x1c, 0x70, 0x38, 0x1c, 0xe, 0x38,
    0x1c, 0xe, 0x7, 0x1c, 0x7f, 0xc7, 0x3, 0x8e,
    0x3f, 0xe3, 0x81, 0xc7, 0x1f, 0xf1, 0xc0, 0xe3,
    0x81, 0xc7, 0x0, 0x71, 0xc0, 0xe3, 0x80, 0x38,
    0xe0, 0x71, 0xc0, 0x1c, 0x7f, 0xff, 0x3, 0xf0,
    0x3f, 0xff, 0x81, 0xf8, 0x1f, 0xff, 0xc0, 0xfc,
    0x0,

    /* U+50CF "像" */
    0x3, 0x81, 0xff, 0xe0, 0x1, 0xc0, 0xff, 0xf0,
    0x0, 0xe0, 0x7f, 0xf8, 0x0, 0x7f, 0xc0, 0x3,
    0x80, 0x3f, 0xe0, 0x1, 0xc0, 0x1f, 0xf0, 0x0,
    0xe0, 0x70, 0x7, 0xff, 0xf0, 0x38, 0x3, 0xff,
    0xf8, 0x1c, 0x1, 0xff, 0xfc, 0xe, 0x7, 0x3,
    0x81, 0xc7, 0x3, 0x81, 0xc0, 0xe3, 0x81, 0xc0,
    0xe0, 0x7f, 0xc0, 0xe0, 0x70, 0x3f, 0xe0, 0x70,
    0x38, 0x1f, 0xf0, 0x38, 0x1c, 0xe, 0x38, 0x3,
    0xff, 0xf8, 0x1c, 0x1, 0xff, 0xfc, 0xe, 0x0,
    0xff, 0xfe, 0x7, 0x1f, 0x81, 0xc0, 0x3, 0x8f,
    0xc0, 0xe0, 0x1, 0xc7, 0xe0, 0x70, 0x0, 0xe0,
    0xf, 0xc7, 0x1c, 0x70, 0x7, 0xe3, 0x8e, 0x38,
    0x3, 0xf1, 0xc7, 0x1c, 0x7e, 0x7, 0xfc, 0xe,
    0x3f, 0x3, 0xfe, 0x7, 0x1f, 0x81, 0xff, 0x3,
    0x80, 0x3f, 0x1c, 0x71, 0xc0, 0x1f, 0x8e, 0x38,
    0xe0, 0xf, 0xc7, 0x1c, 0x71, 0xf8, 0x1c, 0xe,
    0x38, 0xfc, 0xe, 0x7, 0x1c, 0x7e, 0x7, 0x3,
    0x80,

    /* U+5132 "儲" */
    0x3, 0x8f, 0xc7, 0x3, 0x81, 0xc7, 0xe3, 0x81,
    0xc0, 0xe3, 0xf1, 0xc0, 0xe0, 0x70, 0x7, 0xfc,
    0x70, 0x38, 0x3, 0xfe, 0x38, 0x1c, 0x1, 0xff,
    0x1c, 0x71, 0xff, 0x1c, 0x70, 0x38, 0xff, 0x8e,
    0x38, 0x1c, 0x7f, 0xc7, 0x1c, 0xe, 0x0, 0x1f,
    0xff, 0xc7, 0x0, 0xf, 0xff, 0xe3, 0x80, 0x7,
    0xff, 0xff, 0xc0, 0xfc, 0xe, 0x3f, 0xe0, 0x7e,
    0x7, 0x1f, 0xf0, 0x3f, 0x3, 0x8e, 0x38, 0x0,
    0xf, 0xf8, 0x1c, 0x0, 0x7, 0xfc, 0xe, 0x0,
    0x3, 0xfe, 0x7, 0x3, 0xfe, 0x0, 0xe3, 0x81,
    0xff, 0x0, 0x71, 0xc0, 0xff, 0x80, 0x38, 0xe3,
    0x81, 0xff, 0xfc, 0x71, 0xc0, 0xff, 0xfe, 0x38,
    0xe0, 0x7f, 0xff, 0x1c, 0x70, 0x38, 0x3, 0x8e,
    0x38, 0x1c, 0x1, 0xc7, 0x1c, 0xe, 0x0, 0xe3,
    0x8e, 0x7, 0x0, 0x71, 0xc7, 0x3, 0x80, 0x38,
    0xe3, 0x81, 0xc0, 0x1c, 0x70, 0x3f, 0x1f, 0xf0,
    0x38, 0x1f, 0x8f, 0xf8, 0x1c, 0xf, 0xc7, 0xfc,
    0x0,

    /* U+5143 "元" */
    0x1f, 0xff, 0xff, 0xfc, 0xf, 0xff, 0xff, 0xfe,
    0x7, 0xff, 0xff, 0xff, 0x0, 0x0, 0x0, 0x0,
    0x0, 0x0, 0x0, 0x0, 0x0, 0x0, 0x0, 0x0,
    0x0, 0x0, 0x0, 0x0, 0x0, 0x0, 0x0, 0x0,
    0x0, 0x0, 0x0, 0x0, 0x0, 0x0, 0x0, 0x0,
    0x0, 0x0, 0x0, 0x0, 0x0, 0x0, 0x0, 0x0,
    0x0, 0xf, 0xff, 0xff, 0xff, 0xff, 0xff, 0xff,
    0xff, 0xff, 0xff, 0xff, 0xff, 0xfe, 0x0, 0xe0,
    0x70, 0x0, 0x0, 0x70, 0x38, 0x0, 0x0, 0x38,
    0x1c, 0x0, 0x0, 0x1c, 0xe, 0x0, 0x0, 0xe,
    0x7, 0x0, 0x0, 0x7, 0x3, 0x80, 0x0, 0x3,
    0x81, 0xc0, 0x1c, 0x1, 0xc0, 0xe0, 0xe, 0x0,
    0xe0, 0x70, 0x7, 0x0, 0x70, 0x38, 0x3, 0x80,
    0x38, 0x1c, 0x1, 0xc0, 0x1c, 0xe, 0x0, 0xe0,
    0x70, 0x7, 0x0, 0x70, 0x38, 0x3, 0x80, 0x38,
    0x1c, 0x1, 0xc0, 0x1f, 0xf0, 0x0, 0x1f, 0xf1,
    0xf8, 0x0, 0xf, 0xf8, 0xfc, 0x0, 0x7, 0xfc,
    0x0,

    /* U+5145 "充" */
    0x0, 0x1, 0xc0, 0x0, 0x0, 0x0, 0xe0, 0x0,
    0x0, 0x0, 0x70, 0x0, 0x3, 0xff, 0xff, 0xff,
    0x81, 0xff, 0xff, 0xff, 0xc0, 0xff, 0xff, 0xff,
    0xe0, 0x0, 0x38, 0x0, 0x0, 0x0, 0x1c, 0x0,
    0x0, 0x0, 0xe, 0x0, 0x0, 0x0, 0x38, 0x3,
    0x80, 0x0, 0x1c, 0x1, 0xc0, 0x0, 0xe, 0x0,
    0xe0, 0x0, 0x38, 0x3, 0x8e, 0x0, 0x1c, 0x1,
    0xc7, 0x0, 0xe, 0x0, 0xe3, 0x80, 0x3f, 0xff,
    0x80, 0x38, 0x1f, 0xff, 0xc0, 0x1c, 0xf, 0xff,
    0xe0, 0xe, 0x0, 0x1c, 0xe, 0x0, 0x0, 0xe,
    0x7, 0x0, 0x0, 0x7, 0x3, 0x80, 0x0, 0x3,
    0x81, 0xc0, 0x0, 0x1, 0xc0, 0xe0, 0x0, 0x0,
    0xe0, 0x70, 0x0, 0x0, 0x70, 0x38, 0x3, 0x80,
    0x38, 0x1c, 0x1, 0xc0, 0x1c, 0xe, 0x0, 0xe0,
    0x70, 0x7, 0x0, 0x70, 0x38, 0x3, 0x80, 0x38,
    0x1c, 0x1, 0xc0, 0x1f, 0xf0, 0x0, 0x1f, 0xf1,
    0xf8, 0x0, 0xf, 0xf8, 0xfc, 0x0, 0x7, 0xfc,
    0x0,

    /* U+5148 "先" */
    0x1c, 0x1, 0xc0, 0x0, 0xe, 0x0, 0xe0, 0x0,
    0x7, 0x0, 0x70, 0x0, 0x3, 0xff, 0xff, 0xff,
    0x81, 0xff, 0xff, 0xff, 0xc0, 0xff, 0xff, 0xff,
    0xe0, 0x70, 0x7, 0x0, 0x0, 0x38, 0x3, 0x80,
    0x0, 0x1c, 0x1, 0xc0, 0x0, 0x70, 0x0, 0xe0,
    0x0, 0x38, 0x0, 0x70, 0x0, 0x1c, 0x0, 0x38,
    0x0, 0x0, 0x0, 0x1c, 0x0, 0x0, 0x0, 0xe,
    0x0, 0x0, 0x0, 0x7, 0x0, 0x1, 0xff, 0xff,
    0xff, 0xff, 0xff, 0xff, 0xff, 0xff, 0xff, 0xff,
    0xff, 0xff, 0xc0, 0x1c, 0xe, 0x0, 0x0, 0xe,
    0x7, 0x0, 0x0, 0x7, 0x3, 0x80, 0x0, 0x3,
    0x81, 0xc0, 0x0, 0x1, 0xc0, 0xe0, 0x0, 0x0,
    0xe0, 0x70, 0x0, 0x0, 0x70, 0x38, 0x3, 0x80,
    0x38, 0x1c, 0x1, 0xc0, 0x1c, 0xe, 0x0, 0xe0,
    0x70, 0x7, 0x0, 0x70, 0x38, 0x3, 0x80, 0x38,
    0x1c, 0x1, 0xc0, 0x1f, 0xf0, 0x0, 0x1f, 0xf1,
    0xf8, 0x0, 0xf, 0xf8, 0xfc, 0x0, 0x7, 0xfc,
    0x0,

    /* U+5149 "光" */
    0x0, 0x1, 0xc0, 0x0, 0x0, 0x0, 0xe0, 0x0,
    0x0, 0x0, 0x70, 0x0, 0x3, 0x80, 0x38, 0x3,
    0x81, 0xc0, 0x1c, 0x1, 0xc0, 0xe0, 0xe, 0x0,
    0xe0, 0xe, 0x7, 0x0, 0x70, 0x7, 0x3, 0x80,
    0x38, 0x3, 0x81, 0xc0, 0x1c, 0x1, 0xc0, 0xe0,
    0x70, 0x0, 0xe0, 0x70, 0x38, 0x0, 0x70, 0x38,
    0x1c, 0x0, 0x0, 0x1c, 0x0, 0x0, 0x0, 0xe,
    0x0, 0x0, 0x0, 0x7, 0x0, 0x1, 0xff, 0xff,
    0xff, 0xff, 0xff, 0xff, 0xff, 0xff, 0xff, 0xff,
    0xff, 0xff, 0xc0, 0x1c, 0xe, 0x0, 0x0, 0xe,
    0x7, 0x0, 0x0, 0x7, 0x3, 0x80, 0x0, 0x3,
    0x81, 0xc0, 0x0, 0x1, 0xc0, 0xe0, 0x0, 0x0,
    0xe0, 0x70, 0x0, 0x0, 0x70, 0x38, 0x3, 0x80,
    0x38, 0x1c, 0x1, 0xc0, 0x1c, 0xe, 0x0, 0xe0,
    0x70, 0x7, 0x0, 0x70, 0x38, 0x3, 0x80, 0x38,
    0x1c, 0x1, 0xc0, 0x1f, 0xf0, 0x0, 0x1f, 0xf1,
    0xf8, 0x0, 0xf, 0xf8, 0xfc, 0x0, 0x7, 0xfc,
    0x0,

    /* U+5165 "入" */
    0x3, 0xfe, 0x0, 0x0, 0x1, 0xff, 0x0, 0x0,
    0x0, 0xff, 0x80, 0x0, 0x0, 0x0, 0x38, 0x0,
    0x0, 0x0, 0x1c, 0x0, 0x0, 0x0, 0xe, 0x0,
    0x0, 0x0, 0x7, 0x0, 0x0, 0x0, 0x3, 0x80,
    0x0, 0x0, 0x1, 0xc0, 0x0, 0x0, 0x0, 0xe0,
    0x0, 0x0, 0x0, 0x70, 0x0, 0x0, 0x0, 0x38,
    0x0, 0x0, 0x0, 0xe3, 0x80, 0x0, 0x0, 0x71,
    0xc0, 0x0, 0x0, 0x38, 0xe0, 0x0, 0x0, 0x1c,
    0x70, 0x0, 0x0, 0xe, 0x38, 0x0, 0x0, 0x7,
    0x1c, 0x0, 0x0, 0x1c, 0x1, 0xc0, 0x0, 0xe,
    0x0, 0xe0, 0x0, 0x7, 0x0, 0x70, 0x0, 0x3,
    0x80, 0x38, 0x0, 0x1, 0xc0, 0x1c, 0x0, 0x0,
    0xe0, 0xe, 0x0, 0x3, 0x80, 0x0, 0xe0, 0x1,
    0xc0, 0x0, 0x70, 0x0, 0xe0, 0x0, 0x38, 0x3,
    0x80, 0x0, 0x3, 0x81, 0xc0, 0x0, 0x1, 0xc0,
    0xe0, 0x0, 0x0, 0xe3, 0x80, 0x0, 0x0, 0xf,
    0xc0, 0x0, 0x0, 0x7, 0xe0, 0x0, 0x0, 0x3,
    0x80,

    /* U+5168 "全" */
    0x0, 0xf, 0xf8, 0x0, 0x0, 0x7, 0xfc, 0x0,
    0x0, 0x3, 0xfe, 0x0, 0x0, 0xe, 0x0, 0xe0,
    0x0, 0x7, 0x0, 0x70, 0x0, 0x3, 0x80, 0x38,
    0x0, 0xe, 0x0, 0x3, 0x80, 0x7, 0x0, 0x1,
    0xc0, 0x3, 0x80, 0x0, 0xe0, 0x7e, 0x0, 0x0,
    0xf, 0xff, 0x0, 0x0, 0x7, 0xff, 0x80, 0x0,
    0x3, 0xf0, 0x3f, 0xff, 0xfe, 0x0, 0x1f, 0xff,
    0xff, 0x0, 0xf, 0xff, 0xff, 0x80, 0x0, 0x3,
    0x80, 0x0, 0x0, 0x1, 0xc0, 0x0, 0x0, 0x0,
    0xe0, 0x0, 0x0, 0x0, 0x70, 0x0, 0x0, 0x0,
    0x38, 0x0, 0x0, 0x0, 0x1c, 0x0, 0x0, 0xff,
    0xff, 0xff, 0xe0, 0x7f, 0xff, 0xff, 0xf0, 0x3f,
    0xff, 0xff, 0xf8, 0x0, 0x1, 0xc0, 0x0, 0x0,
    0x0, 0xe0, 0x0, 0x0, 0x0, 0x70, 0x0, 0x0,
    0x0, 0x38, 0x0, 0x0, 0x0, 0x1c, 0x0, 0x0,
    0x0, 0xe, 0x0, 0x3, 0xff, 0xff, 0xff, 0xff,
    0xff, 0xff, 0xff, 0xff, 0xff, 0xff, 0xff, 0xff,
    0x80,

    /* U+516C "公" */
    0x0, 0xf, 0xff, 0x0, 0x0, 0x7, 0xff, 0x80,
    0x0, 0x3, 0xff, 0xc0, 0x0, 0x70, 0x0, 0x1c,
    0x0, 0x38, 0x0, 0xe, 0x0, 0x1c, 0x0, 0x7,
    0x0, 0xe, 0x0, 0x3, 0x80, 0x7, 0x0, 0x1,
    0xc0, 0x3, 0x80, 0x0, 0xe0, 0xe, 0x0, 0x0,
    0xe, 0x7, 0x0, 0x0, 0x7, 0x3, 0x80, 0x0,
    0x3, 0x81, 0xc0, 0xe0, 0x1, 0xc0, 0xe0, 0x70,
    0x0, 0xe0, 0x70, 0x38, 0x0, 0x71, 0xc0, 0x1c,
    0x0, 0x7, 0xe0, 0xe, 0x0, 0x3, 0xf0, 0x7,
    0x0, 0x1, 0xc0, 0x1c, 0x1, 0xc0, 0x0, 0xe,
    0x0, 0xe0, 0x0, 0x7, 0x0, 0x70, 0x0, 0x3,
    0x80, 0x7, 0x0, 0x1, 0xc0, 0x3, 0x80, 0x0,
    0xe0, 0x1, 0xc0, 0x3, 0x80, 0x0, 0xe0, 0x1,
    0xc0, 0x0, 0x70, 0x0, 0xe0, 0x0, 0x38, 0x0,
    0x70, 0x7, 0xe3, 0x80, 0x38, 0x3, 0xf1, 0xc0,
    0x1c, 0x1, 0xf8, 0xe0, 0x7f, 0xff, 0x0, 0x70,
    0x3f, 0xff, 0x80, 0x38, 0x1f, 0xff, 0xc0, 0x1c,
    0x0,

    /* U+5177 "具" */
    0x3, 0xff, 0xff, 0xe0, 0x1, 0xff, 0xff, 0xf0,
    0x0, 0xff, 0xff, 0xf8, 0x3, 0x80, 0x0, 0x3,
    0x81, 0xc0, 0x0, 0x1, 0xc0, 0xe0, 0x0, 0x0,
    0xe0, 0x7f, 0xff, 0xff, 0xf0, 0x3f, 0xff, 0xff,
    0xf8, 0x1f, 0xff, 0xff, 0xfc, 0xe, 0x0, 0x0,
    0xe, 0x7, 0x0, 0x0, 0x7, 0x3, 0x80, 0x0,
    0x3, 0x81, 0xff, 0xff, 0xff, 0xc0, 0xff, 0xff,
    0xff, 0xe0, 0x7f, 0xff, 0xff, 0xf0, 0x38, 0x0,
    0x0, 0x38, 0x1c, 0x0, 0x0, 0x1c, 0xe, 0x0,
    0x0, 0xe, 0x0, 0xff, 0xff, 0xf8, 0x0, 0x7f,
    0xff, 0xfc, 0x0, 0x3f, 0xff, 0xfe, 0x0, 0x0,
    0x0, 0x0, 0x0, 0x0, 0x0, 0x0, 0x0, 0x0,
    0x0, 0x0, 0x0, 0xff, 0xff, 0xff, 0xff, 0xff,
    0xff, 0xff, 0xff, 0xff, 0xff, 0xff, 0xff, 0xe0,
    0x70, 0x0, 0x1c, 0x0, 0x38, 0x0, 0xe, 0x0,
    0x1c, 0x0, 0x7, 0x3, 0xf0, 0x0, 0x0, 0x7f,
    0xf8, 0x0, 0x0, 0x3f, 0xfc, 0x0, 0x0, 0x1f,
    0x80,

    /* U+5178 "典" */
    0x0, 0x70, 0x7, 0x0, 0x0, 0x38, 0x3, 0x80,
    0x0, 0x1c, 0x1, 0xc0, 0x0, 0x7f, 0xff, 0xfc,
    0x0, 0x3f, 0xff, 0xfe, 0x0, 0x1f, 0xff, 0xff,
    0x0, 0x71, 0xc0, 0x1c, 0x70, 0x38, 0xe0, 0xe,
    0x38, 0x1c, 0x70, 0x7, 0x1c, 0xe, 0x38, 0x3,
    0x8e, 0x7, 0x1c, 0x1, 0xc7, 0x3, 0x8e, 0x0,
    0xe3, 0x81, 0xff, 0xff, 0xff, 0xc0, 0xff, 0xff,
    0xff, 0xe0, 0x7f, 0xff, 0xff, 0xf0, 0x38, 0xe0,
    0xe, 0x38, 0x1c, 0x70, 0x7, 0x1c, 0xe, 0x38,
    0x3, 0x8e, 0x7, 0x1c, 0x1, 0xc7, 0x3, 0x8e,
    0x0, 0xe3, 0x81, 0xc7, 0x0, 0x71, 0xc7, 0xff,
    0xff, 0xff, 0xff, 0xff, 0xff, 0xff, 0xff, 0xff,
    0xff, 0xff, 0xff, 0x0, 0x0, 0x0, 0x0, 0x0,
    0x0, 0x0, 0x0, 0x0, 0x0, 0x0, 0x0, 0x0,
    0x7e, 0x0, 0xfc, 0x0, 0x3f, 0x0, 0x7e, 0x0,
    0x1f, 0x80, 0x3f, 0x3, 0xf0, 0x0, 0x0, 0x7f,
    0xf8, 0x0, 0x0, 0x3f, 0xfc, 0x0, 0x0, 0x1f,
    0x80,

    /* U+5185 "内" */
    0x0, 0x1, 0xc0, 0x0, 0x0, 0x0, 0xe0, 0x0,
    0x0, 0x0, 0x70, 0x0, 0x3, 0xff, 0xff, 0xff,
    0x81, 0xff, 0xff, 0xff, 0xc0, 0xff, 0xff, 0xff,
    0xe3, 0x80, 0x7, 0x0, 0xf, 0xc0, 0x3, 0x80,
    0x7, 0xe0, 0x1, 0xc0, 0x3, 0xf0, 0x0, 0xe0,
    0x1, 0xf8, 0x0, 0x70, 0x0, 0xfc, 0x0, 0x38,
    0x0, 0x7e, 0x0, 0x1c, 0x0, 0x3f, 0x0, 0xe,
    0x0, 0x1f, 0x80, 0x7, 0x0, 0xf, 0xc0, 0x1c,
    0x70, 0x7, 0xe0, 0xe, 0x38, 0x3, 0xf0, 0x7,
    0x1c, 0x1, 0xf8, 0xfc, 0x1, 0xf8, 0xfc, 0x7e,
    0x0, 0xfc, 0x7e, 0x3f, 0x0, 0x7e, 0x3f, 0x0,
    0x0, 0x0, 0x1f, 0x80, 0x0, 0x0, 0xf, 0xc0,
    0x0, 0x0, 0x7, 0xe0, 0x0, 0x0, 0x3, 0xf0,
    0x0, 0x0, 0x1, 0xf8, 0x0, 0x0, 0x0, 0xfc,
    0x0, 0x0, 0x0, 0x7e, 0x0, 0x0, 0x0, 0x3f,
    0x0, 0x0, 0x0, 0x1f, 0x80, 0x0, 0xff, 0xf1,
    0xc0, 0x0, 0x7f, 0xf8, 0xe0, 0x0, 0x3f, 0xfc,
    0x0,

    /* U+518D "再" */
    0xff, 0xff, 0xff, 0xff, 0xff, 0xff, 0xff, 0xff,
    0xff, 0xff, 0xff, 0xff, 0xe0, 0x0, 0x38, 0x0,
    0x0, 0x0, 0x1c, 0x0, 0x0, 0x0, 0xe, 0x0,
    0x0, 0xf, 0xff, 0xff, 0x80, 0x7, 0xff, 0xff,
    0xc0, 0x3, 0xff, 0xff, 0xe0, 0xe, 0x0, 0xe0,
    0xe, 0x7, 0x0, 0x70, 0x7, 0x3, 0x80, 0x38,
    0x3, 0x81, 0xc0, 0x1c, 0x1, 0xc0, 0xe0, 0xe,
    0x0, 0xe0, 0x70, 0x7, 0x0, 0x70, 0x3f, 0xff,
    0xff, 0xf8, 0x1f, 0xff, 0xff, 0xfc, 0xf, 0xff,
    0xff, 0xfe, 0x7, 0x0, 0x70, 0x7, 0x3, 0x80,
    0x38, 0x3, 0x81, 0xc0, 0x1c, 0x1, 0xc0, 0xe0,
    0xe, 0x0, 0xe0, 0x70, 0x7, 0x0, 0x70, 0x38,
    0x3, 0x80, 0x38, 0xff, 0xff, 0xff, 0xff, 0xff,
    0xff, 0xff, 0xff, 0xff, 0xff, 0xff, 0xff, 0xe3,
    0x80, 0x0, 0x3, 0x81, 0xc0, 0x0, 0x1, 0xc0,
    0xe0, 0x0, 0x0, 0xe0, 0x70, 0x0, 0xff, 0x80,
    0x38, 0x0, 0x7f, 0xc0, 0x1c, 0x0, 0x3f, 0xe0,
    0x0,

    /* U+5199 "写" */
    0x1f, 0xff, 0xff, 0xfc, 0xf, 0xff, 0xff, 0xfe,
    0x7, 0xff, 0xff, 0xff, 0x1c, 0xe, 0x0, 0x0,
    0x7e, 0x7, 0x0, 0x0, 0x3f, 0x3, 0x80, 0x0,
    0x1f, 0x81, 0xff, 0xff, 0x8f, 0xc0, 0xff, 0xff,
    0xc7, 0xe0, 0x7f, 0xff, 0xe3, 0xf1, 0xc0, 0x0,
    0x1, 0xf8, 0xe0, 0x0, 0x0, 0xfc, 0x70, 0x0,
    0x0, 0x70, 0x38, 0x0, 0x0, 0x0, 0x1c, 0x0,
    0x0, 0x0, 0xe, 0x0, 0x0, 0x0, 0x0, 0xff,
    0xff, 0xc0, 0x0, 0x7f, 0xff, 0xe0, 0x0, 0x3f,
    0xff, 0xf0, 0x0, 0x0, 0x0, 0x7, 0x0, 0x0,
    0x0, 0x3, 0x80, 0x0, 0x0, 0x1, 0xc7, 0xff,
    0xff, 0xff, 0xff, 0xff, 0xff, 0xff, 0xff, 0xff,
    0xff, 0xff, 0xff, 0x0, 0x0, 0x0, 0x1c, 0x0,
    0x0, 0x0, 0xe, 0x0, 0x0, 0x0, 0x7, 0x0,
    0x70, 0x0, 0x1c, 0x0, 0x38, 0x0, 0xe, 0x0,
    0x1c, 0x0, 0x7, 0x0, 0x1, 0xff, 0xfc, 0x0,
    0x0, 0xff, 0xfe, 0x0, 0x0, 0x7f, 0xff, 0x0,
    0x0,

    /* U+51C6 "准" */
    0xe0, 0x1, 0xc0, 0x1c, 0x70, 0x0, 0xe0, 0xe,
    0x38, 0x0, 0x70, 0x7, 0x3, 0x80, 0x3f, 0xff,
    0xf1, 0xc0, 0x1f, 0xff, 0xf8, 0xe0, 0xf, 0xff,
    0xfc, 0x70, 0x38, 0x3, 0x80, 0x38, 0x1c, 0x1,
    0xc0, 0x1c, 0xe, 0x0, 0xe0, 0x0, 0x3f, 0x0,
    0x70, 0x0, 0x1f, 0x80, 0x38, 0x0, 0xf, 0xc0,
    0x1c, 0x0, 0x0, 0xff, 0xff, 0xf8, 0x0, 0x7f,
    0xff, 0xfc, 0x0, 0x3f, 0xff, 0xfe, 0x7, 0x1c,
    0x1, 0xc0, 0x3, 0x8e, 0x0, 0xe0, 0x1, 0xc7,
    0x0, 0x70, 0x7, 0x3, 0x80, 0x38, 0x3, 0x81,
    0xc0, 0x1c, 0x1, 0xc0, 0xe0, 0xe, 0x0, 0xe0,
    0x7f, 0xff, 0xfc, 0x70, 0x3f, 0xff, 0xfe, 0x38,
    0x1f, 0xff, 0xff, 0xe0, 0xe, 0x0, 0xe0, 0x70,
    0x7, 0x0, 0x70, 0x38, 0x3, 0x80, 0x38, 0x1c,
    0x1, 0xc0, 0x1c, 0xe, 0x0, 0xe0, 0xe, 0x7,
    0x0, 0x70, 0x7, 0x3, 0x80, 0x7, 0xff, 0xff,
    0xc0, 0x3, 0xff, 0xff, 0xe0, 0x1, 0xff, 0xff,
    0x80,

    /* U+51FA "出" */
    0x0, 0x1, 0xc0, 0x0, 0x0, 0x0, 0xe0, 0x0,
    0x0, 0x0, 0x70, 0x0, 0x3, 0x80, 0x38, 0x3,
    0x81, 0xc0, 0x1c, 0x1, 0xc0, 0xe0, 0xe, 0x0,
    0xe0, 0x70, 0x7, 0x0, 0x70, 0x38, 0x3, 0x80,
    0x38, 0x1c, 0x1, 0xc0, 0x1c, 0xe, 0x0, 0xe0,
    0xe, 0x7, 0x0, 0x70, 0x7, 0x3, 0x80, 0x38,
    0x3, 0x80, 0x3f, 0xff, 0xfe, 0x0, 0x1f, 0xff,
    0xff, 0x0, 0xf, 0xff, 0xff, 0x80, 0x0, 0x3,
    0x80, 0x0, 0x0, 0x1, 0xc0, 0x0, 0x0, 0x0,
    0xe0, 0x0, 0x38, 0x0, 0x70, 0x0, 0xfc, 0x0,
    0x38, 0x0, 0x7e, 0x0, 0x1c, 0x0, 0x3f, 0x0,
    0xe, 0x0, 0x1f, 0x80, 0x7, 0x0, 0xf, 0xc0,
    0x3, 0x80, 0x7, 0xe0, 0x1, 0xc0, 0x3, 0xf0,
    0x0, 0xe0, 0x1, 0xf8, 0x0, 0x70, 0x0, 0xfc,
    0x0, 0x38, 0x0, 0x7e, 0x0, 0x1c, 0x0, 0x3f,
    0x0, 0xe, 0x0, 0x1c, 0x7f, 0xff, 0xff, 0xf0,
    0x3f, 0xff, 0xff, 0xf8, 0x1f, 0xff, 0xff, 0xfc,
    0x0,

    /* U+5206 "分" */
    0x0, 0xf, 0xff, 0x0, 0x0, 0x7, 0xff, 0x80,
    0x0, 0x3, 0xff, 0xc0, 0x0, 0x70, 0x0, 0x1c,
    0x0, 0x38, 0x0, 0xe, 0x0, 0x1c, 0x0, 0x7,
    0x0, 0xe, 0x0, 0x3, 0x80, 0x7, 0x0, 0x1,
    0xc0, 0x3, 0x80, 0x0, 0xe0, 0xe, 0x0, 0x0,
    0xe, 0x7, 0x0, 0x0, 0x7, 0x3, 0x80, 0x0,
    0x3, 0x8e, 0x3f, 0xff, 0xfe, 0x3f, 0x1f, 0xff,
    0xff, 0x1f, 0x8f, 0xff, 0xff, 0x8e, 0x0, 0x1c,
    0x0, 0x38, 0x0, 0xe, 0x0, 0x1c, 0x0, 0x7,
    0x0, 0xe, 0x0, 0x3, 0x80, 0x7, 0x0, 0x1,
    0xc0, 0x3, 0x80, 0x0, 0xe0, 0x1, 0xc0, 0x3,
    0x80, 0x0, 0xe0, 0x1, 0xc0, 0x0, 0x70, 0x0,
    0xe0, 0x0, 0x38, 0x0, 0x70, 0x0, 0x1c, 0x0,
    0x38, 0x0, 0xe, 0x0, 0x1c, 0x0, 0x7, 0x0,
    0x70, 0x0, 0x3, 0x80, 0x38, 0x0, 0x1, 0xc0,
    0x1c, 0x0, 0x0, 0xe3, 0xf0, 0x7, 0xff, 0x81,
    0xf8, 0x3, 0xff, 0xc0, 0xfc, 0x1, 0xff, 0xe0,
    0x0,

    /* U+5207 "切" */
    0x1c, 0xf, 0xff, 0xfc, 0xe, 0x7, 0xff, 0xfe,
    0x7, 0x3, 0xff, 0xff, 0x3, 0x80, 0x7, 0x0,
    0x71, 0xc0, 0x3, 0x80, 0x38, 0xe0, 0x1, 0xc0,
    0x1f, 0xff, 0xc0, 0xe0, 0xf, 0xff, 0xe0, 0x70,
    0x7, 0xff, 0xf0, 0x38, 0x3, 0x8e, 0x0, 0x1c,
    0x1, 0xc7, 0x0, 0xe, 0x0, 0xe3, 0x80, 0x7,
    0x0, 0x71, 0xc0, 0x3, 0x80, 0x38, 0xe0, 0x1,
    0xc0, 0x1c, 0x70, 0x0, 0xe0, 0xe, 0x38, 0x0,
    0x70, 0x7, 0x1c, 0x0, 0x38, 0x3, 0x8e, 0x0,
    0x1c, 0x1, 0xc7, 0x0, 0xe, 0x0, 0xe3, 0x80,
    0x7, 0x0, 0x71, 0xc0, 0x3, 0x80, 0x38, 0xe0,
    0xe, 0x0, 0x1c, 0x70, 0x7, 0x0, 0xe, 0x38,
    0x3, 0x80, 0x7, 0x3, 0xf1, 0xc0, 0x3, 0x81,
    0xf8, 0xe0, 0x1, 0xc0, 0xfc, 0x70, 0x0, 0xe0,
    0x1, 0xc0, 0x0, 0x70, 0x0, 0xe0, 0x0, 0x38,
    0x0, 0x70, 0x0, 0x1c, 0xf, 0xc0, 0x1f, 0xf0,
    0x7, 0xe0, 0xf, 0xf8, 0x3, 0xf0, 0x7, 0xfc,
    0x0,

    /* U+5217 "列" */
    0xff, 0xff, 0xc0, 0x3, 0xff, 0xff, 0xe0, 0x1,
    0xff, 0xff, 0xf0, 0x0, 0xe3, 0x80, 0x0, 0xe0,
    0x71, 0xc0, 0x0, 0x70, 0x38, 0xe0, 0x0, 0x38,
    0x1c, 0x7f, 0xf8, 0x1c, 0xe, 0x3f, 0xfc, 0xe,
    0x7, 0x1f, 0xfe, 0x7, 0x3, 0x8e, 0x0, 0xe3,
    0x81, 0xc7, 0x0, 0x71, 0xc0, 0xe3, 0x80, 0x38,
    0xe0, 0x71, 0xc0, 0x1c, 0x70, 0x38, 0xe0, 0xe,
    0x38, 0x1c, 0x70, 0x7, 0x1c, 0xf, 0xc7, 0x3,
    0x8e, 0x7, 0xe3, 0x81, 0xc7, 0x3, 0xf1, 0xc0,
    0xe3, 0x81, 0xf8, 0x1c, 0x71, 0xc0, 0xfc, 0xe,
    0x38, 0xe0, 0x7e, 0x7, 0x1c, 0x70, 0x38, 0x0,
    0x70, 0x38, 0x1c, 0x0, 0x38, 0x1c, 0xe, 0x0,
    0x1c, 0xe, 0x7, 0x0, 0xe, 0x0, 0x3, 0x80,
    0x7, 0x0, 0x1, 0xc0, 0x3, 0x80, 0x0, 0xe0,
    0xe, 0x0, 0x0, 0x70, 0x7, 0x0, 0x0, 0x38,
    0x3, 0x80, 0x0, 0x1f, 0xfe, 0x0, 0x1f, 0xf1,
    0xff, 0x0, 0xf, 0xf8, 0xff, 0x80, 0x7, 0xfc,
    0x0,

    /* U+5229 "利" */
    0x0, 0xf, 0xc0, 0x3, 0x80, 0x7, 0xe0, 0x1,
    0xc0, 0x3, 0xf0, 0x0, 0xff, 0xfe, 0x0, 0xe0,
    0x7f, 0xff, 0x0, 0x70, 0x3f, 0xff, 0x80, 0x38,
    0x1c, 0x1, 0xc0, 0x1c, 0xe, 0x0, 0xe0, 0xe,
    0x7, 0x0, 0x70, 0x7, 0x3, 0x80, 0x38, 0x3,
    0x81, 0xc0, 0x1c, 0x1, 0xc0, 0xe0, 0xe, 0x0,
    0xe0, 0x7f, 0xff, 0xfc, 0x70, 0x3f, 0xff, 0xfe,
    0x38, 0x1f, 0xff, 0xff, 0x1c, 0xe, 0x0, 0xe0,
    0xe, 0x7, 0x0, 0x70, 0x7, 0x3, 0x80, 0x38,
    0x3, 0x81, 0xc0, 0xff, 0x81, 0xc0, 0xe0, 0x7f,
    0xc0, 0xe0, 0x70, 0x3f, 0xe0, 0x70, 0x38, 0xe3,
    0x8e, 0x38, 0x1c, 0x71, 0xc7, 0x1c, 0xe, 0x38,
    0xe3, 0x8e, 0x7, 0xe0, 0x70, 0x0, 0x3, 0xf0,
    0x38, 0x0, 0x1, 0xf8, 0x1c, 0x0, 0x0, 0xe0,
    0xe, 0x0, 0x0, 0x70, 0x7, 0x0, 0x0, 0x38,
    0x3, 0x80, 0x0, 0x1c, 0x1, 0xc0, 0x1f, 0xf0,
    0x0, 0xe0, 0xf, 0xf8, 0x0, 0x70, 0x7, 0xfc,
    0x0,

    /* U+522A "刪" */
    0x1f, 0xff, 0xc0, 0x3, 0x8f, 0xff, 0xe0, 0x1,
    0xc7, 0xff, 0xf0, 0x0, 0xfc, 0x71, 0xc7, 0x1c,
    0x7e, 0x38, 0xe3, 0x8e, 0x3f, 0x1c, 0x71, 0xc7,
    0x1f, 0x8e, 0x38, 0xe3, 0x8f, 0xc7, 0x1c, 0x71,
    0xc7, 0xe3, 0x8e, 0x38, 0xe3, 0xf1, 0xc7, 0x1c,
    0x71, 0xf8, 0xe3, 0x8e, 0x38, 0xfc, 0x71, 0xc7,
    0x1c, 0x7e, 0x38, 0xe3, 0x8e, 0x3f, 0x1c, 0x71,
    0xc7, 0x1f, 0x8e, 0x38, 0xe3, 0x8f, 0xff, 0xff,
    0xff, 0xc7, 0xff, 0xff, 0xff, 0xe3, 0xff, 0xff,
    0xff, 0xf1, 0xf8, 0xe3, 0x8e, 0x38, 0xfc, 0x71,
    0xc7, 0x1c, 0x7e, 0x38, 0xe3, 0x8e, 0x3f, 0x1c,
    0x71, 0xc7, 0x1f, 0x8e, 0x38, 0xe3, 0x8f, 0xc7,
    0x1c, 0x71, 0xc7, 0xe3, 0x8e, 0x38, 0x3, 0xf1,
    0xc7, 0x1c, 0x1, 0xf8, 0xe3, 0x8e, 0x0, 0xfc,
    0x71, 0xc7, 0x0, 0x7e, 0x38, 0xe3, 0x80, 0x3f,
    0x1c, 0x71, 0xc0, 0x1f, 0x8e, 0x3f, 0x3, 0xf1,
    0xc7, 0x1f, 0x81, 0xf8, 0xe3, 0x8f, 0xc0, 0xfc,
    0x0,

    /* U+5230 "到" */
    0xff, 0xff, 0xc0, 0x3, 0xff, 0xff, 0xe0, 0x1,
    0xff, 0xff, 0xf0, 0x0, 0xe0, 0x70, 0x0, 0xe0,
    0x70, 0x38, 0x0, 0x70, 0x38, 0x1c, 0x0, 0x38,
    0x1c, 0x70, 0x0, 0x1c, 0xe, 0x38, 0x0, 0xe,
    0x7, 0x1c, 0x0, 0x7, 0x3, 0xf0, 0x3f, 0x3,
    0x81, 0xf8, 0x1f, 0x81, 0xc0, 0xfc, 0xf, 0xc0,
    0xe0, 0x7f, 0xf8, 0x1c, 0x70, 0x3f, 0xfc, 0xe,
    0x38, 0x1f, 0xfe, 0x7, 0x1c, 0xe, 0x7, 0x0,
    0xe, 0x7, 0x3, 0x80, 0x7, 0x3, 0x81, 0xc0,
    0x3, 0x81, 0xff, 0xff, 0xf1, 0xc0, 0xff, 0xff,
    0xf8, 0xe0, 0x7f, 0xff, 0xfc, 0x70, 0x38, 0x1c,
    0x0, 0x38, 0x1c, 0xe, 0x0, 0x1c, 0xe, 0x7,
    0x0, 0xe, 0x7, 0x3, 0x80, 0x0, 0x3, 0x81,
    0xc0, 0x0, 0x1, 0xc0, 0xe0, 0x0, 0x0, 0xe0,
    0x7f, 0xf8, 0x0, 0x70, 0x3f, 0xfc, 0x0, 0x38,
    0x1f, 0xfe, 0x0, 0x1f, 0xf0, 0x0, 0x1f, 0xf1,
    0xf8, 0x0, 0xf, 0xf8, 0xfc, 0x0, 0x7, 0xfc,
    0x0,

    /* U+5236 "制" */
    0x1c, 0x70, 0x0, 0x3, 0x8e, 0x38, 0x0, 0x1,
    0xc7, 0x1c, 0x0, 0x0, 0xe3, 0xff, 0xf8, 0xe0,
    0x71, 0xff, 0xfc, 0x70, 0x38, 0xff, 0xfe, 0x38,
    0x1f, 0x81, 0xc0, 0x1c, 0xf, 0xc0, 0xe0, 0xe,
    0x7, 0xe0, 0x70, 0x7, 0x3, 0x80, 0x38, 0x3,
    0x81, 0xc0, 0x1c, 0x1, 0xc0, 0xe0, 0xe, 0x0,
    0xe0, 0x7f, 0xff, 0xfc, 0x70, 0x3f, 0xff, 0xfe,
    0x38, 0x1f, 0xff, 0xff, 0x1c, 0xe, 0x0, 0xe0,
    0xe, 0x7, 0x0, 0x70, 0x7, 0x3, 0x80, 0x38,
    0x3, 0x81, 0xc7, 0xff, 0xf0, 0x0, 0xe3, 0xff,
    0xf8, 0x0, 0x71, 0xff, 0xfc, 0x0, 0x3f, 0x3,
    0x81, 0xc0, 0x1f, 0x81, 0xc0, 0xe0, 0xf, 0xc0,
    0xe0, 0x70, 0x7, 0xe0, 0x70, 0x38, 0x3, 0xf0,
    0x38, 0x1c, 0x1, 0xf8, 0x1c, 0xe, 0x0, 0xfc,
    0xe, 0x38, 0x0, 0x7e, 0x7, 0x1c, 0x0, 0x3f,
    0x3, 0x8e, 0x0, 0x1c, 0x1, 0xc0, 0x1f, 0xf0,
    0x0, 0xe0, 0xf, 0xf8, 0x0, 0x70, 0x7, 0xfc,
    0x0,

    /* U+5237 "刷" */
    0x3, 0xff, 0xc0, 0x3, 0x81, 0xff, 0xe0, 0x1,
    0xc0, 0xff, 0xf0, 0x0, 0xe3, 0x80, 0x7, 0x1c,
    0x71, 0xc0, 0x3, 0x8e, 0x38, 0xe0, 0x1, 0xc7,
    0x1c, 0x70, 0x0, 0xe3, 0x8e, 0x38, 0x0, 0x71,
    0xc7, 0x1c, 0x0, 0x38, 0xe3, 0x8f, 0xff, 0xe0,
    0x71, 0xc7, 0xff, 0xf0, 0x38, 0xe3, 0xff, 0xf8,
    0x1c, 0x71, 0xc0, 0xe0, 0xe, 0x38, 0xe0, 0x70,
    0x7, 0x1c, 0x70, 0x38, 0x3, 0x8e, 0x38, 0xff,
    0x81, 0xc7, 0x1c, 0x7f, 0xc0, 0xe3, 0x8e, 0x3f,
    0xe0, 0x71, 0xc7, 0xe3, 0x8e, 0x38, 0xe3, 0xf1,
    0xc7, 0x1c, 0x71, 0xf8, 0xe3, 0x8e, 0x38, 0xfc,
    0x71, 0xc7, 0x1c, 0x7e, 0x38, 0xe3, 0x8e, 0x3f,
    0x1c, 0x71, 0xc7, 0x1f, 0x8e, 0x38, 0x3, 0x8f,
    0xc7, 0x1c, 0x1, 0xc7, 0xe3, 0x8e, 0x0, 0xfc,
    0x71, 0xf8, 0x0, 0x7e, 0x38, 0xfc, 0x0, 0x3f,
    0x1c, 0x7e, 0x0, 0x1f, 0x80, 0x38, 0x3, 0xf1,
    0xc0, 0x1c, 0x1, 0xf8, 0xe0, 0xe, 0x0, 0xfc,
    0x0,

    /* U+523B "刻" */
    0x0, 0x70, 0x0, 0x3, 0x80, 0x38, 0x0, 0x1,
    0xc0, 0x1c, 0x0, 0x0, 0xff, 0xff, 0xf8, 0xe0,
    0x7f, 0xff, 0xfc, 0x70, 0x3f, 0xff, 0xfe, 0x38,
    0x1c, 0x70, 0x0, 0x1c, 0xe, 0x38, 0x0, 0xe,
    0x7, 0x1c, 0x0, 0x7, 0x3, 0xf0, 0x0, 0xe3,
    0x81, 0xf8, 0x0, 0x71, 0xc0, 0xfc, 0x0, 0x38,
    0xe0, 0x7e, 0x0, 0xe0, 0x70, 0x3f, 0x0, 0x70,
    0x38, 0x1f, 0x80, 0x38, 0x1c, 0xe, 0x38, 0xe0,
    0xe, 0x7, 0x1c, 0x70, 0x7, 0x3, 0x8e, 0x38,
    0x3, 0x81, 0xc0, 0xe0, 0x71, 0xc0, 0xe0, 0x70,
    0x38, 0xe0, 0x70, 0x38, 0x1c, 0x70, 0x3f, 0xe0,
    0x70, 0x38, 0x1f, 0xf0, 0x38, 0x1c, 0xf, 0xf8,
    0x1c, 0xe, 0x7, 0x0, 0x70, 0x0, 0x3, 0x80,
    0x38, 0x0, 0x1, 0xc0, 0x1c, 0x0, 0x0, 0xe0,
    0x71, 0xc0, 0x0, 0x70, 0x38, 0xe0, 0x0, 0x38,
    0x1c, 0x70, 0x0, 0x1f, 0xf0, 0x7, 0x1f, 0xf1,
    0xf8, 0x3, 0x8f, 0xf8, 0xfc, 0x1, 0xc7, 0xfc,
    0x0,

    /* U+524A "削" */
    0xe0, 0x70, 0x38, 0x3, 0xf0, 0x38, 0x1c, 0x1,
    0xf8, 0x1c, 0xe, 0x0, 0xe3, 0x8e, 0x38, 0xe0,
    0x71, 0xc7, 0x1c, 0x70, 0x38, 0xe3, 0x8e, 0x38,
    0x1c, 0x7f, 0xf8, 0x1c, 0xe, 0x3f, 0xfc, 0xe,
    0x7, 0x1f, 0xfe, 0x7, 0x3, 0xf0, 0x0, 0xe3,
    0x81, 0xf8, 0x0, 0x71, 0xc0, 0xfc, 0x0, 0x38,
    0xe0, 0x7f, 0xff, 0xfc, 0x70, 0x3f, 0xff, 0xfe,
    0x38, 0x1f, 0xff, 0xff, 0x1c, 0xf, 0xc0, 0x3,
    0x8e, 0x7, 0xe0, 0x1, 0xc7, 0x3, 0xf0, 0x0,
    0xe3, 0x81, 0xf8, 0x0, 0x71, 0xc0, 0xfc, 0x0,
    0x38, 0xe0, 0x7e, 0x0, 0x1c, 0x70, 0x3f, 0xff,
    0xfe, 0x38, 0x1f, 0xff, 0xff, 0x1c, 0xf, 0xff,
    0xff, 0x8e, 0x7, 0xe0, 0x1, 0xc0, 0x3, 0xf0,
    0x0, 0xe0, 0x1, 0xf8, 0x0, 0x70, 0x0, 0xfc,
    0x0, 0x38, 0x0, 0x7e, 0x0, 0x1c, 0x0, 0x3f,
    0x0, 0xe, 0x0, 0x1f, 0x81, 0xf8, 0x1f, 0xf1,
    0xc0, 0xfc, 0xf, 0xf8, 0xe0, 0x7e, 0x7, 0xfc,
    0x0,

    /* U+524D "前" */
    0x3, 0x80, 0x0, 0xe0, 0x1, 0xc0, 0x0, 0x70,
    0x0, 0xe0, 0x0, 0x38, 0x1f, 0xff, 0xff, 0xff,
    0xff, 0xff, 0xff, 0xff, 0xff, 0xff, 0xff, 0xff,
    0xfc, 0x0, 0x0, 0x0, 0x0, 0x0, 0x0, 0x0,
    0x0, 0x0, 0x0, 0x0, 0x0, 0xf, 0xff, 0x3,
    0x81, 0xc7, 0xff, 0x81, 0xc0, 0xe3, 0xff, 0xc0,
    0xe0, 0x7e, 0x0, 0x1c, 0x70, 0x3f, 0x0, 0xe,
    0x38, 0x1f, 0x80, 0x7, 0x1c, 0xf, 0xff, 0xff,
    0x8e, 0x7, 0xff, 0xff, 0xc7, 0x3, 0xff, 0xff,
    0xe3, 0x81, 0xf8, 0x0, 0x71, 0xc0, 0xfc, 0x0,
    0x38, 0xe0, 0x7e, 0x0, 0x1c, 0x70, 0x3f, 0xff,
    0xfe, 0x38, 0x1f, 0xff, 0xff, 0x1c, 0xf, 0xff,
    0xff, 0x8e, 0x7, 0xe0, 0x1, 0xc7, 0x3, 0xf0,
    0x0, 0xe3, 0x81, 0xf8, 0x0, 0x71, 0xc0, 0xfc,
    0x0, 0x38, 0x0, 0x7e, 0x0, 0x1c, 0x0, 0x3f,
    0x0, 0xe, 0x0, 0x1f, 0x81, 0xf8, 0x1f, 0xf1,
    0xc0, 0xfc, 0xf, 0xf8, 0xe0, 0x7e, 0x7, 0xfc,
    0x0,

    /* U+5269 "剩" */
    0x0, 0xf, 0xf8, 0x3, 0x80, 0x7, 0xfc, 0x1,
    0xc0, 0x3, 0xfe, 0x0, 0xff, 0xfe, 0x0, 0x1c,
    0x7f, 0xff, 0x0, 0xe, 0x3f, 0xff, 0x80, 0x7,
    0x1c, 0x1, 0xc0, 0x3, 0x8e, 0x0, 0xe0, 0x1,
    0xc7, 0x0, 0x70, 0x0, 0xe3, 0xff, 0xff, 0xfc,
    0x71, 0xff, 0xff, 0xfe, 0x38, 0xff, 0xff, 0xff,
    0x1c, 0x71, 0xc7, 0x1c, 0xe, 0x38, 0xe3, 0x8e,
    0x7, 0x1c, 0x71, 0xc7, 0x3, 0x8f, 0xf8, 0xe3,
    0xf1, 0xc7, 0xfc, 0x71, 0xf8, 0xe3, 0xfe, 0x38,
    0xfc, 0x71, 0xc7, 0x1c, 0x70, 0x38, 0xe3, 0x8e,
    0x38, 0x1c, 0x71, 0xc7, 0x1c, 0xe, 0x3f, 0xe3,
    0x81, 0xc7, 0x1f, 0xf1, 0xc0, 0xe3, 0x8f, 0xf8,
    0xe0, 0x71, 0xc7, 0x3, 0xfe, 0x0, 0x3, 0x81,
    0xff, 0x0, 0x1, 0xc0, 0xff, 0x80, 0x0, 0xe3,
    0x8e, 0x38, 0x0, 0x71, 0xc7, 0x1c, 0x0, 0x38,
    0xe3, 0x8e, 0x0, 0x1f, 0x81, 0xc0, 0xe3, 0xf1,
    0xc0, 0xe0, 0x71, 0xf8, 0xe0, 0x70, 0x38, 0xfc,
    0x0,

    /* U+526A "剪" */
    0x3, 0x80, 0x0, 0xe0, 0x1, 0xc0, 0x0, 0x70,
    0x0, 0xe0, 0x0, 0x38, 0x1f, 0xff, 0xff, 0xff,
    0xff, 0xff, 0xff, 0xff, 0xff, 0xff, 0xff, 0xff,
    0xfc, 0x70, 0x7, 0x1c, 0xe, 0x38, 0x3, 0x8e,
    0x7, 0x1c, 0x1, 0xc7, 0x3, 0xf1, 0xf8, 0xe3,
    0x81, 0xf8, 0xfc, 0x71, 0xc0, 0xfc, 0x7e, 0x38,
    0xe0, 0x7e, 0x0, 0x1c, 0x0, 0x3f, 0x0, 0xe,
    0x0, 0x1f, 0x80, 0x7, 0x0, 0xf, 0xc7, 0xe3,
    0x8f, 0xf8, 0xe3, 0xf1, 0xc7, 0xfc, 0x71, 0xf8,
    0xe3, 0xfe, 0x0, 0x0, 0x0, 0x0, 0x0, 0x0,
    0x0, 0x0, 0x0, 0x0, 0x0, 0x0, 0x7, 0xff,
    0xff, 0xff, 0xe3, 0xff, 0xff, 0xff, 0xf1, 0xff,
    0xff, 0xff, 0xf8, 0x0, 0xe, 0x0, 0x3, 0x80,
    0x7, 0x0, 0x1, 0xc0, 0x3, 0x80, 0x0, 0xe0,
    0x7e, 0x0, 0x0, 0x70, 0x3f, 0x0, 0x0, 0x38,
    0x1f, 0x80, 0x0, 0x1f, 0xf0, 0x0, 0xff, 0xf1,
    0xf8, 0x0, 0x7f, 0xf8, 0xfc, 0x0, 0x3f, 0xfc,
    0x0,

    /* U+529B "力" */
    0x0, 0xe, 0x0, 0x0, 0x0, 0x7, 0x0, 0x0,
    0x0, 0x3, 0x80, 0x0, 0x0, 0x1, 0xc0, 0x0,
    0x0, 0x0, 0xe0, 0x0, 0x0, 0x0, 0x70, 0x0,
    0x3, 0xff, 0xff, 0xff, 0xf1, 0xff, 0xff, 0xff,
    0xf8, 0xff, 0xff, 0xff, 0xfc, 0x0, 0x7, 0x0,
    0x1, 0xc0, 0x3, 0x80, 0x0, 0xe0, 0x1, 0xc0,
    0x0, 0x70, 0x0, 0xe0, 0x0, 0x38, 0x0, 0x70,
    0x0, 0x1c, 0x0, 0x38, 0x0, 0xe, 0x0, 0xe0,
    0x0, 0x7, 0x0, 0x70, 0x0, 0x3, 0x80, 0x38,
    0x0, 0x1, 0xc0, 0x1c, 0x0, 0x0, 0xe0, 0xe,
    0x0, 0x0, 0x70, 0x7, 0x0, 0x0, 0x38, 0x1c,
    0x0, 0x0, 0x1c, 0xe, 0x0, 0x0, 0xe, 0x7,
    0x0, 0x0, 0x7, 0x3, 0x80, 0x0, 0x3, 0x81,
    0xc0, 0x0, 0x1, 0xc0, 0xe0, 0x0, 0x0, 0xe3,
    0x80, 0x0, 0x0, 0x71, 0xc0, 0x0, 0x0, 0x38,
    0xe0, 0x0, 0x0, 0x1f, 0x80, 0x0, 0xff, 0xf1,
    0xc0, 0x0, 0x7f, 0xf8, 0xe0, 0x0, 0x3f, 0xfc,
    0x0,

    /* U+529F "功" */
    0x0, 0x0, 0x38, 0x0, 0x0, 0x0, 0x1c, 0x0,
    0x0, 0x0, 0xe, 0x0, 0x1f, 0xfe, 0x3f, 0xff,
    0x8f, 0xff, 0x1f, 0xff, 0xc7, 0xff, 0x8f, 0xff,
    0xe0, 0xe, 0x0, 0xe0, 0xe, 0x7, 0x0, 0x70,
    0x7, 0x3, 0x80, 0x38, 0x3, 0x81, 0xc0, 0x1c,
    0x1, 0xc0, 0xe0, 0xe, 0x0, 0xe0, 0x70, 0x7,
    0x0, 0x70, 0x38, 0x3, 0x80, 0x38, 0x1c, 0x1,
    0xc0, 0x1c, 0xe, 0x0, 0xe0, 0xe, 0x7, 0x0,
    0x70, 0x7, 0x3, 0x80, 0x38, 0x3, 0x81, 0xc0,
    0x1c, 0x1, 0xc0, 0xe0, 0xe, 0x0, 0xe0, 0x70,
    0x7, 0x0, 0x70, 0x38, 0x3, 0x80, 0x38, 0x1f,
    0x8e, 0x0, 0x1c, 0xf, 0xc7, 0x0, 0xe, 0x7,
    0xe3, 0x80, 0x7, 0xfc, 0x1, 0xc0, 0x3, 0xfe,
    0x0, 0xe0, 0x1, 0xff, 0x0, 0x70, 0x0, 0xe0,
    0x1, 0xc0, 0x0, 0x70, 0x0, 0xe0, 0x0, 0x38,
    0x0, 0x70, 0x0, 0x1c, 0xf, 0xc0, 0x1f, 0xf0,
    0x7, 0xe0, 0xf, 0xf8, 0x3, 0xf0, 0x7, 0xfc,
    0x0,

    /* U+52A0 "加" */
    0x3, 0x80, 0x0, 0xfc, 0x1, 0xc0, 0x0, 0x7e,
    0x0, 0xe0, 0x0, 0x3f, 0x1f, 0xff, 0xc0, 0xe0,
    0x7f, 0xff, 0xe0, 0x70, 0x3f, 0xff, 0xf0, 0x38,
    0x1c, 0xe, 0x7, 0x1c, 0xe, 0x7, 0x3, 0x8e,
    0x7, 0x3, 0x81, 0xc7, 0x3, 0x81, 0xc0, 0xe3,
    0x81, 0xc0, 0xe0, 0x71, 0xc0, 0xe0, 0x70, 0x38,
    0xe0, 0x70, 0x38, 0x1c, 0x70, 0x38, 0x1c, 0xe,
    0x38, 0x1c, 0xe, 0x7, 0x1c, 0xe, 0x7, 0x3,
    0x8e, 0x7, 0x3, 0x81, 0xc7, 0x3, 0x81, 0xc0,
    0xe3, 0x81, 0xc7, 0x0, 0x71, 0xc0, 0xe3, 0x80,
    0x38, 0xe0, 0x71, 0xc0, 0x1c, 0x70, 0x38, 0xe0,
    0xe, 0x38, 0x1c, 0x70, 0x7, 0x1c, 0xe, 0x38,
    0x3, 0x8e, 0x7, 0x1c, 0x1, 0xc7, 0x3, 0x8e,
    0x0, 0xe3, 0x81, 0xc7, 0x0, 0x71, 0xc0, 0xfc,
    0x0, 0x38, 0xe0, 0x7e, 0x0, 0x1c, 0x70, 0x3f,
    0x0, 0xe, 0x38, 0x1f, 0x8f, 0xf8, 0x3, 0xf1,
    0xc7, 0xfc, 0x1, 0xf8, 0xe3, 0xfe, 0x0, 0xfc,
    0x0,

    /* U+52A9 "助" */
    0x1f, 0xf0, 0x38, 0x0, 0xf, 0xf8, 0x1c, 0x0,
    0x7, 0xfc, 0xe, 0x0, 0x1c, 0x1, 0xff, 0xff,
    0x8e, 0x0, 0xff, 0xff, 0xc7, 0x0, 0x7f, 0xff,
    0xe3, 0x80, 0x38, 0xe0, 0xf, 0xc0, 0x1c, 0x70,
    0x7, 0xe0, 0xe, 0x38, 0x3, 0xff, 0xff, 0x1c,
    0x1, 0xff, 0xff, 0x8e, 0x0, 0xff, 0xff, 0xc7,
    0x0, 0x7e, 0x0, 0xe3, 0x80, 0x3f, 0x0, 0x71,
    0xc0, 0x1f, 0x80, 0x38, 0xe0, 0xf, 0xc0, 0x1c,
    0x70, 0x7, 0xe0, 0xe, 0x38, 0x3, 0xf0, 0x7,
    0x1c, 0x1, 0xff, 0xff, 0x8e, 0x0, 0xff, 0xff,
    0xc7, 0x0, 0x7f, 0xff, 0xe3, 0x80, 0x3f, 0x0,
    0x71, 0xc0, 0x1f, 0x80, 0x38, 0xe0, 0xf, 0xc0,
    0x1c, 0x70, 0x7, 0xe0, 0x7f, 0xc0, 0x3, 0xf0,
    0x3f, 0xe0, 0x1, 0xf8, 0x1f, 0xf0, 0x0, 0xff,
    0xf0, 0x38, 0x0, 0x7f, 0xf8, 0x1c, 0x0, 0x3f,
    0xfc, 0xe, 0x0, 0x1c, 0x0, 0x38, 0x1f, 0xf0,
    0x0, 0x1c, 0xf, 0xf8, 0x0, 0xe, 0x7, 0xfc,
    0x0,

    /* U+52B9 "効" */
    0x0, 0x70, 0x7, 0x0, 0x0, 0x38, 0x3, 0x80,
    0x0, 0x1c, 0x1, 0xc0, 0x1f, 0xff, 0xc7, 0xff,
    0x8f, 0xff, 0xe3, 0xff, 0xc7, 0xff, 0xf1, 0xff,
    0xe0, 0x0, 0x0, 0x1c, 0xe, 0x0, 0x0, 0xe,
    0x7, 0x0, 0x0, 0x7, 0x3, 0x8e, 0x7, 0x3,
    0x81, 0xc7, 0x3, 0x81, 0xc0, 0xe3, 0x81, 0xc0,
    0xe0, 0x71, 0xc0, 0x1c, 0x70, 0x38, 0xe0, 0xe,
    0x38, 0x1c, 0x70, 0x7, 0x1c, 0xf, 0xc7, 0x1c,
    0xe, 0x7, 0xe3, 0x8e, 0x7, 0x3, 0xf1, 0xc7,
    0x3, 0x81, 0xc0, 0x1c, 0x1, 0xc0, 0xe0, 0xe,
    0x0, 0xe0, 0x70, 0x7, 0x0, 0x70, 0x38, 0x3,
    0x81, 0xc0, 0x1c, 0x1, 0xc0, 0xe0, 0xe, 0x0,
    0xe0, 0x70, 0x7, 0x3, 0x8e, 0x38, 0x3, 0x81,
    0xc7, 0x1c, 0x1, 0xc0, 0xe3, 0x8e, 0x0, 0xe3,
    0x80, 0x38, 0x0, 0x71, 0xc0, 0x1c, 0x0, 0x38,
    0xe0, 0xe, 0x0, 0x1f, 0x80, 0x38, 0x3, 0xf1,
    0xc0, 0x1c, 0x1, 0xf8, 0xe0, 0xe, 0x0, 0xfc,
    0x0,

    /* U+52D5 "動" */
    0xff, 0xfe, 0x7, 0x0, 0x7f, 0xff, 0x3, 0x80,
    0x3f, 0xff, 0x81, 0xc0, 0x0, 0x70, 0x3f, 0xff,
    0x80, 0x38, 0x1f, 0xff, 0xc0, 0x1c, 0xf, 0xff,
    0xe3, 0xff, 0xf8, 0x1c, 0xf, 0xff, 0xfc, 0xe,
    0x7, 0xff, 0xfe, 0x7, 0x3, 0xf1, 0xc7, 0x3,
    0x81, 0xf8, 0xe3, 0x81, 0xc0, 0xfc, 0x71, 0xc0,
    0xe0, 0x7f, 0xff, 0xe0, 0x70, 0x3f, 0xff, 0xf0,
    0x38, 0x1f, 0xff, 0xf8, 0x1c, 0xf, 0xc7, 0x1c,
    0xe, 0x7, 0xe3, 0x8e, 0x7, 0x3, 0xf1, 0xc7,
    0x3, 0x81, 0xc7, 0xfc, 0x1, 0xc0, 0xe3, 0xfe,
    0x0, 0xe0, 0x71, 0xff, 0x0, 0x70, 0x38, 0x1c,
    0x1, 0xc0, 0x1c, 0xe, 0x0, 0xe0, 0xe, 0x7,
    0x0, 0x70, 0x7, 0xff, 0xfe, 0x38, 0x3, 0xff,
    0xff, 0x1c, 0x1, 0xff, 0xff, 0x8e, 0x0, 0xe0,
    0x70, 0x38, 0x0, 0x70, 0x38, 0x1c, 0x0, 0x38,
    0x1c, 0xe, 0x0, 0x1f, 0xff, 0xf8, 0x1f, 0xf1,
    0xff, 0xfc, 0xf, 0xf8, 0xff, 0xfe, 0x7, 0xfc,
    0x0,

    /* U+5305 "包" */
    0x1c, 0x0, 0x0, 0x0, 0xe, 0x0, 0x0, 0x0,
    0x7, 0x0, 0x0, 0x0, 0x3, 0xff, 0xff, 0xfc,
    0x1, 0xff, 0xff, 0xfe, 0x0, 0xff, 0xff, 0xff,
    0x0, 0x70, 0x0, 0x0, 0x70, 0x38, 0x0, 0x0,
    0x38, 0x1c, 0x0, 0x0, 0x1c, 0x71, 0xff, 0xfc,
    0xe, 0x38, 0xff, 0xfe, 0x7, 0x1c, 0x7f, 0xff,
    0x3, 0x8e, 0x0, 0x0, 0x71, 0xc7, 0x0, 0x0,
    0x38, 0xe3, 0x80, 0x0, 0x1c, 0x70, 0x0, 0x0,
    0xe, 0x38, 0x0, 0x0, 0x7, 0x1c, 0x0, 0x0,
    0x3, 0x8e, 0x0, 0xff, 0xfe, 0x7, 0x0, 0x7f,
    0xff, 0x3, 0x80, 0x3f, 0xff, 0x81, 0xc0, 0xe0,
    0x0, 0x3f, 0x0, 0x70, 0x0, 0x1f, 0x80, 0x38,
    0x0, 0xf, 0xc0, 0x1c, 0x0, 0x0, 0x3, 0x8e,
    0x0, 0x0, 0x1, 0xc7, 0x0, 0x0, 0x0, 0xe3,
    0x80, 0x0, 0x0, 0x71, 0xc0, 0x0, 0x0, 0x38,
    0xe0, 0x0, 0x0, 0x1c, 0xf, 0xff, 0xff, 0xf0,
    0x7, 0xff, 0xff, 0xf8, 0x3, 0xff, 0xff, 0xfc,
    0x0,

    /* U+5316 "化" */
    0x0, 0x71, 0xc0, 0x0, 0x0, 0x38, 0xe0, 0x0,
    0x0, 0x1c, 0x70, 0x0, 0x0, 0xe, 0x38, 0x0,
    0x70, 0x7, 0x1c, 0x0, 0x38, 0x3, 0x8e, 0x0,
    0x1c, 0xe, 0x7, 0x3, 0xf0, 0x7, 0x3, 0x81,
    0xf8, 0x3, 0x81, 0xc0, 0xfc, 0xf, 0xc0, 0xff,
    0x80, 0x7, 0xe0, 0x7f, 0xc0, 0x3, 0xf0, 0x3f,
    0xe0, 0xe, 0x38, 0x1c, 0x0, 0x7, 0x1c, 0xe,
    0x0, 0x3, 0x8e, 0x7, 0x0, 0x0, 0x7, 0x3,
    0x80, 0x0, 0x3, 0x81, 0xc0, 0x0, 0x1, 0xc0,
    0xe0, 0x0, 0x0, 0xe0, 0x70, 0x0, 0x0, 0x70,
    0x38, 0x0, 0x0, 0x38, 0x1c, 0x0, 0x0, 0x1c,
    0xe, 0x0, 0x1c, 0xe, 0x7, 0x0, 0xe, 0x7,
    0x3, 0x80, 0x7, 0x3, 0x81, 0xc0, 0x3, 0x81,
    0xc0, 0xe0, 0x1, 0xc0, 0xe0, 0x70, 0x0, 0xe0,
    0x70, 0x38, 0x0, 0x70, 0x38, 0x1c, 0x0, 0x38,
    0x1c, 0xe, 0x0, 0x1c, 0xe, 0x0, 0xff, 0xf0,
    0x7, 0x0, 0x7f, 0xf8, 0x3, 0x80, 0x3f, 0xfc,
    0x0,

    /* U+532F "匯" */
    0x1f, 0xff, 0xff, 0xff, 0x8f, 0xff, 0xff, 0xff,
    0xc7, 0xff, 0xff, 0xff, 0xfc, 0x70, 0x7, 0x3,
    0x8e, 0x38, 0x3, 0x81, 0xc7, 0x1c, 0x1, 0xc0,
    0xe3, 0x81, 0xc0, 0xff, 0xff, 0xc0, 0xe0, 0x7f,
    0xff, 0xe0, 0x70, 0x3f, 0xff, 0xf0, 0x0, 0xe0,
    0x70, 0x38, 0x0, 0x70, 0x38, 0x1c, 0x0, 0x38,
    0x1c, 0xe, 0x38, 0xff, 0xff, 0xff, 0x1c, 0x7f,
    0xff, 0xff, 0x8e, 0x3f, 0xff, 0xff, 0xc0, 0xe3,
    0x81, 0xc0, 0xe0, 0x71, 0xc0, 0xe0, 0x70, 0x38,
    0xe0, 0x70, 0x38, 0x0, 0x7f, 0xff, 0xfc, 0x0,
    0x3f, 0xff, 0xfe, 0x0, 0x1f, 0xff, 0xff, 0x3,
    0x8e, 0x7, 0x3, 0x81, 0xc7, 0x3, 0x81, 0xc0,
    0xe3, 0x81, 0xc0, 0xe3, 0x80, 0x3f, 0xff, 0xf1,
    0xc0, 0x1f, 0xff, 0xf8, 0xe0, 0xf, 0xff, 0xfc,
    0x0, 0x0, 0x0, 0xe, 0x0, 0x0, 0x0, 0x7,
    0x0, 0x0, 0x0, 0x0, 0x7f, 0xff, 0xff, 0xfe,
    0x3f, 0xff, 0xff, 0xff, 0x1f, 0xff, 0xff, 0xff,
    0x80,

    /* U+5347 "升" */
    0x0, 0xf, 0xc0, 0xe0, 0x0, 0x7, 0xe0, 0x70,
    0x0, 0x3, 0xf0, 0x38, 0x1f, 0xfe, 0x0, 0x1c,
    0xf, 0xff, 0x0, 0xe, 0x7, 0xff, 0x80, 0x7,
    0x0, 0x1, 0xc0, 0x3, 0x80, 0x0, 0xe0, 0x1,
    0xc0, 0x0, 0x70, 0x0, 0xe0, 0x0, 0x38, 0x0,
    0x70, 0x0, 0x1c, 0x0, 0x38, 0x0, 0xe, 0x0,
    0x1c, 0xf, 0xff, 0xff, 0xff, 0xff, 0xff, 0xff,
    0xff, 0xff, 0xff, 0xff, 0xff, 0xfe, 0x0, 0xe0,
    0x1, 0xc0, 0x0, 0x70, 0x0, 0xe0, 0x0, 0x38,
    0x0, 0x70, 0x0, 0x1c, 0x0, 0x38, 0x0, 0xe,
    0x0, 0x1c, 0x0, 0x7, 0x0, 0xe, 0x0, 0x1c,
    0x0, 0x7, 0x0, 0xe, 0x0, 0x3, 0x80, 0x7,
    0x0, 0x1, 0xc0, 0x3, 0x80, 0x0, 0xe0, 0x1,
    0xc0, 0x0, 0x70, 0x0, 0xe0, 0x0, 0x38, 0x3,
    0x80, 0x0, 0x1c, 0x1, 0xc0, 0x0, 0xe, 0x0,
    0xe0, 0x0, 0x7, 0x3, 0x80, 0x0, 0x3, 0x81,
    0xc0, 0x0, 0x1, 0xc0, 0xe0, 0x0, 0x0, 0xe0,
    0x0,

    /* U+5360 "占" */
    0x0, 0x1, 0xc0, 0x0, 0x0, 0x0, 0xe0, 0x0,
    0x0, 0x0, 0x70, 0x0, 0x0, 0x0, 0x3f, 0xff,
    0xf0, 0x0, 0x1f, 0xff, 0xf8, 0x0, 0xf, 0xff,
    0xfc, 0x0, 0x7, 0x0, 0x0, 0x0, 0x3, 0x80,
    0x0, 0x0, 0x1, 0xc0, 0x0, 0x0, 0x0, 0xe0,
    0x0, 0x0, 0x0, 0x70, 0x0, 0x0, 0x0, 0x38,
    0x0, 0x0, 0x0, 0x1c, 0x0, 0x0, 0x0, 0xe,
    0x0, 0x0, 0x0, 0x7, 0x0, 0x0, 0x3f, 0xff,
    0xff, 0xf8, 0x1f, 0xff, 0xff, 0xfc, 0xf, 0xff,
    0xff, 0xfe, 0x38, 0x0, 0x0, 0x0, 0xfc, 0x0,
    0x0, 0x0, 0x7e, 0x0, 0x0, 0x0, 0x3f, 0x0,
    0x0, 0x0, 0x1f, 0x80, 0x0, 0x0, 0xf, 0xc0,
    0x0, 0x0, 0x7, 0xe0, 0x0, 0x0, 0x3, 0xf0,
    0x0, 0x0, 0x1, 0xf8, 0x0, 0x0, 0x0, 0xfc,
    0x0, 0x0, 0x0, 0x7e, 0x0, 0x0, 0x0, 0x3f,
    0x0, 0x0, 0x0, 0x1c, 0x7f, 0xff, 0xff, 0xf0,
    0x3f, 0xff, 0xff, 0xf8, 0x1f, 0xff, 0xff, 0xfc,
    0x0,

    /* U+5371 "危" */
    0x0, 0x7f, 0xff, 0x0, 0x0, 0x3f, 0xff, 0x80,
    0x0, 0x1f, 0xff, 0xc0, 0x0, 0x70, 0x0, 0x1c,
    0x0, 0x38, 0x0, 0xe, 0x0, 0x1c, 0x0, 0x7,
    0x3, 0xf0, 0x0, 0x1c, 0x1, 0xf8, 0x0, 0xe,
    0x0, 0xfc, 0x0, 0x7, 0x0, 0x1, 0xff, 0xff,
    0xff, 0xc0, 0xff, 0xff, 0xff, 0xe0, 0x7f, 0xff,
    0xff, 0xf1, 0xc0, 0x0, 0x0, 0x0, 0xe0, 0x0,
    0x0, 0x0, 0x70, 0x0, 0x0, 0x0, 0x38, 0x1f,
    0xff, 0xc0, 0x1c, 0xf, 0xff, 0xe0, 0xe, 0x7,
    0xff, 0xf0, 0x7, 0x1c, 0x0, 0x7, 0x3, 0x8e,
    0x0, 0x3, 0x81, 0xc7, 0x0, 0x1, 0xc0, 0xe3,
    0x81, 0xff, 0x0, 0x71, 0xc0, 0xff, 0x80, 0x38,
    0xe0, 0x7f, 0xc0, 0x1c, 0x70, 0x0, 0x3, 0x8e,
    0x38, 0x0, 0x1, 0xc7, 0x1c, 0x0, 0x0, 0xfc,
    0xe, 0x0, 0x0, 0x7e, 0x7, 0x0, 0x0, 0x3f,
    0x3, 0x80, 0x0, 0x1f, 0x80, 0x3f, 0xff, 0xf1,
    0xc0, 0x1f, 0xff, 0xf8, 0xe0, 0xf, 0xff, 0xfc,
    0x0,

    /* U+5373 "即" */
    0x1f, 0xf0, 0x7, 0xfc, 0xf, 0xf8, 0x3, 0xfe,
    0x7, 0xfc, 0x1, 0xff, 0x1c, 0x1, 0xc7, 0x0,
    0x7e, 0x0, 0xe3, 0x80, 0x3f, 0x0, 0x71, 0xc0,
    0x1f, 0xff, 0xf8, 0xe0, 0xf, 0xff, 0xfc, 0x70,
    0x7, 0xff, 0xfe, 0x38, 0x3, 0xf0, 0x7, 0x1c,
    0x1, 0xf8, 0x3, 0x8e, 0x0, 0xfc, 0x1, 0xc7,
    0x0, 0x7f, 0xff, 0x3, 0x80, 0x3f, 0xff, 0x81,
    0xc0, 0x1f, 0xff, 0xc0, 0xe0, 0xf, 0xc0, 0x0,
    0x70, 0x7, 0xe0, 0x0, 0x38, 0x3, 0xf0, 0x0,
    0x1c, 0x1, 0xf8, 0xe0, 0xe, 0x0, 0xfc, 0x70,
    0x7, 0x0, 0x7e, 0x38, 0x3, 0x80, 0x3f, 0x3,
    0x81, 0xc0, 0x1f, 0x81, 0xc0, 0xe0, 0xf, 0xc0,
    0xe0, 0x70, 0x7, 0xe3, 0x8e, 0x38, 0x3, 0xf1,
    0xc7, 0x1c, 0x1, 0xf8, 0xe3, 0x8e, 0x0, 0xff,
    0x81, 0xc7, 0x1f, 0x8f, 0xc0, 0xe3, 0x8f, 0xc7,
    0xe0, 0x71, 0xc7, 0xe0, 0x0, 0x0, 0xe0, 0x0,
    0x0, 0x0, 0x70, 0x0, 0x0, 0x0, 0x38, 0x0,
    0x0,

    /* U+539F "原" */
    0x3, 0xff, 0xff, 0xff, 0x81, 0xff, 0xff, 0xff,
    0xc0, 0xff, 0xff, 0xff, 0xe3, 0x80, 0x7, 0x0,
    0x1, 0xc0, 0x3, 0x80, 0x0, 0xe0, 0x1, 0xc0,
    0x0, 0x70, 0x3f, 0xff, 0x80, 0x38, 0x1f, 0xff,
    0xc0, 0x1c, 0xf, 0xff, 0xe0, 0xe, 0x38, 0x0,
    0xe, 0x7, 0x1c, 0x0, 0x7, 0x3, 0x8e, 0x0,
    0x3, 0x81, 0xc7, 0xff, 0xff, 0xc0, 0xe3, 0xff,
    0xff, 0xe0, 0x71, 0xff, 0xff, 0xf0, 0x38, 0xe0,
    0x0, 0x38, 0x1c, 0x70, 0x0, 0x1c, 0xe, 0x38,
    0x0, 0xe, 0x7, 0x3, 0xff, 0xf8, 0x3, 0x81,
    0xff, 0xfc, 0x1, 0xc0, 0xff, 0xfe, 0x0, 0xe0,
    0x1, 0xc0, 0x0, 0x70, 0x0, 0xe0, 0x0, 0x38,
    0x0, 0x70, 0x0, 0x1c, 0x70, 0x38, 0x1c, 0xe,
    0x38, 0x1c, 0xe, 0x7, 0x1c, 0xe, 0x7, 0x1c,
    0x70, 0x7, 0x0, 0x7e, 0x38, 0x3, 0x80, 0x3f,
    0x1c, 0x1, 0xc0, 0x1f, 0x80, 0x3f, 0x0, 0x1,
    0xc0, 0x1f, 0x80, 0x0, 0xe0, 0xf, 0xc0, 0x0,
    0x0,

    /* U+53B3 "厳" */
    0x3, 0x81, 0xc0, 0xe0, 0x1, 0xc0, 0xe0, 0x70,
    0x0, 0xe0, 0x70, 0x38, 0x3, 0xff, 0xff, 0xff,
    0xf1, 0xff, 0xff, 0xff, 0xf8, 0xff, 0xff, 0xff,
    0xff, 0x80, 0x0, 0x0, 0x1, 0xc0, 0x0, 0x0,
    0x0, 0xe0, 0x0, 0x0, 0x0, 0x71, 0xff, 0xe3,
    0x80, 0x38, 0xff, 0xf1, 0xc0, 0x1c, 0x7f, 0xf8,
    0xe0, 0xe, 0x0, 0xe0, 0x7f, 0xff, 0x0, 0x70,
    0x3f, 0xff, 0x80, 0x38, 0x1f, 0xff, 0xff, 0xff,
    0xf0, 0x7, 0xff, 0xff, 0xf8, 0x3, 0xff, 0xff,
    0xfc, 0x1, 0xf8, 0xe0, 0x71, 0xc0, 0xfc, 0x70,
    0x38, 0xe0, 0x7e, 0x38, 0x1c, 0x70, 0x3f, 0x1f,
    0xfe, 0x38, 0xe3, 0x8f, 0xff, 0x1c, 0x71, 0xc7,
    0xff, 0x8e, 0x38, 0xe3, 0x81, 0xc0, 0xe0, 0x71,
    0xc0, 0xe0, 0x70, 0x38, 0xe0, 0x70, 0x38, 0x1f,
    0xff, 0xf8, 0xe3, 0x8f, 0xff, 0xfc, 0x71, 0xc7,
    0xff, 0xfe, 0x38, 0xe3, 0x80, 0x7, 0xe0, 0xf,
    0xc0, 0x3, 0xf0, 0x7, 0xe0, 0x1, 0xf8, 0x3,
    0x80,

    /* U+53BB "去" */
    0x0, 0x1, 0xc0, 0x0, 0x0, 0x0, 0xe0, 0x0,
    0x0, 0x0, 0x70, 0x0, 0x3, 0xff, 0xff, 0xff,
    0x81, 0xff, 0xff, 0xff, 0xc0, 0xff, 0xff, 0xff,
    0xe0, 0x0, 0x7, 0x0, 0x0, 0x0, 0x3, 0x80,
    0x0, 0x0, 0x1, 0xc0, 0x0, 0x0, 0x0, 0xe0,
    0x0, 0x0, 0x0, 0x70, 0x0, 0x0, 0x0, 0x38,
    0x0, 0x0, 0x0, 0x1c, 0x0, 0x0, 0x0, 0xe,
    0x0, 0x0, 0x0, 0x7, 0x0, 0x1, 0xff, 0xff,
    0xff, 0xff, 0xff, 0xff, 0xff, 0xff, 0xff, 0xff,
    0xff, 0xff, 0xc0, 0x1c, 0x0, 0x0, 0x0, 0xe,
    0x0, 0x0, 0x0, 0x7, 0x0, 0x0, 0x0, 0x3,
    0x80, 0x7, 0x0, 0x1, 0xc0, 0x3, 0x80, 0x0,
    0xe0, 0x1, 0xc0, 0x3, 0x80, 0x0, 0x1c, 0x1,
    0xc0, 0x0, 0xe, 0x0, 0xe0, 0x0, 0x7, 0x0,
    0x70, 0x7, 0xfc, 0x70, 0x38, 0x3, 0xfe, 0x38,
    0x1c, 0x1, 0xff, 0x1f, 0xff, 0xff, 0x0, 0xf,
    0xff, 0xff, 0x80, 0x7, 0xff, 0xff, 0xc0, 0x3,
    0x80,

    /* U+53C2 "参" */
    0x0, 0xe, 0x0, 0x0, 0x0, 0x7, 0x0, 0x0,
    0x0, 0x3, 0x80, 0x0, 0x0, 0xe, 0x0, 0xfc,
    0x0, 0x7, 0x0, 0x7e, 0x0, 0x3, 0x80, 0x3f,
    0x0, 0x7f, 0xff, 0xe0, 0x70, 0x3f, 0xff, 0xf0,
    0x38, 0x1f, 0xff, 0xf8, 0x1c, 0x0, 0x0, 0xe0,
    0x0, 0x0, 0x0, 0x70, 0x0, 0x0, 0x0, 0x38,
    0x0, 0x1, 0xff, 0xff, 0xff, 0xc0, 0xff, 0xff,
    0xff, 0xe0, 0x7f, 0xff, 0xff, 0xf0, 0x0, 0xe0,
    0xe, 0x0, 0x0, 0x70, 0x7, 0x0, 0x0, 0x38,
    0x3, 0x80, 0x3f, 0xe3, 0xfe, 0x3f, 0xff, 0xf1,
    0xff, 0x1f, 0xff, 0xf8, 0xff, 0x8f, 0xf8, 0x0,
    0x0, 0x38, 0x0, 0x0, 0x0, 0x1c, 0x0, 0x0,
    0x0, 0xe, 0x0, 0x3, 0xff, 0xf8, 0x1c, 0x1,
    0xff, 0xfc, 0xe, 0x0, 0xff, 0xfe, 0x7, 0x0,
    0x0, 0x0, 0xfc, 0x0, 0x0, 0x0, 0x7e, 0x0,
    0x0, 0x0, 0x3f, 0x0, 0x7f, 0xff, 0xe0, 0x0,
    0x3f, 0xff, 0xf0, 0x0, 0x1f, 0xff, 0xf8, 0x0,
    0x0,

    /* U+53D6 "取" */
    0xff, 0xff, 0xc0, 0x0, 0x7f, 0xff, 0xe0, 0x0,
    0x3f, 0xff, 0xf0, 0x0, 0x3, 0x81, 0xc7, 0xff,
    0x81, 0xc0, 0xe3, 0xff, 0xc0, 0xe0, 0x71, 0xff,
    0xe0, 0x70, 0x38, 0x0, 0xe, 0x38, 0x1c, 0x0,
    0x7, 0x1c, 0xe, 0x0, 0x3, 0x8f, 0xff, 0x1c,
    0x1, 0xc7, 0xff, 0x8e, 0x0, 0xe3, 0xff, 0xc7,
    0x0, 0x71, 0xc0, 0xe0, 0x71, 0xc0, 0xe0, 0x70,
    0x38, 0xe0, 0x70, 0x38, 0x1c, 0x70, 0x38, 0x1c,
    0xe, 0x38, 0x1c, 0xe, 0x7, 0x1c, 0xe, 0x7,
    0x3, 0x8e, 0x7, 0xff, 0x80, 0x38, 0x3, 0xff,
    0xc0, 0x1c, 0x1, 0xff, 0xe0, 0xe, 0x0, 0xe0,
    0x70, 0x7, 0x0, 0x70, 0x38, 0x3, 0x80, 0x38,
    0x1c, 0x1, 0xc0, 0x1c, 0x7e, 0x7, 0x1c, 0xe,
    0x3f, 0x3, 0x8e, 0x7, 0x1f, 0x81, 0xc7, 0x1f,
    0xf1, 0xc7, 0x0, 0x7f, 0xf8, 0xe3, 0x80, 0x3f,
    0xfc, 0x71, 0xc0, 0x1c, 0x0, 0x3f, 0x0, 0xe,
    0x0, 0x1f, 0x80, 0x7, 0x0, 0xf, 0xc0, 0x3,
    0x80,

    /* U+53E3 "口" */
    0x1f, 0xff, 0xff, 0xfc, 0xf, 0xff, 0xff, 0xfe,
    0x7, 0xff, 0xff, 0xff, 0x1c, 0x0, 0x0, 0x0,
    0x7e, 0x0, 0x0, 0x0, 0x3f, 0x0, 0x0, 0x0,
    0x1f, 0x80, 0x0, 0x0, 0xf, 0xc0, 0x0, 0x0,
    0x7, 0xe0, 0x0, 0x0, 0x3, 0xf0, 0x0, 0x0,
    0x1, 0xf8, 0x0, 0x0, 0x0, 0xfc, 0x0, 0x0,
    0x0, 0x7e, 0x0, 0x0, 0x0, 0x3f, 0x0, 0x0,
    0x0, 0x1f, 0x80, 0x0, 0x0, 0xf, 0xc0, 0x0,
    0x0, 0x7, 0xe0, 0x0, 0x0, 0x3, 0xf0, 0x0,
    0x0, 0x1, 0xf8, 0x0, 0x0, 0x0, 0xfc, 0x0,
    0x0, 0x0, 0x7e, 0x0, 0x0, 0x0, 0x3f, 0x0,
    0x0, 0x0, 0x1f, 0x80, 0x0, 0x0, 0xf, 0xc0,
    0x0, 0x0, 0x7, 0xe0, 0x0, 0x0, 0x3, 0xf0,
    0x0, 0x0, 0x1, 0xf8, 0x0, 0x0, 0x0, 0xfc,
    0x0, 0x0, 0x0, 0x7e, 0x0, 0x0, 0x0, 0x3f,
    0x0, 0x0, 0x0, 0x1c, 0x7f, 0xff, 0xff, 0xf0,
    0x3f, 0xff, 0xff, 0xf8, 0x1f, 0xff, 0xff, 0xfc,
    0x0,

    /* U+53EF "可" */
    0xff, 0xff, 0xff, 0xff, 0xff, 0xff, 0xff, 0xff,
    0xff, 0xff, 0xff, 0xff, 0xe0, 0x0, 0x0, 0x3,
    0x80, 0x0, 0x0, 0x1, 0xc0, 0x0, 0x0, 0x0,
    0xe0, 0xf, 0xff, 0xe0, 0x70, 0x7, 0xff, 0xf0,
    0x38, 0x3, 0xff, 0xf8, 0x1c, 0xe, 0x0, 0x3,
    0x8e, 0x7, 0x0, 0x1, 0xc7, 0x3, 0x80, 0x0,
    0xe3, 0x81, 0xc0, 0x0, 0x71, 0xc0, 0xe0, 0x0,
    0x38, 0xe0, 0x70, 0x0, 0x1c, 0x70, 0x38, 0x0,
    0xe, 0x38, 0x1c, 0x0, 0x7, 0x1c, 0xe, 0x0,
    0x3, 0x8e, 0x7, 0x0, 0x1, 0xc7, 0x3, 0x80,
    0x0, 0xe3, 0x81, 0xc0, 0x0, 0x71, 0xc0, 0x1f,
    0xff, 0xc0, 0xe0, 0xf, 0xff, 0xe0, 0x70, 0x7,
    0xff, 0xf0, 0x38, 0x0, 0x0, 0x0, 0x1c, 0x0,
    0x0, 0x0, 0xe, 0x0, 0x0, 0x0, 0x7, 0x0,
    0x0, 0x0, 0x3, 0x80, 0x0, 0x0, 0x1, 0xc0,
    0x0, 0x0, 0x0, 0xe0, 0x0, 0x7, 0xff, 0x80,
    0x0, 0x3, 0xff, 0xc0, 0x0, 0x1, 0xff, 0xe0,
    0x0,

    /* U+53F3 "右" */
    0x0, 0x70, 0x0, 0x0, 0x0, 0x38, 0x0, 0x0,
    0x0, 0x1c, 0x0, 0x0, 0x1f, 0xff, 0xff, 0xff,
    0xff, 0xff, 0xff, 0xff, 0xff, 0xff, 0xff, 0xff,
    0xfc, 0x1, 0xc0, 0x0, 0x0, 0x0, 0xe0, 0x0,
    0x0, 0x0, 0x70, 0x0, 0x0, 0x0, 0x38, 0x0,
    0x0, 0x0, 0x1c, 0x0, 0x0, 0x0, 0xe, 0x0,
    0x0, 0x0, 0x7, 0xff, 0xff, 0xc0, 0x3, 0xff,
    0xff, 0xe0, 0x1, 0xff, 0xff, 0xf0, 0x7, 0x0,
    0x0, 0x7, 0x3, 0x80, 0x0, 0x3, 0x81, 0xc0,
    0x0, 0x1, 0xc0, 0xe0, 0x0, 0x0, 0xe0, 0x70,
    0x0, 0x0, 0x70, 0x38, 0x0, 0x0, 0x38, 0xfc,
    0x0, 0x0, 0x1c, 0x7e, 0x0, 0x0, 0xe, 0x3f,
    0x0, 0x0, 0x7, 0xe3, 0x80, 0x0, 0x3, 0xf1,
    0xc0, 0x0, 0x1, 0xf8, 0xe0, 0x0, 0x0, 0xe0,
    0x70, 0x0, 0x0, 0x70, 0x38, 0x0, 0x0, 0x38,
    0x1c, 0x0, 0x0, 0x1c, 0x1, 0xff, 0xff, 0xf0,
    0x0, 0xff, 0xff, 0xf8, 0x0, 0x7f, 0xff, 0xfc,
    0x0,

    /* U+53F7 "号" */
    0x3, 0xff, 0xff, 0xe0, 0x1, 0xff, 0xff, 0xf0,
    0x0, 0xff, 0xff, 0xf8, 0x3, 0x80, 0x0, 0x3,
    0x81, 0xc0, 0x0, 0x1, 0xc0, 0xe0, 0x0, 0x0,
    0xe0, 0x70, 0x0, 0x0, 0x70, 0x38, 0x0, 0x0,
    0x38, 0x1c, 0x0, 0x0, 0x1c, 0x1, 0xff, 0xff,
    0xf0, 0x0, 0xff, 0xff, 0xf8, 0x0, 0x7f, 0xff,
    0xfc, 0x0, 0x0, 0x0, 0x0, 0x0, 0x0, 0x0,
    0x0, 0x0, 0x0, 0x0, 0x0, 0x1, 0xff, 0xff,
    0xff, 0xff, 0xff, 0xff, 0xff, 0xff, 0xff, 0xff,
    0xff, 0xff, 0xc0, 0xe0, 0x0, 0x0, 0x0, 0x70,
    0x0, 0x0, 0x0, 0x38, 0x0, 0x0, 0x0, 0x3,
    0xff, 0xff, 0xe0, 0x1, 0xff, 0xff, 0xf0, 0x0,
    0xff, 0xff, 0xf8, 0x0, 0x0, 0x0, 0x3, 0x80,
    0x0, 0x0, 0x1, 0xc0, 0x0, 0x0, 0x0, 0xe0,
    0x70, 0x0, 0x3, 0x80, 0x38, 0x0, 0x1, 0xc0,
    0x1c, 0x0, 0x0, 0xe0, 0x1, 0xff, 0xff, 0x80,
    0x0, 0xff, 0xff, 0xc0, 0x0, 0x7f, 0xff, 0xe0,
    0x0,

    /* U+5408 "合" */
    0x0, 0xf, 0xf8, 0x0, 0x0, 0x7, 0xfc, 0x0,
    0x0, 0x3, 0xfe, 0x0, 0x0, 0xe, 0x0, 0xe0,
    0x0, 0x7, 0x0, 0x70, 0x0, 0x3, 0x80, 0x38,
    0x0, 0xe, 0x0, 0x3, 0x80, 0x7, 0x0, 0x1,
    0xc0, 0x3, 0x80, 0x0, 0xe0, 0x7e, 0x3f, 0xff,
    0x8f, 0xff, 0x1f, 0xff, 0xc7, 0xff, 0x8f, 0xff,
    0xe3, 0xf0, 0x0, 0x0, 0x0, 0x0, 0x0, 0x0,
    0x0, 0x0, 0x0, 0x0, 0x0, 0x0, 0x7, 0xff,
    0xff, 0xc0, 0x3, 0xff, 0xff, 0xe0, 0x1, 0xff,
    0xff, 0xf0, 0x7, 0x0, 0x0, 0x7, 0x3, 0x80,
    0x0, 0x3, 0x81, 0xc0, 0x0, 0x1, 0xc0, 0xe0,
    0x0, 0x0, 0xe0, 0x70, 0x0, 0x0, 0x70, 0x38,
    0x0, 0x0, 0x38, 0x1c, 0x0, 0x0, 0x1c, 0xe,
    0x0, 0x0, 0xe, 0x7, 0x0, 0x0, 0x7, 0x3,
    0x80, 0x0, 0x3, 0x81, 0xc0, 0x0, 0x1, 0xc0,
    0xe0, 0x0, 0x0, 0xe0, 0xf, 0xff, 0xff, 0x80,
    0x7, 0xff, 0xff, 0xc0, 0x3, 0xff, 0xff, 0xe0,
    0x0,

    /* U+540C "同" */
    0x1f, 0xff, 0xff, 0xfc, 0xf, 0xff, 0xff, 0xfe,
    0x7, 0xff, 0xff, 0xff, 0x1c, 0x0, 0x0, 0x0,
    0x7e, 0x0, 0x0, 0x0, 0x3f, 0x0, 0x0, 0x0,
    0x1f, 0x8f, 0xff, 0xff, 0x8f, 0xc7, 0xff, 0xff,
    0xc7, 0xe3, 0xff, 0xff, 0xe3, 0xf0, 0x0, 0x0,
    0x1, 0xf8, 0x0, 0x0, 0x0, 0xfc, 0x0, 0x0,
    0x0, 0x7e, 0x7, 0xff, 0xf0, 0x3f, 0x3, 0xff,
    0xf8, 0x1f, 0x81, 0xff, 0xfc, 0xf, 0xc7, 0x0,
    0x1, 0xc7, 0xe3, 0x80, 0x0, 0xe3, 0xf1, 0xc0,
    0x0, 0x71, 0xf8, 0xe0, 0x0, 0x38, 0xfc, 0x70,
    0x0, 0x1c, 0x7e, 0x38, 0x0, 0xe, 0x3f, 0x1c,
    0x0, 0x7, 0x1f, 0x8e, 0x0, 0x3, 0x8f, 0xc7,
    0x0, 0x1, 0xc7, 0xe0, 0x7f, 0xff, 0x3, 0xf0,
    0x3f, 0xff, 0x81, 0xf8, 0x1f, 0xff, 0xc0, 0xfc,
    0x0, 0x0, 0x0, 0x7e, 0x0, 0x0, 0x0, 0x3f,
    0x0, 0x0, 0x0, 0x1f, 0x80, 0x0, 0xff, 0xf1,
    0xc0, 0x0, 0x7f, 0xf8, 0xe0, 0x0, 0x3f, 0xfc,
    0x0,

    /* U+540D "名" */
    0x0, 0xf, 0xff, 0xe0, 0x0, 0x7, 0xff, 0xf0,
    0x0, 0x3, 0xff, 0xf8, 0x0, 0xe, 0x0, 0x3,
    0x80, 0x7, 0x0, 0x1, 0xc0, 0x3, 0x80, 0x0,
    0xe0, 0xe, 0x0, 0x0, 0x70, 0x7, 0x0, 0x0,
    0x38, 0x3, 0x80, 0x0, 0x1c, 0x7e, 0x3f, 0x0,
    0x70, 0x3f, 0x1f, 0x80, 0x38, 0x1f, 0x8f, 0xc0,
    0x1c, 0x0, 0x0, 0x1c, 0x70, 0x0, 0x0, 0xe,
    0x38, 0x0, 0x0, 0x7, 0x1c, 0x0, 0x0, 0x0,
    0x70, 0x0, 0x0, 0x0, 0x38, 0x0, 0x0, 0x0,
    0x1c, 0x0, 0x0, 0x3, 0xff, 0xff, 0x0, 0x1,
    0xff, 0xff, 0x80, 0x0, 0xff, 0xff, 0xc7, 0xff,
    0x80, 0x0, 0x1f, 0xff, 0xc0, 0x0, 0xf, 0xff,
    0xe0, 0x0, 0x7, 0x0, 0x70, 0x0, 0x3, 0x80,
    0x38, 0x0, 0x1, 0xc0, 0x1c, 0x0, 0x0, 0xe0,
    0xe, 0x0, 0x0, 0x70, 0x7, 0x0, 0x0, 0x38,
    0x3, 0x80, 0x0, 0x1c, 0x0, 0x3f, 0xff, 0xf0,
    0x0, 0x1f, 0xff, 0xf8, 0x0, 0xf, 0xff, 0xfc,
    0x0,

    /* U+540E "后" */
    0x0, 0x0, 0x3f, 0xfc, 0x0, 0x0, 0x1f, 0xfe,
    0x0, 0x0, 0xf, 0xff, 0x0, 0x7f, 0xf8, 0x0,
    0x0, 0x3f, 0xfc, 0x0, 0x0, 0x1f, 0xfe, 0x0,
    0x0, 0x70, 0x0, 0x0, 0x0, 0x38, 0x0, 0x0,
    0x0, 0x1c, 0x0, 0x0, 0x0, 0xf, 0xff, 0xff,
    0xff, 0xc7, 0xff, 0xff, 0xff, 0xe3, 0xff, 0xff,
    0xff, 0xf1, 0xc0, 0x0, 0x0, 0x0, 0xe0, 0x0,
    0x0, 0x0, 0x70, 0x0, 0x0, 0x0, 0x38, 0x1f,
    0xff, 0xc0, 0x1c, 0xf, 0xff, 0xe0, 0xe, 0x7,
    0xff, 0xf0, 0x7, 0x1c, 0x0, 0x7, 0x3, 0x8e,
    0x0, 0x3, 0x81, 0xc7, 0x0, 0x1, 0xc0, 0xe3,
    0x80, 0x0, 0xe0, 0x71, 0xc0, 0x0, 0x70, 0x38,
    0xe0, 0x0, 0x38, 0x1c, 0x70, 0x0, 0x1c, 0xe,
    0x38, 0x0, 0xe, 0x7, 0x1c, 0x0, 0x7, 0x1c,
    0xe, 0x0, 0x3, 0x8e, 0x7, 0x0, 0x1, 0xc7,
    0x3, 0x80, 0x0, 0xe3, 0x80, 0x3f, 0xff, 0x81,
    0xc0, 0x1f, 0xff, 0xc0, 0xe0, 0xf, 0xff, 0xe0,
    0x0,

    /* U+5411 "向" */
    0x0, 0x1, 0xc0, 0x0, 0x0, 0x0, 0xe0, 0x0,
    0x0, 0x0, 0x70, 0x0, 0x0, 0x1, 0xc0, 0x0,
    0x0, 0x0, 0xe0, 0x0, 0x0, 0x0, 0x70, 0x0,
    0x0, 0x7f, 0xff, 0xff, 0xf0, 0x3f, 0xff, 0xff,
    0xf8, 0x1f, 0xff, 0xff, 0xfc, 0x70, 0x0, 0x0,
    0x1, 0xf8, 0x0, 0x0, 0x0, 0xfc, 0x0, 0x0,
    0x0, 0x7e, 0x7, 0xff, 0xf0, 0x3f, 0x3, 0xff,
    0xf8, 0x1f, 0x81, 0xff, 0xfc, 0xf, 0xc7, 0x0,
    0x1, 0xc7, 0xe3, 0x80, 0x0, 0xe3, 0xf1, 0xc0,
    0x0, 0x71, 0xf8, 0xe0, 0x0, 0x38, 0xfc, 0x70,
    0x0, 0x1c, 0x7e, 0x38, 0x0, 0xe, 0x3f, 0x1c,
    0x0, 0x7, 0x1f, 0x8e, 0x0, 0x3, 0x8f, 0xc7,
    0x0, 0x1, 0xc7, 0xe0, 0x7f, 0xff, 0x3, 0xf0,
    0x3f, 0xff, 0x81, 0xf8, 0x1f, 0xff, 0xc0, 0xfc,
    0x0, 0x0, 0x0, 0x7e, 0x0, 0x0, 0x0, 0x3f,
    0x0, 0x0, 0x0, 0x1f, 0x80, 0x0, 0xff, 0xf1,
    0xc0, 0x0, 0x7f, 0xf8, 0xe0, 0x0, 0x3f, 0xfc,
    0x0,

    /* U+5426 "否" */
    0xff, 0xff, 0xff, 0xff, 0xff, 0xff, 0xff, 0xff,
    0xff, 0xff, 0xff, 0xff, 0xe0, 0x0, 0x7, 0x0,
    0x0, 0x0, 0x3, 0x80, 0x0, 0x0, 0x1, 0xc0,
    0x0, 0x0, 0x3f, 0x0, 0x0, 0x0, 0x1f, 0x80,
    0x0, 0x0, 0xf, 0xc0, 0x0, 0x1, 0xf8, 0xe3,
    0xf0, 0x0, 0xfc, 0x71, 0xf8, 0x0, 0x7e, 0x38,
    0xfc, 0xf, 0xc0, 0x1c, 0x1, 0xff, 0xe0, 0xe,
    0x0, 0xff, 0xf0, 0x7, 0x0, 0x7e, 0x0, 0x3,
    0x80, 0x0, 0x0, 0x1, 0xc0, 0x0, 0x0, 0x0,
    0xe0, 0x0, 0x0, 0xff, 0xff, 0xf8, 0x0, 0x7f,
    0xff, 0xfc, 0x0, 0x3f, 0xff, 0xfe, 0x0, 0xe0,
    0x0, 0x0, 0xe0, 0x70, 0x0, 0x0, 0x70, 0x38,
    0x0, 0x0, 0x38, 0x1c, 0x0, 0x0, 0x1c, 0xe,
    0x0, 0x0, 0xe, 0x7, 0x0, 0x0, 0x7, 0x3,
    0x80, 0x0, 0x3, 0x81, 0xc0, 0x0, 0x1, 0xc0,
    0xe0, 0x0, 0x0, 0xe0, 0xf, 0xff, 0xff, 0x80,
    0x7, 0xff, 0xff, 0xc0, 0x3, 0xff, 0xff, 0xe0,
    0x0,

    /* U+542B "含" */
    0x0, 0xf, 0xf8, 0x0, 0x0, 0x7, 0xfc, 0x0,
    0x0, 0x3, 0xfe, 0x0, 0x0, 0xe, 0x0, 0xe0,
    0x0, 0x7, 0x0, 0x70, 0x0, 0x3, 0x80, 0x38,
    0x0, 0xe, 0x3f, 0xe3, 0x80, 0x7, 0x1f, 0xf1,
    0xc0, 0x3, 0x8f, 0xf8, 0xe0, 0x7e, 0x0, 0x0,
    0xf, 0xff, 0x0, 0x0, 0x7, 0xff, 0x80, 0x0,
    0x3, 0xf0, 0x3f, 0xff, 0xf0, 0x0, 0x1f, 0xff,
    0xf8, 0x0, 0xf, 0xff, 0xfc, 0x0, 0x0, 0x0,
    0x1, 0xc0, 0x0, 0x0, 0x0, 0xe0, 0x0, 0x0,
    0x0, 0x70, 0x0, 0x0, 0x1, 0xc0, 0x0, 0x0,
    0x0, 0xe0, 0x0, 0x0, 0x0, 0x70, 0x0, 0x1f,
    0xff, 0xff, 0x0, 0xf, 0xff, 0xff, 0x80, 0x7,
    0xff, 0xff, 0xc0, 0x1c, 0x0, 0x0, 0x1c, 0xe,
    0x0, 0x0, 0xe, 0x7, 0x0, 0x0, 0x7, 0x3,
    0x80, 0x0, 0x3, 0x81, 0xc0, 0x0, 0x1, 0xc0,
    0xe0, 0x0, 0x0, 0xe0, 0xf, 0xff, 0xff, 0x80,
    0x7, 0xff, 0xff, 0xc0, 0x3, 0xff, 0xff, 0xe0,
    0x0,

    /* U+544A "告" */
    0x1c, 0x1, 0xc0, 0x0, 0xe, 0x0, 0xe0, 0x0,
    0x7, 0x0, 0x70, 0x0, 0x3, 0xff, 0xff, 0xff,
    0x81, 0xff, 0xff, 0xff, 0xc0, 0xff, 0xff, 0xff,
    0xe3, 0x80, 0x7, 0x0, 0x1, 0xc0, 0x3, 0x80,
    0x0, 0xe0, 0x1, 0xc0, 0x0, 0x0, 0x0, 0xe0,
    0x0, 0x0, 0x0, 0x70, 0x0, 0x0, 0x0, 0x38,
    0x0, 0xf, 0xff, 0xff, 0xff, 0xff, 0xff, 0xff,
    0xff, 0xff, 0xff, 0xff, 0xff, 0xfe, 0x0, 0x0,
    0x0, 0x0, 0x0, 0x0, 0x0, 0x0, 0x0, 0x0,
    0x0, 0x0, 0x0, 0xff, 0xff, 0xf8, 0x0, 0x7f,
    0xff, 0xfc, 0x0, 0x3f, 0xff, 0xfe, 0x0, 0xe0,
    0x0, 0x0, 0xe0, 0x70, 0x0, 0x0, 0x70, 0x38,
    0x0, 0x0, 0x38, 0x1c, 0x0, 0x0, 0x1c, 0xe,
    0x0, 0x0, 0xe, 0x7, 0x0, 0x0, 0x7, 0x3,
    0x80, 0x0, 0x3, 0x81, 0xc0, 0x0, 0x1, 0xc0,
    0xe0, 0x0, 0x0, 0xe0, 0xf, 0xff, 0xff, 0x80,
    0x7, 0xff, 0xff, 0xc0, 0x3, 0xff, 0xff, 0xe0,
    0x0,

    /* U+5468 "周" */
    0x3, 0xff, 0xff, 0xfc, 0x1, 0xff, 0xff, 0xfe,
    0x0, 0xff, 0xff, 0xff, 0x3, 0x80, 0x38, 0x0,
    0x71, 0xc0, 0x1c, 0x0, 0x38, 0xe0, 0xe, 0x0,
    0x1c, 0x71, 0xff, 0xff, 0x8e, 0x38, 0xff, 0xff,
    0xc7, 0x1c, 0x7f, 0xff, 0xe3, 0x8e, 0x0, 0xe0,
    0x1, 0xc7, 0x0, 0x70, 0x0, 0xe3, 0x80, 0x38,
    0x0, 0x71, 0xff, 0xff, 0xfe, 0x38, 0xff, 0xff,
    0xff, 0x1c, 0x7f, 0xff, 0xff, 0x8e, 0x38, 0x0,
    0x0, 0x7, 0x1c, 0x0, 0x0, 0x3, 0x8e, 0x0,
    0x0, 0x1, 0xc7, 0x3, 0xff, 0xc0, 0xe3, 0x81,
    0xff, 0xe0, 0x71, 0xc0, 0xff, 0xf0, 0x38, 0xe3,
    0x80, 0x7, 0x1c, 0x71, 0xc0, 0x3, 0x8e, 0x38,
    0xe0, 0x1, 0xc7, 0x1c, 0x70, 0x0, 0xe3, 0x8e,
    0x38, 0x0, 0x71, 0xc7, 0x1c, 0x0, 0x38, 0xfc,
    0x1, 0xff, 0xe0, 0x7e, 0x0, 0xff, 0xf0, 0x3f,
    0x0, 0x7f, 0xf8, 0x1f, 0x80, 0x0, 0x3, 0xf1,
    0xc0, 0x0, 0x1, 0xf8, 0xe0, 0x0, 0x0, 0xfc,
    0x0,

    /* U+547D "命" */
    0x0, 0xf, 0xf8, 0x0, 0x0, 0x7, 0xfc, 0x0,
    0x0, 0x3, 0xfe, 0x0, 0x0, 0xe, 0x0, 0xe0,
    0x0, 0x7, 0x0, 0x70, 0x0, 0x3, 0x80, 0x38,
    0x0, 0xe, 0x0, 0x3, 0x80, 0x7, 0x0, 0x1,
    0xc0, 0x3, 0x80, 0x0, 0xe0, 0x7e, 0x3f, 0xff,
    0x8f, 0xff, 0x1f, 0xff, 0xc7, 0xff, 0x8f, 0xff,
    0xe3, 0xf0, 0x0, 0x0, 0x0, 0x0, 0x0, 0x0,
    0x0, 0x0, 0x0, 0x0, 0x0, 0x0, 0x3f, 0xe0,
    0xf, 0xf8, 0x1f, 0xf0, 0x7, 0xfc, 0xf, 0xf8,
    0x3, 0xfe, 0x38, 0x3, 0x8e, 0x0, 0xfc, 0x1,
    0xc7, 0x0, 0x7e, 0x0, 0xe3, 0x80, 0x3f, 0x0,
    0x71, 0xc0, 0x1f, 0x80, 0x38, 0xe0, 0xf, 0xc0,
    0x1c, 0x70, 0x7, 0xe0, 0xe, 0x38, 0x3, 0xf0,
    0x7, 0x1c, 0x1, 0xf8, 0x3, 0x8e, 0x0, 0xe3,
    0xfe, 0x7, 0x1f, 0x81, 0xff, 0x3, 0x8f, 0xc0,
    0xff, 0x81, 0xc7, 0xe0, 0x0, 0x0, 0xe0, 0x0,
    0x0, 0x0, 0x70, 0x0, 0x0, 0x0, 0x38, 0x0,
    0x0,

    /* U+548C "和" */
    0x0, 0x7e, 0x7, 0xfc, 0x0, 0x3f, 0x3, 0xfe,
    0x0, 0x1f, 0x81, 0xff, 0x1f, 0xf0, 0x7, 0x0,
    0x7f, 0xf8, 0x3, 0x80, 0x3f, 0xfc, 0x1, 0xc0,
    0x1c, 0xe, 0x0, 0xe0, 0xe, 0x7, 0x0, 0x70,
    0x7, 0x3, 0x80, 0x38, 0x3, 0x81, 0xc0, 0x1c,
    0x1, 0xc0, 0xe0, 0xe, 0x0, 0xe0, 0x70, 0x7,
    0x0, 0x7f, 0xff, 0xe3, 0x80, 0x3f, 0xff, 0xf1,
    0xc0, 0x1f, 0xff, 0xf8, 0xe0, 0xe, 0x7, 0x0,
    0x70, 0x7, 0x3, 0x80, 0x38, 0x3, 0x81, 0xc0,
    0x1c, 0x1, 0xc0, 0xe0, 0xe, 0x0, 0xe0, 0x70,
    0x7, 0x0, 0x70, 0x38, 0x3, 0x80, 0x38, 0xff,
    0x81, 0xc0, 0x1c, 0x7f, 0xc0, 0xe0, 0xe, 0x3f,
    0xe0, 0x70, 0x7, 0xe3, 0x8e, 0x38, 0x3, 0xf1,
    0xc7, 0x1c, 0x1, 0xf8, 0xe3, 0x8e, 0x0, 0xe0,
    0x70, 0x7, 0x0, 0x70, 0x38, 0x3, 0x80, 0x38,
    0x1c, 0x1, 0xc0, 0x1c, 0xe, 0x0, 0x1f, 0xf0,
    0x7, 0x0, 0xf, 0xf8, 0x3, 0x80, 0x7, 0xfc,
    0x0,

    /* U+554F "問" */
    0x1f, 0xf0, 0x7, 0xfc, 0xf, 0xf8, 0x3, 0xfe,
    0x7, 0xfc, 0x1, 0xff, 0x1c, 0x1, 0xc7, 0x0,
    0x7e, 0x0, 0xe3, 0x80, 0x3f, 0x0, 0x71, 0xc0,
    0x1f, 0xff, 0xf8, 0xff, 0xff, 0xff, 0xfc, 0x7f,
    0xff, 0xff, 0xfe, 0x3f, 0xff, 0xf0, 0x7, 0x1c,
    0x1, 0xf8, 0x3, 0x8e, 0x0, 0xfc, 0x1, 0xc7,
    0x0, 0x7f, 0xff, 0x0, 0x7f, 0xff, 0xff, 0x80,
    0x3f, 0xff, 0xff, 0xc0, 0x1f, 0xff, 0xc0, 0x1f,
    0xf0, 0x7, 0xe0, 0xf, 0xf8, 0x3, 0xf0, 0x7,
    0xfc, 0x1, 0xf8, 0x1c, 0x1, 0xc0, 0xfc, 0xe,
    0x0, 0xe0, 0x7e, 0x7, 0x0, 0x70, 0x3f, 0x3,
    0x80, 0x38, 0x1f, 0x81, 0xc0, 0x1c, 0xf, 0xc0,
    0xe0, 0xe, 0x7, 0xe0, 0x70, 0x7, 0x3, 0xf0,
    0x38, 0x3, 0x81, 0xf8, 0x1c, 0x1, 0xc0, 0xfc,
    0x1, 0xff, 0x0, 0x7e, 0x0, 0xff, 0x80, 0x3f,
    0x0, 0x7f, 0xc0, 0x1f, 0x80, 0x0, 0x1f, 0xf1,
    0xc0, 0x0, 0xf, 0xf8, 0xe0, 0x0, 0x7, 0xfc,
    0x0,

    /* U+55AE "單" */
    0x1f, 0xf0, 0x7, 0xfc, 0xf, 0xf8, 0x3, 0xfe,
    0x7, 0xfc, 0x1, 0xff, 0x1c, 0x1, 0xc7, 0x0,
    0x7e, 0x0, 0xe3, 0x80, 0x3f, 0x0, 0x71, 0xc0,
    0x1f, 0x80, 0x38, 0xe0, 0xf, 0xc0, 0x1c, 0x70,
    0x7, 0xe0, 0xe, 0x38, 0x3, 0x8f, 0xff, 0xff,
    0xfe, 0x7, 0xff, 0xff, 0xff, 0x3, 0xff, 0xff,
    0xff, 0x81, 0xc0, 0x1c, 0x1, 0xc0, 0xe0, 0xe,
    0x0, 0xe0, 0x70, 0x7, 0x0, 0x70, 0x3f, 0xff,
    0xff, 0xf8, 0x1f, 0xff, 0xff, 0xfc, 0xf, 0xff,
    0xff, 0xfe, 0x7, 0x0, 0x70, 0x7, 0x3, 0x80,
    0x38, 0x3, 0x81, 0xc0, 0x1c, 0x1, 0xc0, 0x1f,
    0xff, 0xff, 0x0, 0xf, 0xff, 0xff, 0x80, 0x7,
    0xff, 0xff, 0xc0, 0x0, 0x1, 0xc0, 0x0, 0x0,
    0x0, 0xe0, 0x0, 0x0, 0x0, 0x70, 0x0, 0x1f,
    0xff, 0xff, 0xff, 0xff, 0xff, 0xff, 0xff, 0xff,
    0xff, 0xff, 0xff, 0xfc, 0x0, 0x7, 0x0, 0x0,
    0x0, 0x3, 0x80, 0x0, 0x0, 0x1, 0xc0, 0x0,
    0x0,

    /* U+5617 "嘗" */
    0x3, 0x81, 0xc0, 0xe0, 0x1, 0xc0, 0xe0, 0x70,
    0x0, 0xe0, 0x70, 0x38, 0x3, 0xff, 0xff, 0xff,
    0x81, 0xff, 0xff, 0xff, 0xc0, 0xff, 0xff, 0xff,
    0xe3, 0x8e, 0x0, 0x3, 0x8f, 0xc7, 0x0, 0x1,
    0xc7, 0xe3, 0x80, 0x0, 0xe3, 0xf1, 0xc0, 0x0,
    0x71, 0xf8, 0xe0, 0x0, 0x38, 0xfc, 0x70, 0x0,
    0x1c, 0x71, 0xff, 0xff, 0xf0, 0x0, 0xff, 0xff,
    0xf8, 0x0, 0x7f, 0xff, 0xfc, 0x0, 0x38, 0x0,
    0x0, 0x38, 0x1c, 0x0, 0x0, 0x1c, 0xe, 0x0,
    0x0, 0xe, 0x0, 0xff, 0xff, 0xf8, 0x0, 0x7f,
    0xff, 0xfc, 0x0, 0x3f, 0xff, 0xfe, 0x0, 0xe0,
    0x0, 0x0, 0xe0, 0x70, 0x0, 0x0, 0x70, 0x38,
    0x0, 0x0, 0x38, 0x1f, 0xff, 0xff, 0xfc, 0xf,
    0xff, 0xff, 0xfe, 0x7, 0xff, 0xff, 0xff, 0x3,
    0x80, 0x0, 0x3, 0x81, 0xc0, 0x0, 0x1, 0xc0,
    0xe0, 0x0, 0x0, 0xe0, 0xf, 0xff, 0xff, 0x80,
    0x7, 0xff, 0xff, 0xc0, 0x3, 0xff, 0xff, 0xe0,
    0x0,

    /* U+5668 "器" */
    0x1f, 0xf0, 0x7, 0xfc, 0xf, 0xf8, 0x3, 0xfe,
    0x7, 0xfc, 0x1, 0xff, 0x1c, 0x1, 0xc7, 0x0,
    0x7e, 0x0, 0xe3, 0x80, 0x3f, 0x0, 0x71, 0xc0,
    0x1f, 0x80, 0x38, 0xe0, 0xf, 0xc0, 0x1c, 0x70,
    0x7, 0xe0, 0xe, 0x38, 0x3, 0x8f, 0xf8, 0xe3,
    0xfe, 0x7, 0xfc, 0x71, 0xff, 0x3, 0xfe, 0x38,
    0xff, 0x80, 0x0, 0x1c, 0x0, 0x0, 0x0, 0xe,
    0x0, 0x0, 0x0, 0x7, 0x0, 0x1, 0xff, 0xff,
    0xff, 0xff, 0xff, 0xff, 0xff, 0xff, 0xff, 0xff,
    0xff, 0xff, 0xc0, 0x3, 0x8e, 0x0, 0x0, 0x1,
    0xc7, 0x0, 0x0, 0x0, 0xe3, 0x80, 0x0, 0xff,
    0x80, 0x3f, 0xe0, 0x7f, 0xc0, 0x1f, 0xf0, 0x3f,
    0xe0, 0xf, 0xf8, 0xe0, 0xe, 0x38, 0x3, 0xf0,
    0x7, 0x1c, 0x1, 0xf8, 0x3, 0x8e, 0x0, 0xfc,
    0x1, 0xc7, 0x0, 0x7e, 0x0, 0xe3, 0x80, 0x3f,
    0x0, 0x71, 0xc0, 0x1c, 0x7f, 0xc0, 0x1f, 0xf0,
    0x3f, 0xe0, 0xf, 0xf8, 0x1f, 0xf0, 0x7, 0xfc,
    0x0,

    /* U+56B4 "嚴" */
    0x1f, 0xf0, 0x7, 0xfc, 0xf, 0xf8, 0x3, 0xfe,
    0x7, 0xfc, 0x1, 0xff, 0x1c, 0x1, 0xc7, 0x0,
    0x7e, 0x0, 0xe3, 0x80, 0x3f, 0x0, 0x71, 0xc0,
    0x1f, 0x80, 0x38, 0xe0, 0xf, 0xc0, 0x1c, 0x70,
    0x7, 0xe0, 0xe, 0x38, 0x3, 0x8f, 0xff, 0xff,
    0xff, 0xc7, 0xff, 0xff, 0xff, 0xe3, 0xff, 0xff,
    0xff, 0xfe, 0x0, 0xe0, 0x70, 0x7, 0x0, 0x70,
    0x38, 0x3, 0x80, 0x38, 0x1c, 0x1, 0xff, 0xff,
    0x8f, 0xff, 0xff, 0xff, 0xc7, 0xff, 0xff, 0xff,
    0xe3, 0xff, 0xf8, 0xe0, 0x7e, 0x0, 0xfc, 0x70,
    0x3f, 0x0, 0x7e, 0x38, 0x1f, 0x80, 0x3f, 0x1f,
    0xfe, 0x38, 0x1f, 0x8f, 0xff, 0x1c, 0xf, 0xc7,
    0xff, 0x8e, 0x7, 0xe3, 0x81, 0xc0, 0xfc, 0x71,
    0xc0, 0xe0, 0x7e, 0x38, 0xe0, 0x70, 0x3f, 0x1f,
    0xff, 0xf8, 0xe0, 0x7f, 0xff, 0xfc, 0x70, 0x3f,
    0xff, 0xfe, 0x38, 0x1f, 0x80, 0x7, 0xe0, 0xf,
    0xc0, 0x3, 0xf0, 0x7, 0xe0, 0x1, 0xf8, 0x3,
    0x80,

    /* U+56DE "回" */
    0x1f, 0xff, 0xff, 0xfc, 0xf, 0xff, 0xff, 0xfe,
    0x7, 0xff, 0xff, 0xff, 0x1c, 0x0, 0x0, 0x0,
    0x7e, 0x0, 0x0, 0x0, 0x3f, 0x0, 0x0, 0x0,
    0x1f, 0x81, 0xff, 0xfc, 0xf, 0xc0, 0xff, 0xfe,
    0x7, 0xe0, 0x7f, 0xff, 0x3, 0xf1, 0xc0, 0x0,
    0x71, 0xf8, 0xe0, 0x0, 0x38, 0xfc, 0x70, 0x0,
    0x1c, 0x7e, 0x38, 0x0, 0xe, 0x3f, 0x1c, 0x0,
    0x7, 0x1f, 0x8e, 0x0, 0x3, 0x8f, 0xc7, 0x0,
    0x1, 0xc7, 0xe3, 0x80, 0x0, 0xe3, 0xf1, 0xc0,
    0x0, 0x71, 0xf8, 0xe0, 0x0, 0x38, 0xfc, 0x70,
    0x0, 0x1c, 0x7e, 0x38, 0x0, 0xe, 0x3f, 0x1c,
    0x0, 0x7, 0x1f, 0x8e, 0x0, 0x3, 0x8f, 0xc7,
    0x0, 0x1, 0xc7, 0xe0, 0x7f, 0xff, 0x3, 0xf0,
    0x3f, 0xff, 0x81, 0xf8, 0x1f, 0xff, 0xc0, 0xfc,
    0x0, 0x0, 0x0, 0x7e, 0x0, 0x0, 0x0, 0x3f,
    0x0, 0x0, 0x0, 0x1c, 0x7f, 0xff, 0xff, 0xf0,
    0x3f, 0xff, 0xff, 0xf8, 0x1f, 0xff, 0xff, 0xfc,
    0x0,

    /* U+56E0 "因" */
    0x1f, 0xff, 0xff, 0xfc, 0xf, 0xff, 0xff, 0xfe,
    0x7, 0xff, 0xff, 0xff, 0x1c, 0x0, 0x0, 0x0,
    0x7e, 0x0, 0x0, 0x0, 0x3f, 0x0, 0x0, 0x0,
    0x1f, 0x80, 0x7, 0x0, 0xf, 0xc0, 0x3, 0x80,
    0x7, 0xe0, 0x1, 0xc0, 0x3, 0xf1, 0xff, 0xff,
    0xf1, 0xf8, 0xff, 0xff, 0xf8, 0xfc, 0x7f, 0xff,
    0xfc, 0x7e, 0x0, 0x1c, 0x0, 0x3f, 0x0, 0xe,
    0x0, 0x1f, 0x80, 0x7, 0x0, 0xf, 0xc0, 0x1c,
    0x70, 0x7, 0xe0, 0xe, 0x38, 0x3, 0xf0, 0x7,
    0x1c, 0x1, 0xf8, 0x3, 0x8e, 0x0, 0xfc, 0x1,
    0xc7, 0x0, 0x7e, 0x0, 0xe3, 0x80, 0x3f, 0x3,
    0x80, 0x38, 0x1f, 0x81, 0xc0, 0x1c, 0xf, 0xc0,
    0xe0, 0xe, 0x7, 0xe3, 0x80, 0x0, 0xe3, 0xf1,
    0xc0, 0x0, 0x71, 0xf8, 0xe0, 0x0, 0x38, 0xfc,
    0x0, 0x0, 0x0, 0x7e, 0x0, 0x0, 0x0, 0x3f,
    0x0, 0x0, 0x0, 0x1c, 0x7f, 0xff, 0xff, 0xf0,
    0x3f, 0xff, 0xff, 0xf8, 0x1f, 0xff, 0xff, 0xfc,
    0x0,

    /* U+56FA "固" */
    0x1f, 0xff, 0xff, 0xfc, 0xf, 0xff, 0xff, 0xfe,
    0x7, 0xff, 0xff, 0xff, 0x1c, 0x0, 0x0, 0x0,
    0x7e, 0x0, 0x0, 0x0, 0x3f, 0x0, 0x0, 0x0,
    0x1f, 0x80, 0x7, 0x0, 0xf, 0xc0, 0x3, 0x80,
    0x7, 0xe0, 0x1, 0xc0, 0x3, 0xf1, 0xff, 0xff,
    0xf1, 0xf8, 0xff, 0xff, 0xf8, 0xfc, 0x7f, 0xff,
    0xfc, 0x7e, 0x0, 0x1c, 0x0, 0x3f, 0x0, 0xe,
    0x0, 0x1f, 0x80, 0x7, 0x0, 0xf, 0xc0, 0xff,
    0xfe, 0x7, 0xe0, 0x7f, 0xff, 0x3, 0xf0, 0x3f,
    0xff, 0x81, 0xf8, 0xe0, 0x0, 0x38, 0xfc, 0x70,
    0x0, 0x1c, 0x7e, 0x38, 0x0, 0xe, 0x3f, 0x1c,
    0x0, 0x7, 0x1f, 0x8e, 0x0, 0x3, 0x8f, 0xc7,
    0x0, 0x1, 0xc7, 0xe0, 0x7f, 0xff, 0x3, 0xf0,
    0x3f, 0xff, 0x81, 0xf8, 0x1f, 0xff, 0xc0, 0xfc,
    0x0, 0x0, 0x0, 0x7e, 0x0, 0x0, 0x0, 0x3f,
    0x0, 0x0, 0x0, 0x1c, 0x7f, 0xff, 0xff, 0xf0,
    0x3f, 0xff, 0xff, 0xf8, 0x1f, 0xff, 0xff, 0xfc,
    0x0,

    /* U+56FD "国" */
    0x1f, 0xff, 0xff, 0xfc, 0xf, 0xff, 0xff, 0xfe,
    0x7, 0xff, 0xff, 0xff, 0x1c, 0x0, 0x0, 0x0,
    0x7e, 0x0, 0x0, 0x0, 0x3f, 0x0, 0x0, 0x0,
    0x1f, 0x8f, 0xff, 0xff, 0x8f, 0xc7, 0xff, 0xff,
    0xc7, 0xe3, 0xff, 0xff, 0xe3, 0xf0, 0x0, 0xe0,
    0x1, 0xf8, 0x0, 0x70, 0x0, 0xfc, 0x0, 0x38,
    0x0, 0x7e, 0x0, 0x1c, 0x0, 0x3f, 0x0, 0xe,
    0x0, 0x1f, 0x80, 0x7, 0x0, 0xf, 0xc0, 0xff,
    0xfe, 0x7, 0xe0, 0x7f, 0xff, 0x3, 0xf0, 0x3f,
    0xff, 0x81, 0xf8, 0x0, 0x70, 0x38, 0xfc, 0x0,
    0x38, 0x1c, 0x7e, 0x0, 0x1c, 0xe, 0x3f, 0x0,
    0xe, 0x0, 0xff, 0x80, 0x7, 0x0, 0x7f, 0xc0,
    0x3, 0x80, 0x3f, 0xe3, 0xff, 0xff, 0xe3, 0xf1,
    0xff, 0xff, 0xf1, 0xf8, 0xff, 0xff, 0xf8, 0xfc,
    0x0, 0x0, 0x0, 0x7e, 0x0, 0x0, 0x0, 0x3f,
    0x0, 0x0, 0x0, 0x1c, 0x7f, 0xff, 0xff, 0xf0,
    0x3f, 0xff, 0xff, 0xf8, 0x1f, 0xff, 0xff, 0xfc,
    0x0,

    /* U+5713 "圓" */
    0x1f, 0xff, 0xff, 0xfc, 0xf, 0xff, 0xff, 0xfe,
    0x7, 0xff, 0xff, 0xff, 0x1c, 0x70, 0x0, 0x1c,
    0x7e, 0x38, 0x0, 0xe, 0x3f, 0x1c, 0x0, 0x7,
    0x1f, 0x8e, 0x0, 0x3, 0x8f, 0xc7, 0x0, 0x1,
    0xc7, 0xe3, 0x80, 0x0, 0xe3, 0xf0, 0x3f, 0xff,
    0x81, 0xf8, 0x1f, 0xff, 0xc0, 0xfc, 0xf, 0xff,
    0xe0, 0x7e, 0x38, 0x0, 0xe, 0x3f, 0x1c, 0x0,
    0x7, 0x1f, 0x8e, 0x0, 0x3, 0x8f, 0xc7, 0xff,
    0xff, 0xc7, 0xe3, 0xff, 0xff, 0xe3, 0xf1, 0xff,
    0xff, 0xf1, 0xf8, 0xe0, 0x0, 0x38, 0xfc, 0x70,
    0x0, 0x1c, 0x7e, 0x38, 0x0, 0xe, 0x3f, 0x3,
    0xff, 0xf8, 0x1f, 0x81, 0xff, 0xfc, 0xf, 0xc0,
    0xff, 0xfe, 0x7, 0xff, 0x80, 0x0, 0xff, 0xff,
    0xc0, 0x0, 0x7f, 0xff, 0xe0, 0x0, 0x3f, 0xfc,
    0x0, 0x0, 0x0, 0x7e, 0x0, 0x0, 0x0, 0x3f,
    0x0, 0x0, 0x0, 0x1c, 0x7f, 0xff, 0xff, 0xf0,
    0x3f, 0xff, 0xff, 0xf8, 0x1f, 0xff, 0xff, 0xfc,
    0x0,

    /* U+5716 "圖" */
    0x1f, 0xff, 0xff, 0xfc, 0xf, 0xff, 0xff, 0xfe,
    0x7, 0xff, 0xff, 0xff, 0x1c, 0x70, 0x0, 0x1c,
    0x7e, 0x38, 0x0, 0xe, 0x3f, 0x1c, 0x0, 0x7,
    0x1f, 0x81, 0xff, 0xfc, 0xf, 0xc0, 0xff, 0xfe,
    0x7, 0xe0, 0x7f, 0xff, 0x3, 0xf0, 0x0, 0xe0,
    0x1, 0xf8, 0x0, 0x70, 0x0, 0xfc, 0x0, 0x38,
    0x0, 0x7f, 0xff, 0xff, 0xff, 0xff, 0xff, 0xff,
    0xff, 0xff, 0xff, 0xff, 0xff, 0xff, 0xc7, 0x1c,
    0x71, 0xc7, 0xe3, 0x8e, 0x38, 0xe3, 0xf1, 0xc7,
    0x1c, 0x71, 0xf8, 0xe3, 0xfe, 0x38, 0xfc, 0x71,
    0xff, 0x1c, 0x7e, 0x38, 0xff, 0x8e, 0x3f, 0x1c,
    0x0, 0x7, 0x1f, 0x8e, 0x0, 0x3, 0x8f, 0xc7,
    0x0, 0x1, 0xc7, 0xe0, 0x7f, 0xff, 0x3, 0xf0,
    0x3f, 0xff, 0x81, 0xf8, 0x1f, 0xff, 0xc0, 0xfc,
    0x0, 0x0, 0x0, 0x7e, 0x0, 0x0, 0x0, 0x3f,
    0x0, 0x0, 0x0, 0x1c, 0x7f, 0xff, 0xff, 0xf0,
    0x3f, 0xff, 0xff, 0xf8, 0x1f, 0xff, 0xff, 0xfc,
    0x0,

    /* U+5728 "在" */
    0x0, 0x70, 0x0, 0x0, 0x0, 0x38, 0x0, 0x0,
    0x0, 0x1c, 0x0, 0x0, 0x1f, 0xff, 0xff, 0xff,
    0xff, 0xff, 0xff, 0xff, 0xff, 0xff, 0xff, 0xff,
    0xfc, 0xe, 0x0, 0x0, 0x0, 0x7, 0x0, 0x0,
    0x0, 0x3, 0x80, 0x0, 0x0, 0x1, 0xc0, 0x1c,
    0x0, 0x0, 0xe0, 0xe, 0x0, 0x0, 0x70, 0x7,
    0x0, 0x1, 0xc0, 0x3, 0x80, 0x0, 0xe0, 0x1,
    0xc0, 0x0, 0x70, 0x0, 0xe0, 0x0, 0x38, 0xff,
    0xff, 0xf8, 0x1c, 0x7f, 0xff, 0xfc, 0xe, 0x3f,
    0xff, 0xfe, 0x3f, 0x0, 0xe, 0x0, 0x1f, 0x80,
    0x7, 0x0, 0xf, 0xc0, 0x3, 0x80, 0x0, 0xe0,
    0x1, 0xc0, 0x0, 0x70, 0x0, 0xe0, 0x0, 0x38,
    0x0, 0x70, 0x0, 0x1c, 0x0, 0x38, 0x0, 0xe,
    0x0, 0x1c, 0x0, 0x7, 0x0, 0xe, 0x0, 0x3,
    0x80, 0x7, 0x0, 0x1, 0xc0, 0x3, 0x80, 0x0,
    0xe0, 0x1, 0xc0, 0x0, 0x71, 0xff, 0xff, 0xfe,
    0x38, 0xff, 0xff, 0xff, 0x1c, 0x7f, 0xff, 0xff,
    0x80,

    /* U+5730 "地" */
    0x1c, 0x0, 0x7, 0x0, 0xe, 0x0, 0x3, 0x80,
    0x7, 0x0, 0x1, 0xc0, 0x3, 0x81, 0xc0, 0xff,
    0x81, 0xc0, 0xe0, 0x7f, 0xc0, 0xe0, 0x70, 0x3f,
    0xe3, 0xfe, 0x38, 0xfc, 0xf, 0xff, 0x1c, 0x7e,
    0x7, 0xff, 0x8e, 0x3f, 0x3, 0x8e, 0x7, 0xe3,
    0x81, 0xc7, 0x3, 0xf1, 0xc0, 0xe3, 0x81, 0xf8,
    0xe0, 0x71, 0xc7, 0xe0, 0x70, 0x38, 0xe3, 0xf0,
    0x38, 0x1c, 0x71, 0xf8, 0x1c, 0xe, 0x38, 0x1c,
    0xe, 0x38, 0x1c, 0xe, 0x7, 0x1c, 0xe, 0x7,
    0x3, 0x8e, 0x7, 0x3, 0x81, 0xc0, 0x3, 0x81,
    0xc0, 0xe0, 0x1, 0xc0, 0xe0, 0x70, 0x0, 0xe0,
    0x70, 0x0, 0x1c, 0x70, 0x38, 0x0, 0xe, 0x38,
    0x1c, 0x0, 0x7, 0x1f, 0x8e, 0x0, 0x3, 0x8f,
    0xc7, 0x0, 0x1, 0xc7, 0xe3, 0x80, 0x0, 0xfc,
    0x1, 0xc0, 0x0, 0x7e, 0x0, 0xe0, 0x0, 0x3f,
    0x0, 0x70, 0x0, 0x1c, 0x0, 0x7, 0xff, 0xf0,
    0x0, 0x3, 0xff, 0xf8, 0x0, 0x1, 0xff, 0xfc,
    0x0,

    /* U+5740 "址" */
    0x1c, 0x0, 0x7, 0x0, 0xe, 0x0, 0x3, 0x80,
    0x7, 0x0, 0x1, 0xc0, 0x3, 0x80, 0x0, 0xe0,
    0x1, 0xc0, 0x0, 0x70, 0x0, 0xe0, 0x0, 0x38,
    0x3, 0xfe, 0x38, 0x1c, 0x1, 0xff, 0x1c, 0xe,
    0x0, 0xff, 0x8e, 0x7, 0x0, 0xe, 0x7, 0x3,
    0xff, 0xc7, 0x3, 0x81, 0xff, 0xe3, 0x81, 0xc0,
    0xff, 0xf1, 0xc0, 0xe0, 0x70, 0x0, 0xe0, 0x70,
    0x38, 0x0, 0x70, 0x38, 0x1c, 0x0, 0x38, 0x1c,
    0xe, 0x0, 0x1c, 0xe, 0x7, 0x0, 0xe, 0x7,
    0x3, 0x80, 0x7, 0x3, 0x81, 0xc0, 0x3, 0x81,
    0xc0, 0xe0, 0x1, 0xc0, 0xe0, 0x70, 0x0, 0xe0,
    0x70, 0x38, 0x0, 0x70, 0x38, 0x1c, 0x0, 0x38,
    0x1c, 0xe, 0x0, 0x1f, 0x8e, 0x7, 0x0, 0xf,
    0xc7, 0x3, 0x80, 0x7, 0xe3, 0x81, 0xc0, 0x1c,
    0x1, 0xc0, 0xe0, 0xe, 0x0, 0xe0, 0x70, 0x7,
    0x0, 0x70, 0x38, 0x0, 0xf, 0xff, 0xff, 0xfe,
    0x7, 0xff, 0xff, 0xff, 0x3, 0xff, 0xff, 0xff,
    0x80,

    /* U+574F "坏" */
    0x1c, 0x7f, 0xff, 0xff, 0x8e, 0x3f, 0xff, 0xff,
    0xc7, 0x1f, 0xff, 0xff, 0xe3, 0x80, 0x0, 0xe0,
    0x1, 0xc0, 0x0, 0x70, 0x0, 0xe0, 0x0, 0x38,
    0x3, 0xfe, 0x0, 0xe0, 0x1, 0xff, 0x0, 0x70,
    0x0, 0xff, 0x80, 0x38, 0x0, 0xe, 0x0, 0xfc,
    0x70, 0x7, 0x0, 0x7e, 0x38, 0x3, 0x80, 0x3f,
    0x1c, 0x1, 0xc0, 0xe3, 0x81, 0xc0, 0xe0, 0x71,
    0xc0, 0xe0, 0x70, 0x38, 0xe0, 0x70, 0x38, 0xe0,
    0x70, 0x7, 0x1c, 0x70, 0x38, 0x3, 0x8e, 0x38,
    0x1c, 0x1, 0xc7, 0x0, 0xe, 0x0, 0xe3, 0x80,
    0x7, 0x0, 0x71, 0xc0, 0x3, 0x80, 0x38, 0xe0,
    0x1, 0xc0, 0x0, 0x70, 0x0, 0xe0, 0x0, 0x38,
    0x0, 0x70, 0x0, 0x1f, 0x80, 0x38, 0x0, 0xf,
    0xc0, 0x1c, 0x0, 0x7, 0xe0, 0xe, 0x0, 0x1c,
    0x0, 0x7, 0x0, 0xe, 0x0, 0x3, 0x80, 0x7,
    0x0, 0x1, 0xc0, 0x0, 0x0, 0x0, 0xe0, 0x0,
    0x0, 0x0, 0x70, 0x0, 0x0, 0x0, 0x38, 0x0,
    0x0,

    /* U+578B "型" */
    0xff, 0xff, 0xc7, 0x3, 0xff, 0xff, 0xe3, 0x81,
    0xff, 0xff, 0xf1, 0xc0, 0xe3, 0x81, 0xc0, 0xe0,
    0x71, 0xc0, 0xe0, 0x70, 0x38, 0xe0, 0x70, 0x38,
    0x1c, 0x70, 0x38, 0x1c, 0xe, 0x38, 0x1c, 0xe,
    0x7, 0x1c, 0xe, 0x7, 0x3, 0xff, 0xff, 0xe3,
    0x81, 0xff, 0xff, 0xf1, 0xc0, 0xff, 0xff, 0xf8,
    0xe0, 0x71, 0xc0, 0xe0, 0x0, 0x38, 0xe0, 0x70,
    0x0, 0x1c, 0x70, 0x38, 0x0, 0xf, 0xc0, 0x1c,
    0x1, 0xf8, 0xe0, 0xe, 0x0, 0xfc, 0x70, 0x7,
    0x0, 0x7e, 0x0, 0x0, 0x70, 0x0, 0x0, 0x0,
    0x38, 0x0, 0x0, 0x0, 0x1c, 0x0, 0x0, 0xff,
    0xff, 0xff, 0xe0, 0x7f, 0xff, 0xff, 0xf0, 0x3f,
    0xff, 0xff, 0xf8, 0x0, 0x1, 0xc0, 0x0, 0x0,
    0x0, 0xe0, 0x0, 0x0, 0x0, 0x70, 0x0, 0x0,
    0x0, 0x38, 0x0, 0x0, 0x0, 0x1c, 0x0, 0x0,
    0x0, 0xe, 0x0, 0x3, 0xff, 0xff, 0xff, 0xff,
    0xff, 0xff, 0xff, 0xff, 0xff, 0xff, 0xff, 0xff,
    0x80,

    /* U+57E0 "埠" */
    0x3, 0x80, 0x7, 0x0, 0x1, 0xc0, 0x3, 0x80,
    0x0, 0xe0, 0x1, 0xc0, 0x0, 0x70, 0x3f, 0xff,
    0x80, 0x38, 0x1f, 0xff, 0xc0, 0x1c, 0xf, 0xff,
    0xe3, 0xff, 0xf8, 0x0, 0xf, 0xff, 0xfc, 0x0,
    0x7, 0xff, 0xfe, 0x0, 0x3, 0x81, 0xc7, 0xff,
    0xfe, 0x0, 0xe3, 0xff, 0xff, 0x0, 0x71, 0xff,
    0xff, 0x80, 0x38, 0xe0, 0x0, 0x0, 0x1c, 0x70,
    0x0, 0x0, 0xe, 0x38, 0x0, 0x0, 0x7, 0x1f,
    0xff, 0xf8, 0x3, 0x8f, 0xff, 0xfc, 0x1, 0xc7,
    0xff, 0xfe, 0x0, 0xe3, 0x80, 0x0, 0xe0, 0x71,
    0xc0, 0x0, 0x70, 0x38, 0xe0, 0x0, 0x38, 0x1c,
    0xf, 0xff, 0xe0, 0xe, 0x7, 0xff, 0xf0, 0x7,
    0x3, 0xff, 0xf8, 0x3, 0xf0, 0x7, 0x0, 0x1,
    0xf8, 0x3, 0x80, 0x0, 0xfc, 0x1, 0xc0, 0x1f,
    0x81, 0xff, 0xff, 0xff, 0xc0, 0xff, 0xff, 0xff,
    0xe0, 0x7f, 0xff, 0xfc, 0x0, 0x0, 0x1c, 0x0,
    0x0, 0x0, 0xe, 0x0, 0x0, 0x0, 0x7, 0x0,
    0x0,

    /* U+5831 "報" */
    0x3, 0x80, 0x3f, 0xfc, 0x1, 0xc0, 0x1f, 0xfe,
    0x0, 0xe0, 0xf, 0xff, 0x1f, 0xff, 0xf8, 0x0,
    0x7f, 0xff, 0xfc, 0x0, 0x3f, 0xff, 0xfe, 0x0,
    0x1c, 0xe, 0x7, 0x3, 0xf0, 0x7, 0x3, 0x81,
    0xf8, 0x3, 0x81, 0xc0, 0xfc, 0x7f, 0xff, 0xe0,
    0x0, 0x3f, 0xff, 0xf0, 0x0, 0x1f, 0xff, 0xf8,
    0x0, 0xe, 0x0, 0xff, 0xff, 0xc7, 0x0, 0x7f,
    0xff, 0xe3, 0x80, 0x3f, 0xff, 0xf0, 0x38, 0xe3,
    0x80, 0x7, 0x1c, 0x71, 0xc0, 0x3, 0x8e, 0x38,
    0xe0, 0x1, 0xff, 0xff, 0xf1, 0xc0, 0xff, 0xff,
    0xf8, 0xe0, 0x7f, 0xff, 0xfc, 0x70, 0x38, 0x1c,
    0xe, 0x38, 0xe0, 0xe, 0x7, 0x1c, 0x70, 0x7,
    0x3, 0x8e, 0x38, 0xff, 0xff, 0xc0, 0xe0, 0x7f,
    0xff, 0xe0, 0x70, 0x3f, 0xff, 0xf0, 0x38, 0x0,
    0x70, 0x38, 0xe3, 0x80, 0x38, 0x1c, 0x71, 0xc0,
    0x1c, 0xe, 0x38, 0xe0, 0xe, 0x7, 0xe0, 0xe,
    0x7, 0x3, 0xf0, 0x7, 0x3, 0x81, 0xf8, 0x3,
    0x80,

    /* U+5834 "場" */
    0x1c, 0x1, 0xff, 0xe0, 0xe, 0x0, 0xff, 0xf0,
    0x7, 0x0, 0x7f, 0xf8, 0x3, 0x81, 0xc0, 0x3,
    0x81, 0xc0, 0xe0, 0x1, 0xc0, 0xe0, 0x70, 0x0,
    0xe3, 0xfe, 0x3f, 0xff, 0xf1, 0xff, 0x1f, 0xff,
    0xf8, 0xff, 0x8f, 0xff, 0xfc, 0xe, 0x7, 0x0,
    0xe, 0x7, 0x3, 0x80, 0x7, 0x3, 0x81, 0xc0,
    0x3, 0x81, 0xc7, 0xff, 0xff, 0xf8, 0xe3, 0xff,
    0xff, 0xfc, 0x71, 0xff, 0xff, 0xfe, 0x38, 0x1c,
    0x0, 0x0, 0x1c, 0xe, 0x0, 0x0, 0xe, 0x7,
    0x0, 0x0, 0x7, 0x3, 0xff, 0xff, 0x3, 0x81,
    0xff, 0xff, 0x81, 0xc0, 0xff, 0xff, 0xc0, 0xe3,
    0x81, 0xc7, 0x1c, 0x71, 0xc0, 0xe3, 0x8e, 0x38,
    0xe0, 0x71, 0xc7, 0x1f, 0x81, 0xc0, 0xe3, 0x8f,
    0xc0, 0xe0, 0x71, 0xc7, 0xe0, 0x70, 0x38, 0xfc,
    0xf, 0xc0, 0xe0, 0x7e, 0x7, 0xe0, 0x70, 0x3f,
    0x3, 0xf0, 0x38, 0x1c, 0x0, 0x7, 0xe3, 0xf0,
    0x0, 0x3, 0xf1, 0xf8, 0x0, 0x1, 0xf8, 0xfc,
    0x0,

    /* U+584A "塊" */
    0x1c, 0x1, 0xc0, 0x0, 0xe, 0x0, 0xe0, 0x0,
    0x7, 0x0, 0x70, 0x0, 0x3, 0x81, 0xff, 0xff,
    0x81, 0xc0, 0xff, 0xff, 0xc0, 0xe0, 0x7f, 0xff,
    0xe3, 0xff, 0xc0, 0xe0, 0xf, 0xff, 0xe0, 0x70,
    0x7, 0xff, 0xf0, 0x38, 0x3, 0x8e, 0x3f, 0xff,
    0xff, 0xc7, 0x1f, 0xff, 0xff, 0xe3, 0x8f, 0xff,
    0xff, 0xf1, 0xc7, 0x3, 0x80, 0x38, 0xe3, 0x81,
    0xc0, 0x1c, 0x71, 0xc0, 0xe0, 0xe, 0x38, 0xe0,
    0x70, 0x7, 0x1c, 0x70, 0x38, 0x3, 0x8e, 0x38,
    0x1c, 0x1, 0xc7, 0x3, 0xff, 0xff, 0x3, 0x81,
    0xff, 0xff, 0x81, 0xc0, 0xff, 0xff, 0xc0, 0xe0,
    0xe, 0x38, 0xe0, 0x70, 0x7, 0x1c, 0x70, 0x38,
    0x3, 0x8e, 0x38, 0x1f, 0x81, 0xc7, 0xe3, 0x8f,
    0xc0, 0xe3, 0xf1, 0xc7, 0xe0, 0x71, 0xf8, 0xfc,
    0x1, 0xc0, 0xe0, 0xe, 0x0, 0xe0, 0x70, 0x7,
    0x0, 0x70, 0x38, 0x0, 0xf, 0xc0, 0x3, 0xfe,
    0x7, 0xe0, 0x1, 0xff, 0x3, 0xf0, 0x0, 0xff,
    0x80,

    /* U+586B "填" */
    0x1c, 0x0, 0x7, 0x0, 0xe, 0x0, 0x3, 0x80,
    0x7, 0x0, 0x1, 0xc0, 0x3, 0x81, 0xff, 0xff,
    0xf1, 0xc0, 0xff, 0xff, 0xf8, 0xe0, 0x7f, 0xff,
    0xff, 0xfe, 0x0, 0x1c, 0x1, 0xff, 0x0, 0xe,
    0x0, 0xff, 0x80, 0x7, 0x0, 0xe, 0x0, 0xff,
    0xfe, 0x7, 0x0, 0x7f, 0xff, 0x3, 0x80, 0x3f,
    0xff, 0x81, 0xc0, 0xe0, 0x0, 0x38, 0xe0, 0x70,
    0x0, 0x1c, 0x70, 0x38, 0x0, 0xe, 0x38, 0x1f,
    0xff, 0xff, 0x1c, 0xf, 0xff, 0xff, 0x8e, 0x7,
    0xff, 0xff, 0xc7, 0x3, 0x80, 0x0, 0xe3, 0x81,
    0xc0, 0x0, 0x71, 0xc0, 0xe0, 0x0, 0x38, 0xe3,
    0xff, 0xff, 0xfc, 0x71, 0xff, 0xff, 0xfe, 0x38,
    0xff, 0xff, 0xff, 0x1f, 0x80, 0x0, 0x0, 0xf,
    0xc0, 0x0, 0x0, 0x7, 0xe0, 0x0, 0x0, 0x1c,
    0x0, 0x38, 0x1f, 0x8e, 0x0, 0x1c, 0xf, 0xc7,
    0x0, 0xe, 0x7, 0xe0, 0x1, 0xf8, 0x0, 0xe,
    0x0, 0xfc, 0x0, 0x7, 0x0, 0x7e, 0x0, 0x3,
    0x80,

    /* U+58C1 "壁" */
    0x1f, 0xfe, 0x0, 0xe0, 0xf, 0xff, 0x0, 0x70,
    0x7, 0xff, 0x80, 0x38, 0x1c, 0x1, 0xff, 0xff,
    0xfe, 0x0, 0xff, 0xff, 0xff, 0x0, 0x7f, 0xff,
    0xff, 0xff, 0xc0, 0xe0, 0xf, 0xff, 0xe0, 0x70,
    0x7, 0xff, 0xf0, 0x38, 0x3, 0xf0, 0x0, 0xff,
    0xff, 0xf8, 0x0, 0x7f, 0xff, 0xfc, 0x0, 0x3f,
    0xff, 0xff, 0xff, 0xe0, 0xe, 0x7, 0xff, 0xf0,
    0x7, 0x3, 0xff, 0xf8, 0x3, 0x81, 0xc0, 0x1c,
    0x7f, 0xff, 0xe0, 0xe, 0x3f, 0xff, 0xf0, 0x7,
    0x1f, 0xff, 0xc7, 0xfc, 0x0, 0x38, 0x3, 0xfe,
    0x0, 0x1c, 0x1, 0xff, 0x0, 0xe, 0x0, 0x0,
    0xe, 0x0, 0x0, 0x0, 0x7, 0x0, 0x0, 0x0,
    0x3, 0x80, 0x0, 0x1f, 0xff, 0xff, 0xfc, 0xf,
    0xff, 0xff, 0xfe, 0x7, 0xff, 0xff, 0xff, 0x0,
    0x0, 0x38, 0x0, 0x0, 0x0, 0x1c, 0x0, 0x0,
    0x0, 0xe, 0x0, 0x3, 0xff, 0xff, 0xff, 0xff,
    0xff, 0xff, 0xff, 0xff, 0xff, 0xff, 0xff, 0xff,
    0x80,

    /* U+58D3 "壓" */
    0x3, 0xff, 0xff, 0xff, 0x81, 0xff, 0xff, 0xff,
    0xc0, 0xff, 0xff, 0xff, 0xe3, 0x80, 0x38, 0x1c,
    0x71, 0xc0, 0x1c, 0xe, 0x38, 0xe0, 0xe, 0x7,
    0x1c, 0x7f, 0xf8, 0xff, 0xfe, 0x3f, 0xfc, 0x7f,
    0xff, 0x1f, 0xfe, 0x3f, 0xff, 0x8e, 0x0, 0xe0,
    0x70, 0x7, 0x0, 0x70, 0x38, 0x3, 0x80, 0x38,
    0x1c, 0x1, 0xff, 0xfc, 0xe, 0x0, 0xff, 0xfe,
    0x7, 0x0, 0x7f, 0xff, 0x3, 0x80, 0x38, 0x3,
    0x8e, 0x38, 0x1c, 0x1, 0xc7, 0x1c, 0xe, 0x0,
    0xe3, 0x8e, 0x38, 0xff, 0x8e, 0x0, 0xfc, 0x7f,
    0xc7, 0x0, 0x7e, 0x3f, 0xe3, 0x80, 0x3f, 0x0,
    0xe, 0x0, 0x3, 0x80, 0x7, 0x0, 0x1, 0xc0,
    0x3, 0x80, 0x0, 0x1f, 0xff, 0xff, 0xfc, 0xf,
    0xff, 0xff, 0xfe, 0x7, 0xff, 0xff, 0xff, 0x0,
    0x0, 0x38, 0x0, 0x0, 0x0, 0x1c, 0x0, 0x0,
    0x0, 0xe, 0x0, 0x3, 0xff, 0xff, 0xff, 0xff,
    0xff, 0xff, 0xff, 0xff, 0xff, 0xff, 0xff, 0xff,
    0x80,

    /* U+58DE "壞" */
    0x1c, 0x0, 0x7, 0x0, 0xe, 0x0, 0x3, 0x80,
    0x7, 0x0, 0x1, 0xc0, 0x3, 0x8f, 0xff, 0xff,
    0xf1, 0xc7, 0xff, 0xff, 0xf8, 0xe3, 0xff, 0xff,
    0xff, 0xff, 0xc7, 0x3, 0x8f, 0xff, 0xe3, 0x81,
    0xc7, 0xff, 0xf1, 0xc0, 0xe3, 0x8e, 0x38, 0xe0,
    0x71, 0xc7, 0x1c, 0x70, 0x38, 0xe3, 0x8e, 0x38,
    0x1c, 0x71, 0xc0, 0xff, 0xff, 0xc0, 0xe0, 0x7f,
    0xff, 0xe0, 0x70, 0x3f, 0xff, 0xf0, 0x38, 0x0,
    0xe, 0x0, 0x1c, 0x0, 0x7, 0x0, 0xe, 0x0,
    0x3, 0x80, 0x7, 0x1f, 0xf1, 0xc7, 0xe3, 0x8f,
    0xf8, 0xe3, 0xf1, 0xc7, 0xfc, 0x71, 0xf8, 0xe0,
    0x0, 0x38, 0x0, 0x70, 0x0, 0x1c, 0x0, 0x38,
    0x0, 0xe, 0x0, 0x1f, 0x8f, 0xf8, 0xe3, 0x8f,
    0xc7, 0xfc, 0x71, 0xc7, 0xe3, 0xfe, 0x38, 0xfc,
    0x0, 0x38, 0x3, 0x8e, 0x0, 0x1c, 0x1, 0xc7,
    0x0, 0xe, 0x0, 0xe0, 0x1, 0xff, 0xe0, 0xe,
    0x0, 0xff, 0xf0, 0x7, 0x0, 0x7f, 0xf8, 0x3,
    0x80,

    /* U+5909 "変" */
    0x0, 0x1, 0xc0, 0x0, 0x0, 0x0, 0xe0, 0x0,
    0x0, 0x0, 0x70, 0x0, 0x1f, 0xff, 0xff, 0xff,
    0xff, 0xff, 0xff, 0xff, 0xff, 0xff, 0xff, 0xff,
    0xfc, 0x0, 0x38, 0x1c, 0x0, 0x0, 0x1c, 0xe,
    0x0, 0x0, 0xe, 0x7, 0x0, 0xe, 0x7, 0x3,
    0x8e, 0x7, 0x3, 0x81, 0xc7, 0x3, 0x81, 0xc0,
    0xe3, 0x8e, 0x7, 0x0, 0x70, 0x3f, 0x3, 0x80,
    0x38, 0x1f, 0x81, 0xc0, 0x1c, 0xe, 0x7, 0x0,
    0x70, 0x0, 0x3, 0x80, 0x38, 0x0, 0x1, 0xc0,
    0x1c, 0x0, 0x0, 0x1f, 0xff, 0xc0, 0x0, 0xf,
    0xff, 0xe0, 0x0, 0x7, 0xff, 0xf0, 0x0, 0xfc,
    0x0, 0x7, 0x0, 0x7e, 0x0, 0x3, 0x80, 0x3f,
    0x0, 0x1, 0xc0, 0x0, 0x70, 0x7, 0x0, 0x0,
    0x38, 0x3, 0x80, 0x0, 0x1c, 0x1, 0xc0, 0x0,
    0x1, 0xff, 0x0, 0x0, 0x0, 0xff, 0x80, 0x0,
    0x0, 0x7f, 0xc0, 0x3, 0xff, 0xc0, 0x1f, 0xff,
    0xff, 0xe0, 0xf, 0xff, 0xff, 0xf0, 0x7, 0xff,
    0x80,

    /* U+5916 "外" */
    0x1c, 0x0, 0x7, 0x0, 0xe, 0x0, 0x3, 0x80,
    0x7, 0x0, 0x1, 0xc0, 0x3, 0xff, 0xc0, 0xe0,
    0x1, 0xff, 0xe0, 0x70, 0x0, 0xff, 0xf0, 0x38,
    0x0, 0x70, 0x7, 0x1c, 0x0, 0x38, 0x3, 0x8e,
    0x0, 0x1c, 0x1, 0xc7, 0x0, 0xe, 0x0, 0xff,
    0x80, 0x7, 0x0, 0x7f, 0xc0, 0x3, 0x80, 0x3f,
    0xe0, 0x1, 0xc0, 0x1c, 0x7e, 0x0, 0xe0, 0xe,
    0x3f, 0x0, 0x70, 0x7, 0x1f, 0x81, 0xc7, 0x3,
    0x8e, 0x3f, 0xe3, 0x81, 0xc7, 0x1f, 0xf1, 0xc0,
    0xe3, 0x8f, 0xf8, 0x1c, 0x71, 0xc0, 0x1c, 0xe,
    0x38, 0xe0, 0xe, 0x7, 0x1c, 0x70, 0x0, 0x0,
    0x70, 0x38, 0x0, 0x0, 0x38, 0x1c, 0x0, 0x0,
    0x1c, 0xe, 0x0, 0x0, 0xe, 0x7, 0x0, 0x0,
    0x7, 0x3, 0x80, 0x0, 0x3, 0x81, 0xc0, 0x0,
    0xe, 0x0, 0xe0, 0x0, 0x7, 0x0, 0x70, 0x0,
    0x3, 0x80, 0x38, 0x3, 0xfe, 0x0, 0x1c, 0x1,
    0xff, 0x0, 0xe, 0x0, 0xff, 0x80, 0x7, 0x0,
    0x0,

    /* U+591A "多" */
    0x0, 0xf, 0xff, 0x0, 0x0, 0x7, 0xff, 0x80,
    0x0, 0x3, 0xff, 0xc0, 0x0, 0x7e, 0x0, 0x1c,
    0x0, 0x3f, 0x0, 0xe, 0x0, 0x1f, 0x80, 0x7,
    0x3, 0xf1, 0xc0, 0x3, 0x81, 0xf8, 0xe0, 0x1,
    0xc0, 0xfc, 0x70, 0x0, 0xe0, 0x0, 0x7, 0x1f,
    0x80, 0x0, 0x3, 0x8f, 0xc0, 0x0, 0x1, 0xc7,
    0xe0, 0x0, 0x0, 0xfc, 0x0, 0x0, 0x0, 0x7e,
    0x0, 0x0, 0x0, 0x3f, 0x0, 0x1, 0xff, 0xe0,
    0x7f, 0xf8, 0xff, 0xf0, 0x3f, 0xfc, 0x7f, 0xf8,
    0x1f, 0xfe, 0x0, 0x3, 0xf0, 0x0, 0xe0, 0x1,
    0xf8, 0x0, 0x70, 0x0, 0xfc, 0x0, 0x38, 0x1f,
    0x8e, 0x0, 0x1c, 0xf, 0xc7, 0x0, 0xe, 0x7,
    0xe3, 0x80, 0x7, 0x0, 0x0, 0x38, 0x1c, 0x0,
    0x0, 0x1c, 0xe, 0x0, 0x0, 0xe, 0x7, 0x0,
    0x0, 0x0, 0xfc, 0x0, 0x0, 0x0, 0x7e, 0x0,
    0x0, 0x0, 0x3f, 0x0, 0xf, 0xff, 0xe0, 0x0,
    0x7, 0xff, 0xf0, 0x0, 0x3, 0xff, 0xf8, 0x0,
    0x0,

    /* U+5927 "大" */
    0x0, 0x1, 0xc0, 0x0, 0x0, 0x0, 0xe0, 0x0,
    0x0, 0x0, 0x70, 0x0, 0x0, 0x0, 0x38, 0x0,
    0x0, 0x0, 0x1c, 0x0, 0x0, 0x0, 0xe, 0x0,
    0x3, 0xff, 0xff, 0xff, 0xff, 0xff, 0xff, 0xff,
    0xff, 0xff, 0xff, 0xff, 0xff, 0x80, 0x0, 0xe0,
    0x0, 0x0, 0x0, 0x70, 0x0, 0x0, 0x0, 0x38,
    0x0, 0x0, 0x0, 0xe3, 0x80, 0x0, 0x0, 0x71,
    0xc0, 0x0, 0x0, 0x38, 0xe0, 0x0, 0x0, 0x1c,
    0x70, 0x0, 0x0, 0xe, 0x38, 0x0, 0x0, 0x7,
    0x1c, 0x0, 0x0, 0x1c, 0x1, 0xc0, 0x0, 0xe,
    0x0, 0xe0, 0x0, 0x7, 0x0, 0x70, 0x0, 0x3,
    0x80, 0x38, 0x0, 0x1, 0xc0, 0x1c, 0x0, 0x0,
    0xe0, 0xe, 0x0, 0x3, 0x80, 0x0, 0xe0, 0x1,
    0xc0, 0x0, 0x70, 0x0, 0xe0, 0x0, 0x38, 0x3,
    0x80, 0x0, 0x3, 0x81, 0xc0, 0x0, 0x1, 0xc0,
    0xe0, 0x0, 0x0, 0xe3, 0x80, 0x0, 0x0, 0xf,
    0xc0, 0x0, 0x0, 0x7, 0xe0, 0x0, 0x0, 0x3,
    0x80,

    /* U+5931 "失" */
    0x1c, 0x1, 0xc0, 0x0, 0xe, 0x0, 0xe0, 0x0,
    0x7, 0x0, 0x70, 0x0, 0x3, 0xff, 0xff, 0xff,
    0x81, 0xff, 0xff, 0xff, 0xc0, 0xff, 0xff, 0xff,
    0xe0, 0x70, 0x7, 0x0, 0x0, 0x38, 0x3, 0x80,
    0x0, 0x1c, 0x1, 0xc0, 0x0, 0x70, 0x0, 0xe0,
    0x0, 0x38, 0x0, 0x70, 0x0, 0x1c, 0x0, 0x38,
    0x0, 0x0, 0x0, 0x1c, 0x0, 0x0, 0x0, 0xe,
    0x0, 0x0, 0x0, 0x7, 0x0, 0x1, 0xff, 0xff,
    0xff, 0xff, 0xff, 0xff, 0xff, 0xff, 0xff, 0xff,
    0xff, 0xff, 0xc0, 0x0, 0x70, 0x0, 0x0, 0x0,
    0x38, 0x0, 0x0, 0x0, 0x1c, 0x0, 0x0, 0x0,
    0x71, 0xc0, 0x0, 0x0, 0x38, 0xe0, 0x0, 0x0,
    0x1c, 0x70, 0x0, 0x0, 0x70, 0x7, 0x0, 0x0,
    0x38, 0x3, 0x80, 0x0, 0x1c, 0x1, 0xc0, 0x0,
    0x70, 0x0, 0x1c, 0x0, 0x38, 0x0, 0xe, 0x0,
    0x1c, 0x0, 0x7, 0x3, 0xf0, 0x0, 0x0, 0x7f,
    0xf8, 0x0, 0x0, 0x3f, 0xfc, 0x0, 0x0, 0x1f,
    0x80,

    /* U+593E "夾" */
    0x0, 0x1, 0xc0, 0x0, 0x0, 0x0, 0xe0, 0x0,
    0x0, 0x0, 0x70, 0x0, 0x1f, 0xff, 0xff, 0xff,
    0xff, 0xff, 0xff, 0xff, 0xff, 0xff, 0xff, 0xff,
    0xfc, 0x0, 0x7, 0x0, 0x0, 0x0, 0x3, 0x80,
    0x0, 0x0, 0x1, 0xc0, 0x0, 0x1, 0xc0, 0xe0,
    0x70, 0x0, 0xe0, 0x70, 0x38, 0x0, 0x70, 0x38,
    0x1c, 0x0, 0x38, 0x1c, 0xe, 0x0, 0x1c, 0xe,
    0x7, 0x0, 0xe, 0x7, 0x3, 0x80, 0x38, 0xe3,
    0x8e, 0x38, 0x1c, 0x71, 0xc7, 0x1c, 0xe, 0x38,
    0xe3, 0x8e, 0x38, 0x3, 0x8e, 0x0, 0xfc, 0x1,
    0xc7, 0x0, 0x7e, 0x0, 0xe3, 0x80, 0x38, 0x0,
    0x71, 0xc0, 0x0, 0x0, 0x38, 0xe0, 0x0, 0x0,
    0x1c, 0x70, 0x0, 0x0, 0x70, 0x7, 0x0, 0x0,
    0x38, 0x3, 0x80, 0x0, 0x1c, 0x1, 0xc0, 0x0,
    0x70, 0x0, 0x1c, 0x0, 0x38, 0x0, 0xe, 0x0,
    0x1c, 0x0, 0x7, 0x3, 0xf0, 0x0, 0x0, 0x7f,
    0xf8, 0x0, 0x0, 0x3f, 0xfc, 0x0, 0x0, 0x1f,
    0x80,

    /* U+5957 "套" */
    0x0, 0x1, 0xc0, 0x0, 0x0, 0x0, 0xe0, 0x0,
    0x0, 0x0, 0x70, 0x0, 0x1f, 0xff, 0xff, 0xff,
    0xff, 0xff, 0xff, 0xff, 0xff, 0xff, 0xff, 0xff,
    0xfc, 0xe, 0x0, 0x3, 0x80, 0x7, 0x0, 0x1,
    0xc0, 0x3, 0x80, 0x0, 0xe0, 0x7e, 0x3f, 0xff,
    0x8f, 0xff, 0x1f, 0xff, 0xc7, 0xff, 0x8f, 0xff,
    0xe3, 0xf0, 0x38, 0x0, 0x0, 0x0, 0x1c, 0x0,
    0x0, 0x0, 0xe, 0x0, 0x0, 0x0, 0x7, 0xff,
    0xff, 0xc0, 0x3, 0xff, 0xff, 0xe0, 0x1, 0xff,
    0xff, 0xf0, 0x0, 0xe0, 0x0, 0x0, 0x0, 0x70,
    0x0, 0x0, 0x0, 0x38, 0x0, 0x0, 0x7, 0xff,
    0xff, 0xff, 0xff, 0xff, 0xff, 0xff, 0xff, 0xff,
    0xff, 0xff, 0xff, 0x0, 0x70, 0x0, 0x0, 0x0,
    0x38, 0x0, 0x0, 0x0, 0x1c, 0x0, 0x0, 0x0,
    0x70, 0x7, 0xfc, 0x0, 0x38, 0x3, 0xfe, 0x0,
    0x1c, 0x1, 0xff, 0x3, 0xff, 0xff, 0x0, 0x7f,
    0xff, 0xff, 0x80, 0x3f, 0xff, 0xff, 0xc0, 0x1f,
    0x80,

    /* U+59CB "始" */
    0x3, 0x80, 0x7, 0xe0, 0x1, 0xc0, 0x3, 0xf0,
    0x0, 0xe0, 0x1, 0xf8, 0x1f, 0xff, 0xc7, 0x0,
    0xf, 0xff, 0xe3, 0x80, 0x7, 0xff, 0xf1, 0xc0,
    0x0, 0x70, 0x3f, 0x0, 0x0, 0x38, 0x1f, 0x80,
    0x0, 0x1c, 0xf, 0xc0, 0x0, 0xe, 0x7, 0x0,
    0x7e, 0x7, 0x3, 0x80, 0x3f, 0x3, 0x81, 0xc0,
    0x1f, 0x8e, 0x0, 0xff, 0xf0, 0x3f, 0x0, 0x7f,
    0xf8, 0x1f, 0x80, 0x3f, 0xfc, 0xf, 0xc0, 0x1c,
    0x0, 0x0, 0xe0, 0xe, 0x0, 0x0, 0x70, 0x7,
    0x0, 0x0, 0x38, 0x1c, 0xf, 0xff, 0x1c, 0xe,
    0x7, 0xff, 0x8e, 0x7, 0x3, 0xff, 0xc0, 0xe3,
    0x8e, 0x0, 0x1c, 0x71, 0xc7, 0x0, 0xe, 0x38,
    0xe3, 0x80, 0x7, 0x3, 0x81, 0xc0, 0x3, 0x81,
    0xc0, 0xe0, 0x1, 0xc0, 0xe0, 0x70, 0x0, 0xe3,
    0x8e, 0x38, 0x0, 0x71, 0xc7, 0x1c, 0x0, 0x38,
    0xe3, 0x8e, 0x0, 0x1f, 0x80, 0x38, 0xff, 0xf1,
    0xc0, 0x1c, 0x7f, 0xf8, 0xe0, 0xe, 0x3f, 0xfc,
    0x0,

    /* U+5B57 "字" */
    0x0, 0x1, 0xc0, 0x0, 0x0, 0x0, 0xe0, 0x0,
    0x0, 0x0, 0x70, 0x0, 0x3, 0xff, 0xff, 0xff,
    0x81, 0xff, 0xff, 0xff, 0xc0, 0xff, 0xff, 0xff,
    0xe3, 0x80, 0x0, 0x0, 0xf, 0xc0, 0x0, 0x0,
    0x7, 0xe0, 0x0, 0x0, 0x3, 0xf1, 0xff, 0xff,
    0x81, 0xf8, 0xff, 0xff, 0xc0, 0xfc, 0x7f, 0xff,
    0xe0, 0x70, 0x0, 0x0, 0xe, 0x0, 0x0, 0x0,
    0x7, 0x0, 0x0, 0x0, 0x3, 0x80, 0x0, 0x0,
    0x7e, 0x0, 0x0, 0x0, 0x3f, 0x0, 0x0, 0x0,
    0x1f, 0x80, 0x0, 0x0, 0x70, 0x0, 0x0, 0x0,
    0x38, 0x0, 0x0, 0x0, 0x1c, 0x0, 0x7, 0xff,
    0xff, 0xff, 0xff, 0xff, 0xff, 0xff, 0xff, 0xff,
    0xff, 0xff, 0xff, 0x0, 0x1, 0xc0, 0x0, 0x0,
    0x0, 0xe0, 0x0, 0x0, 0x0, 0x70, 0x0, 0x0,
    0x0, 0x38, 0x0, 0x0, 0x0, 0x1c, 0x0, 0x0,
    0x0, 0xe, 0x0, 0x0, 0xf, 0xf8, 0x0, 0x0,
    0x7, 0xfc, 0x0, 0x0, 0x3, 0xfe, 0x0, 0x0,
    0x0,

    /* U+5B58 "存" */
    0x0, 0x70, 0x0, 0x0, 0x0, 0x38, 0x0, 0x0,
    0x0, 0x1c, 0x0, 0x0, 0x1f, 0xff, 0xff, 0xff,
    0xff, 0xff, 0xff, 0xff, 0xff, 0xff, 0xff, 0xff,
    0xfc, 0xe, 0x0, 0x0, 0x0, 0x7, 0x0, 0x0,
    0x0, 0x3, 0x80, 0x0, 0x0, 0x1, 0xc7, 0xff,
    0xfe, 0x0, 0xe3, 0xff, 0xff, 0x0, 0x71, 0xff,
    0xff, 0x81, 0xc0, 0x0, 0x0, 0x38, 0xe0, 0x0,
    0x0, 0x1c, 0x70, 0x0, 0x0, 0xe, 0x38, 0x0,
    0x1, 0xf8, 0x1c, 0x0, 0x0, 0xfc, 0xe, 0x0,
    0x0, 0x7e, 0x3f, 0x0, 0x1, 0xc0, 0x1f, 0x80,
    0x0, 0xe0, 0xf, 0xc0, 0x0, 0x70, 0x0, 0xe3,
    0xff, 0xff, 0xfc, 0x71, 0xff, 0xff, 0xfe, 0x38,
    0xff, 0xff, 0xff, 0x1c, 0x0, 0x7, 0x0, 0xe,
    0x0, 0x3, 0x80, 0x7, 0x0, 0x1, 0xc0, 0x3,
    0x80, 0x0, 0xe0, 0x1, 0xc0, 0x0, 0x70, 0x0,
    0xe0, 0x0, 0x38, 0x0, 0x70, 0x3f, 0xe0, 0x0,
    0x38, 0x1f, 0xf0, 0x0, 0x1c, 0xf, 0xf8, 0x0,
    0x0,

    /* U+5B89 "安" */
    0x0, 0x1, 0xc0, 0x0, 0x0, 0x0, 0xe0, 0x0,
    0x0, 0x0, 0x70, 0x0, 0x3, 0xff, 0xff, 0xff,
    0x81, 0xff, 0xff, 0xff, 0xc0, 0xff, 0xff, 0xff,
    0xe3, 0x80, 0x0, 0x0, 0xf, 0xc0, 0x0, 0x0,
    0x7, 0xe0, 0x0, 0x0, 0x3, 0xf0, 0x0, 0xe0,
    0x1, 0xf8, 0x0, 0x70, 0x0, 0xfc, 0x0, 0x38,
    0x0, 0x70, 0x0, 0xe0, 0x0, 0x0, 0x0, 0x70,
    0x0, 0x0, 0x0, 0x38, 0x0, 0x1, 0xff, 0xff,
    0xff, 0xff, 0xff, 0xff, 0xff, 0xff, 0xff, 0xff,
    0xff, 0xff, 0xc0, 0x1c, 0x0, 0x38, 0x0, 0xe,
    0x0, 0x1c, 0x0, 0x7, 0x0, 0xe, 0x0, 0x1c,
    0x0, 0x7, 0x0, 0xe, 0x0, 0x3, 0x80, 0x7,
    0x0, 0x1, 0xc0, 0x3, 0x80, 0x7, 0x0, 0x1,
    0xc0, 0x3, 0x80, 0x0, 0xe0, 0x1, 0xc0, 0x0,
    0xf, 0xff, 0x0, 0x0, 0x7, 0xff, 0x80, 0x0,
    0x3, 0xff, 0xc0, 0x3, 0xfe, 0x0, 0x1f, 0xff,
    0xff, 0x0, 0xf, 0xff, 0xff, 0x80, 0x7, 0xff,
    0x80,

    /* U+5B8C "完" */
    0x0, 0x1, 0xc0, 0x0, 0x0, 0x0, 0xe0, 0x0,
    0x0, 0x0, 0x70, 0x0, 0x3, 0xff, 0xff, 0xff,
    0x81, 0xff, 0xff, 0xff, 0xc0, 0xff, 0xff, 0xff,
    0xe3, 0x80, 0x0, 0x0, 0xf, 0xc0, 0x0, 0x0,
    0x7, 0xe0, 0x0, 0x0, 0x3, 0xf1, 0xff, 0xff,
    0xf1, 0xf8, 0xff, 0xff, 0xf8, 0xfc, 0x7f, 0xff,
    0xfc, 0x70, 0x0, 0x0, 0x0, 0x0, 0x0, 0x0,
    0x0, 0x0, 0x0, 0x0, 0x0, 0x1, 0xff, 0xff,
    0xff, 0xff, 0xff, 0xff, 0xff, 0xff, 0xff, 0xff,
    0xff, 0xff, 0xc0, 0x1c, 0xe, 0x0, 0x0, 0xe,
    0x7, 0x0, 0x0, 0x7, 0x3, 0x80, 0x0, 0x3,
    0x81, 0xc0, 0x0, 0x1, 0xc0, 0xe0, 0x0, 0x0,
    0xe0, 0x70, 0x0, 0x0, 0x70, 0x38, 0x3, 0x80,
    0x38, 0x1c, 0x1, 0xc0, 0x1c, 0xe, 0x0, 0xe0,
    0x70, 0x7, 0x0, 0x70, 0x38, 0x3, 0x80, 0x38,
    0x1c, 0x1, 0xc0, 0x1f, 0xf0, 0x0, 0x1f, 0xf1,
    0xf8, 0x0, 0xf, 0xf8, 0xfc, 0x0, 0x7, 0xfc,
    0x0,

    /* U+5B98 "官" */
    0x0, 0x1, 0xc0, 0x0, 0x0, 0x0, 0xe0, 0x0,
    0x0, 0x0, 0x70, 0x0, 0x3, 0xff, 0xff, 0xff,
    0x81, 0xff, 0xff, 0xff, 0xc0, 0xff, 0xff, 0xff,
    0xe3, 0x80, 0x0, 0x0, 0xf, 0xc0, 0x0, 0x0,
    0x7, 0xe0, 0x0, 0x0, 0x3, 0xf1, 0xff, 0xff,
    0xf1, 0xf8, 0xff, 0xff, 0xf8, 0xfc, 0x7f, 0xff,
    0xfc, 0x71, 0xc0, 0x0, 0x1, 0xc0, 0xe0, 0x0,
    0x0, 0xe0, 0x70, 0x0, 0x0, 0x70, 0x3f, 0xff,
    0xff, 0xc0, 0x1f, 0xff, 0xff, 0xe0, 0xf, 0xff,
    0xff, 0xf0, 0x7, 0x0, 0x0, 0x0, 0x3, 0x80,
    0x0, 0x0, 0x1, 0xc0, 0x0, 0x0, 0x0, 0xff,
    0xff, 0xff, 0xe0, 0x7f, 0xff, 0xff, 0xf0, 0x3f,
    0xff, 0xff, 0xf8, 0x1c, 0x0, 0x0, 0x3, 0x8e,
    0x0, 0x0, 0x1, 0xc7, 0x0, 0x0, 0x0, 0xe3,
    0x80, 0x0, 0x0, 0x71, 0xc0, 0x0, 0x0, 0x38,
    0xe0, 0x0, 0x0, 0x1c, 0xf, 0xff, 0xff, 0xf0,
    0x7, 0xff, 0xff, 0xf8, 0x3, 0xff, 0xff, 0xfc,
    0x0,

    /* U+5B9A "定" */
    0x0, 0x1, 0xc0, 0x0, 0x0, 0x0, 0xe0, 0x0,
    0x0, 0x0, 0x70, 0x0, 0x3, 0xff, 0xff, 0xff,
    0x81, 0xff, 0xff, 0xff, 0xc0, 0xff, 0xff, 0xff,
    0xe3, 0x80, 0x0, 0x0, 0xf, 0xc0, 0x0, 0x0,
    0x7, 0xe0, 0x0, 0x0, 0x3, 0xf1, 0xff, 0xff,
    0xf1, 0xf8, 0xff, 0xff, 0xf8, 0xfc, 0x7f, 0xff,
    0xfc, 0x70, 0x0, 0x1c, 0x0, 0x0, 0x0, 0xe,
    0x0, 0x0, 0x0, 0x7, 0x0, 0x0, 0x0, 0x3,
    0x80, 0x0, 0x0, 0x1, 0xc0, 0x0, 0x0, 0x0,
    0xe0, 0x0, 0x0, 0xe0, 0x7f, 0xff, 0x0, 0x70,
    0x3f, 0xff, 0x80, 0x38, 0x1f, 0xff, 0xc0, 0x1c,
    0xe, 0x0, 0x0, 0xe, 0x7, 0x0, 0x0, 0x7,
    0x3, 0x80, 0x0, 0x1c, 0x71, 0xc0, 0x0, 0xe,
    0x38, 0xe0, 0x0, 0x7, 0x1c, 0x70, 0x0, 0x3,
    0x81, 0xf8, 0x0, 0x1, 0xc0, 0xfc, 0x0, 0x0,
    0xe0, 0x7e, 0x0, 0x3, 0x80, 0x0, 0xff, 0xff,
    0xc0, 0x0, 0x7f, 0xff, 0xe0, 0x0, 0x3f, 0xff,
    0x80,

    /* U+5B9F "実" */
    0x0, 0x1, 0xc0, 0x0, 0x0, 0x0, 0xe0, 0x0,
    0x0, 0x0, 0x70, 0x0, 0x3, 0xff, 0xff, 0xff,
    0x81, 0xff, 0xff, 0xff, 0xc0, 0xff, 0xff, 0xff,
    0xe3, 0x80, 0x7, 0x0, 0xf, 0xc0, 0x3, 0x80,
    0x7, 0xe0, 0x1, 0xc0, 0x3, 0xf1, 0xff, 0xff,
    0xf1, 0xf8, 0xff, 0xff, 0xf8, 0xfc, 0x7f, 0xff,
    0xfc, 0x70, 0x0, 0x1c, 0x0, 0x0, 0x0, 0xe,
    0x0, 0x0, 0x0, 0x7, 0x0, 0x0, 0x7, 0xff,
    0xff, 0xc0, 0x3, 0xff, 0xff, 0xe0, 0x1, 0xff,
    0xff, 0xf0, 0x0, 0x0, 0x70, 0x0, 0x0, 0x0,
    0x38, 0x0, 0x0, 0x0, 0x1c, 0x0, 0x7, 0xff,
    0xff, 0xff, 0xff, 0xff, 0xff, 0xff, 0xff, 0xff,
    0xff, 0xff, 0xff, 0x0, 0xe, 0x38, 0x0, 0x0,
    0x7, 0x1c, 0x0, 0x0, 0x3, 0x8e, 0x0, 0x0,
    0x7e, 0x0, 0xfc, 0x0, 0x3f, 0x0, 0x7e, 0x0,
    0x1f, 0x80, 0x3f, 0x3, 0xf0, 0x0, 0x0, 0x7f,
    0xf8, 0x0, 0x0, 0x3f, 0xfc, 0x0, 0x0, 0x1f,
    0x80,

    /* U+5BA2 "客" */
    0x0, 0x1, 0xc0, 0x0, 0x0, 0x0, 0xe0, 0x0,
    0x0, 0x0, 0x70, 0x0, 0x3, 0xff, 0xff, 0xff,
    0x81, 0xff, 0xff, 0xff, 0xc0, 0xff, 0xff, 0xff,
    0xe3, 0x8e, 0x0, 0x3, 0x8f, 0xc7, 0x0, 0x1,
    0xc7, 0xe3, 0x80, 0x0, 0xe3, 0xfe, 0x38, 0x3,
    0x81, 0xff, 0x1c, 0x1, 0xc0, 0xff, 0x8e, 0x0,
    0xe0, 0x70, 0x0, 0xff, 0x80, 0x0, 0x0, 0x7f,
    0xc0, 0x0, 0x0, 0x3f, 0xe0, 0x0, 0x7, 0xe0,
    0xf, 0xc0, 0x3, 0xf0, 0x7, 0xe0, 0x1, 0xf8,
    0x3, 0xf0, 0x3f, 0x0, 0x0, 0x7, 0xff, 0x80,
    0x0, 0x3, 0xff, 0xc0, 0x0, 0x1, 0xf8, 0x1f,
    0xff, 0xff, 0x0, 0xf, 0xff, 0xff, 0x80, 0x7,
    0xff, 0xff, 0xc0, 0x1c, 0x0, 0x0, 0x1c, 0xe,
    0x0, 0x0, 0xe, 0x7, 0x0, 0x0, 0x7, 0x3,
    0x80, 0x0, 0x3, 0x81, 0xc0, 0x0, 0x1, 0xc0,
    0xe0, 0x0, 0x0, 0xe0, 0xf, 0xff, 0xff, 0x80,
    0x7, 0xff, 0xff, 0xc0, 0x3, 0xff, 0xff, 0xe0,
    0x0,

    /* U+5BB9 "容" */
    0x0, 0x1, 0xc0, 0x0, 0x0, 0x0, 0xe0, 0x0,
    0x0, 0x0, 0x70, 0x0, 0x3, 0xff, 0xff, 0xff,
    0x81, 0xff, 0xff, 0xff, 0xc0, 0xff, 0xff, 0xff,
    0xe3, 0x81, 0xc0, 0x1c, 0xf, 0xc0, 0xe0, 0xe,
    0x7, 0xe0, 0x70, 0x7, 0x3, 0xf1, 0xc0, 0x0,
    0x71, 0xf8, 0xe0, 0x0, 0x38, 0xfc, 0x70, 0x0,
    0x1c, 0x71, 0xc0, 0xff, 0x81, 0xc0, 0xe0, 0x7f,
    0xc0, 0xe0, 0x70, 0x3f, 0xe0, 0x70, 0x0, 0xe0,
    0xe, 0x0, 0x0, 0x70, 0x7, 0x0, 0x0, 0x38,
    0x3, 0x80, 0x0, 0xe0, 0x0, 0x38, 0x0, 0x70,
    0x0, 0x1c, 0x0, 0x38, 0x0, 0xe, 0x7, 0xe3,
    0xff, 0xf8, 0xff, 0xf1, 0xff, 0xfc, 0x7f, 0xf8,
    0xff, 0xfe, 0x3f, 0x3, 0x80, 0x0, 0xe0, 0x1,
    0xc0, 0x0, 0x70, 0x0, 0xe0, 0x0, 0x38, 0x0,
    0x70, 0x0, 0x1c, 0x0, 0x38, 0x0, 0xe, 0x0,
    0x1c, 0x0, 0x7, 0x0, 0x1, 0xff, 0xfc, 0x0,
    0x0, 0xff, 0xfe, 0x0, 0x0, 0x7f, 0xff, 0x0,
    0x0,

    /* U+5BC6 "密" */
    0x0, 0x1, 0xc0, 0x0, 0x0, 0x0, 0xe0, 0x0,
    0x0, 0x0, 0x70, 0x0, 0x3, 0xff, 0xff, 0xff,
    0x81, 0xff, 0xff, 0xff, 0xc0, 0xff, 0xff, 0xff,
    0xe3, 0x80, 0x0, 0x1c, 0xf, 0xc0, 0x0, 0xe,
    0x7, 0xe0, 0x0, 0x7, 0x3, 0xf0, 0x38, 0xe3,
    0x81, 0xf8, 0x1c, 0x71, 0xc0, 0xfc, 0xe, 0x38,
    0xe0, 0x71, 0xc7, 0x3, 0x81, 0xc0, 0xe3, 0x81,
    0xc0, 0xe0, 0x71, 0xc0, 0xe0, 0x70, 0x38, 0x1f,
    0x80, 0x7, 0x1c, 0xf, 0xc0, 0x3, 0x8e, 0x7,
    0xe0, 0x1, 0xf8, 0xfc, 0xf, 0xf8, 0xfc, 0x7e,
    0x7, 0xfc, 0x7e, 0x3f, 0x3, 0xfe, 0x38, 0x0,
    0xe, 0x0, 0x0, 0x0, 0x7, 0x0, 0x0, 0x0,
    0x3, 0x80, 0x0, 0x1c, 0x1, 0xc0, 0x1c, 0xe,
    0x0, 0xe0, 0xe, 0x7, 0x0, 0x70, 0x7, 0x3,
    0x80, 0x38, 0x3, 0x81, 0xc0, 0x1c, 0x1, 0xc0,
    0xe0, 0xe, 0x0, 0xe0, 0xf, 0xff, 0xff, 0x80,
    0x7, 0xff, 0xff, 0xc0, 0x3, 0xff, 0xff, 0xe0,
    0x0,

    /* U+5BE6 "實" */
    0x0, 0x1, 0xc0, 0x0, 0x0, 0x0, 0xe0, 0x0,
    0x0, 0x0, 0x70, 0x0, 0x3, 0xff, 0xff, 0xff,
    0x81, 0xff, 0xff, 0xff, 0xc0, 0xff, 0xff, 0xff,
    0xe3, 0x8e, 0x7, 0x3, 0x8f, 0xc7, 0x3, 0x81,
    0xc7, 0xe3, 0x81, 0xc0, 0xe3, 0xff, 0xff, 0xff,
    0xff, 0xff, 0xff, 0xff, 0xff, 0xff, 0xff, 0xff,
    0xff, 0xf0, 0x38, 0x1c, 0xe, 0x0, 0x1c, 0xe,
    0x7, 0x0, 0xe, 0x7, 0x3, 0x80, 0x0, 0xff,
    0xfe, 0x0, 0x0, 0x7f, 0xff, 0x0, 0x0, 0x3f,
    0xff, 0x80, 0x0, 0xe0, 0x0, 0x38, 0x0, 0x70,
    0x0, 0x1c, 0x0, 0x38, 0x0, 0xe, 0x0, 0x1f,
    0xff, 0xff, 0x0, 0xf, 0xff, 0xff, 0x80, 0x7,
    0xff, 0xff, 0xc0, 0x3, 0x80, 0x0, 0xe0, 0x1,
    0xc0, 0x0, 0x70, 0x0, 0xe0, 0x0, 0x38, 0x0,
    0xf, 0xff, 0xe0, 0x0, 0x7, 0xff, 0xf0, 0x0,
    0x3, 0xff, 0xf8, 0x3, 0xfe, 0x0, 0x3, 0xff,
    0xff, 0x0, 0x1, 0xff, 0xff, 0x80, 0x0, 0xff,
    0x80,

    /* U+5BEB "寫" */
    0x0, 0x1, 0xc0, 0x0, 0x0, 0x0, 0xe0, 0x0,
    0x0, 0x0, 0x70, 0x0, 0x3, 0xff, 0xff, 0xff,
    0x81, 0xff, 0xff, 0xff, 0xc0, 0xff, 0xff, 0xff,
    0xe3, 0x8e, 0x0, 0x3, 0x8f, 0xc7, 0x0, 0x1,
    0xc7, 0xe3, 0x80, 0x0, 0xe3, 0xf1, 0xff, 0x1f,
    0xf1, 0xf8, 0xff, 0x8f, 0xf8, 0xfc, 0x7f, 0xc7,
    0xfc, 0x70, 0x38, 0x0, 0xe, 0x0, 0x1c, 0x0,
    0x7, 0x0, 0xe, 0x0, 0x3, 0x80, 0x0, 0xff,
    0xfe, 0x0, 0x0, 0x7f, 0xff, 0x0, 0x0, 0x3f,
    0xff, 0x80, 0x0, 0x1c, 0x0, 0x0, 0x0, 0xe,
    0x0, 0x0, 0x0, 0x7, 0x0, 0x0, 0x0, 0x1f,
    0xff, 0xff, 0xe0, 0xf, 0xff, 0xff, 0xf0, 0x7,
    0xff, 0xff, 0xf8, 0xfc, 0x0, 0x0, 0x3, 0xfe,
    0x0, 0x0, 0x1, 0xff, 0x0, 0x0, 0x0, 0xe0,
    0x71, 0xc7, 0xe0, 0x70, 0x38, 0xe3, 0xf0, 0x38,
    0x1c, 0x71, 0xf8, 0x1f, 0xf1, 0xc7, 0x3, 0xf1,
    0xf8, 0xe3, 0x81, 0xf8, 0xfc, 0x71, 0xc0, 0xfc,
    0x0,

    /* U+5C06 "将" */
    0x3, 0x80, 0x7, 0xff, 0x81, 0xc0, 0x3, 0xff,
    0xc0, 0xe0, 0x1, 0xff, 0xe0, 0x71, 0xff, 0x0,
    0x70, 0x38, 0xff, 0x80, 0x38, 0x1c, 0x7f, 0xc0,
    0x1f, 0x8e, 0x38, 0x1c, 0x71, 0xc7, 0x1c, 0xe,
    0x38, 0xe3, 0x8e, 0x7, 0x1c, 0xf, 0xc0, 0xe0,
    0x70, 0x7, 0xe0, 0x70, 0x38, 0x3, 0xf0, 0x38,
    0x1c, 0x0, 0x38, 0x0, 0x1, 0xc0, 0x1c, 0x0,
    0x0, 0xe0, 0xe, 0x0, 0x0, 0x70, 0x7, 0x1f,
    0xff, 0xff, 0x3, 0x8f, 0xff, 0xff, 0x81, 0xc7,
    0xff, 0xff, 0xc0, 0xe0, 0x0, 0x7, 0x0, 0x70,
    0x0, 0x3, 0x80, 0x38, 0x0, 0x1, 0xc0, 0xfc,
    0xe, 0x0, 0xe0, 0x7e, 0x7, 0x0, 0x70, 0x3f,
    0x3, 0x80, 0x38, 0xe3, 0x80, 0x38, 0x1c, 0x71,
    0xc0, 0x1c, 0xe, 0x38, 0xe0, 0xe, 0x7, 0x0,
    0x70, 0x0, 0x3, 0x80, 0x38, 0x0, 0x1, 0xc0,
    0x1c, 0x0, 0x0, 0xe0, 0xe, 0x0, 0xff, 0x80,
    0x7, 0x0, 0x7f, 0xc0, 0x3, 0x80, 0x3f, 0xe0,
    0x0,

    /* U+5C07 "將" */
    0x0, 0x70, 0x3f, 0xfc, 0x0, 0x38, 0x1f, 0xfe,
    0x0, 0x1c, 0xf, 0xff, 0x1c, 0xf, 0xf8, 0xe0,
    0x7e, 0x7, 0xfc, 0x70, 0x3f, 0x3, 0xfe, 0x38,
    0x1f, 0x81, 0xc7, 0x3, 0x8f, 0xc0, 0xe3, 0x81,
    0xc7, 0xe0, 0x71, 0xc0, 0xe3, 0x8f, 0xf8, 0x1c,
    0x7e, 0x7, 0xfc, 0xe, 0x3f, 0x3, 0xfe, 0x7,
    0x1f, 0x80, 0x7, 0x1f, 0xf0, 0x0, 0x3, 0x8f,
    0xf8, 0x0, 0x1, 0xc7, 0xfc, 0x1, 0xff, 0xe0,
    0x0, 0x38, 0xff, 0xf0, 0x0, 0x1c, 0x7f, 0xf8,
    0x0, 0xe, 0x7, 0x1c, 0x7f, 0xff, 0xe3, 0x8e,
    0x3f, 0xff, 0xf1, 0xc7, 0x1f, 0xff, 0xf8, 0xe3,
    0x8e, 0x0, 0xe0, 0x71, 0xc7, 0x0, 0x70, 0x38,
    0xe3, 0x80, 0x38, 0x1c, 0x70, 0x38, 0x1c, 0xe,
    0x38, 0x1c, 0xe, 0x7, 0x1c, 0xe, 0x7, 0x1c,
    0xe, 0x0, 0x3, 0x8e, 0x7, 0x0, 0x1, 0xc7,
    0x3, 0x80, 0x0, 0xe3, 0x81, 0xc0, 0xff, 0x81,
    0xc0, 0xe0, 0x7f, 0xc0, 0xe0, 0x70, 0x3f, 0xe0,
    0x0,

    /* U+5C0D "對" */
    0xfc, 0x71, 0xc0, 0x1c, 0x7e, 0x38, 0xe0, 0xe,
    0x3f, 0x1c, 0x70, 0x7, 0x3, 0x8e, 0x7, 0xff,
    0xf1, 0xc7, 0x3, 0xff, 0xf8, 0xe3, 0x81, 0xff,
    0xff, 0xff, 0xff, 0x0, 0x71, 0xff, 0xff, 0x80,
    0x38, 0xff, 0xff, 0xc0, 0x1c, 0x70, 0x7, 0x0,
    0xe, 0x38, 0x3, 0x80, 0x7, 0x1c, 0x1, 0xc0,
    0x3, 0x81, 0xc7, 0x3, 0x81, 0xc0, 0xe3, 0x81,
    0xc0, 0xe0, 0x71, 0xc0, 0xe0, 0x71, 0xff, 0xfc,
    0xe, 0x38, 0xff, 0xfe, 0x7, 0x1c, 0x7f, 0xff,
    0x3, 0x8e, 0x0, 0xe0, 0x1, 0xc7, 0x0, 0x70,
    0x0, 0xe3, 0x80, 0x38, 0x0, 0x71, 0xc7, 0xff,
    0xf0, 0x0, 0xe3, 0xff, 0xf8, 0x0, 0x71, 0xff,
    0xfc, 0x0, 0x38, 0x3, 0x80, 0x0, 0x1c, 0x1,
    0xc0, 0x0, 0xe, 0x0, 0xe0, 0x0, 0x7, 0x0,
    0x7f, 0xc0, 0x3, 0x80, 0x3f, 0xe0, 0x1, 0xc0,
    0x1f, 0xf0, 0x0, 0xe3, 0xf0, 0x0, 0xff, 0x81,
    0xf8, 0x0, 0x7f, 0xc0, 0xfc, 0x0, 0x3f, 0xe0,
    0x0,

    /* U+5C0F "小" */
    0x0, 0x1, 0xc0, 0x0, 0x0, 0x0, 0xe0, 0x0,
    0x0, 0x0, 0x70, 0x0, 0x0, 0x0, 0x38, 0x0,
    0x0, 0x0, 0x1c, 0x0, 0x0, 0x0, 0xe, 0x0,
    0x0, 0xe, 0x7, 0x3, 0x80, 0x7, 0x3, 0x81,
    0xc0, 0x3, 0x81, 0xc0, 0xe0, 0x1, 0xc0, 0xe0,
    0xe, 0x0, 0xe0, 0x70, 0x7, 0x0, 0x70, 0x38,
    0x3, 0x80, 0x38, 0x1c, 0x1, 0xc0, 0x1c, 0xe,
    0x0, 0xe0, 0xe, 0x7, 0x0, 0x70, 0x38, 0x3,
    0x80, 0x7, 0x1c, 0x1, 0xc0, 0x3, 0x8e, 0x0,
    0xe0, 0x1, 0xc7, 0x0, 0x70, 0x0, 0xe3, 0x80,
    0x38, 0x0, 0x71, 0xc0, 0x1c, 0x0, 0x3f, 0x0,
    0xe, 0x0, 0x1f, 0x80, 0x7, 0x0, 0xf, 0xc0,
    0x3, 0x80, 0x7, 0xe0, 0x1, 0xc0, 0x3, 0xf0,
    0x0, 0xe0, 0x1, 0xf8, 0x0, 0x70, 0x0, 0xe0,
    0x0, 0x38, 0x0, 0x0, 0x0, 0x1c, 0x0, 0x0,
    0x0, 0xe, 0x0, 0x0, 0xf, 0xf8, 0x0, 0x0,
    0x7, 0xfc, 0x0, 0x0, 0x3, 0xfe, 0x0, 0x0,
    0x0,

    /* U+5C1A "尚" */
    0x1c, 0x1, 0xc0, 0x1c, 0xe, 0x0, 0xe0, 0xe,
    0x7, 0x0, 0x70, 0x7, 0x0, 0x70, 0x38, 0x1c,
    0x0, 0x38, 0x1c, 0xe, 0x0, 0x1c, 0xe, 0x7,
    0x0, 0x0, 0x7, 0x0, 0x0, 0x0, 0x3, 0x80,
    0x0, 0x0, 0x1, 0xc0, 0x0, 0xf, 0xff, 0xff,
    0xfe, 0x7, 0xff, 0xff, 0xff, 0x3, 0xff, 0xff,
    0xff, 0x8e, 0x0, 0x0, 0x0, 0x3f, 0x0, 0x0,
    0x0, 0x1f, 0x80, 0x0, 0x0, 0xf, 0xc0, 0xff,
    0xfe, 0x7, 0xe0, 0x7f, 0xff, 0x3, 0xf0, 0x3f,
    0xff, 0x81, 0xf8, 0xe0, 0x0, 0x38, 0xfc, 0x70,
    0x0, 0x1c, 0x7e, 0x38, 0x0, 0xe, 0x3f, 0x1c,
    0x0, 0x7, 0x1f, 0x8e, 0x0, 0x3, 0x8f, 0xc7,
    0x0, 0x1, 0xc7, 0xe3, 0x80, 0x0, 0xe3, 0xf1,
    0xc0, 0x0, 0x71, 0xf8, 0xe0, 0x0, 0x38, 0xfc,
    0xf, 0xff, 0xe0, 0x7e, 0x7, 0xff, 0xf0, 0x3f,
    0x3, 0xff, 0xf8, 0x1f, 0x80, 0x0, 0x3, 0xf1,
    0xc0, 0x0, 0x1, 0xf8, 0xe0, 0x0, 0x0, 0xfc,
    0x0,

    /* U+5C40 "局" */
    0x3, 0xff, 0xff, 0xfc, 0x1, 0xff, 0xff, 0xfe,
    0x0, 0xff, 0xff, 0xff, 0x3, 0x80, 0x0, 0x0,
    0x71, 0xc0, 0x0, 0x0, 0x38, 0xe0, 0x0, 0x0,
    0x1c, 0x70, 0x0, 0x0, 0xe, 0x38, 0x0, 0x0,
    0x7, 0x1c, 0x0, 0x0, 0x3, 0x8f, 0xff, 0xff,
    0xfe, 0x7, 0xff, 0xff, 0xff, 0x3, 0xff, 0xff,
    0xff, 0x81, 0xc0, 0x0, 0x0, 0x0, 0xe0, 0x0,
    0x0, 0x0, 0x70, 0x0, 0x0, 0x0, 0x3f, 0xff,
    0xff, 0xf8, 0x1f, 0xff, 0xff, 0xfc, 0xf, 0xff,
    0xff, 0xfe, 0x7, 0x1c, 0x0, 0x38, 0xe3, 0x8e,
    0x0, 0x1c, 0x71, 0xc7, 0x0, 0xe, 0x38, 0xe3,
    0x80, 0x7, 0x1c, 0x71, 0xc0, 0x3, 0x8e, 0x38,
    0xe0, 0x1, 0xc7, 0x1c, 0xf, 0xff, 0x3, 0x8e,
    0x7, 0xff, 0x81, 0xc7, 0x3, 0xff, 0xc0, 0xfc,
    0x0, 0x0, 0x0, 0x7e, 0x0, 0x0, 0x0, 0x3f,
    0x0, 0x0, 0x0, 0x1f, 0x80, 0x0, 0xff, 0xf1,
    0xc0, 0x0, 0x7f, 0xf8, 0xe0, 0x0, 0x3f, 0xfc,
    0x0,

    /* U+5C4F "屏" */
    0x3, 0xff, 0xff, 0xfc, 0x1, 0xff, 0xff, 0xfe,
    0x0, 0xff, 0xff, 0xff, 0x3, 0x80, 0x0, 0x0,
    0x71, 0xc0, 0x0, 0x0, 0x38, 0xe0, 0x0, 0x0,
    0x1c, 0x7f, 0xff, 0xff, 0xf0, 0x3f, 0xff, 0xff,
    0xf8, 0x1f, 0xff, 0xff, 0xfc, 0xe, 0x38, 0x0,
    0xe, 0x7, 0x1c, 0x0, 0x7, 0x3, 0x8e, 0x0,
    0x3, 0x81, 0xc0, 0xe0, 0xe, 0x0, 0xe0, 0x70,
    0x7, 0x0, 0x70, 0x38, 0x3, 0x80, 0x3f, 0xff,
    0xff, 0xff, 0x1f, 0xff, 0xff, 0xff, 0x8f, 0xff,
    0xff, 0xff, 0xc7, 0x3, 0x80, 0x38, 0x3, 0x81,
    0xc0, 0x1c, 0x1, 0xc0, 0xe0, 0xe, 0x0, 0xe0,
    0x70, 0x7, 0x0, 0x70, 0x38, 0x3, 0x80, 0x38,
    0x1c, 0x1, 0xc0, 0x1f, 0xff, 0xff, 0xff, 0x8f,
    0xff, 0xff, 0xff, 0xc7, 0xff, 0xff, 0xff, 0xfc,
    0x1, 0xc0, 0x1c, 0xe, 0x0, 0xe0, 0xe, 0x7,
    0x0, 0x70, 0x7, 0x3, 0x8f, 0xc0, 0x3, 0x81,
    0xc7, 0xe0, 0x1, 0xc0, 0xe3, 0xf0, 0x0, 0xe0,
    0x0,

    /* U+5DE5 "工" */
    0x1f, 0xff, 0xff, 0xfc, 0xf, 0xff, 0xff, 0xfe,
    0x7, 0xff, 0xff, 0xff, 0x0, 0x0, 0x38, 0x0,
    0x0, 0x0, 0x1c, 0x0, 0x0, 0x0, 0xe, 0x0,
    0x0, 0x0, 0x7, 0x0, 0x0, 0x0, 0x3, 0x80,
    0x0, 0x0, 0x1, 0xc0, 0x0, 0x0, 0x0, 0xe0,
    0x0, 0x0, 0x0, 0x70, 0x0, 0x0, 0x0, 0x38,
    0x0, 0x0, 0x0, 0x1c, 0x0, 0x0, 0x0, 0xe,
    0x0, 0x0, 0x0, 0x7, 0x0, 0x0, 0x0, 0x3,
    0x80, 0x0, 0x0, 0x1, 0xc0, 0x0, 0x0, 0x0,
    0xe0, 0x0, 0x0, 0x0, 0x70, 0x0, 0x0, 0x0,
    0x38, 0x0, 0x0, 0x0, 0x1c, 0x0, 0x0, 0x0,
    0xe, 0x0, 0x0, 0x0, 0x7, 0x0, 0x0, 0x0,
    0x3, 0x80, 0x0, 0x0, 0x1, 0xc0, 0x0, 0x0,
    0x0, 0xe0, 0x0, 0x0, 0x0, 0x70, 0x0, 0x0,
    0x0, 0x38, 0x0, 0x0, 0x0, 0x1c, 0x0, 0x0,
    0x0, 0xe, 0x0, 0x3, 0xff, 0xff, 0xff, 0xff,
    0xff, 0xff, 0xff, 0xff, 0xff, 0xff, 0xff, 0xff,
    0x80,

    /* U+5DE6 "左" */
    0x0, 0x70, 0x0, 0x0, 0x0, 0x38, 0x0, 0x0,
    0x0, 0x1c, 0x0, 0x0, 0x1f, 0xff, 0xff, 0xff,
    0xff, 0xff, 0xff, 0xff, 0xff, 0xff, 0xff, 0xff,
    0xfc, 0x1, 0xc0, 0x0, 0x0, 0x0, 0xe0, 0x0,
    0x0, 0x0, 0x70, 0x0, 0x0, 0x0, 0x38, 0x0,
    0x0, 0x0, 0x1c, 0x0, 0x0, 0x0, 0xe, 0x0,
    0x0, 0x0, 0x7, 0xff, 0xff, 0xc0, 0x3, 0xff,
    0xff, 0xe0, 0x1, 0xff, 0xff, 0xf0, 0x7, 0x0,
    0x70, 0x0, 0x3, 0x80, 0x38, 0x0, 0x1, 0xc0,
    0x1c, 0x0, 0x0, 0xe0, 0xe, 0x0, 0x0, 0x70,
    0x7, 0x0, 0x0, 0x38, 0x3, 0x80, 0x0, 0xe0,
    0x1, 0xc0, 0x0, 0x70, 0x0, 0xe0, 0x0, 0x38,
    0x0, 0x70, 0x0, 0xe0, 0x0, 0x38, 0x0, 0x70,
    0x0, 0x1c, 0x0, 0x38, 0x0, 0xe, 0x0, 0x0,
    0x0, 0x7, 0x0, 0x0, 0x0, 0x3, 0x80, 0x0,
    0x0, 0x1, 0xc0, 0x0, 0xf, 0xff, 0xff, 0xfe,
    0x7, 0xff, 0xff, 0xff, 0x3, 0xff, 0xff, 0xff,
    0x80,

    /* U+5DF2 "已" */
    0xff, 0xff, 0xff, 0xe0, 0x7f, 0xff, 0xff, 0xf0,
    0x3f, 0xff, 0xff, 0xf8, 0x0, 0x0, 0x0, 0x3,
    0x80, 0x0, 0x0, 0x1, 0xc0, 0x0, 0x0, 0x0,
    0xe0, 0x0, 0x0, 0x0, 0x70, 0x0, 0x0, 0x0,
    0x38, 0x0, 0x0, 0x0, 0x1c, 0x70, 0x0, 0x0,
    0xe, 0x38, 0x0, 0x0, 0x7, 0x1c, 0x0, 0x0,
    0x3, 0x8f, 0xff, 0xff, 0xfe, 0x7, 0xff, 0xff,
    0xff, 0x3, 0xff, 0xff, 0xff, 0x81, 0xc0, 0x0,
    0x0, 0x0, 0xe0, 0x0, 0x0, 0x0, 0x70, 0x0,
    0x0, 0x0, 0x38, 0x0, 0x0, 0x0, 0x1c, 0x0,
    0x0, 0x0, 0xe, 0x0, 0x0, 0x0, 0x7, 0x0,
    0x0, 0x0, 0x1f, 0x80, 0x0, 0x0, 0xf, 0xc0,
    0x0, 0x0, 0x7, 0xe0, 0x0, 0x0, 0x3, 0xf0,
    0x0, 0x0, 0x1, 0xf8, 0x0, 0x0, 0x0, 0xfc,
    0x0, 0x0, 0x0, 0x7e, 0x0, 0x0, 0x0, 0x3f,
    0x0, 0x0, 0x0, 0x1c, 0x7f, 0xff, 0xff, 0xf0,
    0x3f, 0xff, 0xff, 0xf8, 0x1f, 0xff, 0xff, 0xfc,
    0x0,

    /* U+5E03 "布" */
    0x0, 0xe, 0x0, 0x0, 0x0, 0x7, 0x0, 0x0,
    0x0, 0x3, 0x80, 0x0, 0x1f, 0xff, 0xff, 0xff,
    0xff, 0xff, 0xff, 0xff, 0xff, 0xff, 0xff, 0xff,
    0xfc, 0x0, 0x38, 0x0, 0x0, 0x0, 0x1c, 0x0,
    0x0, 0x0, 0xe, 0x0, 0x0, 0x0, 0x38, 0x1c,
    0x0, 0x0, 0x1c, 0xe, 0x0, 0x0, 0xe, 0x7,
    0x0, 0x0, 0x7, 0xff, 0xff, 0xc0, 0x3, 0xff,
    0xff, 0xe0, 0x1, 0xff, 0xff, 0xf0, 0x7, 0x0,
    0x70, 0x7, 0x3, 0x80, 0x38, 0x3, 0x81, 0xc0,
    0x1c, 0x1, 0xc7, 0xe0, 0xe, 0x0, 0xe3, 0xf0,
    0x7, 0x0, 0x71, 0xf8, 0x3, 0x80, 0x3f, 0x1c,
    0x1, 0xc0, 0x1f, 0x8e, 0x0, 0xe0, 0xf, 0xc7,
    0x0, 0x70, 0x7, 0x3, 0x80, 0x38, 0x3, 0x81,
    0xc0, 0x1c, 0x1, 0xc0, 0xe0, 0xe, 0x0, 0xe0,
    0x70, 0x7, 0x1f, 0x80, 0x38, 0x3, 0x8f, 0xc0,
    0x1c, 0x1, 0xc7, 0xe0, 0x0, 0x0, 0xe0, 0x0,
    0x0, 0x0, 0x70, 0x0, 0x0, 0x0, 0x38, 0x0,
    0x0,

    /* U+5E38 "常" */
    0x1c, 0x1, 0xc0, 0x1c, 0xe, 0x0, 0xe0, 0xe,
    0x7, 0x0, 0x70, 0x7, 0x0, 0x70, 0x38, 0x1c,
    0x0, 0x38, 0x1c, 0xe, 0x0, 0x1c, 0xe, 0x7,
    0x0, 0x7f, 0xff, 0xff, 0xf0, 0x3f, 0xff, 0xff,
    0xf8, 0x1f, 0xff, 0xff, 0xfc, 0x71, 0xc0, 0x0,
    0x71, 0xf8, 0xe0, 0x0, 0x38, 0xfc, 0x70, 0x0,
    0x1c, 0x7e, 0x38, 0x0, 0xe, 0x3f, 0x1c, 0x0,
    0x7, 0x1f, 0x8e, 0x0, 0x3, 0x8e, 0x0, 0xff,
    0xfe, 0x0, 0x0, 0x7f, 0xff, 0x0, 0x0, 0x3f,
    0xff, 0x80, 0x0, 0x0, 0x70, 0x0, 0x0, 0x0,
    0x38, 0x0, 0x0, 0x0, 0x1c, 0x0, 0x0, 0xff,
    0xff, 0xff, 0xe0, 0x7f, 0xff, 0xff, 0xf0, 0x3f,
    0xff, 0xff, 0xf8, 0xe0, 0x1, 0xc0, 0x3, 0xf0,
    0x0, 0xe0, 0x1, 0xf8, 0x0, 0x70, 0x0, 0xfc,
    0x0, 0x38, 0x0, 0x7e, 0x0, 0x1c, 0x0, 0x3f,
    0x0, 0xe, 0x0, 0x1f, 0x80, 0x7, 0x1f, 0xf1,
    0xc0, 0x3, 0x8f, 0xf8, 0xe0, 0x1, 0xc7, 0xfc,
    0x0,

    /* U+5E55 "幕" */
    0x0, 0x70, 0x7, 0x0, 0x0, 0x38, 0x3, 0x80,
    0x0, 0x1c, 0x1, 0xc0, 0x1f, 0xff, 0xff, 0xff,
    0xff, 0xff, 0xff, 0xff, 0xff, 0xff, 0xff, 0xff,
    0xfc, 0xe, 0x0, 0x3, 0x80, 0x7, 0x0, 0x1,
    0xc0, 0x3, 0x80, 0x0, 0xe0, 0x1, 0xff, 0xff,
    0xf0, 0x0, 0xff, 0xff, 0xf8, 0x0, 0x7f, 0xff,
    0xfc, 0x0, 0x38, 0x0, 0xe, 0x0, 0x1c, 0x0,
    0x7, 0x0, 0xe, 0x0, 0x3, 0x81, 0xff, 0xff,
    0xff, 0xff, 0xff, 0xff, 0xff, 0xff, 0xff, 0xff,
    0xff, 0xff, 0xc7, 0x0, 0x70, 0x7, 0x3, 0x80,
    0x38, 0x3, 0x81, 0xc0, 0x1c, 0x1, 0xc7, 0x1f,
    0xff, 0xff, 0x1f, 0x8f, 0xff, 0xff, 0x8f, 0xc7,
    0xff, 0xff, 0xc7, 0x1c, 0x1, 0xc0, 0x1c, 0xe,
    0x0, 0xe0, 0xe, 0x7, 0x0, 0x70, 0x7, 0x3,
    0x80, 0x38, 0x3, 0x81, 0xc0, 0x1c, 0x1, 0xc0,
    0xe0, 0xe, 0x0, 0xe0, 0x70, 0x7, 0x1f, 0x80,
    0x38, 0x3, 0x8f, 0xc0, 0x1c, 0x1, 0xc7, 0xe0,
    0x0,

    /* U+5E73 "平" */
    0xff, 0xff, 0xff, 0xff, 0xff, 0xff, 0xff, 0xff,
    0xff, 0xff, 0xff, 0xff, 0xe0, 0x0, 0x38, 0x0,
    0x0, 0x0, 0x1c, 0x0, 0x0, 0x0, 0xe, 0x0,
    0x0, 0x70, 0x7, 0x0, 0x70, 0x38, 0x3, 0x80,
    0x38, 0x1c, 0x1, 0xc0, 0x1c, 0x1, 0xc0, 0xe0,
    0xe, 0x0, 0xe0, 0x70, 0x7, 0x0, 0x70, 0x38,
    0x3, 0x80, 0x38, 0x1c, 0xe, 0x0, 0x1c, 0xe,
    0x7, 0x0, 0xe, 0x7, 0x3, 0x80, 0x0, 0x3,
    0x80, 0x0, 0x0, 0x1, 0xc0, 0x0, 0x0, 0x0,
    0xe0, 0x0, 0x3f, 0xff, 0xff, 0xff, 0xff, 0xff,
    0xff, 0xff, 0xff, 0xff, 0xff, 0xff, 0xf8, 0x0,
    0xe, 0x0, 0x0, 0x0, 0x7, 0x0, 0x0, 0x0,
    0x3, 0x80, 0x0, 0x0, 0x1, 0xc0, 0x0, 0x0,
    0x0, 0xe0, 0x0, 0x0, 0x0, 0x70, 0x0, 0x0,
    0x0, 0x38, 0x0, 0x0, 0x0, 0x1c, 0x0, 0x0,
    0x0, 0xe, 0x0, 0x0, 0x0, 0x7, 0x0, 0x0,
    0x0, 0x3, 0x80, 0x0, 0x0, 0x1, 0xc0, 0x0,
    0x0,

    /* U+5E74 "年" */
    0x1c, 0x0, 0x0, 0x0, 0xe, 0x0, 0x0, 0x0,
    0x7, 0x0, 0x0, 0x0, 0x3, 0xff, 0xff, 0xff,
    0xf1, 0xff, 0xff, 0xff, 0xf8, 0xff, 0xff, 0xff,
    0xfc, 0x70, 0x7, 0x0, 0x0, 0x38, 0x3, 0x80,
    0x0, 0x1c, 0x1, 0xc0, 0x0, 0x70, 0x0, 0xe0,
    0x0, 0x38, 0x0, 0x70, 0x0, 0x1c, 0x0, 0x38,
    0x0, 0x0, 0x3f, 0xff, 0xff, 0xc0, 0x1f, 0xff,
    0xff, 0xe0, 0xf, 0xff, 0xff, 0xf0, 0x38, 0x3,
    0x80, 0x0, 0x1c, 0x1, 0xc0, 0x0, 0xe, 0x0,
    0xe0, 0x0, 0x7, 0x0, 0x70, 0x0, 0x3, 0x80,
    0x38, 0x0, 0x1, 0xc0, 0x1c, 0x0, 0x7, 0xff,
    0xff, 0xff, 0xff, 0xff, 0xff, 0xff, 0xff, 0xff,
    0xff, 0xff, 0xff, 0x0, 0x1, 0xc0, 0x0, 0x0,
    0x0, 0xe0, 0x0, 0x0, 0x0, 0x70, 0x0, 0x0,
    0x0, 0x38, 0x0, 0x0, 0x0, 0x1c, 0x0, 0x0,
    0x0, 0xe, 0x0, 0x0, 0x0, 0x7, 0x0, 0x0,
    0x0, 0x3, 0x80, 0x0, 0x0, 0x1, 0xc0, 0x0,
    0x0,

    /* U+5E76 "并" */
    0x3, 0x80, 0x0, 0xe0, 0x1, 0xc0, 0x0, 0x70,
    0x0, 0xe0, 0x0, 0x38, 0x0, 0xe, 0x0, 0xe0,
    0x0, 0x7, 0x0, 0x70, 0x0, 0x3, 0x80, 0x38,
    0x3, 0xff, 0xff, 0xff, 0xff, 0xff, 0xff, 0xff,
    0xff, 0xff, 0xff, 0xff, 0xff, 0x81, 0xc0, 0x0,
    0x70, 0x0, 0xe0, 0x0, 0x38, 0x0, 0x70, 0x0,
    0x1c, 0x0, 0x38, 0x0, 0xe, 0x0, 0x1c, 0x0,
    0x7, 0x0, 0xe, 0x0, 0x3, 0x80, 0x7, 0x0,
    0x1, 0xc0, 0x3, 0x80, 0x0, 0xe0, 0x1, 0xc0,
    0x0, 0x70, 0x3f, 0xff, 0xff, 0xff, 0xff, 0xff,
    0xff, 0xff, 0xff, 0xff, 0xff, 0xff, 0xf8, 0x1c,
    0x0, 0x7, 0x0, 0xe, 0x0, 0x3, 0x80, 0x7,
    0x0, 0x1, 0xc0, 0x3, 0x80, 0x0, 0xe0, 0x1,
    0xc0, 0x0, 0x70, 0x0, 0xe0, 0x0, 0x38, 0x3,
    0x80, 0x0, 0x1c, 0x1, 0xc0, 0x0, 0xe, 0x0,
    0xe0, 0x0, 0x7, 0x3, 0x80, 0x0, 0x3, 0x81,
    0xc0, 0x0, 0x1, 0xc0, 0xe0, 0x0, 0x0, 0xe0,
    0x0,

    /* U+5E83 "広" */
    0x0, 0x0, 0x38, 0x0, 0x0, 0x0, 0x1c, 0x0,
    0x0, 0x0, 0xe, 0x0, 0x0, 0x7f, 0xff, 0xff,
    0xf0, 0x3f, 0xff, 0xff, 0xf8, 0x1f, 0xff, 0xff,
    0xfc, 0x70, 0x0, 0x0, 0x0, 0x38, 0x0, 0x0,
    0x0, 0x1c, 0x0, 0x0, 0x0, 0xe, 0x0, 0x1c,
    0x0, 0x7, 0x0, 0xe, 0x0, 0x3, 0x80, 0x7,
    0x0, 0x1, 0xc0, 0x1c, 0x0, 0x0, 0xe0, 0xe,
    0x0, 0x0, 0x70, 0x7, 0x0, 0x0, 0x38, 0x3,
    0x80, 0x0, 0x1c, 0x1, 0xc0, 0x0, 0xe, 0x0,
    0xe0, 0x0, 0x7, 0x3, 0x80, 0x38, 0x3, 0x81,
    0xc0, 0x1c, 0x1, 0xc0, 0xe0, 0xe, 0x0, 0xe0,
    0x70, 0x0, 0xe0, 0x70, 0x38, 0x0, 0x70, 0x38,
    0x1c, 0x0, 0x38, 0x1c, 0x70, 0x0, 0x1c, 0xe,
    0x38, 0x0, 0xe, 0x7, 0x1c, 0x0, 0x7, 0x1c,
    0xe, 0x0, 0xfc, 0x7e, 0x7, 0x0, 0x7e, 0x3f,
    0x3, 0x80, 0x3f, 0x1f, 0x8f, 0xff, 0xe0, 0xf,
    0xc7, 0xff, 0xf0, 0x7, 0xe3, 0xff, 0xf8, 0x3,
    0x80,

    /* U+5E8F "序" */
    0x0, 0x0, 0x38, 0x0, 0x0, 0x0, 0x1c, 0x0,
    0x0, 0x0, 0xe, 0x0, 0x0, 0x7f, 0xff, 0xff,
    0xf0, 0x3f, 0xff, 0xff, 0xf8, 0x1f, 0xff, 0xff,
    0xfc, 0x70, 0x0, 0x0, 0x0, 0x38, 0x0, 0x0,
    0x0, 0x1c, 0x0, 0x0, 0x0, 0xe, 0x3f, 0xff,
    0xf0, 0x7, 0x1f, 0xff, 0xf8, 0x3, 0x8f, 0xff,
    0xfc, 0x1, 0xc0, 0x0, 0x1, 0xc0, 0xe0, 0x0,
    0x0, 0xe0, 0x70, 0x0, 0x0, 0x70, 0x38, 0x3,
    0x81, 0xc0, 0x1c, 0x1, 0xc0, 0xe0, 0xe, 0x0,
    0xe0, 0x70, 0x7, 0x1f, 0xff, 0xff, 0x3, 0x8f,
    0xff, 0xff, 0x81, 0xc7, 0xff, 0xff, 0xc0, 0xe0,
    0x0, 0x38, 0x1c, 0x70, 0x0, 0x1c, 0xe, 0x38,
    0x0, 0xe, 0x7, 0x1c, 0x0, 0x7, 0x1c, 0xe,
    0x0, 0x3, 0x8e, 0x7, 0x0, 0x1, 0xc7, 0x1c,
    0x0, 0x0, 0xe0, 0xe, 0x0, 0x0, 0x70, 0x7,
    0x0, 0x0, 0x38, 0x3, 0x80, 0x3f, 0xe0, 0x1,
    0xc0, 0x1f, 0xf0, 0x0, 0xe0, 0xf, 0xf8, 0x0,
    0x0,

    /* U+5E95 "底" */
    0x0, 0x0, 0x38, 0x0, 0x0, 0x0, 0x1c, 0x0,
    0x0, 0x0, 0xe, 0x0, 0x0, 0x7f, 0xff, 0xff,
    0xf0, 0x3f, 0xff, 0xff, 0xf8, 0x1f, 0xff, 0xff,
    0xfc, 0x70, 0x0, 0x0, 0x0, 0x38, 0x0, 0x0,
    0x0, 0x1c, 0x0, 0x0, 0x0, 0xe, 0x7, 0xff,
    0xfe, 0x7, 0x3, 0xff, 0xff, 0x3, 0x81, 0xff,
    0xff, 0x81, 0xc7, 0x0, 0x70, 0x0, 0xe3, 0x80,
    0x38, 0x0, 0x71, 0xc0, 0x1c, 0x0, 0x38, 0xe0,
    0xe, 0x0, 0x1c, 0x70, 0x7, 0x0, 0xe, 0x38,
    0x3, 0x80, 0x7, 0x1f, 0xff, 0xff, 0xe3, 0x8f,
    0xff, 0xff, 0xf1, 0xc7, 0xff, 0xff, 0xf8, 0xe3,
    0x80, 0x38, 0x0, 0x71, 0xc0, 0x1c, 0x0, 0x38,
    0xe0, 0xe, 0x0, 0x1c, 0x7e, 0x7, 0x3, 0x8e,
    0x3f, 0x3, 0x81, 0xc7, 0x1f, 0x81, 0xc0, 0xfc,
    0x0, 0x0, 0x1c, 0x7e, 0x0, 0x0, 0xe, 0x3f,
    0x0, 0x0, 0x7, 0x1f, 0x8f, 0xff, 0xfc, 0x71,
    0xc7, 0xff, 0xfe, 0x38, 0xe3, 0xff, 0xff, 0x1c,
    0x0,

    /* U+5EA6 "度" */
    0x0, 0x0, 0x38, 0x0, 0x0, 0x0, 0x1c, 0x0,
    0x0, 0x0, 0xe, 0x0, 0x0, 0x7f, 0xff, 0xff,
    0xf0, 0x3f, 0xff, 0xff, 0xf8, 0x1f, 0xff, 0xff,
    0xfc, 0x70, 0x38, 0x3, 0x80, 0x38, 0x1c, 0x1,
    0xc0, 0x1c, 0xe, 0x0, 0xe0, 0xf, 0xff, 0xff,
    0xff, 0xc7, 0xff, 0xff, 0xff, 0xe3, 0xff, 0xff,
    0xff, 0xf1, 0xc0, 0xe0, 0xe, 0x0, 0xe0, 0x70,
    0x7, 0x0, 0x70, 0x38, 0x3, 0x80, 0x38, 0x3,
    0x8e, 0x0, 0x1c, 0x1, 0xc7, 0x0, 0xe, 0x0,
    0xe3, 0x80, 0x7, 0x1f, 0xff, 0xf8, 0x3, 0x8f,
    0xff, 0xfc, 0x1, 0xc7, 0xff, 0xfe, 0x0, 0xe0,
    0x0, 0x0, 0xe0, 0x70, 0x0, 0x0, 0x70, 0x38,
    0x0, 0x0, 0x38, 0x1c, 0xe, 0x0, 0xe0, 0xe,
    0x7, 0x0, 0x70, 0x7, 0x3, 0x80, 0x38, 0x1c,
    0x0, 0x3f, 0xe0, 0xe, 0x0, 0x1f, 0xf0, 0x7,
    0x0, 0xf, 0xf8, 0x3, 0x8f, 0xf8, 0x3, 0xff,
    0xc7, 0xfc, 0x1, 0xff, 0xe3, 0xfe, 0x0, 0xff,
    0x80,

    /* U+5EFA "建" */
    0xff, 0x80, 0x7, 0x0, 0x7f, 0xc0, 0x3, 0x80,
    0x3f, 0xe0, 0x1, 0xc0, 0x0, 0xe, 0x3f, 0xfc,
    0x0, 0x7, 0x1f, 0xfe, 0x0, 0x3, 0x8f, 0xff,
    0x0, 0xe, 0x0, 0x1c, 0x70, 0x7, 0x0, 0xe,
    0x38, 0x3, 0x80, 0x7, 0x1c, 0xe, 0x7, 0xff,
    0xff, 0xc7, 0x3, 0xff, 0xff, 0xe3, 0x81, 0xff,
    0xff, 0xf1, 0xc0, 0x0, 0x71, 0xc0, 0xe0, 0x0,
    0x38, 0xe0, 0x70, 0x0, 0x1c, 0x70, 0x7, 0x3,
    0xff, 0xc0, 0x3, 0x81, 0xff, 0xe0, 0x1, 0xc0,
    0xff, 0xf0, 0x38, 0x1c, 0x1, 0xc0, 0x1c, 0xe,
    0x0, 0xe0, 0xe, 0x7, 0x0, 0x70, 0x0, 0xe3,
    0x8f, 0xff, 0xfc, 0x71, 0xc7, 0xff, 0xfe, 0x38,
    0xe3, 0xff, 0xff, 0x3, 0x80, 0x7, 0x0, 0x1,
    0xc0, 0x3, 0x80, 0x0, 0xe0, 0x1, 0xc0, 0x3,
    0x8f, 0xc0, 0x0, 0x1, 0xc7, 0xe0, 0x0, 0x0,
    0xe3, 0xf0, 0x0, 0x3, 0x80, 0x7, 0xff, 0xff,
    0xc0, 0x3, 0xff, 0xff, 0xe0, 0x1, 0xff, 0xff,
    0x80,

    /* U+5F0F "式" */
    0x0, 0x0, 0x7, 0x3, 0x80, 0x0, 0x3, 0x81,
    0xc0, 0x0, 0x1, 0xc0, 0xff, 0xff, 0xff, 0xff,
    0xff, 0xff, 0xff, 0xff, 0xff, 0xff, 0xff, 0xff,
    0xfc, 0x0, 0x0, 0x1c, 0x0, 0x0, 0x0, 0xe,
    0x0, 0x0, 0x0, 0x7, 0x0, 0x0, 0x0, 0x3,
    0x80, 0x0, 0x0, 0x1, 0xc0, 0x0, 0x0, 0x0,
    0xe0, 0x1, 0xff, 0xfc, 0x70, 0x0, 0xff, 0xfe,
    0x38, 0x0, 0x7f, 0xff, 0x1c, 0x0, 0x0, 0xe0,
    0xe, 0x0, 0x0, 0x70, 0x7, 0x0, 0x0, 0x38,
    0x3, 0x80, 0x0, 0x1c, 0x1, 0xc0, 0x0, 0xe,
    0x0, 0xe0, 0x0, 0x7, 0x0, 0x70, 0x0, 0x3,
    0x80, 0x38, 0x1c, 0x1, 0xc0, 0x1c, 0xe, 0x0,
    0xe0, 0xe, 0x7, 0x0, 0x70, 0x0, 0xe3, 0x80,
    0x38, 0x0, 0x71, 0xc0, 0x1c, 0x0, 0x38, 0xe0,
    0xf, 0xff, 0x1c, 0x70, 0x7, 0xff, 0x8e, 0x38,
    0x3, 0xff, 0xc7, 0x1f, 0xfe, 0x0, 0x0, 0x71,
    0xff, 0x0, 0x0, 0x38, 0xff, 0x80, 0x0, 0x1c,
    0x0,

    /* U+5F37 "強" */
    0x1f, 0x80, 0x38, 0x0, 0xf, 0xc0, 0x1c, 0x0,
    0x7, 0xe0, 0xe, 0x0, 0x0, 0xe, 0x38, 0x1f,
    0x80, 0x7, 0x1c, 0xf, 0xc0, 0x3, 0x8e, 0x7,
    0xe0, 0x1, 0xff, 0xfc, 0xe, 0x0, 0xff, 0xfe,
    0x7, 0x0, 0x7f, 0xff, 0x3, 0x8f, 0xc0, 0x3,
    0x80, 0x7, 0xe0, 0x1, 0xc0, 0x3, 0xf0, 0x0,
    0xe0, 0xe, 0x0, 0x1f, 0xff, 0xc7, 0x0, 0xf,
    0xff, 0xe3, 0x80, 0x7, 0xff, 0xf1, 0xc0, 0x1c,
    0xe, 0x7, 0xe0, 0xe, 0x7, 0x3, 0xf0, 0x7,
    0x3, 0x81, 0xc7, 0xe3, 0x81, 0xc0, 0xe3, 0xf1,
    0xc0, 0xe0, 0x71, 0xf8, 0xe0, 0x70, 0x38, 0x3,
    0x8f, 0xff, 0xe0, 0x1, 0xc7, 0xff, 0xf0, 0x0,
    0xe3, 0xff, 0xf8, 0x0, 0x70, 0x7, 0x0, 0x0,
    0x38, 0x3, 0x80, 0x0, 0x1c, 0x1, 0xc0, 0x0,
    0x70, 0x0, 0xff, 0x80, 0x38, 0x0, 0x7f, 0xc0,
    0x1c, 0x0, 0x3f, 0xe3, 0xf0, 0x3f, 0xe0, 0xf,
    0xf8, 0x1f, 0xf0, 0x7, 0xfc, 0xf, 0xf8, 0x3,
    0x80,

    /* U+5F53 "当" */
    0x1c, 0x1, 0xc0, 0x1c, 0xe, 0x0, 0xe0, 0xe,
    0x7, 0x0, 0x70, 0x7, 0x0, 0x70, 0x38, 0x3,
    0x80, 0x38, 0x1c, 0x1, 0xc0, 0x1c, 0xe, 0x0,
    0xe0, 0xe, 0x7, 0x3, 0x80, 0x7, 0x3, 0x81,
    0xc0, 0x3, 0x81, 0xc0, 0xe0, 0x0, 0x0, 0xe0,
    0x0, 0x0, 0x0, 0x70, 0x0, 0x0, 0x0, 0x38,
    0x0, 0xf, 0xff, 0xff, 0xff, 0xc7, 0xff, 0xff,
    0xff, 0xe3, 0xff, 0xff, 0xff, 0xf0, 0x0, 0x0,
    0x0, 0x7, 0x0, 0x0, 0x0, 0x3, 0x80, 0x0,
    0x0, 0x1, 0xc0, 0x0, 0x0, 0x0, 0xe0, 0x0,
    0x0, 0x0, 0x70, 0x0, 0x0, 0x0, 0x38, 0xff,
    0xff, 0xff, 0xfc, 0x7f, 0xff, 0xff, 0xfe, 0x3f,
    0xff, 0xff, 0xff, 0x0, 0x0, 0x0, 0x3, 0x80,
    0x0, 0x0, 0x1, 0xc0, 0x0, 0x0, 0x0, 0xe0,
    0x0, 0x0, 0x0, 0x70, 0x0, 0x0, 0x0, 0x38,
    0x0, 0x0, 0x0, 0x1f, 0xff, 0xff, 0xff, 0xf1,
    0xff, 0xff, 0xff, 0xf8, 0xff, 0xff, 0xff, 0xfc,
    0x0,

    /* U+5F62 "形" */
    0xff, 0xff, 0xc0, 0x3, 0xff, 0xff, 0xe0, 0x1,
    0xff, 0xff, 0xf0, 0x0, 0xe3, 0x81, 0xc0, 0x1f,
    0x81, 0xc0, 0xe0, 0xf, 0xc0, 0xe0, 0x70, 0x7,
    0xe0, 0x70, 0x38, 0xfc, 0x0, 0x38, 0x1c, 0x7e,
    0x0, 0x1c, 0xe, 0x3f, 0x0, 0xe, 0x7, 0x0,
    0x0, 0x7, 0x3, 0x80, 0x0, 0x3, 0x81, 0xc0,
    0x0, 0xf, 0xff, 0xfc, 0x0, 0x3f, 0xff, 0xfe,
    0x0, 0x1f, 0xff, 0xff, 0x0, 0xe, 0x38, 0x1c,
    0x1, 0xf8, 0x1c, 0xe, 0x0, 0xfc, 0xe, 0x7,
    0x0, 0x7e, 0x7, 0x3, 0x8f, 0xc0, 0x3, 0x81,
    0xc7, 0xe0, 0x1, 0xc0, 0xe3, 0xf0, 0x0, 0xe0,
    0x70, 0x0, 0x0, 0x70, 0x38, 0x0, 0x0, 0x38,
    0x1c, 0x0, 0x0, 0x1c, 0xe, 0x0, 0x3, 0x8e,
    0x7, 0x0, 0x1, 0xc7, 0x3, 0x80, 0x0, 0xfc,
    0x1, 0xc0, 0x1f, 0x8e, 0x0, 0xe0, 0xf, 0xc7,
    0x0, 0x70, 0x7, 0xe3, 0x80, 0x38, 0xfc, 0x1,
    0xc0, 0x1c, 0x7e, 0x0, 0xe0, 0xe, 0x3f, 0x0,
    0x0,

    /* U+5F84 "径" */
    0x3, 0x8f, 0xff, 0xfc, 0x1, 0xc7, 0xff, 0xfe,
    0x0, 0xe3, 0xff, 0xff, 0x1f, 0x80, 0x0, 0x0,
    0x7f, 0xc0, 0x0, 0x0, 0x3f, 0xe0, 0x0, 0x0,
    0x1c, 0x0, 0x7, 0xe0, 0x70, 0x0, 0x3, 0xf0,
    0x38, 0x0, 0x1, 0xf8, 0x1c, 0x1, 0xc0, 0x3,
    0xf0, 0x0, 0xe0, 0x1, 0xf8, 0x0, 0x70, 0x0,
    0xfc, 0xf, 0xc0, 0x1f, 0x81, 0xc7, 0xe0, 0xf,
    0xc0, 0xe3, 0xf0, 0x7, 0xe0, 0x70, 0x38, 0xfc,
    0x0, 0x7, 0x1c, 0x7e, 0x0, 0x3, 0x8e, 0x3f,
    0x0, 0x1, 0xc7, 0x0, 0x1, 0xc0, 0x3, 0x80,
    0x0, 0xe0, 0x1, 0xc0, 0x0, 0x70, 0x0, 0xe0,
    0x7f, 0xff, 0xfc, 0x70, 0x3f, 0xff, 0xfe, 0x38,
    0x1f, 0xff, 0xff, 0x1c, 0x0, 0x7, 0x0, 0xe,
    0x0, 0x3, 0x80, 0x7, 0x0, 0x1, 0xc0, 0x3,
    0x80, 0x0, 0xe0, 0x1, 0xc0, 0x0, 0x70, 0x0,
    0xe0, 0x0, 0x38, 0x0, 0x71, 0xff, 0xff, 0xfe,
    0x38, 0xff, 0xff, 0xff, 0x1c, 0x7f, 0xff, 0xff,
    0x80,

    /* U+5F85 "待" */
    0x3, 0x80, 0x7, 0x0, 0x1, 0xc0, 0x3, 0x80,
    0x0, 0xe0, 0x1, 0xc0, 0x1f, 0x81, 0xff, 0xff,
    0xff, 0xc0, 0xff, 0xff, 0xff, 0xe0, 0x7f, 0xff,
    0xfc, 0x0, 0x0, 0x1c, 0x0, 0x0, 0x0, 0xe,
    0x0, 0x0, 0x0, 0x7, 0x0, 0x1, 0xc0, 0x3,
    0x80, 0x0, 0xe0, 0x1, 0xc0, 0x0, 0x70, 0x0,
    0xe0, 0xf, 0xc0, 0xff, 0xff, 0xff, 0xe0, 0x7f,
    0xff, 0xff, 0xf0, 0x3f, 0xff, 0xfe, 0x38, 0x0,
    0x0, 0x38, 0x1c, 0x0, 0x0, 0x1c, 0xe, 0x0,
    0x0, 0xe, 0x7, 0x1f, 0xff, 0xff, 0xe3, 0x8f,
    0xff, 0xff, 0xf1, 0xc7, 0xff, 0xff, 0xf8, 0xe0,
    0x70, 0x0, 0xe0, 0x70, 0x38, 0x0, 0x70, 0x38,
    0x1c, 0x0, 0x38, 0x1c, 0x1, 0xc0, 0x1c, 0xe,
    0x0, 0xe0, 0xe, 0x7, 0x0, 0x70, 0x7, 0x3,
    0x80, 0x0, 0x3, 0x81, 0xc0, 0x0, 0x1, 0xc0,
    0xe0, 0x0, 0x0, 0xe0, 0x70, 0x0, 0xff, 0x80,
    0x38, 0x0, 0x7f, 0xc0, 0x1c, 0x0, 0x3f, 0xe0,
    0x0,

    /* U+5F8C "後" */
    0x3, 0x80, 0x38, 0x0, 0x1, 0xc0, 0x1c, 0x0,
    0x0, 0xe0, 0xe, 0x0, 0x1f, 0x80, 0x38, 0x1f,
    0x8f, 0xc0, 0x1c, 0xf, 0xc7, 0xe0, 0xe, 0x7,
    0xe0, 0x0, 0x38, 0x1c, 0x0, 0x0, 0x1c, 0xe,
    0x0, 0x0, 0xe, 0x7, 0x0, 0x1, 0xc0, 0xfc,
    0xe, 0x0, 0xe0, 0x7e, 0x7, 0x0, 0x70, 0x3f,
    0x3, 0x8f, 0xc7, 0xff, 0xfe, 0x3f, 0xe3, 0xff,
    0xff, 0x1f, 0xf1, 0xff, 0xff, 0x8e, 0x38, 0x3,
    0x80, 0x0, 0x1c, 0x1, 0xc0, 0x0, 0xe, 0x0,
    0xe0, 0x0, 0x7, 0x0, 0x7f, 0xff, 0x3, 0x80,
    0x3f, 0xff, 0x81, 0xc0, 0x1f, 0xff, 0xc0, 0xe3,
    0xf0, 0x0, 0x1c, 0x71, 0xf8, 0x0, 0xe, 0x38,
    0xfc, 0x0, 0x7, 0x1c, 0x1, 0xc0, 0x1c, 0xe,
    0x0, 0xe0, 0xe, 0x7, 0x0, 0x70, 0x7, 0x3,
    0x80, 0x7, 0xfc, 0x1, 0xc0, 0x3, 0xfe, 0x0,
    0xe0, 0x1, 0xff, 0x0, 0x71, 0xff, 0x0, 0x7e,
    0x38, 0xff, 0x80, 0x3f, 0x1c, 0x7f, 0xc0, 0x1f,
    0x80,

    /* U+5F91 "徑" */
    0x3, 0x8f, 0xff, 0xff, 0x81, 0xc7, 0xff, 0xff,
    0xc0, 0xe3, 0xff, 0xff, 0xff, 0x80, 0x0, 0x0,
    0xf, 0xc0, 0x0, 0x0, 0x7, 0xe0, 0x0, 0x0,
    0x0, 0x0, 0x38, 0x1c, 0xe, 0x0, 0x1c, 0xe,
    0x7, 0x0, 0xe, 0x7, 0x3, 0x81, 0xf8, 0x1c,
    0xe, 0x0, 0xfc, 0xe, 0x7, 0x0, 0x7e, 0x7,
    0x3, 0x8f, 0xc0, 0xe0, 0x70, 0x3f, 0xe0, 0x70,
    0x38, 0x1f, 0xf0, 0x38, 0x1c, 0xe, 0x38, 0x0,
    0x0, 0x0, 0x1c, 0x0, 0x0, 0x0, 0xe, 0x0,
    0x0, 0x0, 0x7, 0x3, 0xff, 0xff, 0xe3, 0x81,
    0xff, 0xff, 0xf1, 0xc0, 0xff, 0xff, 0xf8, 0xe0,
    0x0, 0x38, 0x0, 0x70, 0x0, 0x1c, 0x0, 0x38,
    0x0, 0xe, 0x0, 0x1c, 0x0, 0x7, 0x0, 0xe,
    0x0, 0x3, 0x80, 0x7, 0x0, 0x1, 0xc0, 0x3,
    0x80, 0x0, 0xe0, 0x1, 0xc0, 0x0, 0x70, 0x0,
    0xe0, 0x0, 0x38, 0x0, 0x71, 0xff, 0xff, 0xfe,
    0x38, 0xff, 0xff, 0xff, 0x1c, 0x7f, 0xff, 0xff,
    0x80,

    /* U+5F9E "從" */
    0x3, 0x81, 0xc0, 0x1c, 0x1, 0xc0, 0xe0, 0xe,
    0x0, 0xe0, 0x70, 0x7, 0x1f, 0x80, 0x38, 0x3,
    0x8f, 0xc0, 0x1c, 0x1, 0xc7, 0xe0, 0xe, 0x0,
    0xe0, 0x0, 0x7, 0x0, 0x70, 0x0, 0x3, 0x80,
    0x38, 0x0, 0x1, 0xc0, 0x1c, 0x1, 0xc7, 0x1c,
    0x71, 0xc0, 0xe3, 0x8e, 0x38, 0xe0, 0x71, 0xc7,
    0x1c, 0x7f, 0xc7, 0x0, 0x70, 0x3f, 0xe3, 0x80,
    0x38, 0x1f, 0xf1, 0xc0, 0x1c, 0xe, 0x38, 0x0,
    0xe, 0x0, 0x1c, 0x0, 0x7, 0x0, 0xe, 0x0,
    0x3, 0x80, 0x7, 0x3, 0x81, 0xc0, 0x3, 0x81,
    0xc0, 0xe0, 0x1, 0xc0, 0xe0, 0x70, 0x0, 0xe0,
    0x70, 0x3f, 0xfc, 0x70, 0x38, 0x1f, 0xfe, 0x38,
    0x1c, 0xf, 0xff, 0x1c, 0xe, 0x7, 0x0, 0xe,
    0x7, 0x3, 0x80, 0x7, 0x3, 0x81, 0xc0, 0x3,
    0x8e, 0x3f, 0xe0, 0x1, 0xc7, 0x1f, 0xf0, 0x0,
    0xe3, 0x8f, 0xf8, 0x0, 0x71, 0xc0, 0x3, 0xfe,
    0x38, 0xe0, 0x1, 0xff, 0x1c, 0x70, 0x0, 0xff,
    0x80,

    /* U+5FA1 "御" */
    0x3, 0x8e, 0x0, 0x1c, 0x1, 0xc7, 0x0, 0xe,
    0x0, 0xe3, 0x80, 0x7, 0x1f, 0x81, 0xff, 0x1c,
    0x7f, 0xc0, 0xff, 0x8e, 0x3f, 0xe0, 0x7f, 0xc7,
    0x1c, 0x1, 0xc7, 0x3, 0x8e, 0x0, 0xe3, 0x81,
    0xc7, 0x0, 0x71, 0xc0, 0xe3, 0x81, 0xc0, 0xe0,
    0x71, 0xc0, 0xe0, 0x70, 0x38, 0xe0, 0x70, 0x38,
    0x1c, 0x7f, 0xc7, 0xff, 0xfe, 0x3f, 0xe3, 0xff,
    0xff, 0x1f, 0xf1, 0xff, 0xff, 0x8e, 0x38, 0x3,
    0x81, 0xc7, 0x1c, 0x1, 0xc0, 0xe3, 0x8e, 0x0,
    0xe0, 0x71, 0xc7, 0x1c, 0x7e, 0x38, 0xe3, 0x8e,
    0x3f, 0x1c, 0x71, 0xc7, 0x1f, 0x8e, 0x38, 0xe3,
    0x8e, 0x7, 0x1c, 0x71, 0xc7, 0x3, 0x8e, 0x38,
    0xe3, 0x81, 0xc7, 0x1c, 0x71, 0xc0, 0xe3, 0x8e,
    0x38, 0xe0, 0x71, 0xc7, 0x1c, 0x70, 0x38, 0xe3,
    0x8e, 0x3f, 0x1f, 0x81, 0xc7, 0x1f, 0x8f, 0xc0,
    0xe3, 0x8f, 0xc7, 0xe0, 0x71, 0xf8, 0x3, 0x80,
    0x38, 0xfc, 0x1, 0xc0, 0x1c, 0x7e, 0x0, 0xe0,
    0x0,

    /* U+5FA9 "復" */
    0x3, 0x81, 0xc0, 0x0, 0x1, 0xc0, 0xe0, 0x0,
    0x0, 0xe0, 0x70, 0x0, 0x1f, 0x80, 0x3f, 0xff,
    0xff, 0xc0, 0x1f, 0xff, 0xff, 0xe0, 0xf, 0xff,
    0xfc, 0x1, 0xf8, 0x0, 0xe, 0x0, 0xfc, 0x0,
    0x7, 0x0, 0x7e, 0x0, 0x3, 0x81, 0xc7, 0xff,
    0xff, 0xc0, 0xe3, 0xff, 0xff, 0xe0, 0x71, 0xff,
    0xff, 0xff, 0xc0, 0xe0, 0x0, 0x3f, 0xe0, 0x70,
    0x0, 0x1f, 0xf0, 0x38, 0x0, 0xe, 0x38, 0x1c,
    0x0, 0x7, 0x1c, 0xe, 0x0, 0x3, 0x8e, 0x7,
    0x0, 0x1, 0xc7, 0x0, 0x7f, 0xff, 0x3, 0x80,
    0x3f, 0xff, 0x81, 0xc0, 0x1f, 0xff, 0xc0, 0xe0,
    0x70, 0x0, 0x1c, 0x70, 0x38, 0x0, 0xe, 0x38,
    0x1c, 0x0, 0x7, 0x1c, 0x71, 0xc0, 0x1c, 0xe,
    0x38, 0xe0, 0xe, 0x7, 0x1c, 0x70, 0x7, 0x3,
    0x80, 0x7, 0xfc, 0x1, 0xc0, 0x3, 0xfe, 0x0,
    0xe0, 0x1, 0xff, 0x0, 0x71, 0xff, 0x0, 0x7e,
    0x38, 0xff, 0x80, 0x3f, 0x1c, 0x7f, 0xc0, 0x1f,
    0x80,

    /* U+5FC5 "必" */
    0x0, 0x7f, 0xc0, 0x1c, 0x0, 0x3f, 0xe0, 0xe,
    0x0, 0x1f, 0xf0, 0x7, 0x0, 0x0, 0x7, 0x3,
    0x80, 0x0, 0x3, 0x81, 0xc0, 0x0, 0x1, 0xc0,
    0xe0, 0x1, 0xc0, 0x3, 0x80, 0x0, 0xe0, 0x1,
    0xc0, 0x0, 0x70, 0x0, 0xe0, 0x0, 0x38, 0x0,
    0x70, 0x0, 0x1c, 0x0, 0x38, 0x0, 0xe, 0x0,
    0x1c, 0x1, 0xc7, 0x0, 0x71, 0xc0, 0xe3, 0x80,
    0x38, 0xe0, 0x71, 0xc0, 0x1c, 0x70, 0x38, 0xe0,
    0xe, 0x7, 0x1c, 0x70, 0x7, 0x3, 0x8e, 0x38,
    0x3, 0x81, 0xf8, 0x1c, 0xe, 0x0, 0xfc, 0xe,
    0x7, 0x0, 0x7e, 0x7, 0x3, 0x80, 0x38, 0x3,
    0x8e, 0x0, 0x0, 0x1, 0xc7, 0x0, 0x0, 0x0,
    0xe3, 0x80, 0x0, 0x0, 0xe, 0x0, 0x3, 0x80,
    0x7, 0x0, 0x1, 0xc0, 0x3, 0x80, 0x0, 0xe0,
    0x7e, 0x38, 0x0, 0x70, 0x3f, 0x1c, 0x0, 0x38,
    0x1f, 0x8e, 0x0, 0x1f, 0xf0, 0x0, 0xff, 0xf1,
    0xf8, 0x0, 0x7f, 0xf8, 0xfc, 0x0, 0x3f, 0xfc,
    0x0,

    /* U+5FD8 "忘" */
    0x0, 0x1, 0xc0, 0x0, 0x0, 0x0, 0xe0, 0x0,
    0x0, 0x0, 0x70, 0x0, 0x1f, 0xff, 0xff, 0xff,
    0xff, 0xff, 0xff, 0xff, 0xff, 0xff, 0xff, 0xff,
    0xfc, 0x70, 0x0, 0x0, 0x0, 0x38, 0x0, 0x0,
    0x0, 0x1c, 0x0, 0x0, 0x0, 0xe, 0x0, 0x0,
    0x0, 0x7, 0x0, 0x0, 0x0, 0x3, 0x80, 0x0,
    0x0, 0x1, 0xc0, 0x0, 0x0, 0x0, 0xe0, 0x0,
    0x0, 0x0, 0x70, 0x0, 0x0, 0x0, 0x7, 0xff,
    0xff, 0xf8, 0x3, 0xff, 0xff, 0xfc, 0x1, 0xff,
    0xff, 0xfe, 0x0, 0x0, 0x0, 0x0, 0x0, 0x0,
    0x0, 0x0, 0x0, 0x0, 0x0, 0x0, 0x0, 0x3,
    0x80, 0x0, 0x0, 0x1, 0xc0, 0x0, 0x0, 0x0,
    0xe0, 0x0, 0x0, 0x1c, 0x70, 0x38, 0x1c, 0xe,
    0x38, 0x1c, 0xe, 0x7, 0x1c, 0xe, 0x7, 0x3,
    0x8e, 0x0, 0xfc, 0x71, 0xc7, 0x0, 0x7e, 0x38,
    0xe3, 0x80, 0x3f, 0x1f, 0x80, 0x3f, 0xe0, 0xf,
    0xc0, 0x1f, 0xf0, 0x7, 0xe0, 0xf, 0xf8, 0x3,
    0x80,

    /* U+5FEB "快" */
    0x3, 0x80, 0x7, 0x0, 0x1, 0xc0, 0x3, 0x80,
    0x0, 0xe0, 0x1, 0xc0, 0x0, 0x70, 0x3f, 0xff,
    0x80, 0x38, 0x1f, 0xff, 0xc0, 0x1c, 0xf, 0xff,
    0xe3, 0x8f, 0xc0, 0x1c, 0xf, 0xc7, 0xe0, 0xe,
    0x7, 0xe3, 0xf0, 0x7, 0x3, 0xf1, 0xc7, 0x3,
    0x81, 0xf8, 0xe3, 0x81, 0xc0, 0xfc, 0x71, 0xc0,
    0xe0, 0x7e, 0x38, 0x0, 0x70, 0x3f, 0x1c, 0x0,
    0x38, 0x1f, 0x8e, 0x0, 0x1c, 0xf, 0xc7, 0x1f,
    0xff, 0xff, 0xe3, 0x8f, 0xff, 0xff, 0xf1, 0xc7,
    0xff, 0xff, 0xf8, 0xe0, 0x1, 0xc0, 0x1c, 0x70,
    0x0, 0xe0, 0xe, 0x38, 0x0, 0x70, 0x7, 0x1c,
    0x1, 0xc7, 0x3, 0x8e, 0x0, 0xe3, 0x81, 0xc7,
    0x0, 0x71, 0xc0, 0x3, 0x80, 0x38, 0xe0, 0x1,
    0xc0, 0x1c, 0x70, 0x0, 0xe0, 0xe, 0x38, 0x0,
    0x70, 0x38, 0x3, 0x80, 0x38, 0x1c, 0x1, 0xc0,
    0x1c, 0xe, 0x0, 0xe0, 0xe, 0x38, 0x0, 0xe,
    0x7, 0x1c, 0x0, 0x7, 0x3, 0x8e, 0x0, 0x3,
    0x80,

    /* U+6027 "性" */
    0x3, 0x81, 0xc0, 0xe0, 0x1, 0xc0, 0xe0, 0x70,
    0x0, 0xe0, 0x70, 0x38, 0x0, 0x70, 0x3f, 0xff,
    0xf0, 0x38, 0x1f, 0xff, 0xf8, 0x1c, 0xf, 0xff,
    0xff, 0x8f, 0xc7, 0x3, 0x81, 0xc7, 0xe3, 0x81,
    0xc0, 0xe3, 0xf1, 0xc0, 0xe0, 0x71, 0xc7, 0x0,
    0x70, 0x38, 0xe3, 0x80, 0x38, 0x1c, 0x71, 0xc0,
    0x1c, 0xe, 0x38, 0x0, 0xe, 0x7, 0x1c, 0x0,
    0x7, 0x3, 0x8e, 0x0, 0x3, 0x81, 0xc7, 0x3,
    0xff, 0xff, 0xe3, 0x81, 0xff, 0xff, 0xf1, 0xc0,
    0xff, 0xff, 0xf8, 0xe0, 0x0, 0x38, 0x1c, 0x70,
    0x0, 0x1c, 0xe, 0x38, 0x0, 0xe, 0x7, 0x1c,
    0x0, 0x7, 0x3, 0x8e, 0x0, 0x3, 0x81, 0xc7,
    0x0, 0x1, 0xc0, 0x3, 0x80, 0x0, 0xe0, 0x1,
    0xc0, 0x0, 0x70, 0x0, 0xe0, 0x0, 0x38, 0x0,
    0x70, 0x0, 0x1c, 0x0, 0x38, 0x0, 0xe, 0x0,
    0x1c, 0x0, 0x7, 0x0, 0xe, 0x3f, 0xff, 0xfe,
    0x7, 0x1f, 0xff, 0xff, 0x3, 0x8f, 0xff, 0xff,
    0x80,

    /* U+6062 "恢" */
    0x3, 0x81, 0xc0, 0x0, 0x1, 0xc0, 0xe0, 0x0,
    0x0, 0xe0, 0x70, 0x0, 0x0, 0x71, 0xff, 0xff,
    0xf0, 0x38, 0xff, 0xff, 0xf8, 0x1c, 0x7f, 0xff,
    0xff, 0x8e, 0x7, 0x3, 0x81, 0xc7, 0x3, 0x81,
    0xc0, 0xe3, 0x81, 0xc0, 0xe0, 0x71, 0xf8, 0xfc,
    0x71, 0xf8, 0xfc, 0x7e, 0x38, 0xfc, 0x7e, 0x3f,
    0x1c, 0x7e, 0x38, 0xff, 0x8e, 0x3f, 0x1c, 0x7f,
    0xc7, 0x1f, 0x8e, 0x3f, 0xe3, 0x8f, 0xc7, 0x3,
    0xf1, 0xf8, 0xe3, 0x81, 0xf8, 0xfc, 0x71, 0xc0,
    0xfc, 0x7e, 0x38, 0xe0, 0x70, 0x38, 0x1c, 0x70,
    0x38, 0x1c, 0xe, 0x38, 0x1c, 0xe, 0x7, 0x1c,
    0x70, 0x38, 0xe3, 0x8e, 0x38, 0x1c, 0x71, 0xc7,
    0x1c, 0xe, 0x38, 0x3, 0x8e, 0x7, 0x1c, 0x1,
    0xc7, 0x3, 0x8e, 0x0, 0xe3, 0x81, 0xc7, 0x0,
    0x70, 0x7, 0x0, 0x70, 0x38, 0x3, 0x80, 0x38,
    0x1c, 0x1, 0xc0, 0x1c, 0xe, 0x3f, 0x0, 0xe,
    0x7, 0x1f, 0x80, 0x7, 0x3, 0x8f, 0xc0, 0x3,
    0x80,

    /* U+606F "息" */
    0x0, 0xe, 0x0, 0x0, 0x0, 0x7, 0x0, 0x0,
    0x0, 0x3, 0x80, 0x0, 0x0, 0x7f, 0xff, 0xfc,
    0x0, 0x3f, 0xff, 0xfe, 0x0, 0x1f, 0xff, 0xff,
    0x0, 0x70, 0x0, 0x0, 0x70, 0x38, 0x0, 0x0,
    0x38, 0x1c, 0x0, 0x0, 0x1c, 0xf, 0xff, 0xff,
    0xfe, 0x7, 0xff, 0xff, 0xff, 0x3, 0xff, 0xff,
    0xff, 0x81, 0xc0, 0x0, 0x1, 0xc0, 0xe0, 0x0,
    0x0, 0xe0, 0x70, 0x0, 0x0, 0x70, 0x3f, 0xff,
    0xff, 0xf8, 0x1f, 0xff, 0xff, 0xfc, 0xf, 0xff,
    0xff, 0xfe, 0x7, 0x0, 0x0, 0x7, 0x3, 0x80,
    0x0, 0x3, 0x81, 0xc0, 0x0, 0x1, 0xc0, 0x1f,
    0xff, 0xff, 0x0, 0xf, 0xff, 0xff, 0x80, 0x7,
    0xff, 0xff, 0xc0, 0x1c, 0x70, 0x38, 0x1c, 0xe,
    0x38, 0x1c, 0xe, 0x7, 0x1c, 0xe, 0x7, 0x3,
    0x8e, 0x0, 0xfc, 0x71, 0xc7, 0x0, 0x7e, 0x38,
    0xe3, 0x80, 0x3f, 0x1f, 0x80, 0x3f, 0xe0, 0xf,
    0xc0, 0x1f, 0xf0, 0x7, 0xe0, 0xf, 0xf8, 0x3,
    0x80,

    /* U+60C5 "情" */
    0x3, 0x80, 0x7, 0x0, 0x1, 0xc0, 0x3, 0x80,
    0x0, 0xe0, 0x1, 0xc0, 0x0, 0x71, 0xff, 0xff,
    0xf0, 0x38, 0xff, 0xff, 0xf8, 0x1c, 0x7f, 0xff,
    0xff, 0x8f, 0xc0, 0x1c, 0x1, 0xc7, 0xe0, 0xe,
    0x0, 0xe3, 0xf0, 0x7, 0x0, 0x71, 0xc7, 0xff,
    0xff, 0xf8, 0xe3, 0xff, 0xff, 0xfc, 0x71, 0xff,
    0xff, 0xfe, 0x38, 0x0, 0x70, 0x7, 0x1c, 0x0,
    0x38, 0x3, 0x8e, 0x0, 0x1c, 0x1, 0xc7, 0xff,
    0xff, 0xff, 0xe3, 0xff, 0xff, 0xff, 0xf1, 0xff,
    0xff, 0xff, 0xf8, 0xe3, 0x80, 0x0, 0xfc, 0x71,
    0xc0, 0x0, 0x7e, 0x38, 0xe0, 0x0, 0x3f, 0x1c,
    0x7f, 0xff, 0xff, 0x8e, 0x3f, 0xff, 0xff, 0xc7,
    0x1f, 0xff, 0xff, 0x3, 0x8e, 0x0, 0x3, 0x81,
    0xc7, 0x0, 0x1, 0xc0, 0xe3, 0x80, 0x0, 0xe0,
    0x71, 0xff, 0xff, 0xf0, 0x38, 0xff, 0xff, 0xf8,
    0x1c, 0x7f, 0xff, 0xfc, 0xe, 0x38, 0x0, 0xe,
    0x7, 0x1c, 0x0, 0x7, 0x3, 0x8e, 0x0, 0x3,
    0x80,

    /* U+614B "態" */
    0x1f, 0x80, 0x38, 0x1f, 0x8f, 0xc0, 0x1c, 0xf,
    0xc7, 0xe0, 0xe, 0x7, 0xfc, 0x1, 0xc7, 0xfc,
    0xe, 0x0, 0xe3, 0xfe, 0x7, 0x0, 0x71, 0xff,
    0x0, 0x7f, 0xc0, 0xe0, 0xe, 0x3f, 0xe0, 0x70,
    0x7, 0x1f, 0xf0, 0x38, 0x3, 0xf0, 0x7, 0x3,
    0xfe, 0x38, 0x3, 0x81, 0xff, 0x1c, 0x1, 0xc0,
    0xff, 0x8f, 0xff, 0xe3, 0x80, 0x3f, 0xff, 0xf1,
    0xc0, 0x1f, 0xff, 0xf8, 0xe0, 0xf, 0xc0, 0x1c,
    0x7f, 0xf8, 0xe0, 0xe, 0x3f, 0xfc, 0x70, 0x7,
    0x1f, 0xfe, 0x3f, 0xff, 0x8e, 0x0, 0xff, 0xff,
    0xc7, 0x0, 0x7f, 0xff, 0xe3, 0x80, 0x3f, 0x0,
    0x70, 0x3f, 0xe3, 0x80, 0x38, 0x1f, 0xf1, 0xc0,
    0x1c, 0xf, 0xf8, 0x1c, 0x70, 0x38, 0x1c, 0xe,
    0x38, 0x1c, 0xe, 0x7, 0x1c, 0xe, 0x7, 0x3,
    0x8e, 0x0, 0xfc, 0x71, 0xc7, 0x0, 0x7e, 0x38,
    0xe3, 0x80, 0x3f, 0x1f, 0x80, 0x3f, 0xe0, 0xf,
    0xc0, 0x1f, 0xf0, 0x7, 0xe0, 0xf, 0xf8, 0x3,
    0x80,

    /* U+61B6 "憶" */
    0x3, 0x80, 0x7, 0x0, 0x1, 0xc0, 0x3, 0x80,
    0x0, 0xe0, 0x1, 0xc0, 0x0, 0x71, 0xff, 0xff,
    0xf0, 0x38, 0xff, 0xff, 0xf8, 0x1c, 0x7f, 0xff,
    0xff, 0x8e, 0x7, 0x3, 0x81, 0xc7, 0x3, 0x81,
    0xc0, 0xe3, 0x81, 0xc0, 0xe0, 0x71, 0xff, 0xff,
    0xff, 0xf8, 0xff, 0xff, 0xff, 0xfc, 0x7f, 0xff,
    0xff, 0xfe, 0x38, 0xe0, 0x1, 0xc7, 0x1c, 0x70,
    0x0, 0xe3, 0x8e, 0x38, 0x0, 0x71, 0xc7, 0x1f,
    0xff, 0xf8, 0xe3, 0x8f, 0xff, 0xfc, 0x71, 0xc7,
    0xff, 0xfe, 0x38, 0xe3, 0x80, 0x7, 0x1c, 0x71,
    0xc0, 0x3, 0x8e, 0x38, 0xe0, 0x1, 0xc7, 0x1c,
    0xf, 0xff, 0x3, 0x8e, 0x7, 0xff, 0x81, 0xc7,
    0x3, 0xff, 0xc0, 0x3, 0x8e, 0x7, 0x1c, 0x1,
    0xc7, 0x3, 0x8e, 0x0, 0xe3, 0x81, 0xc7, 0x0,
    0x71, 0xc0, 0x1c, 0x70, 0x38, 0xe0, 0xe, 0x38,
    0x1c, 0x70, 0x7, 0x1c, 0xf, 0xc7, 0xfc, 0xe,
    0x7, 0xe3, 0xfe, 0x7, 0x3, 0xf1, 0xff, 0x3,
    0x80,

    /* U+6210 "成" */
    0x0, 0x0, 0x38, 0x1c, 0x0, 0x0, 0x1c, 0xe,
    0x0, 0x0, 0xe, 0x7, 0x0, 0x7f, 0xff, 0xfc,
    0x70, 0x3f, 0xff, 0xfe, 0x38, 0x1f, 0xff, 0xff,
    0x1c, 0x70, 0x0, 0xe0, 0x0, 0x38, 0x0, 0x70,
    0x0, 0x1c, 0x0, 0x38, 0x0, 0xe, 0x0, 0x1c,
    0xe, 0x7, 0x0, 0xe, 0x7, 0x3, 0x80, 0x7,
    0x3, 0x81, 0xff, 0x3, 0x81, 0xc0, 0xff, 0x81,
    0xc0, 0xe0, 0x7f, 0xc0, 0xe0, 0x70, 0x38, 0x1c,
    0x71, 0xc0, 0x1c, 0xe, 0x38, 0xe0, 0xe, 0x7,
    0x1c, 0x70, 0x7, 0x3, 0x8e, 0x38, 0x3, 0x81,
    0xc7, 0x1c, 0x1, 0xc0, 0xe3, 0x8e, 0x0, 0xe0,
    0x70, 0x38, 0x0, 0x70, 0x38, 0x1c, 0x0, 0x38,
    0x1c, 0xe, 0x0, 0xe0, 0xe, 0x7, 0x3, 0xf0,
    0x7, 0x3, 0x81, 0xf8, 0x3, 0x81, 0xc0, 0xfc,
    0x7e, 0x7, 0x1c, 0x7e, 0x3f, 0x3, 0x8e, 0x3f,
    0x1f, 0x81, 0xc7, 0x1f, 0x80, 0x7, 0x0, 0x71,
    0xc0, 0x3, 0x80, 0x38, 0xe0, 0x1, 0xc0, 0x1c,
    0x0,

    /* U+6216 "或" */
    0x0, 0x0, 0x38, 0x1c, 0x0, 0x0, 0x1c, 0xe,
    0x0, 0x0, 0xe, 0x7, 0x1f, 0xff, 0xff, 0xfc,
    0x7f, 0xff, 0xff, 0xfe, 0x3f, 0xff, 0xff, 0xff,
    0x1c, 0x0, 0x0, 0xe0, 0x0, 0x0, 0x0, 0x70,
    0x0, 0x0, 0x0, 0x38, 0x0, 0xf, 0xf8, 0x1c,
    0xe, 0x7, 0xfc, 0xe, 0x7, 0x3, 0xfe, 0x7,
    0x3, 0x8e, 0x0, 0xe3, 0x81, 0xc7, 0x0, 0x71,
    0xc0, 0xe3, 0x80, 0x38, 0xe0, 0x71, 0xc0, 0x1c,
    0x71, 0xc0, 0xe0, 0xe, 0x38, 0xe0, 0x70, 0x7,
    0x1c, 0x70, 0x38, 0x3, 0x8e, 0x38, 0x1c, 0x1,
    0xc7, 0x1c, 0xe, 0x0, 0xe3, 0x8e, 0x0, 0xff,
    0x80, 0x38, 0x0, 0x7f, 0xc0, 0x1c, 0x0, 0x3f,
    0xe0, 0xe, 0x0, 0x0, 0xe, 0x7, 0x3, 0x80,
    0x7, 0x3, 0x81, 0xc0, 0x3, 0x81, 0xc0, 0xe0,
    0x7e, 0x7, 0x1c, 0x70, 0x3f, 0x3, 0x8e, 0x38,
    0x1f, 0x81, 0xc7, 0x1f, 0xf0, 0x3f, 0x0, 0x71,
    0xf8, 0x1f, 0x80, 0x38, 0xfc, 0xf, 0xc0, 0x1c,
    0x0,

    /* U+622A "截" */
    0x0, 0x70, 0x7, 0x1c, 0x0, 0x38, 0x3, 0x8e,
    0x0, 0x1c, 0x1, 0xc7, 0x1f, 0xff, 0xf8, 0xe0,
    0x7f, 0xff, 0xfc, 0x70, 0x3f, 0xff, 0xfe, 0x38,
    0x1c, 0x1, 0xc0, 0x1c, 0x0, 0x0, 0xe0, 0xe,
    0x0, 0x0, 0x70, 0x7, 0x0, 0x7f, 0xff, 0xff,
    0xff, 0xff, 0xff, 0xff, 0xff, 0xff, 0xff, 0xff,
    0xff, 0xf1, 0xc0, 0xe0, 0x70, 0x0, 0xe0, 0x70,
    0x38, 0x0, 0x70, 0x38, 0x1c, 0x0, 0x3f, 0xff,
    0x8e, 0x7, 0x1f, 0xff, 0xc7, 0x3, 0x8f, 0xff,
    0xe3, 0x81, 0xf8, 0x1c, 0x1, 0xc7, 0x1c, 0xe,
    0x0, 0xe3, 0x8e, 0x7, 0x0, 0x71, 0xc7, 0xff,
    0xfe, 0x3f, 0x3, 0xff, 0xff, 0x1f, 0x81, 0xff,
    0xff, 0x8f, 0xc0, 0xe0, 0x70, 0x7, 0x3, 0xf0,
    0x38, 0x3, 0x81, 0xf8, 0x1c, 0x1, 0xc0, 0xfc,
    0xe, 0x7, 0x1c, 0x7e, 0x7, 0x3, 0x8e, 0x3f,
    0x3, 0x81, 0xc7, 0x1c, 0x7f, 0xff, 0x0, 0x70,
    0x3f, 0xff, 0x80, 0x38, 0x1f, 0xff, 0xc0, 0x1c,
    0x0,

    /* U+623B "戻" */
    0x1f, 0xff, 0xff, 0xff, 0x8f, 0xff, 0xff, 0xff,
    0xc7, 0xff, 0xff, 0xff, 0xe0, 0x0, 0x0, 0x0,
    0x0, 0x0, 0x0, 0x0, 0x0, 0x0, 0x0, 0x0,
    0x0, 0xf, 0xff, 0xff, 0xf0, 0x7, 0xff, 0xff,
    0xf8, 0x3, 0xff, 0xff, 0xfc, 0xe, 0x0, 0x0,
    0x1, 0xc7, 0x0, 0x0, 0x0, 0xe3, 0x80, 0x0,
    0x0, 0x71, 0xc0, 0x0, 0x0, 0x38, 0xe0, 0x0,
    0x0, 0x1c, 0x70, 0x0, 0x0, 0xe, 0x3f, 0xff,
    0xff, 0xf8, 0x1f, 0xff, 0xff, 0xfc, 0xf, 0xff,
    0xff, 0xfe, 0x7, 0x0, 0xe, 0x0, 0x3, 0x80,
    0x7, 0x0, 0x1, 0xc0, 0x3, 0x80, 0x0, 0xe3,
    0xff, 0xff, 0xe0, 0x71, 0xff, 0xff, 0xf0, 0x38,
    0xff, 0xff, 0xf8, 0x1c, 0x0, 0x38, 0x0, 0xe,
    0x0, 0x1c, 0x0, 0x7, 0x0, 0xe, 0x0, 0x1c,
    0x0, 0x38, 0xe0, 0xe, 0x0, 0x1c, 0x70, 0x7,
    0x0, 0xe, 0x38, 0x3, 0x8f, 0xf8, 0x3, 0xff,
    0xc7, 0xfc, 0x1, 0xff, 0xe3, 0xfe, 0x0, 0xff,
    0x80,

    /* U+6240 "所" */
    0x1f, 0xff, 0xc0, 0x1f, 0x8f, 0xff, 0xe0, 0xf,
    0xc7, 0xff, 0xf0, 0x7, 0xe0, 0x0, 0x0, 0xfc,
    0x0, 0x0, 0x0, 0x7e, 0x0, 0x0, 0x0, 0x3f,
    0x0, 0xf, 0xf8, 0xe0, 0x0, 0x7, 0xfc, 0x70,
    0x0, 0x3, 0xfe, 0x38, 0x0, 0xe, 0x0, 0xfc,
    0x0, 0x7, 0x0, 0x7e, 0x0, 0x3, 0x80, 0x3f,
    0x0, 0x1, 0xc0, 0x1f, 0xff, 0xf8, 0xe0, 0xf,
    0xff, 0xfc, 0x70, 0x7, 0xff, 0xfe, 0x3f, 0xfc,
    0x70, 0x38, 0x1f, 0xfe, 0x38, 0x1c, 0xf, 0xff,
    0x1c, 0xe, 0x7, 0x0, 0xe, 0x7, 0x3, 0x80,
    0x7, 0x3, 0x81, 0xc0, 0x3, 0x81, 0xc0, 0xe0,
    0x1, 0xc0, 0xe0, 0x70, 0x0, 0xe0, 0x70, 0x38,
    0x0, 0x70, 0x38, 0x1c, 0x1, 0xc0, 0x1c, 0xe,
    0x0, 0xe0, 0xe, 0x7, 0x0, 0x70, 0x7, 0x1c,
    0x0, 0x38, 0x3, 0x8e, 0x0, 0x1c, 0x1, 0xc7,
    0x0, 0xe, 0x0, 0xe3, 0x80, 0x38, 0x0, 0x71,
    0xc0, 0x1c, 0x0, 0x38, 0xe0, 0xe, 0x0, 0x1c,
    0x0,

    /* U+624B "手" */
    0x0, 0x0, 0x3f, 0xfc, 0x0, 0x0, 0x1f, 0xfe,
    0x0, 0x0, 0xf, 0xff, 0x3, 0xff, 0xf8, 0x0,
    0x1, 0xff, 0xfc, 0x0, 0x0, 0xff, 0xfe, 0x0,
    0x0, 0x0, 0x7, 0x0, 0x0, 0x0, 0x3, 0x80,
    0x0, 0x0, 0x1, 0xc0, 0x0, 0x0, 0x0, 0xe0,
    0x0, 0x0, 0x0, 0x70, 0x0, 0x0, 0x0, 0x38,
    0x0, 0x1, 0xff, 0xff, 0xff, 0xc0, 0xff, 0xff,
    0xff, 0xe0, 0x7f, 0xff, 0xff, 0xf0, 0x0, 0x3,
    0x80, 0x0, 0x0, 0x1, 0xc0, 0x0, 0x0, 0x0,
    0xe0, 0x0, 0x0, 0x0, 0x70, 0x0, 0x0, 0x0,
    0x38, 0x0, 0x0, 0x0, 0x1c, 0x0, 0x7, 0xff,
    0xff, 0xff, 0xff, 0xff, 0xff, 0xff, 0xff, 0xff,
    0xff, 0xff, 0xff, 0x0, 0x1, 0xc0, 0x0, 0x0,
    0x0, 0xe0, 0x0, 0x0, 0x0, 0x70, 0x0, 0x0,
    0x0, 0x38, 0x0, 0x0, 0x0, 0x1c, 0x0, 0x0,
    0x0, 0xe, 0x0, 0x0, 0xf, 0xf8, 0x0, 0x0,
    0x7, 0xfc, 0x0, 0x0, 0x3, 0xfe, 0x0, 0x0,
    0x0,

    /* U+6253 "打" */
    0x3, 0x81, 0xff, 0xff, 0x81, 0xc0, 0xff, 0xff,
    0xc0, 0xe0, 0x7f, 0xff, 0xff, 0xff, 0xc0, 0x3,
    0x8f, 0xff, 0xe0, 0x1, 0xc7, 0xff, 0xf0, 0x0,
    0xe0, 0xe, 0x0, 0x0, 0x70, 0x7, 0x0, 0x0,
    0x38, 0x3, 0x80, 0x0, 0x1c, 0x1, 0xc0, 0x0,
    0xe, 0x0, 0xe0, 0x0, 0x7, 0x0, 0x70, 0x0,
    0x3, 0x80, 0x38, 0x0, 0x1, 0xc0, 0x1c, 0x0,
    0x0, 0xe0, 0xe, 0x0, 0x0, 0x70, 0x7, 0xfc,
    0x0, 0x38, 0x3, 0xfe, 0x0, 0x1c, 0x1, 0xff,
    0x0, 0xe, 0x3f, 0xe0, 0x0, 0x7, 0x1f, 0xf0,
    0x0, 0x3, 0x8f, 0xf8, 0x0, 0x1, 0xc0, 0x1c,
    0x0, 0x0, 0xe0, 0xe, 0x0, 0x0, 0x70, 0x7,
    0x0, 0x0, 0x38, 0x3, 0x80, 0x0, 0x1c, 0x1,
    0xc0, 0x0, 0xe, 0x0, 0xe0, 0x0, 0x7, 0x0,
    0x70, 0x0, 0x3, 0x80, 0x38, 0x0, 0x1, 0xc0,
    0x1c, 0x0, 0x0, 0xe3, 0xf0, 0x0, 0xff, 0x81,
    0xf8, 0x0, 0x7f, 0xc0, 0xfc, 0x0, 0x3f, 0xe0,
    0x0,

    /* U+627E "找" */
    0x3, 0x80, 0x38, 0x1c, 0x1, 0xc0, 0x1c, 0xe,
    0x0, 0xe0, 0xe, 0x7, 0x1f, 0xfe, 0x7, 0xfc,
    0x7f, 0xff, 0x3, 0xfe, 0x3f, 0xff, 0x81, 0xff,
    0x1c, 0xe, 0x3f, 0xe0, 0x0, 0x7, 0x1f, 0xf0,
    0x0, 0x3, 0x8f, 0xf8, 0x0, 0x1, 0xc0, 0x1c,
    0xe, 0x0, 0xe0, 0xe, 0x7, 0x0, 0x70, 0x7,
    0x3, 0x80, 0x38, 0x3, 0x81, 0xc0, 0x1c, 0x1,
    0xc0, 0xe0, 0xe, 0x0, 0xe0, 0x70, 0x7, 0xfc,
    0x71, 0xc0, 0x3, 0xfe, 0x38, 0xe0, 0x1, 0xff,
    0x1c, 0x70, 0x3f, 0xe0, 0xe, 0x38, 0x1f, 0xf0,
    0x7, 0x1c, 0xf, 0xf8, 0x3, 0x8e, 0x0, 0x1c,
    0x0, 0x38, 0x0, 0xe, 0x0, 0x1c, 0x0, 0x7,
    0x0, 0xe, 0x0, 0x3, 0x80, 0x7, 0x3, 0x81,
    0xc0, 0x3, 0x81, 0xc0, 0xe0, 0x1, 0xc0, 0xe0,
    0x70, 0x7, 0x1c, 0x70, 0x38, 0x3, 0x8e, 0x38,
    0x1c, 0x1, 0xc7, 0x1f, 0xf0, 0x3f, 0x0, 0x71,
    0xf8, 0x1f, 0x80, 0x38, 0xfc, 0xf, 0xc0, 0x1c,
    0x0,

    /* U+629E "択" */
    0x3, 0x80, 0x3f, 0xfc, 0x1, 0xc0, 0x1f, 0xfe,
    0x0, 0xe0, 0xf, 0xff, 0x1f, 0xfe, 0x38, 0x0,
    0x7f, 0xff, 0x1c, 0x0, 0x3f, 0xff, 0x8e, 0x0,
    0x1c, 0xe, 0x7, 0x0, 0xe, 0x7, 0x3, 0x80,
    0x7, 0x3, 0x81, 0xc0, 0x3, 0x81, 0xc0, 0xe0,
    0x1, 0xc0, 0xe0, 0x70, 0x0, 0xe0, 0x70, 0x38,
    0x0, 0x70, 0x38, 0x1f, 0xff, 0xc0, 0x1c, 0xf,
    0xff, 0xe0, 0xe, 0x7, 0xff, 0xf0, 0x7, 0xe3,
    0x81, 0xc0, 0x3, 0xf1, 0xc0, 0xe0, 0x1, 0xf8,
    0xe0, 0x70, 0x3f, 0xe0, 0x70, 0x38, 0x1f, 0xf0,
    0x38, 0x1c, 0xf, 0xf8, 0x1c, 0xe, 0x0, 0x1c,
    0xe, 0x7, 0x0, 0xe, 0x7, 0x3, 0x80, 0x7,
    0x3, 0x81, 0xc0, 0x3, 0x8e, 0x0, 0x1c, 0x1,
    0xc7, 0x0, 0xe, 0x0, 0xe3, 0x80, 0x7, 0x0,
    0x71, 0xc0, 0x3, 0x80, 0x38, 0xe0, 0x1, 0xc0,
    0x1c, 0x70, 0x0, 0xe3, 0xf1, 0xc0, 0x0, 0xf,
    0xf8, 0xe0, 0x0, 0x7, 0xfc, 0x70, 0x0, 0x3,
    0x80,

    /* U+62BC "押" */
    0x3, 0x81, 0xff, 0xfc, 0x1, 0xc0, 0xff, 0xfe,
    0x0, 0xe0, 0x7f, 0xff, 0x1f, 0xff, 0xc0, 0xe0,
    0x7f, 0xff, 0xe0, 0x70, 0x3f, 0xff, 0xf0, 0x38,
    0x1c, 0xe, 0x38, 0x1c, 0xe, 0x7, 0x1c, 0xe,
    0x7, 0x3, 0x8e, 0x7, 0x3, 0x81, 0xc7, 0xff,
    0xff, 0xc0, 0xe3, 0xff, 0xff, 0xe0, 0x71, 0xff,
    0xff, 0xf0, 0x38, 0xe0, 0x70, 0x38, 0x1c, 0x70,
    0x38, 0x1c, 0xe, 0x38, 0x1c, 0xe, 0x7, 0xfc,
    0xe, 0x7, 0x3, 0xfe, 0x7, 0x3, 0x81, 0xff,
    0x3, 0x81, 0xff, 0xe0, 0x7f, 0xff, 0x1f, 0xf0,
    0x3f, 0xff, 0x8f, 0xf8, 0x1f, 0xff, 0xc0, 0x1c,
    0x0, 0x38, 0x0, 0xe, 0x0, 0x1c, 0x0, 0x7,
    0x0, 0xe, 0x0, 0x3, 0x80, 0x7, 0x0, 0x1,
    0xc0, 0x3, 0x80, 0x0, 0xe0, 0x1, 0xc0, 0x0,
    0x70, 0x0, 0xe0, 0x0, 0x38, 0x0, 0x70, 0x0,
    0x1c, 0x0, 0x38, 0x3, 0xf0, 0x0, 0x1c, 0x1,
    0xf8, 0x0, 0xe, 0x0, 0xfc, 0x0, 0x7, 0x0,
    0x0,

    /* U+6301 "持" */
    0x3, 0x80, 0x7, 0x0, 0x1, 0xc0, 0x3, 0x80,
    0x0, 0xe0, 0x1, 0xc0, 0x1f, 0xfe, 0x3f, 0xff,
    0xff, 0xff, 0x1f, 0xff, 0xff, 0xff, 0x8f, 0xff,
    0xfc, 0xe, 0x0, 0x1c, 0x0, 0x7, 0x0, 0xe,
    0x0, 0x3, 0x80, 0x7, 0x0, 0x1, 0xc0, 0x3,
    0x80, 0x0, 0xe0, 0x1, 0xc0, 0x0, 0x70, 0x0,
    0xe0, 0x0, 0x38, 0xff, 0xff, 0xf8, 0x1c, 0x7f,
    0xff, 0xfc, 0xe, 0x3f, 0xff, 0xfe, 0x7, 0xe0,
    0x0, 0x38, 0x3, 0xf0, 0x0, 0x1c, 0x1, 0xf8,
    0x0, 0xe, 0x3f, 0xe3, 0xff, 0xff, 0xff, 0xf1,
    0xff, 0xff, 0xff, 0xf8, 0xff, 0xff, 0xf8, 0x1c,
    0xe, 0x0, 0xe0, 0xe, 0x7, 0x0, 0x70, 0x7,
    0x3, 0x80, 0x38, 0x3, 0x80, 0x38, 0x1c, 0x1,
    0xc0, 0x1c, 0xe, 0x0, 0xe0, 0xe, 0x7, 0x0,
    0x70, 0x0, 0x3, 0x80, 0x38, 0x0, 0x1, 0xc0,
    0x1c, 0x0, 0x0, 0xe3, 0xf0, 0x0, 0xff, 0x81,
    0xf8, 0x0, 0x7f, 0xc0, 0xfc, 0x0, 0x3f, 0xe0,
    0x0,

    /* U+6302 "挂" */
    0x3, 0x80, 0x0, 0xe0, 0x1, 0xc0, 0x0, 0x70,
    0x0, 0xe0, 0x0, 0x38, 0x1f, 0xfe, 0x3f, 0xff,
    0xff, 0xff, 0x1f, 0xff, 0xff, 0xff, 0x8f, 0xff,
    0xfc, 0xe, 0x0, 0x3, 0x80, 0x7, 0x0, 0x1,
    0xc0, 0x3, 0x80, 0x0, 0xe0, 0x1, 0xc0, 0x0,
    0x70, 0x0, 0xe0, 0x0, 0x38, 0x0, 0x70, 0x0,
    0x1c, 0x0, 0x38, 0xff, 0xff, 0xf8, 0x1c, 0x7f,
    0xff, 0xfc, 0xe, 0x3f, 0xff, 0xfe, 0x7, 0xe0,
    0x1, 0xc0, 0x3, 0xf0, 0x0, 0xe0, 0x1, 0xf8,
    0x0, 0x70, 0x3f, 0xe0, 0x0, 0x38, 0x1f, 0xf0,
    0x0, 0x1c, 0xf, 0xf8, 0x0, 0xe, 0x0, 0x1c,
    0xf, 0xff, 0xfc, 0xe, 0x7, 0xff, 0xfe, 0x7,
    0x3, 0xff, 0xff, 0x3, 0x80, 0x0, 0xe0, 0x1,
    0xc0, 0x0, 0x70, 0x0, 0xe0, 0x0, 0x38, 0x0,
    0x70, 0x0, 0x1c, 0x0, 0x38, 0x0, 0xe, 0x0,
    0x1c, 0x0, 0x7, 0x3, 0xf0, 0x3f, 0xff, 0xff,
    0xf8, 0x1f, 0xff, 0xff, 0xfc, 0xf, 0xff, 0xff,
    0x80,

    /* U+6307 "指" */
    0x3, 0x81, 0xc0, 0x1f, 0x81, 0xc0, 0xe0, 0xf,
    0xc0, 0xe0, 0x70, 0x7, 0xff, 0xfe, 0x3f, 0xfc,
    0xf, 0xff, 0x1f, 0xfe, 0x7, 0xff, 0x8f, 0xff,
    0x0, 0xe, 0x7, 0x0, 0xe, 0x7, 0x3, 0x80,
    0x7, 0x3, 0x81, 0xc0, 0x3, 0x81, 0xc0, 0xe0,
    0x1, 0xc0, 0xe0, 0x70, 0x0, 0xe0, 0x70, 0x38,
    0x0, 0x70, 0x38, 0x3, 0xff, 0xc0, 0x1c, 0x1,
    0xff, 0xe0, 0xe, 0x0, 0xff, 0xf0, 0x7, 0xe0,
    0x0, 0x0, 0x3, 0xf0, 0x0, 0x0, 0x1, 0xf8,
    0x0, 0x0, 0x3f, 0xe0, 0x7f, 0xff, 0x1f, 0xf0,
    0x3f, 0xff, 0x8f, 0xf8, 0x1f, 0xff, 0xc0, 0x1c,
    0x70, 0x0, 0x1c, 0xe, 0x38, 0x0, 0xe, 0x7,
    0x1c, 0x0, 0x7, 0x3, 0x8f, 0xff, 0xff, 0x81,
    0xc7, 0xff, 0xff, 0xc0, 0xe3, 0xff, 0xff, 0xe0,
    0x71, 0xc0, 0x0, 0x70, 0x38, 0xe0, 0x0, 0x38,
    0x1c, 0x70, 0x0, 0x1f, 0xf0, 0x7, 0xff, 0xf1,
    0xf8, 0x3, 0xff, 0xf8, 0xfc, 0x1, 0xff, 0xfc,
    0x0,

    /* U+6309 "按" */
    0x1c, 0x0, 0x7, 0x0, 0xe, 0x0, 0x3, 0x80,
    0x7, 0x0, 0x1, 0xc0, 0x1f, 0xf1, 0xff, 0xff,
    0x8f, 0xf8, 0xff, 0xff, 0xc7, 0xfc, 0x7f, 0xff,
    0xe0, 0x71, 0xc0, 0x0, 0xe, 0x38, 0xe0, 0x0,
    0x7, 0x1c, 0x70, 0x0, 0x3, 0x8e, 0x38, 0x1c,
    0x1, 0xc7, 0x1c, 0xe, 0x0, 0xe3, 0x8e, 0x7,
    0x0, 0x71, 0xc0, 0x3, 0x80, 0x0, 0xe0, 0x1,
    0xc0, 0x0, 0x70, 0x0, 0xe0, 0x0, 0x3f, 0x1f,
    0xff, 0xff, 0x1f, 0x8f, 0xff, 0xff, 0x8f, 0xc7,
    0xff, 0xff, 0xff, 0x0, 0x70, 0x7, 0x1f, 0x80,
    0x38, 0x3, 0x8f, 0xc0, 0x1c, 0x1, 0xc0, 0xe0,
    0x70, 0x0, 0xe0, 0x70, 0x38, 0x0, 0x70, 0x38,
    0x1c, 0x0, 0x38, 0x1c, 0xe, 0x0, 0xe0, 0xe,
    0x7, 0x0, 0x70, 0x7, 0x3, 0x80, 0x38, 0x3,
    0x80, 0x3f, 0xe0, 0x1, 0xc0, 0x1f, 0xf0, 0x0,
    0xe0, 0xf, 0xf8, 0x3, 0x81, 0xf8, 0x3, 0xff,
    0xc0, 0xfc, 0x1, 0xff, 0xe0, 0x7e, 0x0, 0xff,
    0x80,

    /* U+636E "据" */
    0x1c, 0x1, 0xff, 0xfc, 0xe, 0x0, 0xff, 0xfe,
    0x7, 0x0, 0x7f, 0xff, 0x1f, 0xf1, 0xc0, 0x0,
    0x7f, 0xf8, 0xe0, 0x0, 0x3f, 0xfc, 0x70, 0x0,
    0x1c, 0x70, 0x38, 0x0, 0xe, 0x38, 0x1c, 0x0,
    0x7, 0x1c, 0xe, 0x0, 0x3, 0x8e, 0x7, 0xff,
    0xfe, 0x7, 0x3, 0xff, 0xff, 0x3, 0x81, 0xff,
    0xff, 0x81, 0xc0, 0xe0, 0xe, 0x0, 0xe0, 0x70,
    0x7, 0x0, 0x70, 0x38, 0x3, 0x80, 0x3f, 0x1f,
    0xff, 0xff, 0x1f, 0x8f, 0xff, 0xff, 0x8f, 0xc7,
    0xff, 0xff, 0xff, 0x3, 0x80, 0x38, 0x1f, 0x81,
    0xc0, 0x1c, 0xf, 0xc0, 0xe0, 0xe, 0x0, 0xe0,
    0x71, 0xff, 0xe0, 0x70, 0x38, 0xff, 0xf0, 0x38,
    0x1c, 0x7f, 0xf8, 0x1c, 0x71, 0xc0, 0x3, 0x8e,
    0x38, 0xe0, 0x1, 0xc7, 0x1c, 0x70, 0x0, 0xe3,
    0x8e, 0x38, 0x0, 0x71, 0xc7, 0x1c, 0x0, 0x38,
    0xe3, 0x8e, 0x0, 0x1f, 0x8e, 0x0, 0xff, 0xf1,
    0xc7, 0x0, 0x7f, 0xf8, 0xe3, 0x80, 0x3f, 0xfc,
    0x0,

    /* U+6377 "捷" */
    0x1c, 0x0, 0x7, 0x0, 0xe, 0x0, 0x3, 0x80,
    0x7, 0x0, 0x1, 0xc0, 0x1f, 0xf1, 0xff, 0xff,
    0xff, 0xf8, 0xff, 0xff, 0xff, 0xfc, 0x7f, 0xff,
    0xfc, 0x70, 0x0, 0x1c, 0xe, 0x38, 0x0, 0xe,
    0x7, 0x1c, 0x0, 0x7, 0x3, 0x8e, 0x3f, 0xff,
    0xff, 0xc7, 0x1f, 0xff, 0xff, 0xe3, 0x8f, 0xff,
    0xff, 0xf1, 0xc0, 0x0, 0x70, 0x38, 0xe0, 0x0,
    0x38, 0x1c, 0x70, 0x0, 0x1c, 0xe, 0x3f, 0x1f,
    0xff, 0xf8, 0x1f, 0x8f, 0xff, 0xfc, 0xf, 0xc7,
    0xff, 0xfe, 0x3f, 0x0, 0x1, 0xc0, 0x1f, 0x80,
    0x0, 0xe0, 0xf, 0xc0, 0x0, 0x70, 0x0, 0xe0,
    0x70, 0x3f, 0xfc, 0x70, 0x38, 0x1f, 0xfe, 0x38,
    0x1c, 0xf, 0xff, 0x1c, 0xe, 0x7, 0x0, 0xe,
    0x7, 0x3, 0x80, 0x7, 0x3, 0x81, 0xc0, 0x3,
    0x8e, 0x3f, 0xe0, 0x1, 0xc7, 0x1f, 0xf0, 0x0,
    0xe3, 0x8f, 0xf8, 0x3, 0x81, 0xc0, 0x3, 0xff,
    0xc0, 0xe0, 0x1, 0xff, 0xe0, 0x70, 0x0, 0xff,
    0x80,

    /* U+6383 "掃" */
    0x1c, 0xf, 0xff, 0xfc, 0xe, 0x7, 0xff, 0xfe,
    0x7, 0x3, 0xff, 0xff, 0x1f, 0xf0, 0x0, 0x0,
    0x7f, 0xf8, 0x0, 0x0, 0x3f, 0xfc, 0x0, 0x0,
    0x1c, 0x70, 0x3f, 0xff, 0xfe, 0x38, 0x1f, 0xff,
    0xff, 0x1c, 0xf, 0xff, 0xff, 0x8e, 0x0, 0x0,
    0x1, 0xc7, 0x0, 0x0, 0x0, 0xe3, 0x80, 0x0,
    0x0, 0x71, 0xc0, 0xff, 0xff, 0xc0, 0xe0, 0x7f,
    0xff, 0xe0, 0x70, 0x3f, 0xff, 0xf0, 0x3f, 0xe0,
    0xe, 0x7, 0x1f, 0xf0, 0x7, 0x3, 0x8f, 0xf8,
    0x3, 0x81, 0xff, 0x1c, 0x7f, 0xff, 0x1f, 0x8e,
    0x3f, 0xff, 0x8f, 0xc7, 0x1f, 0xff, 0xc0, 0xe0,
    0x70, 0x38, 0x1c, 0x70, 0x38, 0x1c, 0xe, 0x38,
    0x1c, 0xe, 0x7, 0x1c, 0xe, 0x7, 0x3, 0x8e,
    0x7, 0x3, 0x81, 0xc7, 0x3, 0x81, 0xc0, 0xe3,
    0x81, 0xc0, 0xff, 0x81, 0xc0, 0xe0, 0x7f, 0xc0,
    0xe0, 0x70, 0x3f, 0xe3, 0x80, 0x0, 0x1c, 0x1,
    0xc0, 0x0, 0xe, 0x0, 0xe0, 0x0, 0x7, 0x0,
    0x0,

    /* U+639B "掛" */
    0x1c, 0x1, 0xc0, 0x1c, 0xe, 0x0, 0xe0, 0xe,
    0x7, 0x0, 0x70, 0x7, 0x1f, 0xf1, 0xff, 0xe3,
    0x8f, 0xf8, 0xff, 0xf1, 0xc7, 0xfc, 0x7f, 0xf8,
    0xe0, 0x70, 0x7, 0x0, 0x70, 0x38, 0x3, 0x80,
    0x38, 0x1c, 0x1, 0xc0, 0x1c, 0xe, 0x0, 0xe0,
    0xe, 0x7, 0x0, 0x70, 0x7, 0x3, 0x80, 0x38,
    0x3, 0x81, 0xc7, 0xff, 0xf1, 0xc0, 0xe3, 0xff,
    0xf8, 0xe0, 0x71, 0xff, 0xfc, 0x70, 0x3f, 0x0,
    0x0, 0x3f, 0x1f, 0x80, 0x0, 0x1f, 0x8f, 0xc0,
    0x0, 0xf, 0xff, 0x0, 0x70, 0x7, 0x1f, 0x80,
    0x38, 0x3, 0x8f, 0xc0, 0x1c, 0x1, 0xc0, 0xe3,
    0xff, 0xf8, 0xe0, 0x71, 0xff, 0xfc, 0x70, 0x38,
    0xff, 0xfe, 0x38, 0x1c, 0x1, 0xc0, 0x1c, 0xe,
    0x0, 0xe0, 0xe, 0x7, 0x0, 0x70, 0x7, 0x3,
    0x80, 0x38, 0x3, 0x81, 0xc0, 0x1c, 0x1, 0xc0,
    0xe0, 0xe, 0x0, 0xe3, 0x81, 0xff, 0xfc, 0x71,
    0xc0, 0xff, 0xfe, 0x38, 0xe0, 0x7f, 0xff, 0x1c,
    0x0,

    /* U+63A5 "接" */
    0x1c, 0x0, 0x7, 0x0, 0xe, 0x0, 0x3, 0x80,
    0x7, 0x0, 0x1, 0xc0, 0x1f, 0xf1, 0xff, 0xff,
    0xff, 0xf8, 0xff, 0xff, 0xff, 0xfc, 0x7f, 0xff,
    0xfc, 0x70, 0x38, 0x0, 0x70, 0x38, 0x1c, 0x0,
    0x38, 0x1c, 0xe, 0x0, 0x1c, 0xe, 0x0, 0xe0,
    0x70, 0x7, 0x0, 0x70, 0x38, 0x3, 0x80, 0x38,
    0x1c, 0x1, 0xc7, 0xff, 0xff, 0xf8, 0xe3, 0xff,
    0xff, 0xfc, 0x71, 0xff, 0xff, 0xfe, 0x3f, 0x0,
    0x70, 0x0, 0x1f, 0x80, 0x38, 0x0, 0xf, 0xc0,
    0x1c, 0x0, 0x3f, 0x1f, 0xff, 0xff, 0xff, 0x8f,
    0xff, 0xff, 0xff, 0xc7, 0xff, 0xff, 0xf8, 0xe0,
    0x70, 0x0, 0xe0, 0x70, 0x38, 0x0, 0x70, 0x38,
    0x1c, 0x0, 0x38, 0x1c, 0xe, 0x0, 0xe0, 0xe,
    0x7, 0x0, 0x70, 0x7, 0x3, 0x80, 0x38, 0x3,
    0x80, 0x3f, 0xe0, 0x1, 0xc0, 0x1f, 0xf0, 0x0,
    0xe0, 0xf, 0xf8, 0x3, 0x8f, 0xf8, 0x3, 0xff,
    0xc7, 0xfc, 0x1, 0xff, 0xe3, 0xfe, 0x0, 0xff,
    0x80,

    /* U+63A7 "控" */
    0x1c, 0x0, 0x7, 0x0, 0xe, 0x0, 0x3, 0x80,
    0x7, 0x0, 0x1, 0xc0, 0x1f, 0xf1, 0xff, 0xff,
    0x8f, 0xf8, 0xff, 0xff, 0xc7, 0xfc, 0x7f, 0xff,
    0xe0, 0x71, 0xc0, 0x0, 0xe, 0x38, 0xe0, 0x0,
    0x7, 0x1c, 0x70, 0x0, 0x3, 0x8e, 0x38, 0x1c,
    0x71, 0xc7, 0x1c, 0xe, 0x38, 0xe3, 0x8e, 0x7,
    0x1c, 0x71, 0xc0, 0x1c, 0xe, 0x0, 0xe0, 0xe,
    0x7, 0x0, 0x70, 0x7, 0x3, 0x80, 0x3f, 0x1c,
    0x0, 0x3f, 0x1f, 0x8e, 0x0, 0x1f, 0x8f, 0xc7,
    0x0, 0xf, 0xff, 0x0, 0x0, 0x0, 0x1f, 0x80,
    0x0, 0x0, 0xf, 0xc0, 0x0, 0x0, 0x0, 0xe0,
    0x7f, 0xff, 0xfc, 0x70, 0x3f, 0xff, 0xfe, 0x38,
    0x1f, 0xff, 0xff, 0x1c, 0x0, 0x7, 0x0, 0xe,
    0x0, 0x3, 0x80, 0x7, 0x0, 0x1, 0xc0, 0x3,
    0x80, 0x0, 0xe0, 0x1, 0xc0, 0x0, 0x70, 0x0,
    0xe0, 0x0, 0x38, 0x3, 0x81, 0xff, 0xff, 0xff,
    0xc0, 0xff, 0xff, 0xff, 0xe0, 0x7f, 0xff, 0xff,
    0x80,

    /* U+63CF "描" */
    0x3, 0x81, 0xc0, 0x1c, 0x1, 0xc0, 0xe0, 0xe,
    0x0, 0xe0, 0x70, 0x7, 0x1f, 0xff, 0xff, 0xff,
    0xff, 0xff, 0xff, 0xff, 0xff, 0xff, 0xff, 0xff,
    0xfc, 0xe, 0x7, 0x0, 0x70, 0x7, 0x3, 0x80,
    0x38, 0x3, 0x81, 0xc0, 0x1c, 0x1, 0xc0, 0x0,
    0x0, 0x0, 0xe0, 0x0, 0x0, 0x0, 0x70, 0x0,
    0x0, 0x0, 0x38, 0x1f, 0xff, 0xc0, 0x1c, 0xf,
    0xff, 0xe0, 0xe, 0x7, 0xff, 0xf0, 0x7, 0xfc,
    0xe, 0x7, 0x3, 0xfe, 0x7, 0x3, 0x81, 0xff,
    0x3, 0x81, 0xff, 0xe3, 0x81, 0xc0, 0xff, 0xf1,
    0xc0, 0xe0, 0x7f, 0xf8, 0xe0, 0x70, 0x38, 0x1c,
    0x7f, 0xff, 0xfc, 0xe, 0x3f, 0xff, 0xfe, 0x7,
    0x1f, 0xff, 0xff, 0x3, 0x8e, 0x7, 0x3, 0x81,
    0xc7, 0x3, 0x81, 0xc0, 0xe3, 0x81, 0xc0, 0xe0,
    0x71, 0xc0, 0xe0, 0x70, 0x38, 0xe0, 0x70, 0x38,
    0x1c, 0x70, 0x38, 0x1f, 0xf0, 0x7, 0xff, 0xf1,
    0xf8, 0x3, 0xff, 0xf8, 0xfc, 0x1, 0xff, 0xfc,
    0x0,

    /* U+63DB "換" */
    0x1c, 0x1, 0xff, 0xe0, 0xe, 0x0, 0xff, 0xf0,
    0x7, 0x0, 0x7f, 0xf8, 0x1f, 0xf1, 0xc0, 0x3,
    0x8f, 0xf8, 0xe0, 0x1, 0xc7, 0xfc, 0x70, 0x0,
    0xe0, 0x71, 0xc7, 0xff, 0xf0, 0x38, 0xe3, 0xff,
    0xf8, 0x1c, 0x71, 0xff, 0xfc, 0xe, 0x7, 0x1c,
    0x71, 0xc7, 0x3, 0x8e, 0x38, 0xe3, 0x81, 0xc7,
    0x1c, 0x71, 0xc0, 0xe3, 0x8e, 0x38, 0xe0, 0x71,
    0xc7, 0x1c, 0x70, 0x38, 0xe3, 0x8e, 0x3f, 0x1f,
    0x80, 0x3f, 0x1f, 0x8f, 0xc0, 0x1f, 0x8f, 0xc7,
    0xe0, 0xf, 0xff, 0x3, 0x81, 0xc0, 0xff, 0x81,
    0xc0, 0xe0, 0x7f, 0xc0, 0xe0, 0x70, 0x38, 0xe3,
    0xff, 0xff, 0xfc, 0x71, 0xff, 0xff, 0xfe, 0x38,
    0xff, 0xff, 0xff, 0x1c, 0x0, 0x7, 0x0, 0xe,
    0x0, 0x3, 0x80, 0x7, 0x0, 0x1, 0xc0, 0x3,
    0x80, 0x7, 0x1c, 0x1, 0xc0, 0x3, 0x8e, 0x0,
    0xe0, 0x1, 0xc7, 0x3, 0x81, 0xff, 0x0, 0x7f,
    0xc0, 0xff, 0x80, 0x3f, 0xe0, 0x7f, 0xc0, 0x1f,
    0x80,

    /* U+640D "損" */
    0x3, 0x81, 0xff, 0xfc, 0x1, 0xc0, 0xff, 0xfe,
    0x0, 0xe0, 0x7f, 0xff, 0x1f, 0xff, 0xc0, 0x0,
    0x7f, 0xff, 0xe0, 0x0, 0x3f, 0xff, 0xf0, 0x0,
    0x1c, 0xe, 0x38, 0x0, 0xe, 0x7, 0x1c, 0x0,
    0x7, 0x3, 0x8e, 0x0, 0x3, 0x81, 0xc0, 0xff,
    0xfe, 0x0, 0xe0, 0x7f, 0xff, 0x0, 0x70, 0x3f,
    0xff, 0x80, 0x38, 0xe0, 0x0, 0x38, 0x1c, 0x70,
    0x0, 0x1c, 0xe, 0x38, 0x0, 0xe, 0x7, 0xff,
    0xff, 0xff, 0x3, 0xff, 0xff, 0xff, 0x81, 0xff,
    0xff, 0xff, 0xff, 0xe3, 0x80, 0x0, 0xff, 0xf1,
    0xc0, 0x0, 0x7f, 0xf8, 0xe0, 0x0, 0x38, 0x1c,
    0x7f, 0xff, 0xfc, 0xe, 0x3f, 0xff, 0xfe, 0x7,
    0x1f, 0xff, 0xff, 0x3, 0x8e, 0x0, 0x3, 0x81,
    0xc7, 0x0, 0x1, 0xc0, 0xe3, 0x80, 0x0, 0xe0,
    0x70, 0x3f, 0xff, 0x80, 0x38, 0x1f, 0xff, 0xc0,
    0x1c, 0xf, 0xff, 0xe3, 0xf1, 0xf8, 0x0, 0xf,
    0xf8, 0xfc, 0x0, 0x7, 0xfc, 0x7e, 0x0, 0x3,
    0x80,

    /* U+6483 "撃" */
    0x3, 0x80, 0x3f, 0xe0, 0x1, 0xc0, 0x1f, 0xf0,
    0x0, 0xe0, 0xf, 0xf8, 0x1f, 0xff, 0xf8, 0x3,
    0x8f, 0xff, 0xfc, 0x1, 0xc7, 0xff, 0xfe, 0x0,
    0xe3, 0x8e, 0x38, 0xff, 0x8f, 0xc7, 0x1c, 0x7f,
    0xc7, 0xe3, 0x8e, 0x3f, 0xe3, 0xff, 0xff, 0x1c,
    0xe, 0x3f, 0xff, 0x8e, 0x7, 0x1f, 0xff, 0xc7,
    0x3, 0x8e, 0x38, 0xe0, 0x7e, 0x7, 0x1c, 0x70,
    0x3f, 0x3, 0x8e, 0x38, 0x1f, 0x80, 0x3f, 0xe3,
    0xf0, 0x3f, 0x1f, 0xf1, 0xf8, 0x1f, 0x8f, 0xf8,
    0xfc, 0xf, 0xc0, 0xff, 0xff, 0xf8, 0x0, 0x7f,
    0xff, 0xfc, 0x0, 0x3f, 0xff, 0xfe, 0x0, 0x0,
    0xe, 0x0, 0x0, 0x0, 0x7, 0x0, 0x0, 0x0,
    0x3, 0x80, 0x0, 0xff, 0xff, 0xff, 0xff, 0xff,
    0xff, 0xff, 0xff, 0xff, 0xff, 0xff, 0xff, 0xe0,
    0x0, 0x38, 0x0, 0x0, 0x0, 0x1c, 0x0, 0x0,
    0x0, 0xe, 0x0, 0x0, 0xf, 0xf8, 0x0, 0x0,
    0x7, 0xfc, 0x0, 0x0, 0x3, 0xfe, 0x0, 0x0,
    0x0,

    /* U+64A4 "撤" */
    0x1c, 0xe, 0x0, 0xe0, 0xe, 0x7, 0x0, 0x70,
    0x7, 0x3, 0x80, 0x38, 0x1f, 0xff, 0xff, 0xff,
    0xff, 0xff, 0xff, 0xff, 0xff, 0xff, 0xff, 0xff,
    0xfc, 0x71, 0xc0, 0xe3, 0x8e, 0x38, 0xe0, 0x71,
    0xc7, 0x1c, 0x70, 0x38, 0xe3, 0x8f, 0xff, 0xe3,
    0x81, 0xc7, 0xff, 0xf1, 0xc0, 0xe3, 0xff, 0xf8,
    0xe0, 0x71, 0xc0, 0x0, 0xe, 0x38, 0xe0, 0x0,
    0x7, 0x1c, 0x70, 0x0, 0x3, 0x8e, 0x3f, 0x1f,
    0x81, 0xc7, 0x1f, 0x8f, 0xc0, 0xe3, 0x8f, 0xc7,
    0xe0, 0x71, 0xff, 0x1c, 0xe, 0x7, 0x1f, 0x8e,
    0x7, 0x3, 0x8f, 0xc7, 0x3, 0x81, 0xc0, 0xe3,
    0xff, 0xc0, 0xe0, 0x71, 0xff, 0xe0, 0x70, 0x38,
    0xff, 0xf0, 0x38, 0x1c, 0x70, 0x38, 0xe3, 0x8e,
    0x38, 0x1c, 0x71, 0xc7, 0x1c, 0xe, 0x38, 0xe3,
    0x8f, 0xff, 0x1c, 0x71, 0xc7, 0xff, 0x8e, 0x38,
    0xe3, 0xff, 0xc7, 0x1f, 0x81, 0xc0, 0xfc, 0xf,
    0xc0, 0xe0, 0x7e, 0x7, 0xe0, 0x70, 0x3f, 0x3,
    0x80,

    /* U+64AD "播" */
    0x3, 0x80, 0x0, 0xff, 0x81, 0xc0, 0x0, 0x7f,
    0xc0, 0xe0, 0x0, 0x3f, 0xff, 0xfe, 0x3f, 0xe0,
    0xf, 0xff, 0x1f, 0xf0, 0x7, 0xff, 0x8f, 0xf8,
    0x0, 0xe, 0x7, 0x1c, 0x70, 0x7, 0x3, 0x8e,
    0x38, 0x3, 0x81, 0xc7, 0x1c, 0x1, 0xc7, 0xff,
    0xff, 0xc0, 0xe3, 0xff, 0xff, 0xe0, 0x71, 0xff,
    0xff, 0xf0, 0x38, 0x3, 0xfe, 0x0, 0x1c, 0x1,
    0xff, 0x0, 0xe, 0x0, 0xff, 0x80, 0x7, 0xff,
    0x8e, 0x3f, 0x3, 0xff, 0xc7, 0x1f, 0x81, 0xff,
    0xe3, 0x8f, 0xff, 0xe0, 0x7f, 0xff, 0x1f, 0xf0,
    0x3f, 0xff, 0x8f, 0xf8, 0x1f, 0xff, 0xc0, 0x1c,
    0x70, 0x38, 0x1c, 0xe, 0x38, 0x1c, 0xe, 0x7,
    0x1c, 0xe, 0x7, 0x3, 0x8f, 0xff, 0xff, 0x81,
    0xc7, 0xff, 0xff, 0xc0, 0xe3, 0xff, 0xff, 0xe0,
    0x71, 0xc0, 0xe0, 0x70, 0x38, 0xe0, 0x70, 0x38,
    0x1c, 0x70, 0x38, 0x1f, 0xf0, 0x7, 0xff, 0xf1,
    0xf8, 0x3, 0xff, 0xf8, 0xfc, 0x1, 0xff, 0xfc,
    0x0,

    /* U+64C7 "擇" */
    0x3, 0x81, 0xff, 0xfc, 0x1, 0xc0, 0xff, 0xfe,
    0x0, 0xe0, 0x7f, 0xff, 0x1f, 0xff, 0xc7, 0x1c,
    0x7f, 0xff, 0xe3, 0x8e, 0x3f, 0xff, 0xf1, 0xc7,
    0x1c, 0xe, 0x38, 0xe3, 0x8e, 0x7, 0x1c, 0x71,
    0xc7, 0x3, 0x8e, 0x38, 0xe3, 0x81, 0xc0, 0xff,
    0xfe, 0x0, 0xe0, 0x7f, 0xff, 0x0, 0x70, 0x3f,
    0xff, 0x80, 0x38, 0x0, 0x70, 0x0, 0x1c, 0x0,
    0x38, 0x0, 0xe, 0x0, 0x1c, 0x0, 0x7, 0xff,
    0xff, 0xff, 0x3, 0xff, 0xff, 0xff, 0x81, 0xff,
    0xff, 0xff, 0xff, 0xe0, 0x70, 0x7, 0x1f, 0xf0,
    0x38, 0x3, 0x8f, 0xf8, 0x1c, 0x1, 0xc0, 0x1c,
    0x7f, 0xff, 0xfc, 0xe, 0x3f, 0xff, 0xfe, 0x7,
    0x1f, 0xff, 0xff, 0x3, 0x80, 0x7, 0x0, 0x1,
    0xc0, 0x3, 0x80, 0x0, 0xe0, 0x1, 0xc0, 0x0,
    0x71, 0xff, 0xff, 0xf0, 0x38, 0xff, 0xff, 0xf8,
    0x1c, 0x7f, 0xff, 0xff, 0xf0, 0x0, 0x1c, 0x1,
    0xf8, 0x0, 0xe, 0x0, 0xfc, 0x0, 0x7, 0x0,
    0x0,

    /* U+64CD "操" */
    0x3, 0x80, 0x3f, 0xe0, 0x1, 0xc0, 0x1f, 0xf0,
    0x0, 0xe0, 0xf, 0xf8, 0x1f, 0xfe, 0x38, 0x3,
    0x8f, 0xff, 0x1c, 0x1, 0xc7, 0xff, 0x8e, 0x0,
    0xe0, 0xe, 0x7, 0x0, 0x70, 0x7, 0x3, 0x80,
    0x38, 0x3, 0x81, 0xc0, 0x1c, 0x1, 0xc0, 0xff,
    0xfe, 0x0, 0xe0, 0x7f, 0xff, 0x0, 0x70, 0x3f,
    0xff, 0x80, 0x38, 0xe0, 0x70, 0x38, 0x1c, 0x70,
    0x38, 0x1c, 0xe, 0x38, 0x1c, 0xe, 0x7, 0xfc,
    0xe, 0x7, 0x3, 0xfe, 0x7, 0x3, 0x81, 0xff,
    0x3, 0x81, 0xff, 0xe0, 0x7e, 0x3f, 0x1f, 0xf0,
    0x3f, 0x1f, 0x8f, 0xf8, 0x1f, 0x8f, 0xc0, 0x1c,
    0x0, 0x38, 0x0, 0xe, 0x0, 0x1c, 0x0, 0x7,
    0x0, 0xe, 0x0, 0x3, 0x8f, 0xff, 0xff, 0x81,
    0xc7, 0xff, 0xff, 0xc0, 0xe3, 0xff, 0xff, 0xe0,
    0x70, 0x38, 0xe3, 0x80, 0x38, 0x1c, 0x71, 0xc0,
    0x1c, 0xe, 0x38, 0xe3, 0xf0, 0x38, 0x1c, 0xf,
    0xf8, 0x1c, 0xe, 0x7, 0xfc, 0xe, 0x7, 0x3,
    0x80,

    /* U+6536 "收" */
    0x0, 0x70, 0x38, 0x0, 0x0, 0x38, 0x1c, 0x0,
    0x0, 0x1c, 0xe, 0x0, 0x1c, 0xe, 0x7, 0xff,
    0xfe, 0x7, 0x3, 0xff, 0xff, 0x3, 0x81, 0xff,
    0xff, 0x81, 0xc0, 0xe0, 0xf, 0xc0, 0xe0, 0x70,
    0x7, 0xe0, 0x70, 0x38, 0x3, 0xf0, 0x38, 0xe0,
    0x1, 0xf8, 0x1c, 0x70, 0x0, 0xfc, 0xe, 0x38,
    0x0, 0x7e, 0x7, 0xe3, 0x80, 0x3f, 0x3, 0xf1,
    0xc0, 0x1f, 0x81, 0xf8, 0xe0, 0xf, 0xc0, 0xe0,
    0x70, 0x38, 0xe0, 0x70, 0x38, 0x1c, 0x70, 0x38,
    0x1c, 0xe, 0x38, 0x1c, 0x1, 0xc7, 0x1c, 0xe,
    0x0, 0xe3, 0x8e, 0x7, 0x0, 0x71, 0xc7, 0x3,
    0x80, 0x7, 0x3, 0x81, 0xc0, 0x3, 0x81, 0xc0,
    0xe0, 0x1, 0xc0, 0xe3, 0xf0, 0x7, 0x1c, 0x71,
    0xf8, 0x3, 0x8e, 0x38, 0xfc, 0x1, 0xc7, 0x1f,
    0x8e, 0x7, 0x0, 0x7f, 0xc7, 0x3, 0x80, 0x3f,
    0xe3, 0x81, 0xc0, 0x1c, 0x1, 0xc7, 0x0, 0xe,
    0x0, 0xe3, 0x80, 0x7, 0x0, 0x71, 0xc0, 0x3,
    0x80,

    /* U+6539 "改" */
    0x0, 0x0, 0x38, 0x0, 0x0, 0x0, 0x1c, 0x0,
    0x0, 0x0, 0xe, 0x0, 0x1f, 0xfe, 0x7, 0xff,
    0xff, 0xff, 0x3, 0xff, 0xff, 0xff, 0x81, 0xff,
    0xfc, 0x0, 0x38, 0xe0, 0xe, 0x0, 0x1c, 0x70,
    0x7, 0x0, 0xe, 0x38, 0x3, 0x80, 0x7, 0xe0,
    0x1, 0xc0, 0x3, 0xf0, 0x0, 0xe0, 0x1, 0xf8,
    0x0, 0x71, 0xff, 0x3, 0x80, 0x38, 0xff, 0x81,
    0xc0, 0x1c, 0x7f, 0xc0, 0xe0, 0xf, 0xc0, 0x0,
    0x70, 0x38, 0xe0, 0x0, 0x38, 0x1c, 0x70, 0x0,
    0x1c, 0xe, 0x38, 0x0, 0x1, 0xc7, 0x1c, 0x0,
    0x0, 0xe3, 0x8e, 0x0, 0x0, 0x71, 0xc7, 0x0,
    0x0, 0x7, 0x3, 0x80, 0x0, 0x3, 0x81, 0xc0,
    0x0, 0x1, 0xc0, 0xe0, 0xe, 0x7, 0x1c, 0x70,
    0x7, 0x3, 0x8e, 0x38, 0x3, 0x81, 0xc7, 0x3,
    0xfe, 0x7, 0x0, 0x71, 0xff, 0x3, 0x80, 0x38,
    0xff, 0x81, 0xc0, 0x1c, 0x0, 0x3f, 0x0, 0xe,
    0x0, 0x1f, 0x80, 0x7, 0x0, 0xf, 0xc0, 0x3,
    0x80,

    /* U+653B "攻" */
    0x0, 0x0, 0x38, 0x0, 0x0, 0x0, 0x1c, 0x0,
    0x0, 0x0, 0xe, 0x0, 0x1f, 0xff, 0xc7, 0xff,
    0xff, 0xff, 0xe3, 0xff, 0xff, 0xff, 0xf1, 0xff,
    0xfc, 0xe, 0x0, 0xe0, 0xe, 0x7, 0x0, 0x70,
    0x7, 0x3, 0x80, 0x38, 0x3, 0x81, 0xc0, 0xe0,
    0x1, 0xc0, 0xe0, 0x70, 0x0, 0xe0, 0x70, 0x38,
    0x0, 0x70, 0x38, 0xe3, 0x80, 0x38, 0x1c, 0x71,
    0xc0, 0x1c, 0xe, 0x38, 0xe0, 0xe, 0x7, 0x0,
    0x70, 0x38, 0x3, 0x80, 0x38, 0x1c, 0x1, 0xc0,
    0x1c, 0xe, 0x0, 0xe0, 0x1, 0xc7, 0x0, 0x70,
    0x0, 0xe3, 0x80, 0x38, 0x0, 0x71, 0xc0, 0x1c,
    0x70, 0x7, 0x0, 0xe, 0x38, 0x3, 0x80, 0x7,
    0x1c, 0x1, 0xc0, 0x3, 0xf0, 0x7, 0x1c, 0x1,
    0xf8, 0x3, 0x8e, 0x0, 0xfc, 0x1, 0xc7, 0x1f,
    0x80, 0x7, 0x0, 0x7f, 0xc0, 0x3, 0x80, 0x3f,
    0xe0, 0x1, 0xc0, 0x1c, 0x0, 0x3f, 0x0, 0xe,
    0x0, 0x1f, 0x80, 0x7, 0x0, 0xf, 0xc0, 0x3,
    0x80,

    /* U+653E "放" */
    0x3, 0x80, 0x38, 0x0, 0x1, 0xc0, 0x1c, 0x0,
    0x0, 0xe0, 0xe, 0x0, 0x1f, 0xff, 0xc7, 0xff,
    0xff, 0xff, 0xe3, 0xff, 0xff, 0xff, 0xf1, 0xff,
    0xfc, 0x70, 0x0, 0xe0, 0xe, 0x38, 0x0, 0x70,
    0x7, 0x1c, 0x0, 0x38, 0x3, 0x8e, 0x0, 0xe0,
    0x1, 0xc7, 0x0, 0x70, 0x0, 0xe3, 0x80, 0x38,
    0x0, 0x71, 0xff, 0x3, 0x80, 0x38, 0xff, 0x81,
    0xc0, 0x1c, 0x7f, 0xc0, 0xe0, 0xe, 0x38, 0x1c,
    0x70, 0x38, 0x1c, 0xe, 0x38, 0x1c, 0xe, 0x7,
    0x1c, 0xe, 0x7, 0x3, 0x81, 0xc7, 0x3, 0x81,
    0xc0, 0xe3, 0x81, 0xc0, 0xe0, 0x71, 0xc0, 0xe0,
    0x70, 0x7, 0x0, 0x70, 0x38, 0x3, 0x80, 0x38,
    0x1c, 0x1, 0xc0, 0xe0, 0xe, 0x7, 0x1c, 0x70,
    0x7, 0x3, 0x8e, 0x38, 0x3, 0x81, 0xc7, 0x1c,
    0x1, 0xc7, 0x0, 0x7e, 0x0, 0xe3, 0x80, 0x3f,
    0x0, 0x71, 0xc0, 0x1f, 0x8f, 0xc7, 0x0, 0xf,
    0xc7, 0xe3, 0x80, 0x7, 0xe3, 0xf1, 0xc0, 0x3,
    0x80,

    /* U+6557 "敗" */
    0x1f, 0xf0, 0x38, 0x0, 0xf, 0xf8, 0x1c, 0x0,
    0x7, 0xfc, 0xe, 0x0, 0x1c, 0x1, 0xc7, 0xff,
    0xfe, 0x0, 0xe3, 0xff, 0xff, 0x0, 0x71, 0xff,
    0xff, 0x80, 0x38, 0xe0, 0xf, 0xc0, 0x1c, 0x70,
    0x7, 0xe0, 0xe, 0x38, 0x3, 0xff, 0xff, 0xe0,
    0x1, 0xff, 0xff, 0xf0, 0x0, 0xff, 0xff, 0xf8,
    0x0, 0x7e, 0x0, 0xe3, 0x80, 0x3f, 0x0, 0x71,
    0xc0, 0x1f, 0x80, 0x38, 0xe0, 0xf, 0xc0, 0x1c,
    0x70, 0x38, 0xe0, 0xe, 0x38, 0x1c, 0x70, 0x7,
    0x1c, 0xe, 0x3f, 0xff, 0x81, 0xc7, 0x1f, 0xff,
    0xc0, 0xe3, 0x8f, 0xff, 0xe0, 0x71, 0xc7, 0x0,
    0x70, 0x7, 0x3, 0x80, 0x38, 0x3, 0x81, 0xc0,
    0x1c, 0x1, 0xc0, 0xe0, 0xe, 0x7, 0x1c, 0x70,
    0x7, 0x3, 0x8e, 0x38, 0x3, 0x81, 0xc7, 0x3,
    0xfe, 0x7, 0x0, 0x71, 0xff, 0x3, 0x80, 0x38,
    0xff, 0x81, 0xc0, 0x1f, 0x80, 0x3f, 0x0, 0xf,
    0xc0, 0x1f, 0x80, 0x7, 0xe0, 0xf, 0xc0, 0x3,
    0x80,

    /* U+6570 "数" */
    0xe3, 0x8e, 0x38, 0x0, 0x71, 0xc7, 0x1c, 0x0,
    0x38, 0xe3, 0x8e, 0x0, 0x0, 0x70, 0x7, 0xff,
    0xf0, 0x38, 0x3, 0xff, 0xf8, 0x1c, 0x1, 0xff,
    0xff, 0xff, 0xf8, 0xe0, 0xf, 0xff, 0xfc, 0x70,
    0x7, 0xff, 0xfe, 0x38, 0x3, 0x81, 0xc0, 0xe0,
    0x1, 0xc0, 0xe0, 0x70, 0x0, 0xe0, 0x70, 0x38,
    0x0, 0x7e, 0x38, 0xe3, 0x80, 0x3f, 0x1c, 0x71,
    0xc0, 0x1f, 0x8e, 0x38, 0xe0, 0xe, 0x38, 0x0,
    0x70, 0x38, 0x1c, 0x0, 0x38, 0x1c, 0xe, 0x0,
    0x1c, 0xe, 0x3f, 0xff, 0xf1, 0xc7, 0x1f, 0xff,
    0xf8, 0xe3, 0x8f, 0xff, 0xfc, 0x71, 0xc7, 0x0,
    0x70, 0x7, 0x3, 0x80, 0x38, 0x3, 0x81, 0xc0,
    0x1c, 0x1, 0xc0, 0x1c, 0xe, 0x7, 0x1c, 0xe,
    0x7, 0x3, 0x8e, 0x7, 0x3, 0x81, 0xc7, 0x0,
    0x7e, 0x7, 0x0, 0x70, 0x3f, 0x3, 0x80, 0x38,
    0x1f, 0x81, 0xc0, 0x1f, 0xf0, 0x3f, 0x0, 0xf,
    0xf8, 0x1f, 0x80, 0x7, 0xfc, 0xf, 0xc0, 0x3,
    0x80,

    /* U+6578 "數" */
    0x3, 0x80, 0x38, 0x0, 0x1, 0xc0, 0x1c, 0x0,
    0x0, 0xe0, 0xe, 0x0, 0x3, 0xfe, 0x7, 0xff,
    0xf1, 0xff, 0x3, 0xff, 0xf8, 0xff, 0x81, 0xff,
    0xff, 0x8e, 0x38, 0xe0, 0xf, 0xc7, 0x1c, 0x70,
    0x7, 0xe3, 0x8e, 0x38, 0x3, 0xff, 0xff, 0xe0,
    0x1, 0xff, 0xff, 0xf0, 0x0, 0xff, 0xff, 0xf8,
    0x0, 0x7e, 0x38, 0xe3, 0x80, 0x3f, 0x1c, 0x71,
    0xc0, 0x1f, 0x8e, 0x38, 0xe0, 0xe, 0x3f, 0xe0,
    0x70, 0x38, 0x1f, 0xf0, 0x38, 0x1c, 0xf, 0xf8,
    0x1c, 0xe, 0x38, 0xe3, 0x81, 0xc7, 0x1c, 0x71,
    0xc0, 0xe3, 0x8e, 0x38, 0xe0, 0x71, 0xc7, 0xff,
    0xfe, 0x7, 0x3, 0xff, 0xff, 0x3, 0x81, 0xff,
    0xff, 0x81, 0xc0, 0xe0, 0xe, 0x7, 0x1c, 0x70,
    0x7, 0x3, 0x8e, 0x38, 0x3, 0x81, 0xc7, 0x3,
    0xfe, 0x7, 0x0, 0x71, 0xff, 0x3, 0x80, 0x38,
    0xff, 0x81, 0xc0, 0x1f, 0x80, 0x3f, 0x0, 0xf,
    0xc0, 0x1f, 0x80, 0x7, 0xe0, 0xf, 0xc0, 0x3,
    0x80,

    /* U+6587 "文" */
    0x0, 0x1, 0xc0, 0x0, 0x0, 0x0, 0xe0, 0x0,
    0x0, 0x0, 0x70, 0x0, 0x0, 0x0, 0x38, 0x0,
    0x0, 0x0, 0x1c, 0x0, 0x0, 0x0, 0xe, 0x0,
    0x3, 0xff, 0xff, 0xff, 0xff, 0xff, 0xff, 0xff,
    0xff, 0xff, 0xff, 0xff, 0xff, 0x81, 0xc0, 0x0,
    0x70, 0x0, 0xe0, 0x0, 0x38, 0x0, 0x70, 0x0,
    0x1c, 0x0, 0x38, 0x0, 0xe, 0x0, 0x1c, 0x0,
    0x7, 0x0, 0xe, 0x0, 0x3, 0x80, 0x0, 0xe0,
    0xe, 0x0, 0x0, 0x70, 0x7, 0x0, 0x0, 0x38,
    0x3, 0x80, 0x0, 0x3, 0x8e, 0x0, 0x0, 0x1,
    0xc7, 0x0, 0x0, 0x0, 0xe3, 0x80, 0x0, 0x0,
    0xe, 0x0, 0x0, 0x0, 0x7, 0x0, 0x0, 0x0,
    0x3, 0x80, 0x0, 0x0, 0xe, 0x38, 0x0, 0x0,
    0x7, 0x1c, 0x0, 0x0, 0x3, 0x8e, 0x0, 0x0,
    0x7e, 0x0, 0xfc, 0x0, 0x3f, 0x0, 0x7e, 0x0,
    0x1f, 0x80, 0x3f, 0x3, 0xf0, 0x0, 0x0, 0x7f,
    0xf8, 0x0, 0x0, 0x3f, 0xfc, 0x0, 0x0, 0x1f,
    0x80,

    /* U+6599 "料" */
    0x3, 0x80, 0x0, 0x1c, 0x1, 0xc0, 0x0, 0xe,
    0x0, 0xe0, 0x0, 0x7, 0x1c, 0x71, 0xc7, 0x3,
    0x8e, 0x38, 0xe3, 0x81, 0xc7, 0x1c, 0x71, 0xc0,
    0xe0, 0x7f, 0xc0, 0x1c, 0x70, 0x3f, 0xe0, 0xe,
    0x38, 0x1f, 0xf0, 0x7, 0x1c, 0x1, 0xc0, 0x0,
    0xe, 0x0, 0xe0, 0x0, 0x7, 0x0, 0x70, 0x0,
    0x3, 0x8f, 0xff, 0xe3, 0x81, 0xc7, 0xff, 0xf1,
    0xc0, 0xe3, 0xff, 0xf8, 0xe0, 0x70, 0x7, 0x0,
    0xe, 0x38, 0x3, 0x80, 0x7, 0x1c, 0x1, 0xc0,
    0x3, 0x8e, 0x7, 0xfc, 0x0, 0x7, 0x3, 0xfe,
    0x0, 0x3, 0x81, 0xff, 0x0, 0x1, 0xc0, 0xfc,
    0x70, 0x0, 0xfc, 0x7e, 0x38, 0x0, 0x7e, 0x3f,
    0x1c, 0x0, 0x3f, 0xe3, 0x80, 0x7, 0xfc, 0x71,
    0xc0, 0x3, 0xfe, 0x38, 0xe0, 0x1, 0xff, 0x0,
    0x70, 0x3f, 0x3, 0x80, 0x38, 0x1f, 0x81, 0xc0,
    0x1c, 0xf, 0xc0, 0xe0, 0xe, 0x0, 0x0, 0x70,
    0x7, 0x0, 0x0, 0x38, 0x3, 0x80, 0x0, 0x1c,
    0x0,

    /* U+65AD "断" */
    0xe0, 0x70, 0x0, 0x1f, 0xf0, 0x38, 0x0, 0xf,
    0xf8, 0x1c, 0x0, 0x7, 0xff, 0x8e, 0x38, 0xfc,
    0xf, 0xc7, 0x1c, 0x7e, 0x7, 0xe3, 0x8e, 0x3f,
    0x3, 0x8f, 0xf8, 0xe0, 0x1, 0xc7, 0xfc, 0x70,
    0x0, 0xe3, 0xfe, 0x38, 0x0, 0x70, 0x38, 0x1c,
    0x0, 0x38, 0x1c, 0xe, 0x0, 0x1c, 0xe, 0x7,
    0x0, 0xf, 0xff, 0xff, 0xff, 0xff, 0xff, 0xff,
    0xff, 0xff, 0xff, 0xff, 0xff, 0xff, 0xc0, 0xe0,
    0x70, 0x38, 0xe0, 0x70, 0x38, 0x1c, 0x70, 0x38,
    0x1c, 0xe, 0x38, 0xff, 0x8e, 0x7, 0x1c, 0x7f,
    0xc7, 0x3, 0x8e, 0x3f, 0xe3, 0x81, 0xc7, 0xe3,
    0x8f, 0xc0, 0xe3, 0xf1, 0xc7, 0xe0, 0x71, 0xf8,
    0xe3, 0xf0, 0x38, 0xe0, 0x70, 0x38, 0x1c, 0x70,
    0x38, 0x1c, 0xe, 0x38, 0x1c, 0xe, 0x7, 0x1c,
    0x0, 0x38, 0x3, 0x8e, 0x0, 0x1c, 0x1, 0xc7,
    0x0, 0xe, 0x0, 0xe0, 0x7f, 0xf8, 0x0, 0x70,
    0x3f, 0xfc, 0x0, 0x38, 0x1f, 0xfe, 0x0, 0x1c,
    0x0,

    /* U+65B0 "新" */
    0x3, 0x80, 0x0, 0x1f, 0x81, 0xc0, 0x0, 0xf,
    0xc0, 0xe0, 0x0, 0x7, 0xff, 0xff, 0xc0, 0xfc,
    0xf, 0xff, 0xe0, 0x7e, 0x7, 0xff, 0xf0, 0x3f,
    0x3, 0x80, 0x38, 0xe0, 0x1, 0xc0, 0x1c, 0x70,
    0x0, 0xe0, 0xe, 0x38, 0x0, 0xe, 0x38, 0x1c,
    0x0, 0x7, 0x1c, 0xe, 0x0, 0x3, 0x8e, 0x7,
    0x0, 0xf, 0xff, 0xe3, 0xff, 0xff, 0xff, 0xf1,
    0xff, 0xff, 0xff, 0xf8, 0xff, 0xfe, 0x7, 0x0,
    0x70, 0x38, 0x3, 0x80, 0x38, 0x1c, 0x1, 0xc0,
    0x1c, 0xe, 0x3f, 0xff, 0x8e, 0x7, 0x1f, 0xff,
    0xc7, 0x3, 0x8f, 0xff, 0xe3, 0x81, 0xc0, 0x1c,
    0x1, 0xc0, 0xe0, 0xe, 0x0, 0xe0, 0x70, 0x7,
    0x0, 0x70, 0x38, 0x1f, 0xf1, 0xc0, 0x1c, 0xf,
    0xf8, 0xe0, 0xe, 0x7, 0xfc, 0x70, 0x7, 0x1c,
    0x70, 0x38, 0x3, 0x8e, 0x38, 0x1c, 0x1, 0xc7,
    0x1c, 0xe, 0x0, 0xe0, 0xe, 0x38, 0x0, 0x70,
    0x7, 0x1c, 0x0, 0x38, 0x3, 0x8e, 0x0, 0x1c,
    0x0,

    /* U+65B7 "斷" */
    0xe3, 0x81, 0xc0, 0xff, 0xf1, 0xc0, 0xe0, 0x7f,
    0xf8, 0xe0, 0x70, 0x3f, 0xff, 0x81, 0xc0, 0xe0,
    0xf, 0xc0, 0xe0, 0x70, 0x7, 0xe0, 0x70, 0x38,
    0x3, 0x8e, 0x7, 0x1c, 0x1, 0xc7, 0x3, 0x8e,
    0x0, 0xe3, 0x81, 0xc7, 0x0, 0x7e, 0x7, 0x3,
    0xff, 0xff, 0x3, 0x81, 0xff, 0xff, 0x81, 0xc0,
    0xff, 0xff, 0xff, 0xfc, 0x70, 0x3f, 0xff, 0xfe,
    0x38, 0x1f, 0xff, 0xff, 0x1c, 0xf, 0xc7, 0x3,
    0x8e, 0x7, 0xe3, 0x81, 0xc7, 0x3, 0xf1, 0xc0,
    0xe3, 0x81, 0xff, 0x3, 0x81, 0xc0, 0xff, 0x81,
    0xc0, 0xe0, 0x7f, 0xc0, 0xe0, 0x70, 0x3f, 0x1c,
    0xe, 0x38, 0x1f, 0x8e, 0x7, 0x1c, 0xf, 0xc7,
    0x3, 0x8e, 0x7, 0xfc, 0x7e, 0x3f, 0x3, 0xfe,
    0x3f, 0x1f, 0x81, 0xff, 0x1f, 0x8f, 0xc0, 0xfc,
    0x0, 0x0, 0xe0, 0x7e, 0x0, 0x0, 0x70, 0x3f,
    0x0, 0x0, 0x38, 0x1c, 0x7f, 0xf8, 0xe0, 0xe,
    0x3f, 0xfc, 0x70, 0x7, 0x1f, 0xfe, 0x38, 0x3,
    0x80,

    /* U+65B9 "方" */
    0x0, 0x1, 0xc0, 0x0, 0x0, 0x0, 0xe0, 0x0,
    0x0, 0x0, 0x70, 0x0, 0x1f, 0xff, 0xff, 0xff,
    0xff, 0xff, 0xff, 0xff, 0xff, 0xff, 0xff, 0xff,
    0xfc, 0x1, 0xc0, 0x0, 0x0, 0x0, 0xe0, 0x0,
    0x0, 0x0, 0x70, 0x0, 0x0, 0x0, 0x38, 0x0,
    0x0, 0x0, 0x1c, 0x0, 0x0, 0x0, 0xe, 0x0,
    0x0, 0x0, 0x7, 0xff, 0xff, 0xc0, 0x3, 0xff,
    0xff, 0xe0, 0x1, 0xff, 0xff, 0xf0, 0x0, 0xe0,
    0x0, 0x7, 0x0, 0x70, 0x0, 0x3, 0x80, 0x38,
    0x0, 0x1, 0xc0, 0x1c, 0x0, 0x0, 0xe0, 0xe,
    0x0, 0x0, 0x70, 0x7, 0x0, 0x0, 0x38, 0x1c,
    0x0, 0x0, 0x1c, 0xe, 0x0, 0x0, 0xe, 0x7,
    0x0, 0x0, 0x7, 0x3, 0x80, 0x0, 0x3, 0x81,
    0xc0, 0x0, 0x1, 0xc0, 0xe0, 0x0, 0x0, 0xe3,
    0x80, 0x0, 0x0, 0x71, 0xc0, 0x0, 0x0, 0x38,
    0xe0, 0x0, 0x0, 0x1f, 0x80, 0x0, 0xff, 0xf1,
    0xc0, 0x0, 0x7f, 0xf8, 0xe0, 0x0, 0x3f, 0xfc,
    0x0,

    /* U+65BC "於" */
    0x3, 0x80, 0x7, 0xe0, 0x1, 0xc0, 0x3, 0xf0,
    0x0, 0xe0, 0x1, 0xf8, 0x1f, 0xff, 0xc7, 0x3,
    0x8f, 0xff, 0xe3, 0x81, 0xc7, 0xff, 0xf1, 0xc0,
    0xe0, 0x70, 0x7, 0x0, 0xe, 0x38, 0x3, 0x80,
    0x7, 0x1c, 0x1, 0xc0, 0x3, 0x8e, 0x0, 0x1f,
    0x80, 0x7, 0x0, 0xf, 0xc0, 0x3, 0x80, 0x7,
    0xe0, 0x1, 0xff, 0x0, 0xe, 0x0, 0xff, 0x80,
    0x7, 0x0, 0x7f, 0xc0, 0x3, 0x80, 0x38, 0x1c,
    0x0, 0x38, 0x1c, 0xe, 0x0, 0x1c, 0xe, 0x7,
    0x0, 0xe, 0x7, 0x3, 0x80, 0x0, 0x3, 0x81,
    0xc0, 0x0, 0x1, 0xc0, 0xe0, 0x0, 0x0, 0xe0,
    0x71, 0xf8, 0x0, 0x70, 0x38, 0xfc, 0x0, 0x38,
    0x1c, 0x7e, 0x0, 0xe0, 0xe, 0x0, 0xe0, 0x70,
    0x7, 0x0, 0x70, 0x38, 0x3, 0x80, 0x38, 0x1c,
    0x1, 0xc0, 0x3, 0x8e, 0x0, 0xe0, 0x1, 0xc7,
    0x0, 0x70, 0x0, 0xe3, 0x8f, 0xc0, 0x0, 0xf,
    0xc7, 0xe0, 0x0, 0x7, 0xe3, 0xf0, 0x0, 0x3,
    0x80,

    /* U+65CB "旋" */
    0x3, 0x80, 0x38, 0x0, 0x1, 0xc0, 0x1c, 0x0,
    0x0, 0xe0, 0xe, 0x0, 0x1f, 0xff, 0xc7, 0xff,
    0xff, 0xff, 0xe3, 0xff, 0xff, 0xff, 0xf1, 0xff,
    0xfc, 0x70, 0x7, 0x0, 0x0, 0x38, 0x3, 0x80,
    0x0, 0x1c, 0x1, 0xc0, 0x0, 0xe, 0x0, 0x1f,
    0xfe, 0x7, 0x0, 0xf, 0xff, 0x3, 0x80, 0x7,
    0xff, 0x81, 0xff, 0x0, 0xe, 0x38, 0xff, 0x80,
    0x7, 0x1c, 0x7f, 0xc0, 0x3, 0x8e, 0x38, 0x1c,
    0x71, 0xc7, 0x1c, 0xe, 0x38, 0xe3, 0x8e, 0x7,
    0x1c, 0x71, 0xc7, 0x3, 0x8e, 0x38, 0x3, 0x81,
    0xc7, 0x1c, 0x1, 0xc0, 0xe3, 0x8e, 0x0, 0xe0,
    0x71, 0xc7, 0xfc, 0x70, 0x38, 0xe3, 0xfe, 0x38,
    0x1c, 0x71, 0xff, 0xe0, 0xe, 0x38, 0xe0, 0x70,
    0x7, 0x1c, 0x70, 0x38, 0x3, 0x8e, 0x38, 0x1c,
    0x1, 0xc7, 0xfc, 0xe, 0x0, 0xe3, 0xfe, 0x7,
    0x0, 0x71, 0xff, 0x3, 0x8f, 0xc7, 0x0, 0x7f,
    0xc7, 0xe3, 0x80, 0x3f, 0xe3, 0xf1, 0xc0, 0x1f,
    0x80,

    /* U+65E0 "无" */
    0x1f, 0xff, 0xff, 0xfc, 0xf, 0xff, 0xff, 0xfe,
    0x7, 0xff, 0xff, 0xff, 0x0, 0x0, 0x38, 0x0,
    0x0, 0x0, 0x1c, 0x0, 0x0, 0x0, 0xe, 0x0,
    0x0, 0x0, 0x7, 0x0, 0x0, 0x0, 0x3, 0x80,
    0x0, 0x0, 0x1, 0xc0, 0x0, 0x0, 0x0, 0xe0,
    0x0, 0x0, 0x0, 0x70, 0x0, 0x0, 0x0, 0x38,
    0x0, 0xf, 0xff, 0xff, 0xff, 0xff, 0xff, 0xff,
    0xff, 0xff, 0xff, 0xff, 0xff, 0xfe, 0x0, 0x3,
    0x80, 0x0, 0x0, 0x1, 0xc0, 0x0, 0x0, 0x0,
    0xe0, 0x0, 0x0, 0x3, 0x8e, 0x0, 0x0, 0x1,
    0xc7, 0x0, 0x0, 0x0, 0xe3, 0x80, 0x0, 0x0,
    0x71, 0xc0, 0x1c, 0x0, 0x38, 0xe0, 0xe, 0x0,
    0x1c, 0x70, 0x7, 0x0, 0x70, 0x38, 0x3, 0x80,
    0x38, 0x1c, 0x1, 0xc0, 0x1c, 0xe, 0x0, 0xe0,
    0x70, 0x7, 0x0, 0x70, 0x38, 0x3, 0x80, 0x38,
    0x1c, 0x1, 0xc0, 0x1f, 0xf0, 0x0, 0x1f, 0xf1,
    0xf8, 0x0, 0xf, 0xf8, 0xfc, 0x0, 0x7, 0xfc,
    0x0,

    /* U+65E5 "日" */
    0x1f, 0xff, 0xff, 0xfc, 0xf, 0xff, 0xff, 0xfe,
    0x7, 0xff, 0xff, 0xff, 0x1c, 0x0, 0x0, 0x0,
    0x7e, 0x0, 0x0, 0x0, 0x3f, 0x0, 0x0, 0x0,
    0x1f, 0x80, 0x0, 0x0, 0xf, 0xc0, 0x0, 0x0,
    0x7, 0xe0, 0x0, 0x0, 0x3, 0xf0, 0x0, 0x0,
    0x1, 0xf8, 0x0, 0x0, 0x0, 0xfc, 0x0, 0x0,
    0x0, 0x7e, 0x0, 0x0, 0x0, 0x3f, 0x0, 0x0,
    0x0, 0x1f, 0x80, 0x0, 0x0, 0xf, 0xff, 0xff,
    0xff, 0xff, 0xff, 0xff, 0xff, 0xff, 0xff, 0xff,
    0xff, 0xff, 0xf8, 0x0, 0x0, 0x0, 0xfc, 0x0,
    0x0, 0x0, 0x7e, 0x0, 0x0, 0x0, 0x3f, 0x0,
    0x0, 0x0, 0x1f, 0x80, 0x0, 0x0, 0xf, 0xc0,
    0x0, 0x0, 0x7, 0xe0, 0x0, 0x0, 0x3, 0xf0,
    0x0, 0x0, 0x1, 0xf8, 0x0, 0x0, 0x0, 0xfc,
    0x0, 0x0, 0x0, 0x7e, 0x0, 0x0, 0x0, 0x3f,
    0x0, 0x0, 0x0, 0x1c, 0x7f, 0xff, 0xff, 0xf0,
    0x3f, 0xff, 0xff, 0xf8, 0x1f, 0xff, 0xff, 0xfc,
    0x0,

    /* U+660E "明" */
    0x1f, 0xf0, 0x7, 0xfc, 0xf, 0xf8, 0x3, 0xfe,
    0x7, 0xfc, 0x1, 0xff, 0x1c, 0x1, 0xc7, 0x0,
    0x7e, 0x0, 0xe3, 0x80, 0x3f, 0x0, 0x71, 0xc0,
    0x1f, 0x80, 0x38, 0xe0, 0xf, 0xc0, 0x1c, 0x70,
    0x7, 0xe0, 0xe, 0x38, 0x3, 0xff, 0xff, 0x1f,
    0xff, 0xff, 0xff, 0x8f, 0xff, 0xff, 0xff, 0xc7,
    0xff, 0xfe, 0x0, 0xe3, 0x80, 0x3f, 0x0, 0x71,
    0xc0, 0x1f, 0x80, 0x38, 0xe0, 0xf, 0xc0, 0x1c,
    0x70, 0x7, 0xe0, 0xe, 0x38, 0x3, 0xf0, 0x7,
    0x1c, 0x1, 0xf8, 0x3, 0x8f, 0xff, 0xfc, 0x1,
    0xc7, 0xff, 0xfe, 0x0, 0xe3, 0xff, 0xf8, 0xff,
    0x8e, 0x0, 0x1c, 0x7f, 0xc7, 0x0, 0xe, 0x3f,
    0xe3, 0x80, 0x7, 0x0, 0x1, 0xc0, 0x3, 0x80,
    0x0, 0xe0, 0x1, 0xc0, 0x0, 0x70, 0x0, 0xe0,
    0x1, 0xc0, 0x0, 0x70, 0x0, 0xe0, 0x0, 0x38,
    0x0, 0x70, 0x0, 0x1c, 0xf, 0xc0, 0x3, 0xf0,
    0x7, 0xe0, 0x1, 0xf8, 0x3, 0xf0, 0x0, 0xfc,
    0x0,

    /* U+662F "是" */
    0x3, 0xff, 0xff, 0xe0, 0x1, 0xff, 0xff, 0xf0,
    0x0, 0xff, 0xff, 0xf8, 0x3, 0x80, 0x0, 0x3,
    0x81, 0xc0, 0x0, 0x1, 0xc0, 0xe0, 0x0, 0x0,
    0xe0, 0x7f, 0xff, 0xff, 0xf0, 0x3f, 0xff, 0xff,
    0xf8, 0x1f, 0xff, 0xff, 0xfc, 0xe, 0x0, 0x0,
    0xe, 0x7, 0x0, 0x0, 0x7, 0x3, 0x80, 0x0,
    0x3, 0x80, 0x3f, 0xff, 0xfe, 0x0, 0x1f, 0xff,
    0xff, 0x0, 0xf, 0xff, 0xff, 0x80, 0x0, 0x0,
    0x0, 0x0, 0x0, 0x0, 0x0, 0x0, 0x0, 0x0,
    0x0, 0x0, 0x3f, 0xff, 0xff, 0xff, 0xff, 0xff,
    0xff, 0xff, 0xff, 0xff, 0xff, 0xff, 0xf8, 0x0,
    0xe, 0x0, 0x0, 0x0, 0x7, 0x0, 0x0, 0x0,
    0x3, 0x80, 0x0, 0x1c, 0x1, 0xff, 0xfc, 0xe,
    0x0, 0xff, 0xfe, 0x7, 0x0, 0x7f, 0xff, 0x3,
    0xf0, 0x38, 0x0, 0x1, 0xf8, 0x1c, 0x0, 0x0,
    0xfc, 0xe, 0x0, 0x3, 0x81, 0xff, 0xff, 0xff,
    0xc0, 0xff, 0xff, 0xff, 0xe0, 0x7f, 0xff, 0xff,
    0x80,

    /* U+6642 "時" */
    0x1f, 0x80, 0x7, 0x0, 0xf, 0xc0, 0x3, 0x80,
    0x7, 0xe0, 0x1, 0xc0, 0x1c, 0xf, 0xff, 0xff,
    0xfe, 0x7, 0xff, 0xff, 0xff, 0x3, 0xff, 0xff,
    0xff, 0x81, 0xc0, 0x1c, 0x1, 0xc0, 0xe0, 0xe,
    0x0, 0xe0, 0x70, 0x7, 0x0, 0x70, 0x38, 0x3,
    0x80, 0x38, 0x1c, 0x1, 0xc0, 0x1c, 0xe, 0x0,
    0xe0, 0xf, 0xff, 0xff, 0xff, 0xff, 0xff, 0xff,
    0xff, 0xff, 0xff, 0xff, 0xff, 0xff, 0xc0, 0xe0,
    0x0, 0x38, 0xe0, 0x70, 0x0, 0x1c, 0x70, 0x38,
    0x0, 0xe, 0x38, 0x1f, 0xff, 0xff, 0xfc, 0xf,
    0xff, 0xff, 0xfe, 0x7, 0xff, 0xff, 0xff, 0x3,
    0x8e, 0x0, 0xe3, 0x81, 0xc7, 0x0, 0x71, 0xc0,
    0xe3, 0x80, 0x38, 0xe0, 0x70, 0x38, 0x1c, 0x70,
    0x38, 0x1c, 0xe, 0x38, 0x1c, 0xe, 0x7, 0x3,
    0xf0, 0x0, 0x3, 0x81, 0xf8, 0x0, 0x1, 0xc0,
    0xfc, 0x0, 0x0, 0xe0, 0x0, 0x0, 0xff, 0x80,
    0x0, 0x0, 0x7f, 0xc0, 0x0, 0x0, 0x3f, 0xe0,
    0x0,

    /* U+666F "景" */
    0x3, 0xff, 0xff, 0xe0, 0x1, 0xff, 0xff, 0xf0,
    0x0, 0xff, 0xff, 0xf8, 0x3, 0x80, 0x0, 0x3,
    0x81, 0xc0, 0x0, 0x1, 0xc0, 0xe0, 0x0, 0x0,
    0xe0, 0x7f, 0xff, 0xff, 0xf0, 0x3f, 0xff, 0xff,
    0xf8, 0x1f, 0xff, 0xff, 0xfc, 0xe, 0x0, 0x0,
    0xe, 0x7, 0x0, 0x0, 0x7, 0x3, 0x80, 0x0,
    0x3, 0x80, 0x3f, 0xff, 0xfe, 0x0, 0x1f, 0xff,
    0xff, 0x0, 0xf, 0xff, 0xff, 0x80, 0x0, 0x3,
    0x80, 0x0, 0x0, 0x1, 0xc0, 0x0, 0x0, 0x0,
    0xe0, 0x0, 0x3f, 0xff, 0xff, 0xff, 0xff, 0xff,
    0xff, 0xff, 0xff, 0xff, 0xff, 0xff, 0xf8, 0xe0,
    0x0, 0x0, 0xe0, 0x70, 0x0, 0x0, 0x70, 0x38,
    0x0, 0x0, 0x38, 0x3, 0xff, 0xff, 0xe0, 0x1,
    0xff, 0xff, 0xf0, 0x0, 0xff, 0xff, 0xf8, 0x3,
    0x80, 0x7, 0x3, 0x81, 0xc0, 0x3, 0x81, 0xc0,
    0xe0, 0x1, 0xc0, 0xe3, 0x81, 0xff, 0x0, 0xf,
    0xc0, 0xff, 0x80, 0x7, 0xe0, 0x7f, 0xc0, 0x3,
    0x80,

    /* U+6676 "晶" */
    0x0, 0x7f, 0xff, 0x0, 0x0, 0x3f, 0xff, 0x80,
    0x0, 0x1f, 0xff, 0xc0, 0x0, 0x70, 0x0, 0x1c,
    0x0, 0x38, 0x0, 0xe, 0x0, 0x1c, 0x0, 0x7,
    0x0, 0xf, 0xff, 0xff, 0x80, 0x7, 0xff, 0xff,
    0xc0, 0x3, 0xff, 0xff, 0xe0, 0x1, 0xc0, 0x0,
    0x70, 0x0, 0xe0, 0x0, 0x38, 0x0, 0x70, 0x0,
    0x1c, 0x0, 0x7, 0xff, 0xf0, 0x0, 0x3, 0xff,
    0xf8, 0x0, 0x1, 0xff, 0xfc, 0x0, 0x0, 0x0,
    0x0, 0x0, 0x0, 0x0, 0x0, 0x0, 0x0, 0x0,
    0x0, 0x0, 0x7, 0xfc, 0x1, 0xff, 0x3, 0xfe,
    0x0, 0xff, 0x81, 0xff, 0x0, 0x7f, 0xc7, 0x0,
    0x71, 0xc0, 0x1f, 0x80, 0x38, 0xe0, 0xf, 0xc0,
    0x1c, 0x70, 0x7, 0xff, 0xfe, 0x3f, 0xff, 0xff,
    0xff, 0x1f, 0xff, 0xff, 0xff, 0x8f, 0xff, 0xfc,
    0x1, 0xc7, 0x0, 0x7e, 0x0, 0xe3, 0x80, 0x3f,
    0x0, 0x71, 0xc0, 0x1c, 0x7f, 0xc0, 0x1f, 0xf0,
    0x3f, 0xe0, 0xf, 0xf8, 0x1f, 0xf0, 0x7, 0xfc,
    0x0,

    /* U+6697 "暗" */
    0x1f, 0x80, 0x0, 0xe0, 0xf, 0xc0, 0x0, 0x70,
    0x7, 0xe0, 0x0, 0x38, 0x1c, 0xe, 0x3f, 0xff,
    0xfe, 0x7, 0x1f, 0xff, 0xff, 0x3, 0x8f, 0xff,
    0xff, 0x81, 0xc7, 0x0, 0xf, 0xc0, 0xe3, 0x80,
    0x7, 0xe0, 0x71, 0xc0, 0x3, 0xf0, 0x38, 0x1c,
    0xe, 0x38, 0x1c, 0xe, 0x7, 0x1c, 0xe, 0x7,
    0x3, 0x8f, 0xff, 0xff, 0xff, 0xff, 0xff, 0xff,
    0xff, 0xff, 0xff, 0xff, 0xff, 0xff, 0xc0, 0xe0,
    0x0, 0x0, 0xe0, 0x70, 0x0, 0x0, 0x70, 0x38,
    0x0, 0x0, 0x38, 0x1c, 0xf, 0xff, 0x1c, 0xe,
    0x7, 0xff, 0x8e, 0x7, 0x3, 0xff, 0xc7, 0x3,
    0x8e, 0x0, 0x1f, 0x81, 0xc7, 0x0, 0xf, 0xc0,
    0xe3, 0x80, 0x7, 0xe0, 0x71, 0xff, 0xff, 0xf0,
    0x38, 0xff, 0xff, 0xf8, 0x1c, 0x7f, 0xff, 0xe3,
    0xf0, 0x38, 0x0, 0x71, 0xf8, 0x1c, 0x0, 0x38,
    0xfc, 0xe, 0x0, 0x1c, 0x0, 0x0, 0xff, 0xf0,
    0x0, 0x0, 0x7f, 0xf8, 0x0, 0x0, 0x3f, 0xfc,
    0x0,

    /* U+66AB "暫" */
    0x3, 0x80, 0x0, 0x1f, 0x81, 0xc0, 0x0, 0xf,
    0xc0, 0xe0, 0x0, 0x7, 0xff, 0xff, 0xf8, 0xfc,
    0xf, 0xff, 0xfc, 0x7e, 0x7, 0xff, 0xfe, 0x3f,
    0x3, 0x8e, 0x38, 0xe0, 0x1, 0xc7, 0x1c, 0x70,
    0x0, 0xe3, 0x8e, 0x38, 0x0, 0x7f, 0xff, 0x1f,
    0xff, 0xff, 0xff, 0x8f, 0xff, 0xff, 0xff, 0xc7,
    0xff, 0xfe, 0x38, 0xe3, 0x81, 0xc7, 0x1c, 0x71,
    0xc0, 0xe3, 0x8e, 0x38, 0xe0, 0x71, 0xff, 0xe0,
    0x70, 0x38, 0xff, 0xf0, 0x38, 0x1c, 0x7f, 0xf8,
    0x1c, 0xe, 0x0, 0xff, 0xff, 0xf8, 0x0, 0x7f,
    0xff, 0xfc, 0x0, 0x3f, 0xff, 0xfe, 0x0, 0xe0,
    0x0, 0x0, 0xe0, 0x70, 0x0, 0x0, 0x70, 0x38,
    0x0, 0x0, 0x38, 0x1f, 0xff, 0xff, 0xfc, 0xf,
    0xff, 0xff, 0xfe, 0x7, 0xff, 0xff, 0xff, 0x3,
    0x80, 0x0, 0x3, 0x81, 0xc0, 0x0, 0x1, 0xc0,
    0xe0, 0x0, 0x0, 0xe0, 0xf, 0xff, 0xff, 0x80,
    0x7, 0xff, 0xff, 0xc0, 0x3, 0xff, 0xff, 0xe0,
    0x0,

    /* U+66F4 "更" */
    0xff, 0xff, 0xff, 0xff, 0xff, 0xff, 0xff, 0xff,
    0xff, 0xff, 0xff, 0xff, 0xe0, 0x0, 0x38, 0x0,
    0x0, 0x0, 0x1c, 0x0, 0x0, 0x0, 0xe, 0x0,
    0x0, 0xf, 0xff, 0xff, 0x80, 0x7, 0xff, 0xff,
    0xc0, 0x3, 0xff, 0xff, 0xe0, 0xe, 0x0, 0xe0,
    0xe, 0x7, 0x0, 0x70, 0x7, 0x3, 0x80, 0x38,
    0x3, 0x81, 0xff, 0xff, 0xff, 0xc0, 0xff, 0xff,
    0xff, 0xe0, 0x7f, 0xff, 0xff, 0xf0, 0x38, 0x3,
    0x80, 0x38, 0x1c, 0x1, 0xc0, 0x1c, 0xe, 0x0,
    0xe0, 0xe, 0x0, 0xff, 0xff, 0xf8, 0x0, 0x7f,
    0xff, 0xfc, 0x0, 0x3f, 0xff, 0xfe, 0x0, 0xe0,
    0xe, 0x0, 0x0, 0x70, 0x7, 0x0, 0x0, 0x38,
    0x3, 0x80, 0x0, 0x3, 0x81, 0xc0, 0x0, 0x1,
    0xc0, 0xe0, 0x0, 0x0, 0xe0, 0x70, 0x0, 0x0,
    0xf, 0xc0, 0x0, 0x0, 0x7, 0xe0, 0x0, 0x0,
    0x3, 0xf0, 0x0, 0x3, 0xfe, 0x7, 0xff, 0xff,
    0xff, 0x3, 0xff, 0xff, 0xff, 0x81, 0xff, 0xff,
    0x80,

    /* U+66F8 "書" */
    0x1f, 0xff, 0xff, 0xe0, 0xf, 0xff, 0xff, 0xf0,
    0x7, 0xff, 0xff, 0xf8, 0x0, 0x0, 0x38, 0x3,
    0x80, 0x0, 0x1c, 0x1, 0xc0, 0x0, 0xe, 0x0,
    0xe3, 0xff, 0xff, 0xff, 0xff, 0xff, 0xff, 0xff,
    0xff, 0xff, 0xff, 0xff, 0xff, 0x80, 0x0, 0xe0,
    0xe, 0x0, 0x0, 0x70, 0x7, 0x0, 0x0, 0x38,
    0x3, 0x81, 0xff, 0xff, 0xfe, 0x0, 0xff, 0xff,
    0xff, 0x0, 0x7f, 0xff, 0xff, 0x80, 0x0, 0x3,
    0x80, 0x0, 0x0, 0x1, 0xc0, 0x0, 0x0, 0x0,
    0xe0, 0x0, 0x3f, 0xff, 0xff, 0xff, 0xff, 0xff,
    0xff, 0xff, 0xff, 0xff, 0xff, 0xff, 0xf8, 0xe0,
    0x0, 0x0, 0xe0, 0x70, 0x0, 0x0, 0x70, 0x38,
    0x0, 0x0, 0x38, 0x1f, 0xff, 0xff, 0xfc, 0xf,
    0xff, 0xff, 0xfe, 0x7, 0xff, 0xff, 0xff, 0x3,
    0x80, 0x0, 0x3, 0x81, 0xc0, 0x0, 0x1, 0xc0,
    0xe0, 0x0, 0x0, 0xe0, 0xf, 0xff, 0xff, 0x80,
    0x7, 0xff, 0xff, 0xc0, 0x3, 0xff, 0xff, 0xe0,
    0x0,

    /* U+66FF "替" */
    0x3, 0x80, 0x0, 0xe0, 0x1, 0xc0, 0x0, 0x70,
    0x0, 0xe0, 0x0, 0x38, 0x1f, 0xff, 0xc7, 0xff,
    0xff, 0xff, 0xe3, 0xff, 0xff, 0xff, 0xf1, 0xff,
    0xfc, 0xe, 0x0, 0x3, 0x80, 0x7, 0x0, 0x1,
    0xc0, 0x3, 0x80, 0x0, 0xe0, 0x7f, 0xff, 0x1f,
    0xff, 0xff, 0xff, 0x8f, 0xff, 0xff, 0xff, 0xc7,
    0xff, 0xf1, 0xc7, 0x0, 0x71, 0xc0, 0xe3, 0x80,
    0x38, 0xe0, 0x71, 0xc0, 0x1c, 0x71, 0xc0, 0x1c,
    0x70, 0x7, 0xe0, 0xe, 0x38, 0x3, 0xf0, 0x7,
    0x1c, 0x1, 0xc0, 0xff, 0xff, 0xf8, 0x0, 0x7f,
    0xff, 0xfc, 0x0, 0x3f, 0xff, 0xfe, 0x0, 0xe0,
    0x0, 0x0, 0xe0, 0x70, 0x0, 0x0, 0x70, 0x38,
    0x0, 0x0, 0x38, 0x1f, 0xff, 0xff, 0xfc, 0xf,
    0xff, 0xff, 0xfe, 0x7, 0xff, 0xff, 0xff, 0x3,
    0x80, 0x0, 0x3, 0x81, 0xc0, 0x0, 0x1, 0xc0,
    0xe0, 0x0, 0x0, 0xe0, 0xf, 0xff, 0xff, 0x80,
    0x7, 0xff, 0xff, 0xc0, 0x3, 0xff, 0xff, 0xe0,
    0x0,

    /* U+6700 "最" */
    0x3, 0xff, 0xff, 0xe0, 0x1, 0xff, 0xff, 0xf0,
    0x0, 0xff, 0xff, 0xf8, 0x3, 0x80, 0x0, 0x3,
    0x81, 0xc0, 0x0, 0x1, 0xc0, 0xe0, 0x0, 0x0,
    0xe0, 0x7f, 0xff, 0xff, 0xf0, 0x3f, 0xff, 0xff,
    0xf8, 0x1f, 0xff, 0xff, 0xfc, 0xe, 0x0, 0x0,
    0xe, 0x7, 0x0, 0x0, 0x7, 0x3, 0x80, 0x0,
    0x3, 0x8f, 0xff, 0xff, 0xff, 0xff, 0xff, 0xff,
    0xff, 0xff, 0xff, 0xff, 0xff, 0xfe, 0x38, 0x1c,
    0x0, 0x0, 0x1c, 0xe, 0x0, 0x0, 0xe, 0x7,
    0x0, 0x0, 0x7, 0xff, 0xff, 0xff, 0x3, 0xff,
    0xff, 0xff, 0x81, 0xff, 0xff, 0xff, 0xc0, 0xe0,
    0x70, 0x0, 0x1c, 0x70, 0x38, 0x0, 0xe, 0x38,
    0x1c, 0x0, 0x7, 0x1c, 0x7e, 0x38, 0x1c, 0xe,
    0x3f, 0x1c, 0xe, 0x7, 0x1f, 0x8e, 0x7, 0x1f,
    0xf1, 0xc0, 0xfc, 0xf, 0xf8, 0xe0, 0x7e, 0x7,
    0xfc, 0x70, 0x3f, 0x0, 0x0, 0x3f, 0xe0, 0x7e,
    0x0, 0x1f, 0xf0, 0x3f, 0x0, 0xf, 0xf8, 0x1f,
    0x80,

    /* U+6703 "會" */
    0x3, 0xff, 0xff, 0xe0, 0x1, 0xff, 0xff, 0xf0,
    0x0, 0xff, 0xff, 0xf8, 0x1f, 0x80, 0x0, 0x3,
    0xff, 0xc0, 0x0, 0x1, 0xff, 0xe0, 0x0, 0x0,
    0xfc, 0x7f, 0xff, 0xff, 0xf0, 0x3f, 0xff, 0xff,
    0xf8, 0x1f, 0xff, 0xff, 0xfc, 0x70, 0x0, 0xe0,
    0x1, 0xf8, 0x0, 0x70, 0x0, 0xfc, 0x0, 0x38,
    0x0, 0x7e, 0x38, 0x1c, 0xe, 0x3f, 0x1c, 0xe,
    0x7, 0x1f, 0x8e, 0x7, 0x3, 0x8f, 0xc0, 0xe3,
    0x8e, 0x7, 0xe0, 0x71, 0xc7, 0x3, 0xf0, 0x38,
    0xe3, 0x81, 0xc7, 0xff, 0xff, 0xff, 0x3, 0xff,
    0xff, 0xff, 0x81, 0xff, 0xff, 0xff, 0xc0, 0xe0,
    0x0, 0x0, 0xe0, 0x70, 0x0, 0x0, 0x70, 0x38,
    0x0, 0x0, 0x38, 0x1f, 0xff, 0xff, 0xfc, 0xf,
    0xff, 0xff, 0xfe, 0x7, 0xff, 0xff, 0xff, 0x3,
    0x80, 0x0, 0x3, 0x81, 0xc0, 0x0, 0x1, 0xc0,
    0xe0, 0x0, 0x0, 0xe0, 0xf, 0xff, 0xff, 0x80,
    0x7, 0xff, 0xff, 0xc0, 0x3, 0xff, 0xff, 0xe0,
    0x0,

    /* U+6709 "有" */
    0x0, 0x70, 0x0, 0x0, 0x0, 0x38, 0x0, 0x0,
    0x0, 0x1c, 0x0, 0x0, 0x1f, 0xff, 0xff, 0xff,
    0xff, 0xff, 0xff, 0xff, 0xff, 0xff, 0xff, 0xff,
    0xfc, 0x1, 0xc0, 0x0, 0x0, 0x0, 0xe0, 0x0,
    0x0, 0x0, 0x70, 0x0, 0x0, 0x1, 0xff, 0xff,
    0xfe, 0x0, 0xff, 0xff, 0xff, 0x0, 0x7f, 0xff,
    0xff, 0x81, 0xf8, 0x0, 0x0, 0x38, 0xfc, 0x0,
    0x0, 0x1c, 0x7e, 0x0, 0x0, 0xf, 0xc7, 0xff,
    0xff, 0xff, 0xe3, 0xff, 0xff, 0xff, 0xf1, 0xff,
    0xff, 0xff, 0xc0, 0xe0, 0x0, 0x0, 0xe0, 0x70,
    0x0, 0x0, 0x70, 0x38, 0x0, 0x0, 0x38, 0x1f,
    0xff, 0xff, 0xfc, 0xf, 0xff, 0xff, 0xfe, 0x7,
    0xff, 0xff, 0xff, 0x3, 0x80, 0x0, 0x3, 0x81,
    0xc0, 0x0, 0x1, 0xc0, 0xe0, 0x0, 0x0, 0xe0,
    0x70, 0x0, 0x0, 0x70, 0x38, 0x0, 0x0, 0x38,
    0x1c, 0x0, 0x0, 0x1c, 0xe, 0x0, 0xff, 0xf0,
    0x7, 0x0, 0x7f, 0xf8, 0x3, 0x80, 0x3f, 0xfc,
    0x0,

    /* U+670D "服" */
    0x1f, 0x80, 0x3f, 0xfc, 0xf, 0xc0, 0x1f, 0xfe,
    0x7, 0xe0, 0xf, 0xff, 0x1c, 0xe, 0x38, 0x0,
    0x7e, 0x7, 0x1c, 0x0, 0x3f, 0x3, 0x8e, 0x0,
    0x1f, 0x81, 0xc7, 0x3, 0xf1, 0xc0, 0xe3, 0x81,
    0xf8, 0xe0, 0x71, 0xc0, 0xfc, 0x7f, 0xf8, 0xe0,
    0x0, 0x3f, 0xfc, 0x70, 0x0, 0x1f, 0xfe, 0x38,
    0x0, 0xe, 0x7, 0x1f, 0xff, 0xc7, 0x3, 0x8f,
    0xff, 0xe3, 0x81, 0xc7, 0xff, 0xf1, 0xc0, 0xe3,
    0x80, 0x7, 0xe0, 0x71, 0xc0, 0x3, 0xf0, 0x38,
    0xe0, 0x1, 0xff, 0xfc, 0x71, 0xc0, 0xff, 0xfe,
    0x38, 0xe0, 0x7f, 0xff, 0x1c, 0x70, 0x3f, 0x3,
    0x8e, 0x38, 0xe3, 0x81, 0xc7, 0x1c, 0x71, 0xc0,
    0xe3, 0x8e, 0x38, 0xe0, 0x71, 0xc0, 0xe0, 0x70,
    0x38, 0xe0, 0x70, 0x38, 0x1c, 0x70, 0x38, 0x1c,
    0xe, 0x38, 0xe3, 0x8e, 0x7, 0x1c, 0x71, 0xc7,
    0x3, 0x8e, 0x38, 0xe3, 0x8e, 0x7, 0xe0, 0xf,
    0xc7, 0x3, 0xf0, 0x7, 0xe3, 0x81, 0xf8, 0x3,
    0x80,

    /* U+671F "期" */
    0x1c, 0xe, 0x7, 0xfc, 0xe, 0x7, 0x3, 0xfe,
    0x7, 0x3, 0x81, 0xff, 0x1f, 0xff, 0xff, 0x0,
    0x7f, 0xff, 0xff, 0x80, 0x3f, 0xff, 0xff, 0xc0,
    0x1c, 0x70, 0x38, 0xe0, 0xe, 0x38, 0x1c, 0x70,
    0x7, 0x1c, 0xe, 0x38, 0x3, 0x8f, 0xff, 0x1f,
    0xff, 0xc7, 0xff, 0x8f, 0xff, 0xe3, 0xff, 0xc7,
    0xff, 0xf1, 0xc0, 0xe3, 0x80, 0x38, 0xe0, 0x71,
    0xc0, 0x1c, 0x70, 0x38, 0xe0, 0xe, 0x3f, 0xfc,
    0x70, 0x7, 0x1f, 0xfe, 0x38, 0x3, 0x8f, 0xff,
    0x1c, 0x1, 0xc7, 0x3, 0x8f, 0xff, 0xe3, 0x81,
    0xc7, 0xff, 0xf1, 0xc0, 0xe3, 0xff, 0xff, 0xff,
    0xff, 0xc0, 0x1f, 0xff, 0xff, 0xe0, 0xf, 0xff,
    0xff, 0xf0, 0x7, 0x0, 0x0, 0x38, 0x3, 0x80,
    0x0, 0x1c, 0x1, 0xc0, 0x0, 0xe, 0x0, 0xe3,
    0x81, 0xc7, 0x0, 0x71, 0xc0, 0xe3, 0x80, 0x38,
    0xe0, 0x71, 0xc0, 0x1f, 0x80, 0x7, 0x3, 0xf1,
    0xc0, 0x3, 0x81, 0xf8, 0xe0, 0x1, 0xc0, 0xfc,
    0x0,

    /* U+672A "未" */
    0x0, 0x1, 0xc0, 0x0, 0x0, 0x0, 0xe0, 0x0,
    0x0, 0x0, 0x70, 0x0, 0x3, 0xff, 0xff, 0xff,
    0x81, 0xff, 0xff, 0xff, 0xc0, 0xff, 0xff, 0xff,
    0xe0, 0x0, 0x7, 0x0, 0x0, 0x0, 0x3, 0x80,
    0x0, 0x0, 0x1, 0xc0, 0x0, 0x0, 0x0, 0xe0,
    0x0, 0x0, 0x0, 0x70, 0x0, 0x0, 0x0, 0x38,
    0x0, 0x0, 0x0, 0x1c, 0x0, 0x0, 0x0, 0xe,
    0x0, 0x0, 0x0, 0x7, 0x0, 0x1, 0xff, 0xff,
    0xff, 0xff, 0xff, 0xff, 0xff, 0xff, 0xff, 0xff,
    0xff, 0xff, 0xc0, 0x0, 0x70, 0x0, 0x0, 0x0,
    0x38, 0x0, 0x0, 0x0, 0x1c, 0x0, 0x0, 0x0,
    0x7f, 0xc0, 0x0, 0x0, 0x3f, 0xe0, 0x0, 0x0,
    0x1f, 0xf0, 0x0, 0x3, 0xf1, 0xc7, 0xe0, 0x1,
    0xf8, 0xe3, 0xf0, 0x0, 0xfc, 0x71, 0xf8, 0x1f,
    0x80, 0x38, 0x3, 0xff, 0xc0, 0x1c, 0x1, 0xff,
    0xe0, 0xe, 0x0, 0xfc, 0x0, 0x7, 0x0, 0x0,
    0x0, 0x3, 0x80, 0x0, 0x0, 0x1, 0xc0, 0x0,
    0x0,

    /* U+672B "末" */
    0x0, 0x1, 0xc0, 0x0, 0x0, 0x0, 0xe0, 0x0,
    0x0, 0x0, 0x70, 0x0, 0x1f, 0xff, 0xff, 0xff,
    0xff, 0xff, 0xff, 0xff, 0xff, 0xff, 0xff, 0xff,
    0xfc, 0x0, 0x7, 0x0, 0x0, 0x0, 0x3, 0x80,
    0x0, 0x0, 0x1, 0xc0, 0x0, 0x0, 0x0, 0xe0,
    0x0, 0x0, 0x0, 0x70, 0x0, 0x0, 0x0, 0x38,
    0x0, 0x0, 0x0, 0x1c, 0x0, 0x0, 0x0, 0xe,
    0x0, 0x0, 0x0, 0x7, 0x0, 0x0, 0x3f, 0xff,
    0xff, 0xf8, 0x1f, 0xff, 0xff, 0xfc, 0xf, 0xff,
    0xff, 0xfe, 0x0, 0x0, 0x70, 0x0, 0x0, 0x0,
    0x38, 0x0, 0x0, 0x0, 0x1c, 0x0, 0x0, 0x0,
    0x7f, 0xc0, 0x0, 0x0, 0x3f, 0xe0, 0x0, 0x0,
    0x1f, 0xf0, 0x0, 0x3, 0xf1, 0xc7, 0xe0, 0x1,
    0xf8, 0xe3, 0xf0, 0x0, 0xfc, 0x71, 0xf8, 0x1f,
    0x80, 0x38, 0x3, 0xff, 0xc0, 0x1c, 0x1, 0xff,
    0xe0, 0xe, 0x0, 0xfc, 0x0, 0x7, 0x0, 0x0,
    0x0, 0x3, 0x80, 0x0, 0x0, 0x1, 0xc0, 0x0,
    0x0,

    /* U+672C "本" */
    0x0, 0x1, 0xc0, 0x0, 0x0, 0x0, 0xe0, 0x0,
    0x0, 0x0, 0x70, 0x0, 0x1f, 0xff, 0xff, 0xff,
    0xff, 0xff, 0xff, 0xff, 0xff, 0xff, 0xff, 0xff,
    0xfc, 0x0, 0x7, 0x0, 0x0, 0x0, 0x3, 0x80,
    0x0, 0x0, 0x1, 0xc0, 0x0, 0x0, 0x0, 0xe0,
    0x0, 0x0, 0x0, 0x70, 0x0, 0x0, 0x0, 0x38,
    0x0, 0x0, 0x0, 0xff, 0x80, 0x0, 0x0, 0x7f,
    0xc0, 0x0, 0x0, 0x3f, 0xe0, 0x0, 0x0, 0xe3,
    0x8e, 0x0, 0x0, 0x71, 0xc7, 0x0, 0x0, 0x38,
    0xe3, 0x80, 0x0, 0xe0, 0x70, 0x38, 0x0, 0x70,
    0x38, 0x1c, 0x0, 0x38, 0x1c, 0xe, 0x0, 0xe0,
    0xe, 0x0, 0xe0, 0x70, 0x7, 0x0, 0x70, 0x38,
    0x3, 0x80, 0x38, 0xe0, 0x7f, 0xff, 0x3, 0xf0,
    0x3f, 0xff, 0x81, 0xf8, 0x1f, 0xff, 0xc0, 0xe0,
    0x0, 0x38, 0x0, 0x0, 0x0, 0x1c, 0x0, 0x0,
    0x0, 0xe, 0x0, 0x0, 0x0, 0x7, 0x0, 0x0,
    0x0, 0x3, 0x80, 0x0, 0x0, 0x1, 0xc0, 0x0,
    0x0,

    /* U+673A "机" */
    0x3, 0x80, 0x3f, 0x0, 0x1, 0xc0, 0x1f, 0x80,
    0x0, 0xe0, 0xf, 0xc0, 0x1f, 0xff, 0xf8, 0x1c,
    0xf, 0xff, 0xfc, 0xe, 0x7, 0xff, 0xfe, 0x7,
    0x0, 0xe, 0x7, 0x3, 0x80, 0x7, 0x3, 0x81,
    0xc0, 0x3, 0x81, 0xc0, 0xe0, 0x1, 0xc0, 0xe0,
    0x70, 0x0, 0xe0, 0x70, 0x38, 0x0, 0x70, 0x38,
    0x1c, 0x1, 0xff, 0x1c, 0xe, 0x0, 0xff, 0x8e,
    0x7, 0x0, 0x7f, 0xc7, 0x3, 0x80, 0x3f, 0x1f,
    0x81, 0xc0, 0x1f, 0x8f, 0xc0, 0xe0, 0xf, 0xc7,
    0xe0, 0x70, 0x38, 0xe0, 0x70, 0x38, 0xfc, 0x70,
    0x38, 0x1c, 0x7e, 0x38, 0x1c, 0xe, 0x3f, 0x1c,
    0xe, 0x7, 0x1f, 0x8e, 0x7, 0x3, 0x8f, 0xc7,
    0x3, 0x81, 0xc7, 0x3, 0x8e, 0x0, 0xe3, 0x81,
    0xc7, 0x0, 0x71, 0xc0, 0xe3, 0x80, 0x38, 0xe0,
    0x71, 0xc0, 0x1c, 0x70, 0x38, 0xe0, 0xe, 0x38,
    0x1c, 0x70, 0x7, 0x1c, 0xf, 0xc0, 0x0, 0x70,
    0x7, 0xe0, 0x0, 0x38, 0x3, 0xf0, 0x0, 0x1c,
    0x0,

    /* U+677E "松" */
    0x3, 0x80, 0x7, 0xe0, 0x1, 0xc0, 0x3, 0xf0,
    0x0, 0xe0, 0x1, 0xf8, 0x1f, 0xfe, 0x38, 0x3,
    0x8f, 0xff, 0x1c, 0x1, 0xc7, 0xff, 0x8e, 0x0,
    0xe0, 0xe, 0x7, 0x0, 0x70, 0x7, 0x3, 0x80,
    0x38, 0x3, 0x81, 0xc0, 0x1c, 0x1, 0xc7, 0x0,
    0x1, 0xc0, 0xe3, 0x80, 0x0, 0xe0, 0x71, 0xc0,
    0x0, 0x71, 0xff, 0x0, 0x70, 0x38, 0xff, 0x80,
    0x38, 0x1c, 0x7f, 0xc0, 0x1c, 0xe, 0x3f, 0x1c,
    0x70, 0x0, 0x1f, 0x8e, 0x38, 0x0, 0xf, 0xc7,
    0x1c, 0x0, 0x38, 0xe0, 0xe, 0x0, 0x1c, 0x70,
    0x7, 0x0, 0xe, 0x38, 0x3, 0x80, 0x7, 0x1c,
    0xe, 0x0, 0xe3, 0x8e, 0x7, 0x0, 0x71, 0xc7,
    0x3, 0x80, 0x38, 0x3, 0x81, 0xc0, 0x1c, 0x1,
    0xc0, 0xe0, 0xe, 0x0, 0xe0, 0x70, 0x7, 0x0,
    0x71, 0xc0, 0xfc, 0x70, 0x38, 0xe0, 0x7e, 0x38,
    0x1c, 0x70, 0x3f, 0x1c, 0xe, 0x3f, 0xe0, 0xe,
    0x7, 0x1f, 0xf0, 0x7, 0x3, 0x8f, 0xf8, 0x3,
    0x80,

    /* U+677F "板" */
    0x3, 0x80, 0x3f, 0xff, 0x81, 0xc0, 0x1f, 0xff,
    0xc0, 0xe0, 0xf, 0xff, 0xff, 0xff, 0xf8, 0x0,
    0xf, 0xff, 0xfc, 0x0, 0x7, 0xff, 0xfe, 0x0,
    0x0, 0xe, 0x7, 0x0, 0x0, 0x7, 0x3, 0x80,
    0x0, 0x3, 0x81, 0xc0, 0x0, 0x1, 0xc0, 0xff,
    0xfe, 0x0, 0xe0, 0x7f, 0xff, 0x0, 0x70, 0x3f,
    0xff, 0x81, 0xff, 0x1c, 0x0, 0x38, 0xff, 0x8e,
    0x0, 0x1c, 0x7f, 0xc7, 0x0, 0xe, 0x3f, 0x1f,
    0x8e, 0x7, 0x1f, 0x8f, 0xc7, 0x3, 0x8f, 0xc7,
    0xe3, 0x81, 0xf8, 0xe0, 0x71, 0xc7, 0x1c, 0x70,
    0x38, 0xe3, 0x8e, 0x38, 0x1c, 0x71, 0xc7, 0x1c,
    0xe, 0x7, 0x3, 0x8e, 0x7, 0x3, 0x81, 0xc7,
    0x3, 0x81, 0xc0, 0x3, 0x81, 0xc0, 0xe0, 0x1,
    0xc0, 0xe0, 0x70, 0x0, 0xe0, 0x70, 0x38, 0x0,
    0x71, 0xc0, 0xe3, 0x80, 0x38, 0xe0, 0x71, 0xc0,
    0x1c, 0x70, 0x38, 0xe0, 0xe, 0x38, 0xe0, 0xe,
    0x7, 0x1c, 0x70, 0x7, 0x3, 0x8e, 0x38, 0x3,
    0x80,

    /* U+6790 "析" */
    0x3, 0x80, 0x0, 0xff, 0x81, 0xc0, 0x0, 0x7f,
    0xc0, 0xe0, 0x0, 0x3f, 0xff, 0xff, 0xc7, 0xe0,
    0xf, 0xff, 0xe3, 0xf0, 0x7, 0xff, 0xf1, 0xf8,
    0x0, 0xe, 0x7, 0x0, 0x0, 0x7, 0x3, 0x80,
    0x0, 0x3, 0x81, 0xc0, 0x0, 0x1, 0xc0, 0xe0,
    0x0, 0x0, 0xe0, 0x70, 0x0, 0x0, 0x70, 0x38,
    0x0, 0x1, 0xff, 0x1f, 0xff, 0xf8, 0xff, 0x8f,
    0xff, 0xfc, 0x7f, 0xc7, 0xff, 0xfe, 0x3f, 0x1f,
    0x80, 0x38, 0x1f, 0x8f, 0xc0, 0x1c, 0xf, 0xc7,
    0xe0, 0xe, 0x38, 0xe0, 0x70, 0x7, 0x1c, 0x70,
    0x38, 0x3, 0x8e, 0x38, 0x1c, 0x1, 0xc7, 0x1c,
    0xe, 0x0, 0xe3, 0x8e, 0x7, 0x0, 0x71, 0xc7,
    0x3, 0x80, 0x38, 0x3, 0x81, 0xc0, 0x1c, 0x1,
    0xc0, 0xe0, 0xe, 0x0, 0xe0, 0x70, 0x7, 0x0,
    0x71, 0xc0, 0x3, 0x80, 0x38, 0xe0, 0x1, 0xc0,
    0x1c, 0x70, 0x0, 0xe0, 0xe, 0x38, 0x0, 0x70,
    0x7, 0x1c, 0x0, 0x38, 0x3, 0x8e, 0x0, 0x1c,
    0x0,

    /* U+67FB "査" */
    0x0, 0x1, 0xc0, 0x0, 0x0, 0x0, 0xe0, 0x0,
    0x0, 0x0, 0x70, 0x0, 0x1f, 0xff, 0xff, 0xff,
    0xff, 0xff, 0xff, 0xff, 0xff, 0xff, 0xff, 0xff,
    0xfc, 0x1, 0xc7, 0x1c, 0x0, 0x0, 0xe3, 0x8e,
    0x0, 0x0, 0x71, 0xc7, 0x0, 0x1, 0xc0, 0xe0,
    0x70, 0x0, 0xe0, 0x70, 0x38, 0x0, 0x70, 0x38,
    0x1c, 0xf, 0xc7, 0xff, 0xf1, 0xff, 0xe3, 0xff,
    0xf8, 0xff, 0xf1, 0xff, 0xfc, 0x7e, 0x7, 0x0,
    0x1, 0xc0, 0x3, 0x80, 0x0, 0xe0, 0x1, 0xc0,
    0x0, 0x70, 0x0, 0xff, 0xff, 0xf8, 0x0, 0x7f,
    0xff, 0xfc, 0x0, 0x3f, 0xff, 0xfe, 0x0, 0x1c,
    0x0, 0x7, 0x0, 0xe, 0x0, 0x3, 0x80, 0x7,
    0x0, 0x1, 0xc0, 0x3, 0xff, 0xff, 0xe0, 0x1,
    0xff, 0xff, 0xf0, 0x0, 0xff, 0xff, 0xf8, 0x0,
    0x70, 0x0, 0x1c, 0x0, 0x38, 0x0, 0xe, 0x0,
    0x1c, 0x0, 0x7, 0x3, 0xff, 0xff, 0xff, 0xff,
    0xff, 0xff, 0xff, 0xff, 0xff, 0xff, 0xff, 0xff,
    0x80,

    /* U+6821 "校" */
    0x3, 0x80, 0x7, 0x0, 0x1, 0xc0, 0x3, 0x80,
    0x0, 0xe0, 0x1, 0xc0, 0x1f, 0xfe, 0x3f, 0xff,
    0xff, 0xff, 0x1f, 0xff, 0xff, 0xff, 0x8f, 0xff,
    0xfc, 0xe, 0x0, 0x0, 0x0, 0x7, 0x0, 0x0,
    0x0, 0x3, 0x80, 0x0, 0x0, 0x1, 0xf8, 0x1c,
    0x70, 0x0, 0xfc, 0xe, 0x38, 0x0, 0x7e, 0x7,
    0x1c, 0x1, 0xf8, 0xfc, 0x1, 0xf8, 0xfc, 0x7e,
    0x0, 0xfc, 0x7e, 0x3f, 0x0, 0x7e, 0x3f, 0x0,
    0x0, 0x0, 0x1f, 0x80, 0x0, 0x0, 0xf, 0xc0,
    0x0, 0x0, 0x38, 0xe0, 0x70, 0x7, 0x1c, 0x70,
    0x38, 0x3, 0x8e, 0x38, 0x1c, 0x1, 0xc7, 0x1c,
    0x1, 0xc7, 0x3, 0x8e, 0x0, 0xe3, 0x81, 0xc7,
    0x0, 0x71, 0xc0, 0x3, 0x80, 0x7, 0x0, 0x1,
    0xc0, 0x3, 0x80, 0x0, 0xe0, 0x1, 0xc0, 0x0,
    0x70, 0x7, 0x1c, 0x0, 0x38, 0x3, 0x8e, 0x0,
    0x1c, 0x1, 0xc7, 0x0, 0xe, 0x3f, 0x0, 0x7e,
    0x7, 0x1f, 0x80, 0x3f, 0x3, 0x8f, 0xc0, 0x1f,
    0x80,

    /* U+683C "格" */
    0x3, 0x80, 0x7, 0xfc, 0x1, 0xc0, 0x3, 0xfe,
    0x0, 0xe0, 0x1, 0xff, 0x1f, 0xfe, 0x7, 0x0,
    0x7f, 0xff, 0x3, 0x80, 0x3f, 0xff, 0x81, 0xc0,
    0x1c, 0xe, 0x3f, 0x0, 0xe, 0x7, 0x1f, 0x80,
    0x7, 0x3, 0x8f, 0xc0, 0x3, 0x81, 0xc0, 0x1c,
    0xe, 0x0, 0xe0, 0xe, 0x7, 0x0, 0x70, 0x7,
    0x3, 0x81, 0xff, 0x0, 0x7e, 0x0, 0xff, 0x80,
    0x3f, 0x0, 0x7f, 0xc0, 0x1f, 0x80, 0x3f, 0x1f,
    0xf0, 0x3f, 0x1f, 0x8f, 0xf8, 0x1f, 0x8f, 0xc7,
    0xfc, 0xf, 0xf8, 0xe0, 0x0, 0x0, 0x1c, 0x70,
    0x0, 0x0, 0xe, 0x38, 0x0, 0x0, 0x7, 0x1c,
    0x1, 0xff, 0xe3, 0x8e, 0x0, 0xff, 0xf1, 0xc7,
    0x0, 0x7f, 0xf8, 0x3, 0x81, 0xc0, 0x3, 0x81,
    0xc0, 0xe0, 0x1, 0xc0, 0xe0, 0x70, 0x0, 0xe0,
    0x70, 0x38, 0x0, 0x70, 0x38, 0x1c, 0x0, 0x38,
    0x1c, 0xe, 0x0, 0x1c, 0xe, 0x0, 0xff, 0xf0,
    0x7, 0x0, 0x7f, 0xf8, 0x3, 0x80, 0x3f, 0xfc,
    0x0,

    /* U+6848 "案" */
    0x0, 0x1, 0xc0, 0x0, 0x0, 0x0, 0xe0, 0x0,
    0x0, 0x0, 0x70, 0x0, 0x3, 0xff, 0xff, 0xff,
    0x81, 0xff, 0xff, 0xff, 0xc0, 0xff, 0xff, 0xff,
    0xe3, 0x80, 0x38, 0x0, 0xf, 0xc0, 0x1c, 0x0,
    0x7, 0xe0, 0xe, 0x0, 0x3, 0xff, 0xff, 0xff,
    0xff, 0xff, 0xff, 0xff, 0xff, 0xff, 0xff, 0xff,
    0xff, 0xf0, 0x38, 0x0, 0xe, 0x0, 0x1c, 0x0,
    0x7, 0x0, 0xe, 0x0, 0x3, 0x80, 0x0, 0xff,
    0xfe, 0x0, 0x0, 0x7f, 0xff, 0x0, 0x0, 0x3f,
    0xff, 0x80, 0x0, 0xe0, 0x70, 0x38, 0x0, 0x70,
    0x38, 0x1c, 0x0, 0x38, 0x1c, 0xe, 0x7, 0xff,
    0xff, 0xff, 0xff, 0xff, 0xff, 0xff, 0xff, 0xff,
    0xff, 0xff, 0xff, 0x0, 0xf, 0xf8, 0x0, 0x0,
    0x7, 0xfc, 0x0, 0x0, 0x3, 0xfe, 0x0, 0x0,
    0x7e, 0x38, 0xfc, 0x0, 0x3f, 0x1c, 0x7e, 0x0,
    0x1f, 0x8e, 0x3f, 0x3, 0xf0, 0x7, 0x0, 0x7f,
    0xf8, 0x3, 0x80, 0x3f, 0xfc, 0x1, 0xc0, 0x1f,
    0x80,

    /* U+691C "検" */
    0x3, 0x80, 0x3f, 0xe0, 0x1, 0xc0, 0x1f, 0xf0,
    0x0, 0xe0, 0xf, 0xf8, 0x1f, 0xfe, 0x38, 0x3,
    0x8f, 0xff, 0x1c, 0x1, 0xc7, 0xff, 0x8e, 0x0,
    0xe0, 0xe, 0x38, 0xff, 0x8e, 0x7, 0x1c, 0x7f,
    0xc7, 0x3, 0x8e, 0x3f, 0xe3, 0x81, 0xc0, 0x3,
    0x80, 0x0, 0xe0, 0x1, 0xc0, 0x0, 0x70, 0x0,
    0xe0, 0x1, 0xff, 0x1f, 0xff, 0xc0, 0xff, 0x8f,
    0xff, 0xe0, 0x7f, 0xc7, 0xff, 0xf0, 0x3f, 0x1c,
    0xe, 0x7, 0x1f, 0x8e, 0x7, 0x3, 0x8f, 0xc7,
    0x3, 0x81, 0xf8, 0xe3, 0x81, 0xc0, 0xfc, 0x71,
    0xc0, 0xe0, 0x7e, 0x38, 0xe0, 0x70, 0x3f, 0x1c,
    0xf, 0xff, 0xe3, 0x8e, 0x7, 0xff, 0xf1, 0xc7,
    0x3, 0xff, 0xf8, 0x3, 0x80, 0x7, 0x0, 0x1,
    0xc0, 0x3, 0x80, 0x0, 0xe0, 0x1, 0xc0, 0x0,
    0x70, 0x7, 0x1c, 0x0, 0x38, 0x3, 0x8e, 0x0,
    0x1c, 0x1, 0xc7, 0x0, 0xe, 0x3f, 0x0, 0x7e,
    0x7, 0x1f, 0x80, 0x3f, 0x3, 0x8f, 0xc0, 0x1f,
    0x80,

    /* U+697D "楽" */
    0x0, 0xe, 0x0, 0x0, 0x0, 0x7, 0x0, 0x0,
    0x0, 0x3, 0x80, 0x0, 0x1c, 0xf, 0xff, 0xe0,
    0x7e, 0x7, 0xff, 0xf0, 0x3f, 0x3, 0xff, 0xf8,
    0x1c, 0x7e, 0x0, 0x3, 0xf0, 0x3f, 0x0, 0x1,
    0xf8, 0x1f, 0x80, 0x0, 0xfc, 0x1, 0xff, 0xff,
    0xf0, 0x0, 0xff, 0xff, 0xf8, 0x0, 0x7f, 0xff,
    0xfc, 0x1, 0xf8, 0x0, 0xf, 0xc0, 0xfc, 0x0,
    0x7, 0xe0, 0x7e, 0x0, 0x3, 0xf1, 0xc0, 0xff,
    0xfe, 0x7, 0xe0, 0x7f, 0xff, 0x3, 0xf0, 0x3f,
    0xff, 0x81, 0xc0, 0x0, 0x70, 0x0, 0x0, 0x0,
    0x38, 0x0, 0x0, 0x0, 0x1c, 0x0, 0x7, 0xff,
    0xff, 0xff, 0xff, 0xff, 0xff, 0xff, 0xff, 0xff,
    0xff, 0xff, 0xff, 0x0, 0xf, 0xf8, 0x0, 0x0,
    0x7, 0xfc, 0x0, 0x0, 0x3, 0xfe, 0x0, 0x0,
    0x7e, 0x38, 0xfc, 0x0, 0x3f, 0x1c, 0x7e, 0x0,
    0x1f, 0x8e, 0x3f, 0x3, 0xf0, 0x7, 0x0, 0x7f,
    0xf8, 0x3, 0x80, 0x3f, 0xfc, 0x1, 0xc0, 0x1f,
    0x80,

    /* U+6A02 "樂" */
    0x1c, 0x1, 0xc0, 0x1c, 0xe, 0x0, 0xe0, 0xe,
    0x7, 0x0, 0x70, 0x7, 0x1c, 0x1, 0xff, 0x1c,
    0xe, 0x0, 0xff, 0x8e, 0x7, 0x0, 0x7f, 0xc7,
    0x3, 0x8f, 0xc0, 0x1f, 0x8f, 0xc7, 0xe0, 0xf,
    0xc7, 0xe3, 0xf0, 0x7, 0xe3, 0x8e, 0x3f, 0xff,
    0x8e, 0x7, 0x1f, 0xff, 0xc7, 0x3, 0x8f, 0xff,
    0xe3, 0x8e, 0x7, 0x0, 0x7e, 0x7, 0x3, 0x80,
    0x3f, 0x3, 0x81, 0xc0, 0x1f, 0x81, 0xff, 0x1f,
    0xf1, 0xff, 0xff, 0x8f, 0xf8, 0xff, 0xff, 0xc7,
    0xfc, 0x7f, 0xc0, 0x0, 0x70, 0x0, 0x0, 0x0,
    0x38, 0x0, 0x0, 0x0, 0x1c, 0x0, 0x7, 0xff,
    0xff, 0xff, 0xff, 0xff, 0xff, 0xff, 0xff, 0xff,
    0xff, 0xff, 0xff, 0x0, 0xf, 0xf8, 0x0, 0x0,
    0x7, 0xfc, 0x0, 0x0, 0x3, 0xfe, 0x0, 0x0,
    0x7e, 0x38, 0xfc, 0x0, 0x3f, 0x1c, 0x7e, 0x0,
    0x1f, 0x8e, 0x3f, 0x3, 0xf0, 0x7, 0x0, 0x7f,
    0xf8, 0x3, 0x80, 0x3f, 0xfc, 0x1, 0xc0, 0x1f,
    0x80,

    /* U+6A19 "標" */
    0x3, 0x8f, 0xff, 0xff, 0x81, 0xc7, 0xff, 0xff,
    0xc0, 0xe3, 0xff, 0xff, 0xff, 0xfe, 0x7, 0x1c,
    0xf, 0xff, 0x3, 0x8e, 0x7, 0xff, 0x81, 0xc7,
    0x0, 0xe, 0x7, 0xff, 0xf0, 0x7, 0x3, 0xff,
    0xf8, 0x3, 0x81, 0xff, 0xfc, 0x1, 0xc7, 0x1c,
    0x71, 0xc0, 0xe3, 0x8e, 0x38, 0xe0, 0x71, 0xc7,
    0x1c, 0x71, 0xf8, 0xe3, 0x8e, 0x38, 0xfc, 0x71,
    0xc7, 0x1c, 0x7e, 0x38, 0xe3, 0x8e, 0x3f, 0xe3,
    0xff, 0xf8, 0x1f, 0xf1, 0xff, 0xfc, 0xf, 0xf8,
    0xff, 0xfe, 0x38, 0xe0, 0x0, 0x0, 0x1c, 0x70,
    0x0, 0x0, 0xe, 0x38, 0x0, 0x0, 0x7, 0x1c,
    0x7f, 0xff, 0xff, 0x8e, 0x3f, 0xff, 0xff, 0xc7,
    0x1f, 0xff, 0xff, 0x3, 0x80, 0x7, 0x0, 0x1,
    0xc0, 0x3, 0x80, 0x0, 0xe0, 0x1, 0xc0, 0x0,
    0x70, 0x38, 0xe3, 0x80, 0x38, 0x1c, 0x71, 0xc0,
    0x1c, 0xe, 0x38, 0xe0, 0xe, 0x38, 0x1c, 0xe,
    0x7, 0x1c, 0xe, 0x7, 0x3, 0x8e, 0x7, 0x3,
    0x80,

    /* U+6A21 "模" */
    0x3, 0x81, 0xc0, 0x1c, 0x1, 0xc0, 0xe0, 0xe,
    0x0, 0xe0, 0x70, 0x7, 0x1f, 0xff, 0xff, 0xff,
    0xff, 0xff, 0xff, 0xff, 0xff, 0xff, 0xff, 0xff,
    0xfc, 0xe, 0x38, 0x0, 0xe, 0x7, 0x1c, 0x0,
    0x7, 0x3, 0x8e, 0x0, 0x3, 0x81, 0xc7, 0xff,
    0xff, 0xc0, 0xe3, 0xff, 0xff, 0xe0, 0x71, 0xff,
    0xff, 0xf1, 0xff, 0xe0, 0x0, 0x38, 0xff, 0xf0,
    0x0, 0x1c, 0x7f, 0xf8, 0x0, 0xe, 0x3f, 0x3,
    0xff, 0xf8, 0x1f, 0x81, 0xff, 0xfc, 0xf, 0xc0,
    0xff, 0xfe, 0x38, 0xe0, 0x1, 0xc0, 0x1c, 0x70,
    0x0, 0xe0, 0xe, 0x38, 0x0, 0x70, 0x7, 0x1c,
    0x7f, 0xff, 0xff, 0x8e, 0x3f, 0xff, 0xff, 0xc7,
    0x1f, 0xff, 0xff, 0x3, 0x80, 0x7, 0x0, 0x1,
    0xc0, 0x3, 0x80, 0x0, 0xe0, 0x1, 0xc0, 0x0,
    0x70, 0x7, 0x1c, 0x0, 0x38, 0x3, 0x8e, 0x0,
    0x1c, 0x1, 0xc7, 0x0, 0xe, 0x3f, 0x0, 0x7e,
    0x7, 0x1f, 0x80, 0x3f, 0x3, 0x8f, 0xc0, 0x1f,
    0x80,

    /* U+6A5F "機" */
    0x3, 0x81, 0xc7, 0x3, 0x81, 0xc0, 0xe3, 0x81,
    0xc0, 0xe0, 0x71, 0xc0, 0xff, 0xff, 0xc0, 0xe3,
    0x8f, 0xff, 0xe0, 0x71, 0xc7, 0xff, 0xf0, 0x38,
    0xe0, 0xe, 0x7, 0x1c, 0xe, 0x7, 0x3, 0x8e,
    0x7, 0x3, 0x81, 0xc7, 0x3, 0x81, 0xc7, 0x3,
    0x8e, 0x0, 0xe3, 0x81, 0xc7, 0x0, 0x71, 0xc0,
    0xe3, 0x81, 0xf8, 0xfc, 0x71, 0xf8, 0xfc, 0x7e,
    0x38, 0xfc, 0x7e, 0x3f, 0x1c, 0x7e, 0x3f, 0xe0,
    0xe, 0x38, 0x1f, 0xf0, 0x7, 0x1c, 0xf, 0xf8,
    0x3, 0x8e, 0x38, 0xe3, 0xff, 0xff, 0xfc, 0x71,
    0xff, 0xff, 0xfe, 0x38, 0xff, 0xff, 0xff, 0x1c,
    0x70, 0x38, 0x3, 0x8e, 0x38, 0x1c, 0x1, 0xc7,
    0x1c, 0xe, 0x0, 0x3, 0x8e, 0x7, 0x3, 0x81,
    0xc7, 0x3, 0x81, 0xc0, 0xe3, 0x81, 0xc0, 0xe0,
    0x7e, 0x38, 0x1f, 0x80, 0x3f, 0x1c, 0xf, 0xc0,
    0x1f, 0x8e, 0x7, 0xe0, 0xe, 0x0, 0xfc, 0xe,
    0x7, 0x0, 0x7e, 0x7, 0x3, 0x80, 0x3f, 0x3,
    0x80,

    /* U+6AA2 "檢" */
    0x3, 0x80, 0x3f, 0xe0, 0x1, 0xc0, 0x1f, 0xf0,
    0x0, 0xe0, 0xf, 0xf8, 0x1f, 0xfe, 0x38, 0x3,
    0x8f, 0xff, 0x1c, 0x1, 0xc7, 0xff, 0x8e, 0x0,
    0xe0, 0xe, 0x38, 0xff, 0x8e, 0x7, 0x1c, 0x7f,
    0xc7, 0x3, 0x8e, 0x3f, 0xe3, 0x81, 0xc0, 0x0,
    0x0, 0x0, 0xe0, 0x0, 0x0, 0x0, 0x70, 0x0,
    0x0, 0x1, 0xff, 0x1f, 0x8f, 0xc0, 0xff, 0x8f,
    0xc7, 0xe0, 0x7f, 0xc7, 0xe3, 0xf0, 0x3f, 0x1c,
    0xe, 0x7, 0x1f, 0x8e, 0x7, 0x3, 0x8f, 0xc7,
    0x3, 0x81, 0xf8, 0xe3, 0x81, 0xc0, 0xfc, 0x71,
    0xc0, 0xe0, 0x7e, 0x38, 0xe0, 0x70, 0x3f, 0x1c,
    0xf, 0xc7, 0xe3, 0x8e, 0x7, 0xe3, 0xf1, 0xc7,
    0x3, 0xf1, 0xf8, 0x3, 0x81, 0xc0, 0x1c, 0x1,
    0xc0, 0xe0, 0xe, 0x0, 0xe0, 0x70, 0x7, 0x0,
    0x71, 0xc7, 0x1c, 0x70, 0x38, 0xe3, 0x8e, 0x38,
    0x1c, 0x71, 0xc7, 0x1c, 0xe, 0x38, 0x1c, 0xe,
    0x7, 0x1c, 0xe, 0x7, 0x3, 0x8e, 0x7, 0x3,
    0x80,

    /* U+6B21 "次" */
    0xe0, 0xe, 0x0, 0x0, 0x70, 0x7, 0x0, 0x0,
    0x38, 0x3, 0x80, 0x0, 0x3, 0x81, 0xff, 0xff,
    0x81, 0xc0, 0xff, 0xff, 0xc0, 0xe0, 0x7f, 0xff,
    0xe0, 0x70, 0x38, 0x0, 0xe, 0x38, 0x1c, 0x0,
    0x7, 0x1c, 0xe, 0x0, 0x3, 0x80, 0x38, 0x1c,
    0x1, 0xc0, 0x1c, 0xe, 0x0, 0xe0, 0xe, 0x7,
    0x0, 0x70, 0x0, 0x3, 0x81, 0xc0, 0x0, 0x1,
    0xc0, 0xe0, 0x0, 0x0, 0xe0, 0x70, 0x7, 0x0,
    0x70, 0x0, 0x3, 0x80, 0x38, 0x0, 0x1, 0xc0,
    0x1c, 0x0, 0x7, 0x0, 0x71, 0xc0, 0x3, 0x80,
    0x38, 0xe0, 0x1, 0xc0, 0x1c, 0x70, 0x0, 0xe0,
    0xe, 0x38, 0x0, 0x70, 0x7, 0x1c, 0x0, 0x38,
    0x3, 0x8e, 0x0, 0xe0, 0xe, 0x0, 0xe0, 0x70,
    0x7, 0x0, 0x70, 0x38, 0x3, 0x80, 0x38, 0x1c,
    0xe, 0x0, 0x3, 0x8e, 0x7, 0x0, 0x1, 0xc7,
    0x3, 0x80, 0x0, 0xe3, 0x8e, 0x0, 0x0, 0xf,
    0xc7, 0x0, 0x0, 0x7, 0xe3, 0x80, 0x0, 0x3,
    0x80,

    /* U+6B62 "止" */
    0x0, 0x1, 0xc0, 0x0, 0x0, 0x0, 0xe0, 0x0,
    0x0, 0x0, 0x70, 0x0, 0x0, 0x0, 0x38, 0x0,
    0x0, 0x0, 0x1c, 0x0, 0x0, 0x0, 0xe, 0x0,
    0x0, 0x70, 0x7, 0x0, 0x0, 0x38, 0x3, 0x80,
    0x0, 0x1c, 0x1, 0xc0, 0x0, 0xe, 0x0, 0xff,
    0xfe, 0x7, 0x0, 0x7f, 0xff, 0x3, 0x80, 0x3f,
    0xff, 0x81, 0xc0, 0x1c, 0x0, 0x0, 0xe0, 0xe,
    0x0, 0x0, 0x70, 0x7, 0x0, 0x0, 0x38, 0x3,
    0x80, 0x0, 0x1c, 0x1, 0xc0, 0x0, 0xe, 0x0,
    0xe0, 0x0, 0x7, 0x0, 0x70, 0x0, 0x3, 0x80,
    0x38, 0x0, 0x1, 0xc0, 0x1c, 0x0, 0x0, 0xe0,
    0xe, 0x0, 0x0, 0x70, 0x7, 0x0, 0x0, 0x38,
    0x3, 0x80, 0x0, 0x1c, 0x1, 0xc0, 0x0, 0xe,
    0x0, 0xe0, 0x0, 0x7, 0x0, 0x70, 0x0, 0x3,
    0x80, 0x38, 0x0, 0x1, 0xc0, 0x1c, 0x0, 0x0,
    0xe0, 0xe, 0x0, 0x3, 0xff, 0xff, 0xff, 0xff,
    0xff, 0xff, 0xff, 0xff, 0xff, 0xff, 0xff, 0xff,
    0x80,

    /* U+6B63 "正" */
    0xff, 0xff, 0xff, 0xff, 0xff, 0xff, 0xff, 0xff,
    0xff, 0xff, 0xff, 0xff, 0xe0, 0x0, 0x38, 0x0,
    0x0, 0x0, 0x1c, 0x0, 0x0, 0x0, 0xe, 0x0,
    0x0, 0x0, 0x7, 0x0, 0x0, 0x0, 0x3, 0x80,
    0x0, 0x0, 0x1, 0xc0, 0x0, 0x0, 0x0, 0xe0,
    0x0, 0x0, 0x0, 0x70, 0x0, 0x0, 0x0, 0x38,
    0x0, 0x1, 0xc0, 0x1c, 0x0, 0x0, 0xe0, 0xe,
    0x0, 0x0, 0x70, 0x7, 0x0, 0x0, 0x38, 0x3,
    0xff, 0xf8, 0x1c, 0x1, 0xff, 0xfc, 0xe, 0x0,
    0xff, 0xfe, 0x7, 0x0, 0x70, 0x0, 0x3, 0x80,
    0x38, 0x0, 0x1, 0xc0, 0x1c, 0x0, 0x0, 0xe0,
    0xe, 0x0, 0x0, 0x70, 0x7, 0x0, 0x0, 0x38,
    0x3, 0x80, 0x0, 0x1c, 0x1, 0xc0, 0x0, 0xe,
    0x0, 0xe0, 0x0, 0x7, 0x0, 0x70, 0x0, 0x3,
    0x80, 0x38, 0x0, 0x1, 0xc0, 0x1c, 0x0, 0x0,
    0xe0, 0xe, 0x0, 0x3, 0xff, 0xff, 0xff, 0xff,
    0xff, 0xff, 0xff, 0xff, 0xff, 0xff, 0xff, 0xff,
    0x80,

    /* U+6B64 "此" */
    0x0, 0x70, 0x38, 0x0, 0x0, 0x38, 0x1c, 0x0,
    0x0, 0x1c, 0xe, 0x0, 0x0, 0xe, 0x7, 0x0,
    0x70, 0x7, 0x3, 0x80, 0x38, 0x3, 0x81, 0xc0,
    0x1c, 0x71, 0xff, 0xe0, 0x70, 0x38, 0xff, 0xf0,
    0x38, 0x1c, 0x7f, 0xf8, 0x1c, 0xe, 0x38, 0x1f,
    0xf0, 0x7, 0x1c, 0xf, 0xf8, 0x3, 0x8e, 0x7,
    0xfc, 0x1, 0xc7, 0x3, 0x80, 0x0, 0xe3, 0x81,
    0xc0, 0x0, 0x71, 0xc0, 0xe0, 0x0, 0x38, 0xe0,
    0x70, 0x0, 0x1c, 0x70, 0x38, 0x0, 0xe, 0x38,
    0x1c, 0x0, 0x7, 0x1c, 0xe, 0x0, 0xe3, 0x8e,
    0x7, 0x0, 0x71, 0xc7, 0x3, 0x80, 0x38, 0xe3,
    0x81, 0xc0, 0x1c, 0x71, 0xc0, 0xe0, 0xe, 0x38,
    0xe0, 0x70, 0x7, 0x1c, 0x71, 0xf8, 0x3, 0x8e,
    0x38, 0xfc, 0x1, 0xc7, 0x1c, 0x7e, 0x0, 0xe3,
    0x8f, 0xc7, 0x0, 0x71, 0xc7, 0xe3, 0x80, 0x38,
    0xe3, 0xf1, 0xc0, 0x1f, 0xfe, 0x0, 0x1f, 0xf1,
    0xff, 0x0, 0xf, 0xf8, 0xff, 0x80, 0x7, 0xfc,
    0x0,

    /* U+6B8B "残" */
    0xff, 0xfe, 0x7, 0x1c, 0x7f, 0xff, 0x3, 0x8e,
    0x3f, 0xff, 0x81, 0xc7, 0x3, 0x80, 0x3f, 0xfc,
    0x71, 0xc0, 0x1f, 0xfe, 0x38, 0xe0, 0xf, 0xff,
    0x1c, 0x7f, 0xc0, 0x1c, 0x0, 0x3f, 0xe0, 0xe,
    0x0, 0x1f, 0xf0, 0x7, 0x0, 0xe, 0x7, 0xff,
    0xff, 0xc7, 0x3, 0xff, 0xff, 0xe3, 0x81, 0xff,
    0xff, 0xf1, 0xc0, 0xe0, 0x70, 0x0, 0xe0, 0x70,
    0x38, 0x0, 0x70, 0x38, 0x1c, 0x1, 0xc7, 0x1f,
    0xff, 0xff, 0xe3, 0x8f, 0xff, 0xff, 0xf1, 0xc7,
    0xff, 0xff, 0xf8, 0xe3, 0x81, 0xc0, 0xfc, 0x71,
    0xc0, 0xe0, 0x7e, 0x38, 0xe0, 0x70, 0x38, 0x3,
    0x80, 0x38, 0xe0, 0x1, 0xc0, 0x1c, 0x70, 0x0,
    0xe0, 0xe, 0x38, 0x0, 0x70, 0x0, 0xe0, 0x0,
    0x38, 0x0, 0x70, 0x0, 0x1c, 0x0, 0x38, 0x0,
    0x70, 0x0, 0xfc, 0x70, 0x38, 0x0, 0x7e, 0x38,
    0x1c, 0x0, 0x3f, 0x1f, 0xf0, 0x3f, 0xe0, 0x71,
    0xf8, 0x1f, 0xf0, 0x38, 0xfc, 0xf, 0xf8, 0x1c,
    0x0,

    /* U+6BCD "母" */
    0x0, 0x7f, 0xff, 0xe0, 0x0, 0x3f, 0xff, 0xf0,
    0x0, 0x1f, 0xff, 0xf8, 0x0, 0x70, 0x0, 0x3,
    0x80, 0x38, 0x0, 0x1, 0xc0, 0x1c, 0x0, 0x0,
    0xe0, 0xe, 0x7, 0x0, 0x70, 0x7, 0x3, 0x80,
    0x38, 0x3, 0x81, 0xc0, 0x1c, 0x1, 0xc0, 0x1c,
    0xe, 0x0, 0xe0, 0xe, 0x7, 0x0, 0x70, 0x7,
    0x3, 0x8f, 0xff, 0xff, 0xff, 0xff, 0xff, 0xff,
    0xff, 0xff, 0xff, 0xff, 0xff, 0xfe, 0x38, 0x0,
    0x0, 0x38, 0x1c, 0x0, 0x0, 0x1c, 0xe, 0x0,
    0x0, 0xe, 0x7, 0x3, 0x80, 0x7, 0x3, 0x81,
    0xc0, 0x3, 0x81, 0xc0, 0xe0, 0x1, 0xc0, 0xe0,
    0xe, 0x0, 0xe0, 0x70, 0x7, 0x0, 0x70, 0x38,
    0x3, 0x80, 0x38, 0x3, 0xff, 0xff, 0xff, 0x81,
    0xff, 0xff, 0xff, 0xc0, 0xff, 0xff, 0xff, 0xe0,
    0x0, 0x0, 0x1c, 0x0, 0x0, 0x0, 0xe, 0x0,
    0x0, 0x0, 0x7, 0x0, 0x0, 0x3f, 0xfc, 0x0,
    0x0, 0x1f, 0xfe, 0x0, 0x0, 0xf, 0xff, 0x0,
    0x0,

    /* U+6BD4 "比" */
    0x1c, 0x0, 0x38, 0x0, 0xe, 0x0, 0x1c, 0x0,
    0x7, 0x0, 0xe, 0x0, 0x3, 0x80, 0x7, 0x0,
    0x71, 0xc0, 0x3, 0x80, 0x38, 0xe0, 0x1, 0xc0,
    0x1c, 0x7f, 0xf8, 0xe0, 0x70, 0x3f, 0xfc, 0x70,
    0x38, 0x1f, 0xfe, 0x38, 0x1c, 0xe, 0x0, 0x1f,
    0xf0, 0x7, 0x0, 0xf, 0xf8, 0x3, 0x80, 0x7,
    0xfc, 0x1, 0xc0, 0x3, 0x80, 0x0, 0xe0, 0x1,
    0xc0, 0x0, 0x70, 0x0, 0xe0, 0x0, 0x38, 0x0,
    0x70, 0x0, 0x1c, 0x0, 0x38, 0x0, 0xe, 0x0,
    0x1c, 0x0, 0x7, 0x0, 0xe, 0x0, 0xe3, 0x80,
    0x7, 0x0, 0x71, 0xc0, 0x3, 0x80, 0x38, 0xe0,
    0x1, 0xc0, 0x1c, 0x70, 0x0, 0xe0, 0xe, 0x38,
    0x0, 0x70, 0x7, 0x1c, 0x7e, 0x38, 0x3, 0x8e,
    0x3f, 0x1c, 0x1, 0xc7, 0x1f, 0x8e, 0x0, 0xe3,
    0xf0, 0x7, 0x0, 0x71, 0xf8, 0x3, 0x80, 0x38,
    0xfc, 0x1, 0xc0, 0x1f, 0x80, 0x0, 0x1f, 0xf1,
    0xc0, 0x0, 0xf, 0xf8, 0xe0, 0x0, 0x7, 0xfc,
    0x0,

    /* U+6C17 "気" */
    0x1c, 0x0, 0x0, 0x0, 0xe, 0x0, 0x0, 0x0,
    0x7, 0x0, 0x0, 0x0, 0x3, 0xff, 0xff, 0xff,
    0xf1, 0xff, 0xff, 0xff, 0xf8, 0xff, 0xff, 0xff,
    0xfc, 0x70, 0x0, 0x0, 0x0, 0x38, 0x0, 0x0,
    0x0, 0x1c, 0x0, 0x0, 0x0, 0x71, 0xff, 0xff,
    0xfe, 0x38, 0xff, 0xff, 0xff, 0x1c, 0x7f, 0xff,
    0xff, 0x80, 0x0, 0x0, 0x0, 0x0, 0x0, 0x0,
    0x0, 0x0, 0x0, 0x0, 0x0, 0x0, 0x3f, 0xff,
    0xff, 0xf8, 0x1f, 0xff, 0xff, 0xfc, 0xf, 0xff,
    0xff, 0xfe, 0x0, 0x0, 0x0, 0x0, 0xe0, 0x0,
    0x0, 0x0, 0x70, 0x0, 0x0, 0x0, 0x38, 0xff,
    0x81, 0xf8, 0x1c, 0x7f, 0xc0, 0xfc, 0xe, 0x3f,
    0xe0, 0x7e, 0x7, 0x0, 0xf, 0xc0, 0x1c, 0x0,
    0x7, 0xe0, 0xe, 0x0, 0x3, 0xf0, 0x7, 0x0,
    0x7e, 0x7, 0x3, 0x80, 0x3f, 0x3, 0x81, 0xc0,
    0x1f, 0x81, 0xc0, 0xe3, 0xf0, 0x0, 0x1c, 0xf,
    0xf8, 0x0, 0xe, 0x7, 0xfc, 0x0, 0x7, 0x3,
    0x80,

    /* U+6C42 "求" */
    0x0, 0x1, 0xc0, 0x1c, 0x0, 0x0, 0xe0, 0xe,
    0x0, 0x0, 0x70, 0x7, 0x1f, 0xff, 0xff, 0xfc,
    0x7f, 0xff, 0xff, 0xfe, 0x3f, 0xff, 0xff, 0xff,
    0x1c, 0x0, 0x7, 0x0, 0x0, 0x0, 0x3, 0x80,
    0x0, 0x0, 0x1, 0xc0, 0x0, 0xf, 0xc0, 0xe0,
    0x7e, 0x7, 0xe0, 0x70, 0x3f, 0x3, 0xf0, 0x38,
    0x1f, 0x80, 0x7, 0x1c, 0x70, 0x0, 0x3, 0x8e,
    0x38, 0x0, 0x1, 0xc7, 0x1c, 0x0, 0x0, 0x3,
    0xf0, 0x0, 0x0, 0x1, 0xf8, 0x0, 0x0, 0x0,
    0xfc, 0x0, 0x0, 0x3, 0xf1, 0xc0, 0x0, 0x1,
    0xf8, 0xe0, 0x0, 0x0, 0xfc, 0x70, 0x0, 0x1f,
    0x8e, 0x7, 0x0, 0xf, 0xc7, 0x3, 0x80, 0x7,
    0xe3, 0x81, 0xc0, 0xfc, 0x1, 0xc0, 0x1f, 0xfe,
    0x0, 0xe0, 0xf, 0xff, 0x0, 0x70, 0x7, 0xe0,
    0x0, 0x38, 0x0, 0x0, 0x0, 0x1c, 0x0, 0x0,
    0x0, 0xe, 0x0, 0x0, 0xf, 0xf8, 0x0, 0x0,
    0x7, 0xfc, 0x0, 0x0, 0x3, 0xfe, 0x0, 0x0,
    0x0,

    /* U+6C60 "池" */
    0x1c, 0x0, 0x7, 0x0, 0xe, 0x0, 0x3, 0x80,
    0x7, 0x0, 0x1, 0xc0, 0x0, 0x71, 0xc0, 0xff,
    0x80, 0x38, 0xe0, 0x7f, 0xc0, 0x1c, 0x70, 0x3f,
    0xe0, 0xe, 0x38, 0xfc, 0xe, 0x7, 0x1c, 0x7e,
    0x7, 0x3, 0x8e, 0x3f, 0x3, 0xf0, 0x7, 0xe3,
    0x81, 0xf8, 0x3, 0xf1, 0xc0, 0xfc, 0x1, 0xf8,
    0xe0, 0x71, 0xc7, 0xe0, 0x70, 0x38, 0xe3, 0xf0,
    0x38, 0x1c, 0x71, 0xf8, 0x1c, 0xe, 0x38, 0x1c,
    0xe, 0x38, 0x1c, 0xe, 0x7, 0x1c, 0xe, 0x7,
    0x3, 0x8e, 0x0, 0x3, 0x81, 0xc0, 0x0, 0x1,
    0xc0, 0xe0, 0x0, 0x0, 0xe0, 0x70, 0x0, 0x1c,
    0x70, 0x0, 0x1c, 0xe, 0x38, 0x0, 0xe, 0x7,
    0x1c, 0x0, 0x7, 0x1c, 0xe, 0x0, 0x3, 0x8e,
    0x7, 0x0, 0x1, 0xc7, 0x3, 0x80, 0x0, 0xfc,
    0x1, 0xc0, 0x0, 0x7e, 0x0, 0xe0, 0x0, 0x3f,
    0x0, 0x70, 0x0, 0x1f, 0x80, 0x7, 0xff, 0xf1,
    0xc0, 0x3, 0xff, 0xf8, 0xe0, 0x1, 0xff, 0xfc,
    0x0,

    /* U+6C7A "決" */
    0x1c, 0x0, 0x38, 0x0, 0xe, 0x0, 0x1c, 0x0,
    0x7, 0x0, 0xe, 0x0, 0x0, 0x71, 0xff, 0xfc,
    0x0, 0x38, 0xff, 0xfe, 0x0, 0x1c, 0x7f, 0xff,
    0x0, 0xe, 0x0, 0xe0, 0x70, 0x7, 0x0, 0x70,
    0x38, 0x3, 0x80, 0x38, 0x1c, 0x70, 0x0, 0x1c,
    0xe, 0x38, 0x0, 0xe, 0x7, 0x1c, 0x0, 0x7,
    0x3, 0x81, 0xc0, 0x3, 0x81, 0xc0, 0xe0, 0x1,
    0xc0, 0xe0, 0x70, 0x0, 0xe0, 0x70, 0x38, 0xff,
    0xff, 0xff, 0x1c, 0x7f, 0xff, 0xff, 0x8e, 0x3f,
    0xff, 0xff, 0xc0, 0x0, 0xe, 0x0, 0x0, 0x0,
    0x7, 0x0, 0x0, 0x0, 0x3, 0x80, 0x0, 0x1c,
    0x1, 0xc0, 0x0, 0xe, 0x0, 0xe0, 0x0, 0x7,
    0x0, 0x70, 0x0, 0x1c, 0x1, 0xc7, 0x0, 0xe,
    0x0, 0xe3, 0x80, 0x7, 0x0, 0x71, 0xc0, 0x1c,
    0x1, 0xc0, 0x1c, 0xe, 0x0, 0xe0, 0xe, 0x7,
    0x0, 0x70, 0x7, 0x3, 0x8f, 0xc0, 0x0, 0x7f,
    0xc7, 0xe0, 0x0, 0x3f, 0xe3, 0xf0, 0x0, 0x1f,
    0x80,

    /* U+6C92 "沒" */
    0x1c, 0x1, 0xc0, 0x0, 0xe, 0x0, 0xe0, 0x0,
    0x7, 0x0, 0x70, 0x0, 0x0, 0x70, 0x3f, 0xff,
    0x80, 0x38, 0x1f, 0xff, 0xc0, 0x1c, 0xf, 0xff,
    0xe0, 0xe, 0x7, 0x0, 0xe, 0x7, 0x3, 0x80,
    0x7, 0x3, 0x81, 0xc0, 0x3, 0xf0, 0x7, 0x0,
    0x1, 0xf8, 0x3, 0x80, 0x0, 0xfc, 0x1, 0xc0,
    0x0, 0x71, 0xc7, 0x0, 0x7f, 0xc0, 0xe3, 0x80,
    0x3f, 0xe0, 0x71, 0xc0, 0x1f, 0xf0, 0x38, 0x0,
    0x0, 0x0, 0x1c, 0x0, 0x0, 0x0, 0xe, 0x0,
    0x0, 0x0, 0x0, 0x3, 0xff, 0xff, 0x0, 0x1,
    0xff, 0xff, 0x80, 0x0, 0xff, 0xff, 0xc0, 0x1c,
    0x0, 0x0, 0x1c, 0xe, 0x0, 0x0, 0xe, 0x7,
    0x0, 0x0, 0x7, 0x1c, 0x1, 0xc0, 0xfc, 0xe,
    0x0, 0xe0, 0x7e, 0x7, 0x0, 0x70, 0x3f, 0x1c,
    0x0, 0x7, 0xe0, 0xe, 0x0, 0x3, 0xf0, 0x7,
    0x0, 0x1, 0xf8, 0x3, 0x81, 0xff, 0x3, 0xff,
    0xc0, 0xff, 0x81, 0xff, 0xe0, 0x7f, 0xc0, 0xff,
    0x80,

    /* U+6CA1 "没" */
    0x1c, 0x0, 0x3f, 0xe0, 0xe, 0x0, 0x1f, 0xf0,
    0x7, 0x0, 0xf, 0xf8, 0x0, 0x70, 0x38, 0x3,
    0x80, 0x38, 0x1c, 0x1, 0xc0, 0x1c, 0xe, 0x0,
    0xe0, 0xe, 0x7, 0x0, 0x70, 0x7, 0x3, 0x80,
    0x38, 0x3, 0x81, 0xc0, 0x1c, 0x70, 0x7, 0x0,
    0x1, 0xf8, 0x3, 0x80, 0x0, 0xfc, 0x1, 0xc0,
    0x0, 0x71, 0xc7, 0x1f, 0xff, 0xc0, 0xe3, 0x8f,
    0xff, 0xe0, 0x71, 0xc7, 0xff, 0xf0, 0x38, 0x0,
    0x0, 0x7, 0x1c, 0x0, 0x0, 0x3, 0x8e, 0x0,
    0x0, 0x1, 0xc0, 0x0, 0x70, 0x0, 0xe0, 0x0,
    0x38, 0x0, 0x70, 0x0, 0x1c, 0x0, 0x38, 0x1c,
    0x1, 0xc0, 0xe0, 0xe, 0x0, 0xe0, 0x70, 0x7,
    0x0, 0x70, 0x38, 0x1c, 0x0, 0x7, 0xe0, 0xe,
    0x0, 0x3, 0xf0, 0x7, 0x0, 0x1, 0xf8, 0x1c,
    0x0, 0x3f, 0x3, 0x8e, 0x0, 0x1f, 0x81, 0xc7,
    0x0, 0xf, 0xc0, 0xe3, 0x81, 0xf8, 0x0, 0xf,
    0xc0, 0xfc, 0x0, 0x7, 0xe0, 0x7e, 0x0, 0x3,
    0x80,

    /* U+6CD5 "法" */
    0x1c, 0x0, 0x7, 0x0, 0xe, 0x0, 0x3, 0x80,
    0x7, 0x0, 0x1, 0xc0, 0x0, 0x71, 0xff, 0xff,
    0xf0, 0x38, 0xff, 0xff, 0xf8, 0x1c, 0x7f, 0xff,
    0xfc, 0xe, 0x0, 0x1c, 0x0, 0x7, 0x0, 0xe,
    0x0, 0x3, 0x80, 0x7, 0x0, 0x70, 0x0, 0x3,
    0x80, 0x38, 0x0, 0x1, 0xc0, 0x1c, 0x0, 0x0,
    0xe0, 0x1, 0xc0, 0x0, 0x70, 0x0, 0xe0, 0x0,
    0x38, 0x0, 0x70, 0x0, 0x1c, 0x0, 0x38, 0xff,
    0xff, 0xff, 0x1c, 0x7f, 0xff, 0xff, 0x8e, 0x3f,
    0xff, 0xff, 0xc0, 0x0, 0xe, 0x0, 0x0, 0x0,
    0x7, 0x0, 0x0, 0x0, 0x3, 0x80, 0x0, 0x1c,
    0xe, 0x0, 0xe0, 0xe, 0x7, 0x0, 0x70, 0x7,
    0x3, 0x80, 0x38, 0x1c, 0xe, 0x0, 0x1c, 0xe,
    0x7, 0x0, 0xe, 0x7, 0x3, 0x80, 0x7, 0x1c,
    0xe, 0x0, 0xfc, 0x7e, 0x7, 0x0, 0x7e, 0x3f,
    0x3, 0x80, 0x3f, 0x1f, 0x81, 0xff, 0xe0, 0xf,
    0xc0, 0xff, 0xf0, 0x7, 0xe0, 0x7f, 0xf8, 0x3,
    0x80,

    /* U+6CE2 "波" */
    0x1c, 0x0, 0x7, 0x0, 0xe, 0x0, 0x3, 0x80,
    0x7, 0x0, 0x1, 0xc0, 0x0, 0x70, 0x3f, 0xff,
    0x80, 0x38, 0x1f, 0xff, 0xc0, 0x1c, 0xf, 0xff,
    0xe0, 0xe, 0x38, 0x1c, 0xe, 0x7, 0x1c, 0xe,
    0x7, 0x3, 0x8e, 0x7, 0x3, 0xf0, 0x7, 0x3,
    0x8e, 0x38, 0x3, 0x81, 0xc7, 0x1c, 0x1, 0xc0,
    0xe3, 0x81, 0xc0, 0xff, 0xff, 0xc0, 0xe0, 0x7f,
    0xff, 0xe0, 0x70, 0x3f, 0xff, 0xf0, 0x38, 0x1c,
    0x0, 0x7, 0x1c, 0xe, 0x0, 0x3, 0x8e, 0x7,
    0x0, 0x1, 0xc0, 0x3, 0x8e, 0x0, 0xe0, 0x1,
    0xc7, 0x0, 0x70, 0x0, 0xe3, 0x80, 0x38, 0x1c,
    0x71, 0xc0, 0xe0, 0xe, 0x38, 0xe0, 0x70, 0x7,
    0x1c, 0x70, 0x38, 0x1c, 0xe, 0x7, 0xe0, 0xe,
    0x7, 0x3, 0xf0, 0x7, 0x3, 0x81, 0xf8, 0x1c,
    0xe, 0x7, 0x3, 0x8e, 0x7, 0x3, 0x81, 0xc7,
    0x3, 0x81, 0xc0, 0xe3, 0x81, 0xc7, 0x0, 0xf,
    0xc0, 0xe3, 0x80, 0x7, 0xe0, 0x71, 0xc0, 0x3,
    0x80,

    /* U+6D41 "流" */
    0x1c, 0x0, 0x7, 0x0, 0xe, 0x0, 0x3, 0x80,
    0x7, 0x0, 0x1, 0xc0, 0x0, 0x71, 0xff, 0xff,
    0xf0, 0x38, 0xff, 0xff, 0xf8, 0x1c, 0x7f, 0xff,
    0xfc, 0xe, 0x0, 0xe0, 0x0, 0x7, 0x0, 0x70,
    0x0, 0x3, 0x80, 0x38, 0x0, 0x70, 0x0, 0xe0,
    0x7e, 0x38, 0x0, 0x70, 0x3f, 0x1c, 0x0, 0x38,
    0x1f, 0x81, 0xc0, 0xff, 0xf0, 0x38, 0xe0, 0x7f,
    0xf8, 0x1c, 0x70, 0x3f, 0xfc, 0xe, 0x38, 0x0,
    0x0, 0x0, 0x1c, 0x0, 0x0, 0x0, 0xe, 0x0,
    0x0, 0x0, 0x0, 0x0, 0x71, 0xc7, 0x0, 0x0,
    0x38, 0xe3, 0x80, 0x0, 0x1c, 0x71, 0xc0, 0x1c,
    0xe, 0x38, 0xe0, 0xe, 0x7, 0x1c, 0x70, 0x7,
    0x3, 0x8e, 0x38, 0x1c, 0x1, 0xc7, 0x1c, 0xe,
    0x0, 0xe3, 0x8e, 0x7, 0x0, 0x71, 0xc7, 0x1c,
    0x1, 0xc0, 0xe3, 0x8e, 0x0, 0xe0, 0x71, 0xc7,
    0x0, 0x70, 0x38, 0xe3, 0x81, 0xc0, 0x1c, 0xf,
    0xc0, 0xe0, 0xe, 0x7, 0xe0, 0x70, 0x7, 0x3,
    0x80,

    /* U+6D88 "消" */
    0x1c, 0xe, 0x7, 0x3, 0x8e, 0x7, 0x3, 0x81,
    0xc7, 0x3, 0x81, 0xc0, 0xe0, 0x70, 0x38, 0xe3,
    0x80, 0x38, 0x1c, 0x71, 0xc0, 0x1c, 0xe, 0x38,
    0xe0, 0xe, 0x7, 0xff, 0xf0, 0x7, 0x3, 0xff,
    0xf8, 0x3, 0x81, 0xff, 0xfc, 0x70, 0x7, 0x0,
    0x1, 0xf8, 0x3, 0x80, 0x0, 0xfc, 0x1, 0xc0,
    0x0, 0x71, 0xc0, 0xff, 0xff, 0xf8, 0xe0, 0x7f,
    0xff, 0xfc, 0x70, 0x3f, 0xff, 0xfe, 0x38, 0x1c,
    0x0, 0x7, 0x1c, 0xe, 0x0, 0x3, 0x8e, 0x7,
    0x0, 0x1, 0xc0, 0x3, 0x80, 0x0, 0xe0, 0x1,
    0xc0, 0x0, 0x70, 0x0, 0xe0, 0x0, 0x38, 0x1c,
    0x7f, 0xff, 0xfc, 0xe, 0x3f, 0xff, 0xfe, 0x7,
    0x1f, 0xff, 0xff, 0x1c, 0xe, 0x0, 0x3, 0x8e,
    0x7, 0x0, 0x1, 0xc7, 0x3, 0x80, 0x0, 0xfc,
    0x1, 0xc0, 0x0, 0x7e, 0x0, 0xe0, 0x0, 0x3f,
    0x0, 0x70, 0x0, 0x1f, 0x80, 0x38, 0x1f, 0xf1,
    0xc0, 0x1c, 0xf, 0xf8, 0xe0, 0xe, 0x7, 0xfc,
    0x0,

    /* U+6DFB "添" */
    0x1c, 0x0, 0x0, 0xff, 0x8e, 0x0, 0x0, 0x7f,
    0xc7, 0x0, 0x0, 0x3f, 0xe0, 0x71, 0xff, 0xe0,
    0x0, 0x38, 0xff, 0xf0, 0x0, 0x1c, 0x7f, 0xf8,
    0x0, 0xe, 0x0, 0xe0, 0x0, 0x7, 0x0, 0x70,
    0x0, 0x3, 0x80, 0x38, 0x0, 0x70, 0x3f, 0xff,
    0xff, 0xf8, 0x1f, 0xff, 0xff, 0xfc, 0xf, 0xff,
    0xff, 0xf1, 0xc0, 0x1c, 0xe, 0x0, 0xe0, 0xe,
    0x7, 0x0, 0x70, 0x7, 0x3, 0x80, 0x38, 0xfc,
    0x70, 0x38, 0x1c, 0x7e, 0x38, 0x1c, 0xe, 0x3f,
    0x1c, 0xe, 0x0, 0x0, 0xe, 0x0, 0xe0, 0x0,
    0x7, 0x0, 0x70, 0x0, 0x3, 0x80, 0x38, 0x1c,
    0x71, 0xf8, 0xe0, 0xe, 0x38, 0xfc, 0x70, 0x7,
    0x1c, 0x7e, 0x38, 0x1c, 0xe, 0x38, 0xe3, 0x8e,
    0x7, 0x1c, 0x71, 0xc7, 0x3, 0x8e, 0x38, 0xfc,
    0xe, 0x7, 0x1c, 0x7e, 0x7, 0x3, 0x8e, 0x3f,
    0x3, 0x81, 0xc7, 0x1f, 0x80, 0x3f, 0x0, 0x1,
    0xc0, 0x1f, 0x80, 0x0, 0xe0, 0xf, 0xc0, 0x0,
    0x0,

    /* U+6E05 "清" */
    0x1c, 0x0, 0x7, 0x0, 0xe, 0x0, 0x3, 0x80,
    0x7, 0x0, 0x1, 0xc0, 0x0, 0x71, 0xff, 0xff,
    0xf0, 0x38, 0xff, 0xff, 0xf8, 0x1c, 0x7f, 0xff,
    0xfc, 0xe, 0x0, 0x1c, 0x0, 0x7, 0x0, 0xe,
    0x0, 0x3, 0x80, 0x7, 0x0, 0x70, 0x7, 0xff,
    0xff, 0xf8, 0x3, 0xff, 0xff, 0xfc, 0x1, 0xff,
    0xff, 0xf1, 0xc0, 0x0, 0x70, 0x0, 0xe0, 0x0,
    0x38, 0x0, 0x70, 0x0, 0x1c, 0x0, 0x38, 0xff,
    0xff, 0xff, 0x1c, 0x7f, 0xff, 0xff, 0x8e, 0x3f,
    0xff, 0xff, 0xc0, 0x3, 0x80, 0x0, 0xe0, 0x1,
    0xc0, 0x0, 0x70, 0x0, 0xe0, 0x0, 0x38, 0x1c,
    0x7f, 0xff, 0xfc, 0xe, 0x3f, 0xff, 0xfe, 0x7,
    0x1f, 0xff, 0xff, 0x1c, 0xe, 0x0, 0x3, 0x8e,
    0x7, 0x0, 0x1, 0xc7, 0x3, 0x80, 0x0, 0xfc,
    0x1, 0xff, 0xff, 0xfe, 0x0, 0xff, 0xff, 0xff,
    0x0, 0x7f, 0xff, 0xff, 0x80, 0x38, 0x0, 0xf,
    0xc0, 0x1c, 0x0, 0x7, 0xe0, 0xe, 0x0, 0x3,
    0x80,

    /* U+6E08 "済" */
    0x1c, 0x0, 0x7, 0x0, 0xe, 0x0, 0x3, 0x80,
    0x7, 0x0, 0x1, 0xc0, 0x0, 0x7f, 0xff, 0xff,
    0xf0, 0x3f, 0xff, 0xff, 0xf8, 0x1f, 0xff, 0xff,
    0xfc, 0xe, 0x38, 0x0, 0x70, 0x7, 0x1c, 0x0,
    0x38, 0x3, 0x8e, 0x0, 0x1c, 0x70, 0x0, 0xe0,
    0x70, 0x38, 0x0, 0x70, 0x38, 0x1c, 0x0, 0x38,
    0x1c, 0x1, 0xc0, 0x1f, 0xfe, 0x0, 0xe0, 0xf,
    0xff, 0x0, 0x70, 0x7, 0xff, 0x80, 0x38, 0xfc,
    0x0, 0x3f, 0x1c, 0x7e, 0x0, 0x1f, 0x8e, 0x3f,
    0x0, 0xf, 0xc0, 0x3, 0xff, 0xff, 0x0, 0x1,
    0xff, 0xff, 0x80, 0x0, 0xff, 0xff, 0xc0, 0x1c,
    0x70, 0x0, 0xe0, 0xe, 0x38, 0x0, 0x70, 0x7,
    0x1c, 0x0, 0x38, 0x1c, 0xf, 0xff, 0xfc, 0xe,
    0x7, 0xff, 0xfe, 0x7, 0x3, 0xff, 0xff, 0x1c,
    0xe, 0x0, 0x3, 0x8e, 0x7, 0x0, 0x1, 0xc7,
    0x3, 0x80, 0x0, 0xe3, 0x8e, 0x0, 0x0, 0x71,
    0xc7, 0x0, 0x0, 0x38, 0xe3, 0x80, 0x0, 0x1c,
    0x0,

    /* U+6E2C "測" */
    0x1c, 0xf, 0xc0, 0x3, 0x8e, 0x7, 0xe0, 0x1,
    0xc7, 0x3, 0xf0, 0x0, 0xe0, 0x7e, 0x7, 0x1c,
    0x70, 0x3f, 0x3, 0x8e, 0x38, 0x1f, 0x81, 0xc7,
    0x1c, 0x1, 0xc0, 0xe3, 0x8e, 0x0, 0xe0, 0x71,
    0xc7, 0x0, 0x70, 0x38, 0xe3, 0xf0, 0x3f, 0xfc,
    0x71, 0xf8, 0x1f, 0xfe, 0x38, 0xfc, 0xf, 0xff,
    0x1c, 0x71, 0xc7, 0x3, 0x8e, 0x38, 0xe3, 0x81,
    0xc7, 0x1c, 0x71, 0xc0, 0xe3, 0x8e, 0x38, 0xe0,
    0x71, 0xc7, 0x1c, 0x70, 0x38, 0xe3, 0x8e, 0x38,
    0x1c, 0x71, 0xc0, 0x1f, 0xfe, 0x38, 0xe0, 0xf,
    0xff, 0x1c, 0x70, 0x7, 0xff, 0x8e, 0x38, 0xe3,
    0x81, 0xc7, 0x1c, 0x71, 0xc0, 0xe3, 0x8e, 0x38,
    0xe0, 0x71, 0xc7, 0xe0, 0x70, 0x38, 0x3, 0xf0,
    0x38, 0x1c, 0x1, 0xf8, 0x1c, 0xe, 0x0, 0xfc,
    0x1, 0xf8, 0x0, 0x7e, 0x0, 0xfc, 0x0, 0x3f,
    0x0, 0x7e, 0x0, 0x1f, 0x8f, 0xc0, 0xe3, 0xf1,
    0xc7, 0xe0, 0x71, 0xf8, 0xe3, 0xf0, 0x38, 0xfc,
    0x0,

    /* U+6E38 "游" */
    0x1c, 0xe, 0x7, 0x0, 0xe, 0x7, 0x3, 0x80,
    0x7, 0x3, 0x81, 0xc0, 0x0, 0x7f, 0xf8, 0xff,
    0xf0, 0x3f, 0xfc, 0x7f, 0xf8, 0x1f, 0xfe, 0x3f,
    0xfc, 0xe, 0x38, 0xe0, 0x0, 0x7, 0x1c, 0x70,
    0x0, 0x3, 0x8e, 0x38, 0x0, 0x70, 0x7, 0x3,
    0xfe, 0x38, 0x3, 0x81, 0xff, 0x1c, 0x1, 0xc0,
    0xff, 0x81, 0xc0, 0xfc, 0x0, 0x38, 0xe0, 0x7e,
    0x0, 0x1c, 0x70, 0x3f, 0x0, 0xe, 0x38, 0x1c,
    0x70, 0x38, 0x1c, 0xe, 0x38, 0x1c, 0xe, 0x7,
    0x1c, 0xe, 0x0, 0x3, 0x8f, 0xff, 0xe0, 0x1,
    0xc7, 0xff, 0xf0, 0x0, 0xe3, 0xff, 0xf8, 0x1c,
    0x71, 0xc0, 0xe0, 0xe, 0x38, 0xe0, 0x70, 0x7,
    0x1c, 0x70, 0x38, 0x1c, 0x70, 0x38, 0x1c, 0xe,
    0x38, 0x1c, 0xe, 0x7, 0x1c, 0xe, 0x7, 0x1c,
    0xe, 0x7, 0x3, 0x8e, 0x7, 0x3, 0x81, 0xc7,
    0x3, 0x81, 0xc0, 0xe3, 0x8e, 0x3f, 0x1f, 0x81,
    0xc7, 0x1f, 0x8f, 0xc0, 0xe3, 0x8f, 0xc7, 0xe0,
    0x0,

    /* U+6E4A "湊" */
    0x1c, 0x0, 0x7, 0x0, 0xe, 0x0, 0x3, 0x80,
    0x7, 0x0, 0x1, 0xc0, 0x0, 0x71, 0xff, 0xff,
    0xf0, 0x38, 0xff, 0xff, 0xf8, 0x1c, 0x7f, 0xff,
    0xfc, 0xe, 0x0, 0xe0, 0x0, 0x7, 0x0, 0x70,
    0x0, 0x3, 0x80, 0x38, 0x0, 0x70, 0x7, 0xff,
    0xff, 0xf8, 0x3, 0xff, 0xff, 0xfc, 0x1, 0xff,
    0xff, 0xf1, 0xc0, 0x1c, 0xe, 0x0, 0xe0, 0xe,
    0x7, 0x0, 0x70, 0x7, 0x3, 0x80, 0x38, 0xff,
    0xff, 0xff, 0x1c, 0x7f, 0xff, 0xff, 0x8e, 0x3f,
    0xff, 0xff, 0xc0, 0x3, 0x81, 0xc7, 0x0, 0x1,
    0xc0, 0xe3, 0x80, 0x0, 0xe0, 0x71, 0xc0, 0xe3,
    0x8f, 0xff, 0x1c, 0x71, 0xc7, 0xff, 0x8e, 0x38,
    0xe3, 0xff, 0xc7, 0xe3, 0x80, 0x7, 0x0, 0x71,
    0xc0, 0x3, 0x80, 0x38, 0xe0, 0x1, 0xc0, 0x1c,
    0x0, 0x7, 0x1c, 0xe, 0x0, 0x3, 0x8e, 0x7,
    0x0, 0x1, 0xc7, 0x3, 0x80, 0x3f, 0x0, 0x7f,
    0xc0, 0x1f, 0x80, 0x3f, 0xe0, 0xf, 0xc0, 0x1f,
    0x80,

    /* U+6E80 "満" */
    0x1c, 0xe, 0x0, 0xe0, 0xe, 0x7, 0x0, 0x70,
    0x7, 0x3, 0x80, 0x38, 0x0, 0x7f, 0xff, 0xff,
    0xf0, 0x3f, 0xff, 0xff, 0xf8, 0x1f, 0xff, 0xff,
    0xfc, 0xe, 0x38, 0x3, 0x80, 0x7, 0x1c, 0x1,
    0xc0, 0x3, 0x8e, 0x0, 0xe0, 0x70, 0x3f, 0xff,
    0xff, 0xf8, 0x1f, 0xff, 0xff, 0xfc, 0xf, 0xff,
    0xff, 0xf1, 0xc0, 0x3, 0x80, 0x0, 0xe0, 0x1,
    0xc0, 0x0, 0x70, 0x0, 0xe0, 0x0, 0x38, 0xff,
    0xff, 0xf8, 0x1c, 0x7f, 0xff, 0xfc, 0xe, 0x3f,
    0xff, 0xfe, 0x0, 0xe0, 0xe, 0x0, 0xe0, 0x70,
    0x7, 0x0, 0x70, 0x38, 0x3, 0x80, 0x38, 0xfc,
    0x71, 0xc7, 0x1c, 0x7e, 0x38, 0xe3, 0x8e, 0x3f,
    0x1c, 0x71, 0xc7, 0xe3, 0x8e, 0x38, 0xe3, 0xf1,
    0xc7, 0x1c, 0x71, 0xf8, 0xe3, 0x8e, 0x38, 0xfc,
    0x70, 0x3f, 0xe0, 0x7e, 0x38, 0x1f, 0xf0, 0x3f,
    0x1c, 0xf, 0xf8, 0x1f, 0x8e, 0x0, 0x3, 0xf1,
    0xc7, 0x0, 0x1, 0xf8, 0xe3, 0x80, 0x0, 0xfc,
    0x0,

    /* U+6E90 "源" */
    0x1c, 0xf, 0xff, 0xff, 0x8e, 0x7, 0xff, 0xff,
    0xc7, 0x3, 0xff, 0xff, 0xe0, 0x7e, 0x0, 0xe0,
    0x0, 0x3f, 0x0, 0x70, 0x0, 0x1f, 0x80, 0x38,
    0x0, 0x1, 0xc7, 0xff, 0xf0, 0x0, 0xe3, 0xff,
    0xf8, 0x0, 0x71, 0xff, 0xfc, 0x70, 0x3f, 0x0,
    0x1, 0xf8, 0x1f, 0x80, 0x0, 0xfc, 0xf, 0xc0,
    0x0, 0x71, 0xc7, 0xff, 0xff, 0xf8, 0xe3, 0xff,
    0xff, 0xfc, 0x71, 0xff, 0xff, 0xfe, 0x38, 0xfc,
    0x0, 0x7, 0x1c, 0x7e, 0x0, 0x3, 0x8e, 0x3f,
    0x0, 0x1, 0xc0, 0x1c, 0x7f, 0xff, 0x0, 0xe,
    0x3f, 0xff, 0x80, 0x7, 0x1f, 0xff, 0xc0, 0xe3,
    0x80, 0x38, 0x0, 0x71, 0xc0, 0x1c, 0x0, 0x38,
    0xe0, 0xe, 0x0, 0xe0, 0x71, 0xc7, 0x1c, 0x70,
    0x38, 0xe3, 0x8e, 0x38, 0x1c, 0x71, 0xc7, 0x1c,
    0x71, 0xc0, 0xe0, 0x7e, 0x38, 0xe0, 0x70, 0x3f,
    0x1c, 0x70, 0x38, 0x1f, 0x8e, 0x7, 0xe0, 0xf,
    0xc7, 0x3, 0xf0, 0x7, 0xe3, 0x81, 0xf8, 0x3,
    0x80,

    /* U+6E96 "準" */
    0xe0, 0xe, 0x0, 0xe0, 0x70, 0x7, 0x0, 0x70,
    0x38, 0x3, 0x80, 0x38, 0x3, 0x81, 0xff, 0xff,
    0xf1, 0xc0, 0xff, 0xff, 0xf8, 0xe0, 0x7f, 0xff,
    0xff, 0x81, 0xc0, 0x1c, 0x1, 0xc0, 0xe0, 0xe,
    0x0, 0xe0, 0x70, 0x7, 0x0, 0xe, 0x3f, 0xff,
    0xfe, 0x7, 0x1f, 0xff, 0xff, 0x3, 0x8f, 0xff,
    0xff, 0x80, 0x7, 0x0, 0x70, 0x0, 0x3, 0x80,
    0x38, 0x0, 0x1, 0xc0, 0x1c, 0x0, 0x38, 0xff,
    0xff, 0xf8, 0x1c, 0x7f, 0xff, 0xfc, 0xe, 0x3f,
    0xff, 0xfe, 0x38, 0x1c, 0x1, 0xc0, 0x1c, 0xe,
    0x0, 0xe0, 0xe, 0x7, 0x0, 0x70, 0x7, 0x0,
    0x7f, 0xff, 0xff, 0x80, 0x3f, 0xff, 0xff, 0xc0,
    0x1f, 0xff, 0xff, 0x0, 0x1, 0xc0, 0x0, 0x0,
    0x0, 0xe0, 0x0, 0x0, 0x0, 0x70, 0x0, 0x1f,
    0xff, 0xff, 0xff, 0xff, 0xff, 0xff, 0xff, 0xff,
    0xff, 0xff, 0xff, 0xfc, 0x0, 0x7, 0x0, 0x0,
    0x0, 0x3, 0x80, 0x0, 0x0, 0x1, 0xc0, 0x0,
    0x0,

    /* U+6EC5 "滅" */
    0x1c, 0x0, 0x0, 0xe3, 0x8e, 0x0, 0x0, 0x71,
    0xc7, 0x0, 0x0, 0x38, 0xe0, 0x71, 0xff, 0xff,
    0xf0, 0x38, 0xff, 0xff, 0xf8, 0x1c, 0x7f, 0xff,
    0xfc, 0xf, 0xc0, 0x3, 0x80, 0x7, 0xe0, 0x1,
    0xc0, 0x3, 0xf0, 0x0, 0xe0, 0x70, 0x3f, 0xff,
    0xf1, 0xf8, 0x1f, 0xff, 0xf8, 0xfc, 0xf, 0xff,
    0xfc, 0x71, 0xc7, 0x3, 0x8e, 0x38, 0xe3, 0x81,
    0xc7, 0x1c, 0x71, 0xc0, 0xe3, 0x8e, 0x38, 0xfc,
    0x71, 0xc7, 0x1c, 0x7e, 0x38, 0xe3, 0x8e, 0x3f,
    0x1c, 0x71, 0xc0, 0x1c, 0x7f, 0xc7, 0x0, 0xe,
    0x3f, 0xe3, 0x80, 0x7, 0x1f, 0xf1, 0xc0, 0xe3,
    0x81, 0xc0, 0xe0, 0x71, 0xc0, 0xe0, 0x70, 0x38,
    0xe0, 0x70, 0x38, 0xe0, 0x71, 0xc7, 0x1c, 0x70,
    0x38, 0xe3, 0x8e, 0x38, 0x1c, 0x71, 0xc7, 0x1c,
    0x70, 0x38, 0x1c, 0x7e, 0x38, 0x1c, 0xe, 0x3f,
    0x1c, 0xe, 0x7, 0x1f, 0x8e, 0x38, 0x1c, 0xf,
    0xc7, 0x1c, 0xe, 0x7, 0xe3, 0x8e, 0x7, 0x3,
    0x80,

    /* U+6ED1 "滑" */
    0x1c, 0x1, 0xff, 0xfc, 0xe, 0x0, 0xff, 0xfe,
    0x7, 0x0, 0x7f, 0xff, 0x0, 0x71, 0xc0, 0x0,
    0x70, 0x38, 0xe0, 0x0, 0x38, 0x1c, 0x70, 0x0,
    0x1c, 0xe, 0x38, 0x1f, 0xfe, 0x7, 0x1c, 0xf,
    0xff, 0x3, 0x8e, 0x7, 0xff, 0xf0, 0x7, 0x1c,
    0x1, 0xf8, 0x3, 0x8e, 0x0, 0xfc, 0x1, 0xc7,
    0x0, 0x71, 0xc0, 0xff, 0xff, 0xf8, 0xe0, 0x7f,
    0xff, 0xfc, 0x70, 0x3f, 0xff, 0xfe, 0x38, 0xe0,
    0x0, 0x7, 0x1c, 0x70, 0x0, 0x3, 0x8e, 0x38,
    0x0, 0x1, 0xc0, 0x0, 0x7f, 0xff, 0x0, 0x0,
    0x3f, 0xff, 0x80, 0x0, 0x1f, 0xff, 0xc0, 0x1c,
    0x70, 0x0, 0x1c, 0xe, 0x38, 0x0, 0xe, 0x7,
    0x1c, 0x0, 0x7, 0x1c, 0xf, 0xff, 0xff, 0x8e,
    0x7, 0xff, 0xff, 0xc7, 0x3, 0xff, 0xff, 0xfc,
    0x1, 0xc0, 0x0, 0x7e, 0x0, 0xe0, 0x0, 0x3f,
    0x0, 0x70, 0x0, 0x1f, 0x80, 0x38, 0x1f, 0xf1,
    0xc0, 0x1c, 0xf, 0xf8, 0xe0, 0xe, 0x7, 0xfc,
    0x0,

    /* U+706F "灯" */
    0x3, 0x81, 0xff, 0xff, 0x81, 0xc0, 0xff, 0xff,
    0xc0, 0xe0, 0x7f, 0xff, 0xfc, 0x71, 0xc0, 0x1c,
    0xe, 0x38, 0xe0, 0xe, 0x7, 0x1c, 0x70, 0x7,
    0x3, 0x8e, 0x38, 0x3, 0x81, 0xc7, 0x1c, 0x1,
    0xc0, 0xe3, 0x8e, 0x0, 0xe0, 0x71, 0xf8, 0x0,
    0x70, 0x38, 0xfc, 0x0, 0x38, 0x1c, 0x7e, 0x0,
    0x1c, 0xe, 0x38, 0x0, 0xe, 0x7, 0x1c, 0x0,
    0x7, 0x3, 0x8e, 0x0, 0x3, 0x80, 0x7, 0x0,
    0x1, 0xc0, 0x3, 0x80, 0x0, 0xe0, 0x1, 0xc0,
    0x0, 0x70, 0x0, 0xe0, 0x0, 0x38, 0x0, 0x70,
    0x0, 0x1c, 0x0, 0x38, 0x0, 0xe, 0x0, 0xe3,
    0x80, 0x7, 0x0, 0x71, 0xc0, 0x3, 0x80, 0x38,
    0xe0, 0x1, 0xc0, 0x1c, 0xe, 0x0, 0xe0, 0xe,
    0x7, 0x0, 0x70, 0x7, 0x3, 0x80, 0x38, 0x1c,
    0x1, 0xc0, 0x1c, 0xe, 0x0, 0xe0, 0xe, 0x7,
    0x0, 0x70, 0x7, 0x3, 0x80, 0x0, 0xfc, 0x1,
    0xc0, 0x0, 0x7e, 0x0, 0xe0, 0x0, 0x3f, 0x0,
    0x0,

    /* U+70B9 "点" */
    0x0, 0x1, 0xc0, 0x0, 0x0, 0x0, 0xe0, 0x0,
    0x0, 0x0, 0x70, 0x0, 0x0, 0x0, 0x3f, 0xff,
    0xf0, 0x0, 0x1f, 0xff, 0xf8, 0x0, 0xf, 0xff,
    0xfc, 0x0, 0x7, 0x0, 0x0, 0x0, 0x3, 0x80,
    0x0, 0x0, 0x1, 0xc0, 0x0, 0x1, 0xff, 0xff,
    0xf0, 0x0, 0xff, 0xff, 0xf8, 0x0, 0x7f, 0xff,
    0xfc, 0x1, 0xc0, 0x0, 0x1, 0xc0, 0xe0, 0x0,
    0x0, 0xe0, 0x70, 0x0, 0x0, 0x70, 0x38, 0x0,
    0x0, 0x38, 0x1c, 0x0, 0x0, 0x1c, 0xe, 0x0,
    0x0, 0xe, 0x7, 0x0, 0x0, 0x7, 0x3, 0x80,
    0x0, 0x3, 0x81, 0xc0, 0x0, 0x1, 0xc0, 0x1f,
    0xff, 0xff, 0x0, 0xf, 0xff, 0xff, 0x80, 0x7,
    0xff, 0xff, 0xc0, 0x0, 0x0, 0x0, 0x0, 0x0,
    0x0, 0x0, 0x0, 0x0, 0x0, 0x0, 0x0, 0x3,
    0x8e, 0x7, 0x3, 0x81, 0xc7, 0x3, 0x81, 0xc0,
    0xe3, 0x81, 0xc0, 0xe3, 0x80, 0x38, 0x1c, 0xf,
    0xc0, 0x1c, 0xe, 0x7, 0xe0, 0xe, 0x7, 0x3,
    0x80,

    /* U+70BA "為" */
    0x3, 0x80, 0x0, 0xe0, 0x1, 0xc0, 0x0, 0x70,
    0x0, 0xe0, 0x0, 0x38, 0x0, 0xe, 0x0, 0xe0,
    0x0, 0x7, 0x0, 0x70, 0x0, 0x3, 0x80, 0x38,
    0x0, 0x7f, 0xff, 0xfc, 0x0, 0x3f, 0xff, 0xfe,
    0x0, 0x1f, 0xff, 0xff, 0x0, 0x0, 0x7, 0x0,
    0x70, 0x0, 0x3, 0x80, 0x38, 0x0, 0x1, 0xc0,
    0x1c, 0x0, 0x7, 0xff, 0xfe, 0x0, 0x3, 0xff,
    0xff, 0x0, 0x1, 0xff, 0xff, 0x80, 0x7, 0x0,
    0x0, 0x38, 0x3, 0x80, 0x0, 0x1c, 0x1, 0xc0,
    0x0, 0xe, 0x7, 0xff, 0xff, 0xff, 0x3, 0xff,
    0xff, 0xff, 0x81, 0xff, 0xff, 0xff, 0xc7, 0x0,
    0x0, 0x0, 0x1f, 0x80, 0x0, 0x0, 0xf, 0xc0,
    0x0, 0x0, 0x7, 0x1c, 0x71, 0xc7, 0x3, 0x8e,
    0x38, 0xe3, 0x81, 0xc7, 0x1c, 0x71, 0xc0, 0xe3,
    0x8e, 0x38, 0x0, 0x71, 0xc7, 0x1c, 0x0, 0x38,
    0xe3, 0x8e, 0x0, 0x1f, 0x80, 0x0, 0x1f, 0xf1,
    0xc0, 0x0, 0xf, 0xf8, 0xe0, 0x0, 0x7, 0xfc,
    0x0,

    /* U+7121 "無" */
    0x1c, 0x0, 0x0, 0x0, 0xe, 0x0, 0x0, 0x0,
    0x7, 0x0, 0x0, 0x0, 0x3, 0xff, 0xff, 0xff,
    0xf1, 0xff, 0xff, 0xff, 0xf8, 0xff, 0xff, 0xff,
    0xff, 0x8e, 0x38, 0xe3, 0x81, 0xc7, 0x1c, 0x71,
    0xc0, 0xe3, 0x8e, 0x38, 0xe0, 0x1, 0xc7, 0x1c,
    0x70, 0x0, 0xe3, 0x8e, 0x38, 0x0, 0x71, 0xc7,
    0x1c, 0xf, 0xff, 0xff, 0xff, 0xff, 0xff, 0xff,
    0xff, 0xff, 0xff, 0xff, 0xff, 0xfe, 0x7, 0x1c,
    0x71, 0xc0, 0x3, 0x8e, 0x38, 0xe0, 0x1, 0xc7,
    0x1c, 0x70, 0x0, 0xe3, 0x8e, 0x38, 0x0, 0x71,
    0xc7, 0x1c, 0x0, 0x38, 0xe3, 0x8e, 0x7, 0xff,
    0xff, 0xff, 0xff, 0xff, 0xff, 0xff, 0xff, 0xff,
    0xff, 0xff, 0xff, 0x0, 0x0, 0x0, 0x0, 0x0,
    0x0, 0x0, 0x0, 0x0, 0x0, 0x0, 0x0, 0x3,
    0x8e, 0x7, 0x3, 0x81, 0xc7, 0x3, 0x81, 0xc0,
    0xe3, 0x81, 0xc0, 0xe3, 0x80, 0x38, 0x1c, 0xf,
    0xc0, 0x1c, 0xe, 0x7, 0xe0, 0xe, 0x7, 0x3,
    0x80,

    /* U+71C8 "燈" */
    0x3, 0x8f, 0xc0, 0xe0, 0x1, 0xc7, 0xe0, 0x70,
    0x0, 0xe3, 0xf0, 0x38, 0x1c, 0x70, 0x7, 0x1f,
    0x8e, 0x38, 0x3, 0x8f, 0xc7, 0x1c, 0x1, 0xc7,
    0xe3, 0x8e, 0x38, 0xe3, 0x8f, 0xc7, 0x1c, 0x71,
    0xc7, 0xe3, 0x8e, 0x38, 0xe3, 0xf1, 0xf8, 0xe0,
    0xe, 0x38, 0xfc, 0x70, 0x7, 0x1c, 0x7e, 0x38,
    0x3, 0x8e, 0x38, 0xe3, 0xfe, 0x3f, 0x1c, 0x71,
    0xff, 0x1f, 0x8e, 0x38, 0xff, 0x8e, 0x7, 0x3,
    0x80, 0x38, 0x3, 0x81, 0xc0, 0x1c, 0x1, 0xc0,
    0xe0, 0xe, 0x0, 0xe0, 0x70, 0x7, 0x0, 0x70,
    0x38, 0x3, 0x80, 0x38, 0x1c, 0x1, 0xc0, 0xe3,
    0x81, 0xff, 0x0, 0x71, 0xc0, 0xff, 0x80, 0x38,
    0xe0, 0x7f, 0xc0, 0x1c, 0x71, 0xc0, 0x1c, 0xe,
    0x38, 0xe0, 0xe, 0x7, 0x1c, 0x70, 0x7, 0x1c,
    0xe, 0x7, 0x1c, 0xe, 0x7, 0x3, 0x8e, 0x7,
    0x3, 0x81, 0xc7, 0x3, 0x80, 0x3f, 0xff, 0xff,
    0xc0, 0x1f, 0xff, 0xff, 0xe0, 0xf, 0xff, 0xff,
    0x80,

    /* U+71D2 "燒" */
    0x3, 0x80, 0x7, 0x0, 0x1, 0xc0, 0x3, 0x80,
    0x0, 0xe0, 0x1, 0xc0, 0x1c, 0x71, 0xff, 0xff,
    0xfe, 0x38, 0xff, 0xff, 0xff, 0x1c, 0x7f, 0xff,
    0xff, 0x8f, 0xc0, 0x1c, 0x1, 0xc7, 0xe0, 0xe,
    0x0, 0xe3, 0xf0, 0x7, 0x0, 0x71, 0xc7, 0xff,
    0xff, 0xf8, 0xe3, 0xff, 0xff, 0xfc, 0x71, 0xff,
    0xff, 0xfe, 0x38, 0x1c, 0x1, 0xc7, 0x1c, 0xe,
    0x0, 0xe3, 0x8e, 0x7, 0x0, 0x70, 0x7, 0x1f,
    0xf1, 0xff, 0x3, 0x8f, 0xf8, 0xff, 0x81, 0xc7,
    0xfc, 0x7f, 0xc0, 0xe0, 0x70, 0x7, 0x0, 0x70,
    0x38, 0x3, 0x80, 0x38, 0x1c, 0x1, 0xc0, 0xe3,
    0xff, 0xff, 0xfc, 0x71, 0xff, 0xff, 0xfe, 0x38,
    0xff, 0xff, 0xff, 0x1c, 0x70, 0x38, 0xe0, 0xe,
    0x38, 0x1c, 0x70, 0x7, 0x1c, 0xe, 0x38, 0x1c,
    0x0, 0x38, 0x1c, 0x7e, 0x0, 0x1c, 0xe, 0x3f,
    0x0, 0xe, 0x7, 0x1f, 0x81, 0xf8, 0x0, 0x71,
    0xc0, 0xfc, 0x0, 0x38, 0xe0, 0x7e, 0x0, 0x1c,
    0x0,

    /* U+720D "爍" */
    0x3, 0x81, 0xc7, 0x3, 0x81, 0xc0, 0xe3, 0x81,
    0xc0, 0xe0, 0x71, 0xc0, 0xfc, 0x71, 0xc0, 0xe3,
    0x8e, 0x38, 0xe0, 0x71, 0xc7, 0x1c, 0x70, 0x38,
    0xe3, 0x8f, 0xf8, 0xe3, 0xf1, 0xc7, 0xfc, 0x71,
    0xf8, 0xe3, 0xfe, 0x38, 0xfc, 0x71, 0xc0, 0xff,
    0xf1, 0xf8, 0xe0, 0x7f, 0xf8, 0xfc, 0x70, 0x3f,
    0xfc, 0x7e, 0x38, 0xe3, 0x8f, 0xc7, 0x1c, 0x71,
    0xc7, 0xe3, 0x8e, 0x38, 0xe3, 0xf0, 0x7, 0x1f,
    0xf1, 0xc7, 0x3, 0x8f, 0xf8, 0xe3, 0x81, 0xc7,
    0xfc, 0x71, 0xc0, 0xe0, 0x1, 0xc0, 0x0, 0x70,
    0x0, 0xe0, 0x0, 0x38, 0x0, 0x70, 0x0, 0xe3,
    0xff, 0xff, 0xfc, 0x71, 0xff, 0xff, 0xfe, 0x38,
    0xff, 0xff, 0xff, 0x1c, 0x70, 0x3f, 0xe0, 0xe,
    0x38, 0x1f, 0xf0, 0x7, 0x1c, 0xf, 0xf8, 0x1c,
    0x0, 0x38, 0xe3, 0x8e, 0x0, 0x1c, 0x71, 0xc7,
    0x0, 0xe, 0x38, 0xe3, 0x81, 0xf8, 0x1c, 0xf,
    0xc0, 0xfc, 0xe, 0x7, 0xe0, 0x7e, 0x7, 0x3,
    0x80,

    /* U+7247 "片" */
    0x3, 0x80, 0x38, 0x0, 0x1, 0xc0, 0x1c, 0x0,
    0x0, 0xe0, 0xe, 0x0, 0x0, 0x70, 0x7, 0x0,
    0x0, 0x38, 0x3, 0x80, 0x0, 0x1c, 0x1, 0xc0,
    0x0, 0xf, 0xff, 0xff, 0xfe, 0x7, 0xff, 0xff,
    0xff, 0x3, 0xff, 0xff, 0xff, 0x81, 0xc0, 0x0,
    0x0, 0x0, 0xe0, 0x0, 0x0, 0x0, 0x70, 0x0,
    0x0, 0x0, 0x38, 0x0, 0x0, 0x0, 0x1c, 0x0,
    0x0, 0x0, 0xe, 0x0, 0x0, 0x0, 0x7, 0xff,
    0xff, 0xc0, 0x3, 0xff, 0xff, 0xe0, 0x1, 0xff,
    0xff, 0xf0, 0x0, 0xe0, 0x0, 0x7, 0x0, 0x70,
    0x0, 0x3, 0x80, 0x38, 0x0, 0x1, 0xc0, 0x1c,
    0x0, 0x0, 0xe0, 0xe, 0x0, 0x0, 0x70, 0x7,
    0x0, 0x0, 0x38, 0x1c, 0x0, 0x0, 0x1c, 0xe,
    0x0, 0x0, 0xe, 0x7, 0x0, 0x0, 0x7, 0x3,
    0x80, 0x0, 0x3, 0x81, 0xc0, 0x0, 0x1, 0xc0,
    0xe0, 0x0, 0x0, 0xe3, 0x80, 0x0, 0x0, 0x71,
    0xc0, 0x0, 0x0, 0x38, 0xe0, 0x0, 0x0, 0x1c,
    0x0,

    /* U+7248 "版" */
    0x1c, 0x70, 0x3f, 0xff, 0x8e, 0x38, 0x1f, 0xff,
    0xc7, 0x1c, 0xf, 0xff, 0xe3, 0x8e, 0x38, 0x0,
    0x1, 0xc7, 0x1c, 0x0, 0x0, 0xe3, 0x8e, 0x0,
    0x0, 0x7f, 0xff, 0x0, 0x0, 0x3f, 0xff, 0x80,
    0x0, 0x1f, 0xff, 0xc0, 0x0, 0xe, 0x0, 0xff,
    0xfe, 0x7, 0x0, 0x7f, 0xff, 0x3, 0x80, 0x3f,
    0xff, 0x81, 0xf8, 0x1c, 0x0, 0x38, 0xfc, 0xe,
    0x0, 0x1c, 0x7e, 0x7, 0x0, 0xe, 0x38, 0xe3,
    0x8e, 0x7, 0x1c, 0x71, 0xc7, 0x3, 0x8e, 0x38,
    0xe3, 0x81, 0xc7, 0x1c, 0x71, 0xc7, 0x3, 0x8e,
    0x38, 0xe3, 0x81, 0xc7, 0x1c, 0x71, 0xc0, 0xe3,
    0x8e, 0x7, 0x0, 0x71, 0xc7, 0x3, 0x80, 0x38,
    0xe3, 0x81, 0xc0, 0x1c, 0x7e, 0x0, 0xe0, 0xe,
    0x3f, 0x0, 0x70, 0x7, 0x1f, 0x80, 0x38, 0x1c,
    0xe, 0x0, 0xe3, 0x8e, 0x7, 0x0, 0x71, 0xc7,
    0x3, 0x80, 0x38, 0xe3, 0x81, 0xc7, 0xe0, 0xf,
    0xc0, 0xe3, 0xf0, 0x7, 0xe0, 0x71, 0xf8, 0x3,
    0x80,

    /* U+7269 "物" */
    0x0, 0x71, 0xc0, 0x0, 0x0, 0x38, 0xe0, 0x0,
    0x0, 0x1c, 0x70, 0x0, 0x3, 0x8e, 0x3f, 0xff,
    0x81, 0xc7, 0x1f, 0xff, 0xc0, 0xe3, 0x8f, 0xff,
    0xe0, 0x7f, 0xf8, 0xe3, 0x8e, 0x3f, 0xfc, 0x71,
    0xc7, 0x1f, 0xfe, 0x38, 0xe3, 0x8e, 0x38, 0x1c,
    0x71, 0xc7, 0x1c, 0xe, 0x38, 0xe3, 0x8e, 0x7,
    0x1c, 0x7e, 0x7, 0x3, 0x8e, 0x3f, 0x3, 0x81,
    0xc7, 0x1f, 0x81, 0xc0, 0xe3, 0x8e, 0x0, 0xe3,
    0x81, 0xc7, 0x0, 0x71, 0xc0, 0xe3, 0x80, 0x38,
    0xe0, 0x71, 0xc0, 0x1c, 0x70, 0x38, 0xe0, 0xe,
    0x38, 0x1c, 0x70, 0x7, 0x1c, 0xe, 0x38, 0x1f,
    0xf0, 0x38, 0x1c, 0xf, 0xf8, 0x1c, 0xe, 0x7,
    0xfc, 0xe, 0x7, 0xfc, 0x70, 0x7, 0x3, 0xfe,
    0x38, 0x3, 0x81, 0xff, 0x1c, 0x1, 0xc0, 0xe0,
    0xe, 0x7, 0x0, 0x70, 0x7, 0x3, 0x80, 0x38,
    0x3, 0x81, 0xc0, 0x1c, 0x1, 0xc7, 0x3, 0xf0,
    0x0, 0xe3, 0x81, 0xf8, 0x0, 0x71, 0xc0, 0xfc,
    0x0,

    /* U+72B6 "状" */
    0x3, 0x80, 0x7, 0x1c, 0x1, 0xc0, 0x3, 0x8e,
    0x0, 0xe0, 0x1, 0xc7, 0x0, 0x70, 0x0, 0xe0,
    0x70, 0x38, 0x0, 0x70, 0x38, 0x1c, 0x0, 0x38,
    0x1f, 0x8e, 0x3f, 0xff, 0xff, 0xc7, 0x1f, 0xff,
    0xff, 0xe3, 0x8f, 0xff, 0xff, 0x8f, 0xc0, 0x3,
    0x80, 0x7, 0xe0, 0x1, 0xc0, 0x3, 0xf0, 0x0,
    0xe0, 0x0, 0x38, 0x0, 0x70, 0x0, 0x1c, 0x0,
    0x38, 0x0, 0xe, 0x0, 0x1c, 0x0, 0x7, 0x0,
    0x71, 0xc0, 0x3, 0x80, 0x38, 0xe0, 0x1, 0xc0,
    0x1c, 0x70, 0x0, 0xe0, 0xe, 0x38, 0x0, 0x70,
    0x7, 0x1c, 0x0, 0x38, 0x3, 0x8e, 0x0, 0xfc,
    0xe, 0x0, 0xe0, 0x7e, 0x7, 0x0, 0x70, 0x3f,
    0x3, 0x80, 0x38, 0xe3, 0x81, 0xc0, 0x1c, 0x71,
    0xc0, 0xe0, 0xe, 0x38, 0xe0, 0x70, 0x7, 0x0,
    0x71, 0xc0, 0x0, 0x70, 0x38, 0xe0, 0x0, 0x38,
    0x1c, 0x70, 0x0, 0x1c, 0xf, 0xc0, 0x0, 0xe,
    0x7, 0xe0, 0x0, 0x7, 0x3, 0xf0, 0x0, 0x3,
    0x80,

    /* U+72EC "独" */
    0x1c, 0x70, 0x7, 0x0, 0xe, 0x38, 0x3, 0x80,
    0x7, 0x1c, 0x1, 0xc0, 0x0, 0x70, 0x3f, 0xff,
    0x80, 0x38, 0x1f, 0xff, 0xc0, 0x1c, 0xf, 0xff,
    0xe0, 0xe, 0x38, 0x1c, 0xe, 0x7, 0x1c, 0xe,
    0x7, 0x3, 0x8e, 0x7, 0x3, 0x8e, 0x3f, 0x3,
    0x81, 0xc7, 0x1f, 0x81, 0xc0, 0xe3, 0x8f, 0xc0,
    0xe0, 0x7e, 0x7, 0xe0, 0x70, 0x3f, 0x3, 0xf0,
    0x38, 0x1f, 0x81, 0xf8, 0x1c, 0xe, 0x7, 0xfc,
    0xe, 0x7, 0x3, 0xfe, 0x7, 0x3, 0x81, 0xff,
    0x3, 0x81, 0xc7, 0x1c, 0x7f, 0xff, 0x3, 0x8e,
    0x3f, 0xff, 0x81, 0xc7, 0x1f, 0xff, 0xc7, 0x3,
    0x80, 0x38, 0x3, 0x81, 0xc0, 0x1c, 0x1, 0xc0,
    0xe0, 0xe, 0x0, 0x0, 0x70, 0x7, 0x1c, 0x0,
    0x38, 0x3, 0x8e, 0x0, 0x1c, 0x1, 0xc7, 0x0,
    0x70, 0x0, 0xfc, 0x70, 0x38, 0x0, 0x7e, 0x38,
    0x1c, 0x0, 0x3f, 0x1f, 0xf0, 0x3f, 0xe0, 0xf,
    0xf8, 0x1f, 0xf0, 0x7, 0xfc, 0xf, 0xf8, 0x3,
    0x80,

    /* U+72ED "狭" */
    0x1c, 0x70, 0x7, 0x0, 0xe, 0x38, 0x3, 0x80,
    0x7, 0x1c, 0x1, 0xc0, 0x0, 0x71, 0xff, 0xff,
    0xf0, 0x38, 0xff, 0xff, 0xf8, 0x1c, 0x7f, 0xff,
    0xfc, 0xe, 0x0, 0x1c, 0x0, 0x7, 0x0, 0xe,
    0x0, 0x3, 0x80, 0x7, 0x0, 0xe, 0x3f, 0x3,
    0x81, 0xc7, 0x1f, 0x81, 0xc0, 0xe3, 0x8f, 0xc0,
    0xe0, 0x7e, 0x7, 0x1c, 0x71, 0xc7, 0x3, 0x8e,
    0x38, 0xe3, 0x81, 0xc7, 0x1c, 0x70, 0x7, 0xe0,
    0xe, 0x0, 0x3, 0xf0, 0x7, 0x0, 0x1, 0xf8,
    0x3, 0x80, 0x7, 0x1f, 0xff, 0xff, 0xe3, 0x8f,
    0xff, 0xff, 0xf1, 0xc7, 0xff, 0xff, 0xff, 0x3,
    0x80, 0x38, 0x3, 0x81, 0xc0, 0x1c, 0x1, 0xc0,
    0xe0, 0xe, 0x0, 0x0, 0x70, 0x38, 0xe0, 0x0,
    0x38, 0x1c, 0x70, 0x0, 0x1c, 0xe, 0x38, 0x0,
    0x70, 0x38, 0x3, 0x80, 0x38, 0x1c, 0x1, 0xc0,
    0x1c, 0xe, 0x0, 0xe3, 0xf1, 0xf8, 0x0, 0xf,
    0xf8, 0xfc, 0x0, 0x7, 0xfc, 0x7e, 0x0, 0x3,
    0x80,

    /* U+7368 "獨" */
    0xe3, 0x81, 0xff, 0xfc, 0x71, 0xc0, 0xff, 0xfe,
    0x38, 0xe0, 0x7f, 0xff, 0x3, 0x81, 0xc7, 0x1c,
    0x71, 0xc0, 0xe3, 0x8e, 0x38, 0xe0, 0x71, 0xc7,
    0x1c, 0x70, 0x38, 0xe3, 0x8e, 0x38, 0x1c, 0x71,
    0xc7, 0x1c, 0xe, 0x38, 0xe3, 0xf1, 0xc0, 0xff,
    0xfe, 0x38, 0xe0, 0x7f, 0xff, 0x1c, 0x70, 0x3f,
    0xff, 0x80, 0x38, 0x1c, 0x0, 0x0, 0x1c, 0xe,
    0x0, 0x0, 0xe, 0x7, 0x0, 0x0, 0x7, 0x1f,
    0xff, 0xf8, 0x3, 0x8f, 0xff, 0xfc, 0x1, 0xc7,
    0xff, 0xfe, 0x7, 0xff, 0x8e, 0x38, 0xe3, 0xff,
    0xc7, 0x1c, 0x71, 0xff, 0xe3, 0x8e, 0x3f, 0x1c,
    0x71, 0xc7, 0x1f, 0x8e, 0x38, 0xe3, 0x8f, 0xc7,
    0x1c, 0x71, 0xc7, 0x3, 0x81, 0xff, 0x3, 0x81,
    0xc0, 0xff, 0x81, 0xc0, 0xe0, 0x7f, 0xc0, 0xe0,
    0x70, 0x7, 0x1c, 0x70, 0x38, 0x3, 0x8e, 0x38,
    0x1c, 0x1, 0xc7, 0x1f, 0xf0, 0x3f, 0xfc, 0x71,
    0xf8, 0x1f, 0xfe, 0x38, 0xfc, 0xf, 0xff, 0x1c,
    0x0,

    /* U+73FE "現" */
    0xff, 0xf0, 0x3f, 0xfc, 0x7f, 0xf8, 0x1f, 0xfe,
    0x3f, 0xfc, 0xf, 0xff, 0x0, 0x70, 0x38, 0x0,
    0x70, 0x38, 0x1c, 0x0, 0x38, 0x1c, 0xe, 0x0,
    0x1c, 0xe, 0x7, 0xff, 0xfe, 0x7, 0x3, 0xff,
    0xff, 0x3, 0x81, 0xff, 0xff, 0x81, 0xc0, 0xe0,
    0x1, 0xc0, 0xe0, 0x70, 0x0, 0xe0, 0x70, 0x38,
    0x0, 0x7f, 0xff, 0x1c, 0x0, 0x3f, 0xff, 0x8e,
    0x0, 0x1f, 0xff, 0xc7, 0x0, 0xe, 0x7, 0x3,
    0xff, 0xff, 0x3, 0x81, 0xff, 0xff, 0x81, 0xc0,
    0xff, 0xff, 0xc0, 0xe0, 0x70, 0x0, 0xe0, 0x70,
    0x38, 0x0, 0x70, 0x38, 0x1c, 0x0, 0x38, 0x1c,
    0xe, 0x0, 0x1c, 0xe, 0x7, 0x0, 0xe, 0x7,
    0x3, 0x80, 0x7, 0x3, 0xf0, 0x3f, 0xfc, 0x1,
    0xf8, 0x1f, 0xfe, 0x0, 0xfc, 0xf, 0xff, 0x1f,
    0x80, 0x7, 0x1c, 0xf, 0xc0, 0x3, 0x8e, 0x7,
    0xe0, 0x1, 0xc7, 0x0, 0x1, 0xff, 0x0, 0x7e,
    0x0, 0xff, 0x80, 0x3f, 0x0, 0x7f, 0xc0, 0x1f,
    0x80,

    /* U+7406 "理" */
    0xff, 0x81, 0xff, 0xfc, 0x7f, 0xc0, 0xff, 0xfe,
    0x3f, 0xe0, 0x7f, 0xff, 0x3, 0x81, 0xc0, 0xe0,
    0x71, 0xc0, 0xe0, 0x70, 0x38, 0xe0, 0x70, 0x38,
    0x1c, 0x70, 0x38, 0x1c, 0xe, 0x38, 0x1c, 0xe,
    0x7, 0x1c, 0xe, 0x7, 0x3, 0x8e, 0x7, 0xff,
    0xff, 0xc7, 0x3, 0xff, 0xff, 0xe3, 0x81, 0xff,
    0xff, 0xff, 0xf8, 0xe0, 0x70, 0x3f, 0xfc, 0x70,
    0x38, 0x1f, 0xfe, 0x38, 0x1c, 0xe, 0x38, 0x1c,
    0xe, 0x7, 0x1c, 0xe, 0x7, 0x3, 0x8e, 0x7,
    0x3, 0x81, 0xc7, 0x0, 0x7f, 0xff, 0x3, 0x80,
    0x3f, 0xff, 0x81, 0xc0, 0x1f, 0xff, 0xc0, 0xe0,
    0x0, 0x38, 0x0, 0x70, 0x0, 0x1c, 0x0, 0x38,
    0x0, 0xe, 0x0, 0x1f, 0x8f, 0xff, 0xff, 0x8f,
    0xc7, 0xff, 0xff, 0xc7, 0xe3, 0xff, 0xff, 0xfc,
    0x0, 0x0, 0xe0, 0xe, 0x0, 0x0, 0x70, 0x7,
    0x0, 0x0, 0x38, 0x0, 0x1, 0xff, 0xff, 0xfe,
    0x0, 0xff, 0xff, 0xff, 0x0, 0x7f, 0xff, 0xff,
    0x80,

    /* U+751F "生" */
    0x1c, 0x1, 0xc0, 0x0, 0xe, 0x0, 0xe0, 0x0,
    0x7, 0x0, 0x70, 0x0, 0x3, 0xff, 0xff, 0xff,
    0xf1, 0xff, 0xff, 0xff, 0xf8, 0xff, 0xff, 0xff,
    0xfc, 0x70, 0x7, 0x0, 0x0, 0x38, 0x3, 0x80,
    0x0, 0x1c, 0x1, 0xc0, 0x0, 0x70, 0x0, 0xe0,
    0x0, 0x38, 0x0, 0x70, 0x0, 0x1c, 0x0, 0x38,
    0x0, 0x0, 0x0, 0x1c, 0x0, 0x0, 0x0, 0xe,
    0x0, 0x0, 0x0, 0x7, 0x0, 0x0, 0x3f, 0xff,
    0xff, 0xf8, 0x1f, 0xff, 0xff, 0xfc, 0xf, 0xff,
    0xff, 0xfe, 0x0, 0x0, 0x70, 0x0, 0x0, 0x0,
    0x38, 0x0, 0x0, 0x0, 0x1c, 0x0, 0x0, 0x0,
    0xe, 0x0, 0x0, 0x0, 0x7, 0x0, 0x0, 0x0,
    0x3, 0x80, 0x0, 0x0, 0x1, 0xc0, 0x0, 0x0,
    0x0, 0xe0, 0x0, 0x0, 0x0, 0x70, 0x0, 0x0,
    0x0, 0x38, 0x0, 0x0, 0x0, 0x1c, 0x0, 0x0,
    0x0, 0xe, 0x0, 0x3, 0xff, 0xff, 0xff, 0xff,
    0xff, 0xff, 0xff, 0xff, 0xff, 0xff, 0xff, 0xff,
    0x80,

    /* U+7528 "用" */
    0x3, 0xff, 0xff, 0xfc, 0x1, 0xff, 0xff, 0xfe,
    0x0, 0xff, 0xff, 0xff, 0x3, 0x80, 0x38, 0x0,
    0x71, 0xc0, 0x1c, 0x0, 0x38, 0xe0, 0xe, 0x0,
    0x1c, 0x70, 0x7, 0x0, 0xe, 0x38, 0x3, 0x80,
    0x7, 0x1c, 0x1, 0xc0, 0x3, 0x8f, 0xff, 0xff,
    0xff, 0xc7, 0xff, 0xff, 0xff, 0xe3, 0xff, 0xff,
    0xff, 0xf1, 0xc0, 0x1c, 0x0, 0x38, 0xe0, 0xe,
    0x0, 0x1c, 0x70, 0x7, 0x0, 0xe, 0x38, 0x3,
    0x80, 0x7, 0x1c, 0x1, 0xc0, 0x3, 0x8e, 0x0,
    0xe0, 0x1, 0xc7, 0xff, 0xff, 0xff, 0xe3, 0xff,
    0xff, 0xff, 0xf1, 0xff, 0xff, 0xff, 0xf8, 0xe0,
    0xe, 0x0, 0x1c, 0x70, 0x7, 0x0, 0xe, 0x38,
    0x3, 0x80, 0x7, 0x1c, 0x1, 0xc0, 0x3, 0x8e,
    0x0, 0xe0, 0x1, 0xc7, 0x0, 0x70, 0x0, 0xfc,
    0x0, 0x38, 0x0, 0x7e, 0x0, 0x1c, 0x0, 0x3f,
    0x0, 0xe, 0x0, 0x1f, 0x80, 0x7, 0x1f, 0xf1,
    0xc0, 0x3, 0x8f, 0xf8, 0xe0, 0x1, 0xc7, 0xfc,
    0x0,

    /* U+7531 "由" */
    0x0, 0x1, 0xc0, 0x0, 0x0, 0x0, 0xe0, 0x0,
    0x0, 0x0, 0x70, 0x0, 0x0, 0x0, 0x38, 0x0,
    0x0, 0x0, 0x1c, 0x0, 0x0, 0x0, 0xe, 0x0,
    0x0, 0x7f, 0xff, 0xff, 0xf0, 0x3f, 0xff, 0xff,
    0xf8, 0x1f, 0xff, 0xff, 0xfc, 0x70, 0x0, 0xe0,
    0x1, 0xf8, 0x0, 0x70, 0x0, 0xfc, 0x0, 0x38,
    0x0, 0x7e, 0x0, 0x1c, 0x0, 0x3f, 0x0, 0xe,
    0x0, 0x1f, 0x80, 0x7, 0x0, 0xf, 0xc0, 0x3,
    0x80, 0x7, 0xe0, 0x1, 0xc0, 0x3, 0xf0, 0x0,
    0xe0, 0x1, 0xff, 0xff, 0xff, 0xff, 0xff, 0xff,
    0xff, 0xff, 0xff, 0xff, 0xff, 0xff, 0xff, 0x0,
    0xe, 0x0, 0x1f, 0x80, 0x7, 0x0, 0xf, 0xc0,
    0x3, 0x80, 0x7, 0xe0, 0x1, 0xc0, 0x3, 0xf0,
    0x0, 0xe0, 0x1, 0xf8, 0x0, 0x70, 0x0, 0xfc,
    0x0, 0x38, 0x0, 0x7e, 0x0, 0x1c, 0x0, 0x3f,
    0x0, 0xe, 0x0, 0x1c, 0x7f, 0xff, 0xff, 0xf0,
    0x3f, 0xff, 0xff, 0xf8, 0x1f, 0xff, 0xff, 0xfc,
    0x0,

    /* U+753B "画" */
    0xff, 0xff, 0xff, 0xff, 0xff, 0xff, 0xff, 0xff,
    0xff, 0xff, 0xff, 0xff, 0xe0, 0x0, 0x38, 0x0,
    0x0, 0x0, 0x1c, 0x0, 0x0, 0x0, 0xe, 0x0,
    0x0, 0x1, 0xff, 0xfc, 0x0, 0x0, 0xff, 0xfe,
    0x0, 0x0, 0x7f, 0xff, 0x0, 0x71, 0xc0, 0xe0,
    0x71, 0xf8, 0xe0, 0x70, 0x38, 0xfc, 0x70, 0x38,
    0x1c, 0x7e, 0x38, 0x1c, 0xe, 0x3f, 0x1c, 0xe,
    0x7, 0x1f, 0x8e, 0x7, 0x3, 0x8f, 0xc7, 0xff,
    0xff, 0xc7, 0xe3, 0xff, 0xff, 0xe3, 0xf1, 0xff,
    0xff, 0xf1, 0xf8, 0xe0, 0x70, 0x38, 0xfc, 0x70,
    0x38, 0x1c, 0x7e, 0x38, 0x1c, 0xe, 0x3f, 0x1c,
    0xe, 0x7, 0x1f, 0x8e, 0x7, 0x3, 0x8f, 0xc7,
    0x3, 0x81, 0xc7, 0xe0, 0x7f, 0xff, 0x3, 0xf0,
    0x3f, 0xff, 0x81, 0xf8, 0x1f, 0xff, 0xc0, 0xfc,
    0x0, 0x0, 0x0, 0x7e, 0x0, 0x0, 0x0, 0x3f,
    0x0, 0x0, 0x0, 0x1c, 0x7f, 0xff, 0xff, 0xf0,
    0x3f, 0xff, 0xff, 0xf8, 0x1f, 0xff, 0xff, 0xfc,
    0x0,

    /* U+7559 "留" */
    0x3, 0xf1, 0xff, 0xfc, 0x1, 0xf8, 0xff, 0xfe,
    0x0, 0xfc, 0x7f, 0xff, 0x3, 0x80, 0x0, 0xe0,
    0x71, 0xc0, 0x0, 0x70, 0x38, 0xe0, 0x0, 0x38,
    0x1f, 0x80, 0x0, 0x1c, 0xf, 0xc0, 0x0, 0xe,
    0x7, 0xe0, 0x0, 0x7, 0x3, 0xf0, 0x3f, 0x1c,
    0x1, 0xf8, 0x1f, 0x8e, 0x0, 0xfc, 0xf, 0xc7,
    0x0, 0x7f, 0xf8, 0x1c, 0xf, 0xc7, 0xfc, 0xe,
    0x7, 0xe3, 0xfe, 0x7, 0x3, 0xf0, 0x0, 0x0,
    0x0, 0x0, 0x0, 0x0, 0x0, 0x0, 0x0, 0x0,
    0x0, 0x0, 0x0, 0xff, 0xff, 0xf8, 0x0, 0x7f,
    0xff, 0xfc, 0x0, 0x3f, 0xff, 0xfe, 0x0, 0xe0,
    0xe, 0x0, 0xe0, 0x70, 0x7, 0x0, 0x70, 0x38,
    0x3, 0x80, 0x38, 0x1f, 0xff, 0xff, 0xfc, 0xf,
    0xff, 0xff, 0xfe, 0x7, 0xff, 0xff, 0xff, 0x3,
    0x80, 0x38, 0x3, 0x81, 0xc0, 0x1c, 0x1, 0xc0,
    0xe0, 0xe, 0x0, 0xe0, 0xf, 0xff, 0xff, 0x80,
    0x7, 0xff, 0xff, 0xc0, 0x3, 0xff, 0xff, 0xe0,
    0x0,

    /* U+756B "畫" */
    0x1f, 0xff, 0xff, 0xe0, 0xf, 0xff, 0xff, 0xf0,
    0x7, 0xff, 0xff, 0xf8, 0x0, 0x0, 0x38, 0x3,
    0x80, 0x0, 0x1c, 0x1, 0xc0, 0x0, 0xe, 0x0,
    0xe3, 0xff, 0xff, 0xff, 0xff, 0xff, 0xff, 0xff,
    0xff, 0xff, 0xff, 0xff, 0xff, 0x80, 0x0, 0xe0,
    0xe, 0x0, 0x0, 0x70, 0x7, 0x0, 0x0, 0x38,
    0x3, 0x81, 0xff, 0xff, 0xfe, 0x0, 0xff, 0xff,
    0xff, 0x0, 0x7f, 0xff, 0xff, 0x80, 0x0, 0x3,
    0x80, 0x0, 0x0, 0x1, 0xc0, 0x0, 0x0, 0x0,
    0xe0, 0x0, 0x3f, 0xff, 0xff, 0xff, 0xff, 0xff,
    0xff, 0xff, 0xff, 0xff, 0xff, 0xff, 0xf8, 0xe0,
    0xe, 0x0, 0xe0, 0x70, 0x7, 0x0, 0x70, 0x38,
    0x3, 0x80, 0x38, 0x1f, 0xff, 0xff, 0xfc, 0xf,
    0xff, 0xff, 0xfe, 0x7, 0xff, 0xff, 0xff, 0x3,
    0x80, 0x38, 0x3, 0x81, 0xc0, 0x1c, 0x1, 0xc0,
    0xe0, 0xe, 0x0, 0xe3, 0xff, 0xff, 0xff, 0xff,
    0xff, 0xff, 0xff, 0xff, 0xff, 0xff, 0xff, 0xff,
    0x80,

    /* U+7576 "當" */
    0x3, 0x81, 0xc0, 0xe0, 0x1, 0xc0, 0xe0, 0x70,
    0x0, 0xe0, 0x70, 0x38, 0x3, 0xff, 0xff, 0xff,
    0x81, 0xff, 0xff, 0xff, 0xc0, 0xff, 0xff, 0xff,
    0xe3, 0x80, 0x0, 0x0, 0xf, 0xc0, 0x0, 0x0,
    0x7, 0xe0, 0x0, 0x0, 0x3, 0xf0, 0x3f, 0xff,
    0x81, 0xf8, 0x1f, 0xff, 0xc0, 0xfc, 0xf, 0xff,
    0xe0, 0x70, 0x38, 0x0, 0xe, 0x0, 0x1c, 0x0,
    0x7, 0x0, 0xe, 0x0, 0x3, 0x80, 0x7, 0x0,
    0x1, 0xc0, 0x3, 0x80, 0x0, 0xe0, 0x1, 0xc0,
    0x0, 0x70, 0x7, 0xff, 0xff, 0xff, 0x3, 0xff,
    0xff, 0xff, 0x81, 0xff, 0xff, 0xff, 0xc7, 0x0,
    0xe, 0x0, 0x1f, 0x80, 0x7, 0x0, 0xf, 0xc0,
    0x3, 0x80, 0x7, 0xff, 0xff, 0xff, 0xff, 0xff,
    0xff, 0xff, 0xff, 0xff, 0xff, 0xff, 0xff, 0xfc,
    0x0, 0x38, 0x0, 0x7e, 0x0, 0x1c, 0x0, 0x3f,
    0x0, 0xe, 0x0, 0x1c, 0x7f, 0xff, 0xff, 0xf0,
    0x3f, 0xff, 0xff, 0xf8, 0x1f, 0xff, 0xff, 0xfc,
    0x0,

    /* U+767A "発" */
    0x1f, 0xf0, 0x38, 0x1c, 0xf, 0xf8, 0x1c, 0xe,
    0x7, 0xfc, 0xe, 0x7, 0x0, 0x1, 0xc7, 0x1c,
    0x0, 0x0, 0xe3, 0x8e, 0x0, 0x0, 0x71, 0xc7,
    0x3, 0x80, 0x38, 0x1c, 0xf, 0xc0, 0x1c, 0xe,
    0x7, 0xe0, 0xe, 0x7, 0x3, 0x8e, 0x38, 0x3,
    0x8e, 0x7, 0x1c, 0x1, 0xc7, 0x3, 0x8e, 0x0,
    0xe3, 0x80, 0x3f, 0xff, 0xfe, 0x0, 0x1f, 0xff,
    0xff, 0x0, 0xf, 0xff, 0xff, 0x80, 0x38, 0xe0,
    0x70, 0x38, 0x1c, 0x70, 0x38, 0x1c, 0xe, 0x38,
    0x1c, 0xe, 0x38, 0x1c, 0xe, 0x0, 0xfc, 0xe,
    0x7, 0x0, 0x7e, 0x7, 0x3, 0x80, 0x38, 0xff,
    0xff, 0xff, 0x0, 0x7f, 0xff, 0xff, 0x80, 0x3f,
    0xff, 0xff, 0xc0, 0x0, 0x70, 0x38, 0x3, 0x80,
    0x38, 0x1c, 0x1, 0xc0, 0x1c, 0xe, 0x0, 0xe0,
    0x70, 0x7, 0x0, 0x70, 0x38, 0x3, 0x80, 0x38,
    0x1c, 0x1, 0xc0, 0x1f, 0xf0, 0x0, 0x1f, 0xf1,
    0xf8, 0x0, 0xf, 0xf8, 0xfc, 0x0, 0x7, 0xfc,
    0x0,

    /* U+767B "登" */
    0x1f, 0xf0, 0x38, 0x1c, 0xf, 0xf8, 0x1c, 0xe,
    0x7, 0xfc, 0xe, 0x7, 0x0, 0x1, 0xc7, 0x1c,
    0x0, 0x0, 0xe3, 0x8e, 0x0, 0x0, 0x71, 0xc7,
    0x3, 0xf1, 0xc0, 0x1c, 0x1, 0xf8, 0xe0, 0xe,
    0x0, 0xfc, 0x70, 0x7, 0x0, 0x1, 0xc7, 0xfc,
    0x71, 0xc0, 0xe3, 0xfe, 0x38, 0xe0, 0x71, 0xff,
    0x1c, 0x71, 0xc0, 0x0, 0x1, 0xc0, 0xe0, 0x0,
    0x0, 0xe0, 0x70, 0x0, 0x0, 0x71, 0xc0, 0xff,
    0xfe, 0x7, 0xe0, 0x7f, 0xff, 0x3, 0xf0, 0x3f,
    0xff, 0x81, 0xc0, 0xe0, 0x0, 0x38, 0x0, 0x70,
    0x0, 0x1c, 0x0, 0x38, 0x0, 0xe, 0x0, 0x3,
    0xff, 0xf8, 0x0, 0x1, 0xff, 0xfc, 0x0, 0x0,
    0xff, 0xfe, 0x0, 0x3, 0x80, 0x0, 0xe0, 0x1,
    0xc0, 0x0, 0x70, 0x0, 0xe0, 0x0, 0x38, 0x0,
    0xe, 0x0, 0xe0, 0x0, 0x7, 0x0, 0x70, 0x0,
    0x3, 0x80, 0x38, 0x3, 0xff, 0xff, 0xff, 0xff,
    0xff, 0xff, 0xff, 0xff, 0xff, 0xff, 0xff, 0xff,
    0x80,

    /* U+767C "發" */
    0x1f, 0xf0, 0x38, 0x1c, 0xf, 0xf8, 0x1c, 0xe,
    0x7, 0xfc, 0xe, 0x7, 0x0, 0x1, 0xc7, 0x1c,
    0x0, 0x0, 0xe3, 0x8e, 0x0, 0x0, 0x71, 0xc7,
    0x3, 0xf1, 0xc0, 0x1c, 0x1, 0xf8, 0xe0, 0xe,
    0x0, 0xfc, 0x70, 0x7, 0x0, 0x1, 0xc7, 0x3,
    0xf1, 0xc0, 0xe3, 0x81, 0xf8, 0xe0, 0x71, 0xc0,
    0xfc, 0x71, 0xc0, 0xe3, 0x81, 0xc0, 0xe0, 0x71,
    0xc0, 0xe0, 0x70, 0x38, 0xe0, 0x71, 0xc7, 0xe3,
    0x80, 0x7, 0xe3, 0xf1, 0xc0, 0x3, 0xf1, 0xf8,
    0xe0, 0x1, 0xc7, 0x0, 0xf, 0xff, 0x3, 0x80,
    0x7, 0xff, 0x81, 0xc0, 0x3, 0xff, 0xc0, 0x1f,
    0x80, 0x0, 0x1c, 0xf, 0xc0, 0x0, 0xe, 0x7,
    0xe0, 0x0, 0x7, 0x0, 0xe, 0x38, 0x1c, 0x0,
    0x7, 0x1c, 0xe, 0x0, 0x3, 0x8e, 0x7, 0x1c,
    0xe, 0x0, 0xfc, 0xe, 0x7, 0x0, 0x7e, 0x7,
    0x3, 0x80, 0x3f, 0x0, 0x7e, 0x7, 0xe0, 0x7e,
    0x3f, 0x3, 0xf0, 0x3f, 0x1f, 0x81, 0xf8, 0x1f,
    0x80,

    /* U+767D "白" */
    0x0, 0x1, 0xc0, 0x0, 0x0, 0x0, 0xe0, 0x0,
    0x0, 0x0, 0x70, 0x0, 0x0, 0x1, 0xc0, 0x0,
    0x0, 0x0, 0xe0, 0x0, 0x0, 0x0, 0x70, 0x0,
    0x0, 0x7f, 0xff, 0xff, 0xf0, 0x3f, 0xff, 0xff,
    0xf8, 0x1f, 0xff, 0xff, 0xfc, 0x70, 0x0, 0x0,
    0x1, 0xf8, 0x0, 0x0, 0x0, 0xfc, 0x0, 0x0,
    0x0, 0x7e, 0x0, 0x0, 0x0, 0x3f, 0x0, 0x0,
    0x0, 0x1f, 0x80, 0x0, 0x0, 0xf, 0xc0, 0x0,
    0x0, 0x7, 0xe0, 0x0, 0x0, 0x3, 0xf0, 0x0,
    0x0, 0x1, 0xff, 0xff, 0xff, 0xff, 0xff, 0xff,
    0xff, 0xff, 0xff, 0xff, 0xff, 0xff, 0xff, 0x0,
    0x0, 0x0, 0x1f, 0x80, 0x0, 0x0, 0xf, 0xc0,
    0x0, 0x0, 0x7, 0xe0, 0x0, 0x0, 0x3, 0xf0,
    0x0, 0x0, 0x1, 0xf8, 0x0, 0x0, 0x0, 0xfc,
    0x0, 0x0, 0x0, 0x7e, 0x0, 0x0, 0x0, 0x3f,
    0x0, 0x0, 0x0, 0x1c, 0x7f, 0xff, 0xff, 0xf0,
    0x3f, 0xff, 0xff, 0xf8, 0x1f, 0xff, 0xff, 0xfc,
    0x0,

    /* U+7684 "的" */
    0x3, 0x80, 0x38, 0x0, 0x1, 0xc0, 0x1c, 0x0,
    0x0, 0xe0, 0xe, 0x0, 0x3, 0x80, 0x7, 0xff,
    0x81, 0xc0, 0x3, 0xff, 0xc0, 0xe0, 0x1, 0xff,
    0xe0, 0x7f, 0xc7, 0x0, 0xe, 0x3f, 0xe3, 0x80,
    0x7, 0x1f, 0xf1, 0xc0, 0x3, 0xf0, 0x7, 0x0,
    0x1, 0xf8, 0x3, 0x80, 0x0, 0xfc, 0x1, 0xc0,
    0x0, 0x7e, 0x0, 0xe3, 0x80, 0x3f, 0x0, 0x71,
    0xc0, 0x1f, 0x80, 0x38, 0xe0, 0xf, 0xff, 0xfc,
    0xe, 0x7, 0xff, 0xfe, 0x7, 0x3, 0xff, 0xff,
    0x3, 0x81, 0xf8, 0x3, 0x81, 0xc0, 0xfc, 0x1,
    0xc0, 0xe0, 0x7e, 0x0, 0xe0, 0x70, 0x3f, 0x0,
    0x70, 0x0, 0x1f, 0x80, 0x38, 0x0, 0xf, 0xc0,
    0x1c, 0x0, 0x7, 0xe0, 0xe, 0x0, 0x3, 0xf0,
    0x7, 0x0, 0x1, 0xf8, 0x3, 0x80, 0x0, 0xe3,
    0xfe, 0x0, 0x0, 0x71, 0xff, 0x0, 0x0, 0x38,
    0xff, 0x80, 0x0, 0x1c, 0x0, 0x0, 0x1f, 0xf0,
    0x0, 0x0, 0xf, 0xf8, 0x0, 0x0, 0x7, 0xfc,
    0x0,

    /* U+76E4 "盤" */
    0x3, 0x80, 0x3f, 0xe0, 0x1, 0xc0, 0x1f, 0xf0,
    0x0, 0xe0, 0xf, 0xf8, 0x3, 0xfe, 0x38, 0x3,
    0x81, 0xff, 0x1c, 0x1, 0xc0, 0xff, 0x8e, 0x0,
    0xe3, 0x8e, 0x38, 0x0, 0x71, 0xc7, 0x1c, 0x0,
    0x38, 0xe3, 0x8e, 0x0, 0x1c, 0x70, 0x7, 0x1f,
    0xf1, 0xf8, 0x3, 0x8f, 0xf8, 0xfc, 0x1, 0xc7,
    0xfc, 0x7f, 0xff, 0xfc, 0x1, 0xc7, 0xff, 0xfe,
    0x0, 0xe3, 0xff, 0xff, 0x0, 0x71, 0xc7, 0x1c,
    0x7f, 0xc0, 0xe3, 0x8e, 0x3f, 0xe0, 0x71, 0xc7,
    0x1f, 0xf0, 0x38, 0x3, 0xf0, 0x7, 0xfc, 0x1,
    0xf8, 0x3, 0xfe, 0x0, 0xfc, 0x1, 0xf8, 0x1f,
    0xff, 0xff, 0x0, 0xf, 0xff, 0xff, 0x80, 0x7,
    0xff, 0xff, 0xc0, 0x1c, 0xe, 0x38, 0x1c, 0xe,
    0x7, 0x1c, 0xe, 0x7, 0x3, 0x8e, 0x7, 0x3,
    0x81, 0xc7, 0x3, 0x81, 0xc0, 0xe3, 0x81, 0xc0,
    0xe0, 0x71, 0xc0, 0xe3, 0xff, 0xff, 0xff, 0xff,
    0xff, 0xff, 0xff, 0xff, 0xff, 0xff, 0xff, 0xff,
    0x80,

    /* U+76EE "目" */
    0x1f, 0xff, 0xff, 0xfc, 0xf, 0xff, 0xff, 0xfe,
    0x7, 0xff, 0xff, 0xff, 0x1c, 0x0, 0x0, 0x0,
    0x7e, 0x0, 0x0, 0x0, 0x3f, 0x0, 0x0, 0x0,
    0x1f, 0x80, 0x0, 0x0, 0xf, 0xc0, 0x0, 0x0,
    0x7, 0xe0, 0x0, 0x0, 0x3, 0xff, 0xff, 0xff,
    0xff, 0xff, 0xff, 0xff, 0xff, 0xff, 0xff, 0xff,
    0xff, 0xfe, 0x0, 0x0, 0x0, 0x3f, 0x0, 0x0,
    0x0, 0x1f, 0x80, 0x0, 0x0, 0xf, 0xc0, 0x0,
    0x0, 0x7, 0xe0, 0x0, 0x0, 0x3, 0xf0, 0x0,
    0x0, 0x1, 0xff, 0xff, 0xff, 0xff, 0xff, 0xff,
    0xff, 0xff, 0xff, 0xff, 0xff, 0xff, 0xff, 0x0,
    0x0, 0x0, 0x1f, 0x80, 0x0, 0x0, 0xf, 0xc0,
    0x0, 0x0, 0x7, 0xe0, 0x0, 0x0, 0x3, 0xf0,
    0x0, 0x0, 0x1, 0xf8, 0x0, 0x0, 0x0, 0xfc,
    0x0, 0x0, 0x0, 0x7e, 0x0, 0x0, 0x0, 0x3f,
    0x0, 0x0, 0x0, 0x1c, 0x7f, 0xff, 0xff, 0xf0,
    0x3f, 0xff, 0xff, 0xf8, 0x1f, 0xff, 0xff, 0xfc,
    0x0,

    /* U+76F4 "直" */
    0x0, 0x1, 0xc0, 0x0, 0x0, 0x0, 0xe0, 0x0,
    0x0, 0x0, 0x70, 0x0, 0x1f, 0xff, 0xff, 0xff,
    0xff, 0xff, 0xff, 0xff, 0xff, 0xff, 0xff, 0xff,
    0xfc, 0x0, 0x7, 0x0, 0x0, 0x0, 0x3, 0x80,
    0x0, 0x0, 0x1, 0xc0, 0x0, 0x70, 0x3f, 0xff,
    0xf0, 0x38, 0x1f, 0xff, 0xf8, 0x1c, 0xf, 0xff,
    0xfc, 0xe, 0x38, 0x0, 0x1, 0xc7, 0x1c, 0x0,
    0x0, 0xe3, 0x8e, 0x0, 0x0, 0x71, 0xc7, 0xff,
    0xff, 0xf8, 0xe3, 0xff, 0xff, 0xfc, 0x71, 0xff,
    0xff, 0xfe, 0x38, 0xe0, 0x0, 0x7, 0x1c, 0x70,
    0x0, 0x3, 0x8e, 0x38, 0x0, 0x1, 0xc7, 0x1f,
    0xff, 0xff, 0xe3, 0x8f, 0xff, 0xff, 0xf1, 0xc7,
    0xff, 0xff, 0xf8, 0xe3, 0x80, 0x0, 0x1c, 0x71,
    0xc0, 0x0, 0xe, 0x38, 0xe0, 0x0, 0x7, 0x1c,
    0x70, 0x0, 0x3, 0x8e, 0x38, 0x0, 0x1, 0xc7,
    0x1c, 0x0, 0x0, 0xe0, 0x7f, 0xff, 0xff, 0xfe,
    0x3f, 0xff, 0xff, 0xff, 0x1f, 0xff, 0xff, 0xff,
    0x80,

    /* U+770B "看" */
    0x1f, 0xff, 0xff, 0xfc, 0xf, 0xff, 0xff, 0xfe,
    0x7, 0xff, 0xff, 0xff, 0x0, 0x0, 0x38, 0x0,
    0x0, 0x0, 0x1c, 0x0, 0x0, 0x0, 0xe, 0x0,
    0x0, 0x7f, 0xff, 0xff, 0xf0, 0x3f, 0xff, 0xff,
    0xf8, 0x1f, 0xff, 0xff, 0xfc, 0x0, 0x7, 0x0,
    0x0, 0x0, 0x3, 0x80, 0x0, 0x0, 0x1, 0xc0,
    0x0, 0xf, 0xff, 0xff, 0xff, 0xff, 0xff, 0xff,
    0xff, 0xff, 0xff, 0xff, 0xff, 0xfe, 0x0, 0xe0,
    0x0, 0x0, 0x0, 0x70, 0x0, 0x0, 0x0, 0x38,
    0x0, 0x0, 0x0, 0xff, 0xff, 0xf8, 0x0, 0x7f,
    0xff, 0xfc, 0x0, 0x3f, 0xff, 0xfe, 0x0, 0xfc,
    0x0, 0x0, 0xe0, 0x7e, 0x0, 0x0, 0x70, 0x3f,
    0x0, 0x0, 0x38, 0xe3, 0xff, 0xff, 0xfc, 0x71,
    0xff, 0xff, 0xfe, 0x38, 0xff, 0xff, 0xff, 0x0,
    0x70, 0x0, 0x3, 0x80, 0x38, 0x0, 0x1, 0xc0,
    0x1c, 0x0, 0x0, 0xe0, 0x1, 0xff, 0xff, 0x80,
    0x0, 0xff, 0xff, 0xc0, 0x0, 0x7f, 0xff, 0xe0,
    0x0,

    /* U+77E5 "知" */
    0x1c, 0x0, 0x7, 0xfc, 0xe, 0x0, 0x3, 0xfe,
    0x7, 0x0, 0x1, 0xff, 0x3, 0xff, 0xff, 0x0,
    0x71, 0xff, 0xff, 0x80, 0x38, 0xff, 0xff, 0xc0,
    0x1c, 0x71, 0xc0, 0xe0, 0xe, 0x38, 0xe0, 0x70,
    0x7, 0x1c, 0x70, 0x38, 0x3, 0xf0, 0x38, 0x1c,
    0x1, 0xf8, 0x1c, 0xe, 0x0, 0xfc, 0xe, 0x7,
    0x0, 0x70, 0x7, 0x3, 0x80, 0x38, 0x3, 0x81,
    0xc0, 0x1c, 0x1, 0xc0, 0xe0, 0xf, 0xff, 0xff,
    0xf0, 0x7, 0xff, 0xff, 0xf8, 0x3, 0xff, 0xff,
    0xfc, 0x1, 0xc0, 0x1c, 0xe, 0x0, 0xe0, 0xe,
    0x7, 0x0, 0x70, 0x7, 0x3, 0x80, 0x38, 0x3,
    0x81, 0xc0, 0x1c, 0x1, 0xc0, 0xe0, 0xe, 0x0,
    0xe0, 0x70, 0x7, 0x3, 0x8e, 0x38, 0x3, 0x81,
    0xc7, 0x1c, 0x1, 0xc0, 0xe3, 0x8e, 0x0, 0xe3,
    0x80, 0x3f, 0x0, 0x71, 0xc0, 0x1f, 0x80, 0x38,
    0xe0, 0xf, 0xc0, 0x1f, 0x80, 0x0, 0x1f, 0xf1,
    0xc0, 0x0, 0xf, 0xf8, 0xe0, 0x0, 0x7, 0xfc,
    0x0,

    /* U+7834 "破" */
    0xff, 0xfe, 0x7, 0x0, 0x7f, 0xff, 0x3, 0x80,
    0x3f, 0xff, 0x81, 0xc0, 0x0, 0x70, 0x3f, 0xff,
    0x80, 0x38, 0x1f, 0xff, 0xc0, 0x1c, 0xf, 0xff,
    0xe0, 0xe, 0x38, 0x1c, 0xe, 0x7, 0x1c, 0xe,
    0x7, 0x3, 0x8e, 0x7, 0x3, 0x81, 0xff, 0x3,
    0x8e, 0x0, 0xff, 0x81, 0xc7, 0x0, 0x7f, 0xc0,
    0xe3, 0x81, 0xc0, 0xff, 0xff, 0xc0, 0xe0, 0x7f,
    0xff, 0xe0, 0x70, 0x3f, 0xff, 0xf1, 0xf8, 0x1c,
    0x0, 0x7, 0xfc, 0xe, 0x0, 0x3, 0xfe, 0x7,
    0x0, 0x1, 0xc7, 0x3, 0x8e, 0x0, 0xe3, 0x81,
    0xc7, 0x0, 0x71, 0xc0, 0xe3, 0x80, 0x38, 0xe0,
    0x71, 0xc0, 0xe0, 0x70, 0x38, 0xe0, 0x70, 0x38,
    0x1c, 0x70, 0x38, 0x1c, 0xe, 0x7, 0xe0, 0xe,
    0x7, 0x3, 0xf0, 0x7, 0x3, 0x81, 0xf8, 0x0,
    0x7e, 0x7, 0x3, 0x80, 0x3f, 0x3, 0x81, 0xc0,
    0x1f, 0x81, 0xc0, 0xe0, 0x0, 0x3f, 0x0, 0xe,
    0x0, 0x1f, 0x80, 0x7, 0x0, 0xf, 0xc0, 0x3,
    0x80,

    /* U+78BA "確" */
    0xff, 0xfe, 0x7, 0x0, 0x7f, 0xff, 0x3, 0x80,
    0x3f, 0xff, 0x81, 0xc0, 0x0, 0x70, 0x3f, 0xff,
    0x80, 0x38, 0x1f, 0xff, 0xc0, 0x1c, 0xf, 0xff,
    0xe0, 0xe, 0x38, 0xe0, 0xe, 0x7, 0x1c, 0x70,
    0x7, 0x3, 0x8e, 0x38, 0x3, 0x81, 0xff, 0xe0,
    0x70, 0x0, 0xff, 0xf0, 0x38, 0x0, 0x7f, 0xf8,
    0x1c, 0x1, 0xc0, 0xff, 0xff, 0xf8, 0xe0, 0x7f,
    0xff, 0xfc, 0x70, 0x3f, 0xff, 0xff, 0xf8, 0x1c,
    0xe, 0x0, 0xfc, 0xe, 0x7, 0x0, 0x7e, 0x7,
    0x3, 0x80, 0x7, 0x3, 0xff, 0xff, 0xe3, 0x81,
    0xff, 0xff, 0xf1, 0xc0, 0xff, 0xff, 0xf8, 0xe0,
    0x70, 0x38, 0x0, 0x70, 0x38, 0x1c, 0x0, 0x38,
    0x1c, 0xe, 0x0, 0x1c, 0xf, 0xff, 0xff, 0x8e,
    0x7, 0xff, 0xff, 0xc7, 0x3, 0xff, 0xff, 0xe0,
    0x7f, 0xc0, 0xe0, 0x0, 0x3f, 0xe0, 0x70, 0x0,
    0x1f, 0xf0, 0x38, 0x0, 0x0, 0x7, 0xff, 0xfe,
    0x0, 0x3, 0xff, 0xff, 0x0, 0x1, 0xff, 0xff,
    0x80,

    /* U+78BC "碼" */
    0xff, 0xf1, 0xff, 0xff, 0xff, 0xf8, 0xff, 0xff,
    0xff, 0xfc, 0x7f, 0xff, 0xe0, 0x71, 0xc0, 0xe0,
    0x0, 0x38, 0xe0, 0x70, 0x0, 0x1c, 0x70, 0x38,
    0x0, 0xe, 0x3f, 0xff, 0xf0, 0x7, 0x1f, 0xff,
    0xf8, 0x3, 0x8f, 0xff, 0xfc, 0x1, 0xff, 0x3,
    0x80, 0x0, 0xff, 0x81, 0xc0, 0x0, 0x7f, 0xc0,
    0xe0, 0x1, 0xc0, 0xff, 0xff, 0xc0, 0xe0, 0x7f,
    0xff, 0xe0, 0x70, 0x3f, 0xff, 0xf1, 0xf8, 0x1c,
    0xe, 0x0, 0xfc, 0xe, 0x7, 0x0, 0x7e, 0x7,
    0x3, 0x80, 0x7, 0x3, 0xff, 0xff, 0x3, 0x81,
    0xff, 0xff, 0x81, 0xc0, 0xff, 0xff, 0xc0, 0xe0,
    0x70, 0x0, 0x1c, 0x70, 0x38, 0x0, 0xe, 0x38,
    0x1c, 0x0, 0x7, 0x1c, 0xe, 0x38, 0xe3, 0x8e,
    0x7, 0x1c, 0x71, 0xc7, 0x3, 0x8e, 0x38, 0xe0,
    0x7e, 0x38, 0xe0, 0x70, 0x3f, 0x1c, 0x70, 0x38,
    0x1f, 0x8e, 0x38, 0x1c, 0x0, 0x0, 0x3, 0xf0,
    0x0, 0x0, 0x1, 0xf8, 0x0, 0x0, 0x0, 0xfc,
    0x0,

    /* U+78C1 "磁" */
    0xff, 0xf1, 0xc0, 0x3, 0xff, 0xf8, 0xe0, 0x1,
    0xff, 0xfc, 0x70, 0x0, 0xe0, 0x70, 0x7, 0x3,
    0x80, 0x38, 0x3, 0x81, 0xc0, 0x1c, 0x1, 0xc0,
    0xe0, 0xe, 0x3f, 0xff, 0xfe, 0x7, 0x1f, 0xff,
    0xff, 0x3, 0x8f, 0xff, 0xff, 0x81, 0xf8, 0xe0,
    0xe, 0x0, 0xfc, 0x70, 0x7, 0x0, 0x7e, 0x38,
    0x3, 0x81, 0xc0, 0xe0, 0xe, 0x0, 0xe0, 0x70,
    0x7, 0x0, 0x70, 0x38, 0x3, 0x81, 0xf8, 0x1c,
    0x71, 0xc7, 0xfc, 0xe, 0x38, 0xe3, 0xfe, 0x7,
    0x1c, 0x71, 0xc7, 0x3, 0xf0, 0x7, 0x3, 0x81,
    0xf8, 0x3, 0x81, 0xc0, 0xfc, 0x1, 0xc0, 0xe0,
    0x7e, 0x0, 0xe0, 0x70, 0x3f, 0x0, 0x70, 0x38,
    0x1f, 0x80, 0x38, 0x1c, 0xe, 0x0, 0xe0, 0xe,
    0x7, 0x0, 0x70, 0x7, 0x3, 0x80, 0x38, 0x0,
    0x7f, 0xc7, 0x1c, 0x70, 0x3f, 0xe3, 0x8e, 0x38,
    0x1f, 0xf1, 0xc7, 0x1c, 0x1, 0xff, 0x1f, 0xfe,
    0x0, 0xff, 0x8f, 0xff, 0x0, 0x7f, 0xc7, 0xff,
    0x80,

    /* U+78DA "磚" */
    0xff, 0xf0, 0x7, 0x0, 0x7f, 0xf8, 0x3, 0x80,
    0x3f, 0xfc, 0x1, 0xc0, 0x0, 0x71, 0xff, 0xff,
    0xf0, 0x38, 0xff, 0xff, 0xf8, 0x1c, 0x7f, 0xff,
    0xfc, 0xe, 0x7, 0x1c, 0x70, 0x7, 0x3, 0x8e,
    0x38, 0x3, 0x81, 0xc7, 0x1c, 0x1, 0xf8, 0xff,
    0xfe, 0x0, 0xfc, 0x7f, 0xff, 0x0, 0x7e, 0x3f,
    0xff, 0x81, 0xc0, 0xfc, 0x71, 0xc0, 0xe0, 0x7e,
    0x38, 0xe0, 0x70, 0x3f, 0x1c, 0x71, 0xf8, 0x1f,
    0xff, 0xc7, 0xfc, 0xf, 0xff, 0xe3, 0xfe, 0x7,
    0xff, 0xf1, 0xc7, 0x3, 0x80, 0x7, 0x3, 0x81,
    0xc0, 0x3, 0x81, 0xc0, 0xe0, 0x1, 0xc0, 0xe0,
    0x7f, 0xff, 0xfc, 0x70, 0x3f, 0xff, 0xfe, 0x38,
    0x1f, 0xff, 0xff, 0x1c, 0xe, 0x0, 0x1c, 0xe,
    0x7, 0x0, 0xe, 0x7, 0x3, 0x80, 0x7, 0x0,
    0x7e, 0x38, 0x3, 0x80, 0x3f, 0x1c, 0x1, 0xc0,
    0x1f, 0x8e, 0x0, 0xe0, 0x0, 0x0, 0x1f, 0x80,
    0x0, 0x0, 0xf, 0xc0, 0x0, 0x0, 0x7, 0xe0,
    0x0,

    /* U+793A "示" */
    0x1f, 0xff, 0xff, 0xfc, 0xf, 0xff, 0xff, 0xfe,
    0x7, 0xff, 0xff, 0xff, 0x0, 0x0, 0x0, 0x0,
    0x0, 0x0, 0x0, 0x0, 0x0, 0x0, 0x0, 0x0,
    0x0, 0x0, 0x0, 0x0, 0x0, 0x0, 0x0, 0x0,
    0x0, 0x0, 0x0, 0x0, 0x0, 0x7f, 0xff, 0xff,
    0xff, 0xff, 0xff, 0xff, 0xff, 0xff, 0xff, 0xff,
    0xff, 0xf0, 0x0, 0x1c, 0x0, 0x0, 0x0, 0xe,
    0x0, 0x0, 0x0, 0x7, 0x0, 0x0, 0x38, 0x3,
    0x80, 0x38, 0x1c, 0x1, 0xc0, 0x1c, 0xe, 0x0,
    0xe0, 0xe, 0x7, 0x0, 0x70, 0x7, 0x3, 0x80,
    0x38, 0x3, 0x81, 0xc0, 0x1c, 0x1, 0xc0, 0xe0,
    0xe, 0x0, 0x1c, 0x70, 0x7, 0x0, 0xe, 0x38,
    0x3, 0x80, 0x7, 0xe0, 0x1, 0xc0, 0x3, 0xf0,
    0x0, 0xe0, 0x1, 0xf8, 0x0, 0x70, 0x0, 0xfc,
    0x0, 0x38, 0x0, 0x7e, 0x0, 0x1c, 0x0, 0x3f,
    0x0, 0xe, 0x0, 0x1c, 0xf, 0xf8, 0x0, 0x0,
    0x7, 0xfc, 0x0, 0x0, 0x3, 0xfe, 0x0, 0x0,
    0x0,

    /* U+7981 "禁" */
    0x3, 0x80, 0x0, 0xe0, 0x1, 0xc0, 0x0, 0x70,
    0x0, 0xe0, 0x0, 0x38, 0x1f, 0xff, 0xc7, 0xff,
    0xff, 0xff, 0xe3, 0xff, 0xff, 0xff, 0xf1, 0xff,
    0xfc, 0xf, 0xc0, 0x1f, 0x80, 0x7, 0xe0, 0xf,
    0xc0, 0x3, 0xf0, 0x7, 0xe0, 0xf, 0xc7, 0x1c,
    0x7e, 0x7, 0xe3, 0x8e, 0x3f, 0x3, 0xf1, 0xc7,
    0x1f, 0x8e, 0x38, 0x0, 0xe, 0x3f, 0x1c, 0x0,
    0x7, 0x1f, 0x8e, 0x0, 0x3, 0x8e, 0x3f, 0xff,
    0xff, 0xf8, 0x1f, 0xff, 0xff, 0xfc, 0xf, 0xff,
    0xff, 0xfe, 0x0, 0x0, 0x0, 0x0, 0x0, 0x0,
    0x0, 0x0, 0x0, 0x0, 0x0, 0x0, 0x7, 0xff,
    0xff, 0xff, 0xff, 0xff, 0xff, 0xff, 0xff, 0xff,
    0xff, 0xff, 0xff, 0x0, 0x1, 0xc0, 0x0, 0x0,
    0x0, 0xe0, 0x0, 0x0, 0x0, 0x70, 0x0, 0x0,
    0x70, 0x38, 0x1f, 0x80, 0x38, 0x1c, 0xf, 0xc0,
    0x1c, 0xe, 0x7, 0xe3, 0xf1, 0xf8, 0x0, 0xf,
    0xf8, 0xfc, 0x0, 0x7, 0xfc, 0x7e, 0x0, 0x3,
    0x80,

    /* U+79C1 "私" */
    0x0, 0x7e, 0x7, 0x0, 0x0, 0x3f, 0x3, 0x80,
    0x0, 0x1f, 0x81, 0xc0, 0x1f, 0xf0, 0x0, 0xe0,
    0xf, 0xf8, 0x0, 0x70, 0x7, 0xfc, 0x0, 0x38,
    0x0, 0xe, 0x0, 0x1c, 0x0, 0x7, 0x0, 0xe,
    0x0, 0x3, 0x80, 0x7, 0x0, 0x1, 0xc0, 0x3,
    0x80, 0x0, 0xe0, 0x1, 0xc0, 0x0, 0x70, 0x0,
    0xe0, 0xf, 0xff, 0xe3, 0x80, 0x7, 0xff, 0xf1,
    0xc0, 0x3, 0xff, 0xf8, 0xe0, 0x0, 0x7, 0x0,
    0x70, 0x0, 0x3, 0x80, 0x38, 0x0, 0x1, 0xc0,
    0x1c, 0x0, 0x7, 0xfc, 0xe, 0x7, 0x3, 0xfe,
    0x7, 0x3, 0x81, 0xff, 0x3, 0x81, 0xc0, 0xfc,
    0x71, 0xc0, 0xe0, 0x7e, 0x38, 0xe0, 0x70, 0x3f,
    0x1c, 0x70, 0x38, 0xe3, 0x81, 0xc0, 0x1c, 0x71,
    0xc0, 0xe0, 0xe, 0x38, 0xe0, 0x70, 0x7, 0x0,
    0x70, 0x38, 0xfc, 0x70, 0x38, 0x1c, 0x7e, 0x38,
    0x1c, 0xe, 0x3f, 0x1c, 0xe, 0x3f, 0xe0, 0xe,
    0x7, 0x1f, 0xf0, 0x7, 0x3, 0x8f, 0xf8, 0x3,
    0x80,

    /* U+79D8 "秘" */
    0x0, 0x7e, 0x3f, 0x0, 0x0, 0x3f, 0x1f, 0x80,
    0x0, 0x1f, 0x8f, 0xc0, 0x1f, 0xf0, 0x0, 0x1c,
    0x7f, 0xf8, 0x0, 0xe, 0x3f, 0xfc, 0x0, 0x7,
    0x1c, 0xe, 0x0, 0xe0, 0xe, 0x7, 0x0, 0x70,
    0x7, 0x3, 0x80, 0x38, 0x3, 0x81, 0xc0, 0x1c,
    0xe, 0x0, 0xe0, 0xe, 0x7, 0x0, 0x70, 0x7,
    0x3, 0x8f, 0xff, 0xe3, 0x81, 0xc7, 0xff, 0xf1,
    0xc0, 0xe3, 0xff, 0xf8, 0xe0, 0x70, 0x7, 0x1c,
    0x71, 0xc7, 0x3, 0x8e, 0x38, 0xe3, 0x81, 0xc7,
    0x1c, 0x71, 0xc7, 0xff, 0x8e, 0x38, 0xe3, 0xff,
    0xc7, 0x1c, 0x71, 0xff, 0xe3, 0x8e, 0x38, 0xfc,
    0x71, 0xf8, 0x0, 0x7e, 0x38, 0xfc, 0x0, 0x3f,
    0x1c, 0x7e, 0x0, 0xe3, 0x80, 0x38, 0x3, 0xf1,
    0xc0, 0x1c, 0x1, 0xf8, 0xe0, 0xe, 0x0, 0xe0,
    0x70, 0x38, 0xe0, 0x70, 0x38, 0x1c, 0x70, 0x38,
    0x1c, 0xe, 0x38, 0x1c, 0xe, 0x38, 0x3, 0xf0,
    0x7, 0x1c, 0x1, 0xf8, 0x3, 0x8e, 0x0, 0xfc,
    0x0,

    /* U+79F0 "称" */
    0x0, 0x7e, 0x38, 0x0, 0x0, 0x3f, 0x1c, 0x0,
    0x0, 0x1f, 0x8e, 0x0, 0x1f, 0xf0, 0x7, 0xff,
    0xff, 0xf8, 0x3, 0xff, 0xff, 0xfc, 0x1, 0xff,
    0xfc, 0xe, 0x7, 0x3, 0x80, 0x7, 0x3, 0x81,
    0xc0, 0x3, 0x81, 0xc0, 0xe0, 0x1, 0xc0, 0x0,
    0x70, 0x0, 0xe0, 0x0, 0x38, 0x0, 0x70, 0x0,
    0x1c, 0xf, 0xff, 0xe3, 0x8f, 0xc7, 0xff, 0xf1,
    0xc7, 0xe3, 0xff, 0xf8, 0xe3, 0xf0, 0x7, 0x0,
    0x71, 0xc7, 0x3, 0x80, 0x38, 0xe3, 0x81, 0xc0,
    0x1c, 0x71, 0xc7, 0xfc, 0x70, 0x38, 0xe3, 0xfe,
    0x38, 0x1c, 0x71, 0xff, 0x1c, 0xe, 0x38, 0xfc,
    0x70, 0x7, 0x1c, 0x7e, 0x38, 0x3, 0x8e, 0x3f,
    0x1c, 0x1, 0xc7, 0xe3, 0x80, 0x0, 0xe0, 0x71,
    0xc0, 0x0, 0x70, 0x38, 0xe0, 0x0, 0x38, 0x0,
    0x70, 0x0, 0x1c, 0x0, 0x38, 0x0, 0xe, 0x0,
    0x1c, 0x0, 0x7, 0x0, 0xe, 0x0, 0xfc, 0x0,
    0x7, 0x0, 0x7e, 0x0, 0x3, 0x80, 0x3f, 0x0,
    0x0,

    /* U+79FB "移" */
    0x0, 0x7e, 0x3f, 0xfc, 0x0, 0x3f, 0x1f, 0xfe,
    0x0, 0x1f, 0x8f, 0xff, 0x1f, 0xf0, 0x38, 0x0,
    0x7f, 0xf8, 0x1c, 0x0, 0x3f, 0xfc, 0xe, 0x0,
    0x1c, 0xe, 0x38, 0xfc, 0xe, 0x7, 0x1c, 0x7e,
    0x7, 0x3, 0x8e, 0x3f, 0x3, 0x81, 0xc0, 0x0,
    0x7e, 0x0, 0xe0, 0x0, 0x3f, 0x0, 0x70, 0x0,
    0x1f, 0x8f, 0xff, 0x1f, 0xf0, 0x7, 0xff, 0x8f,
    0xf8, 0x3, 0xff, 0xc7, 0xfc, 0x0, 0x7, 0x0,
    0x0, 0x0, 0x3, 0x80, 0x0, 0x0, 0x1, 0xc0,
    0x0, 0x0, 0x7, 0xfc, 0xf, 0xff, 0x3, 0xfe,
    0x7, 0xff, 0x81, 0xff, 0x3, 0xff, 0xc0, 0xfc,
    0xe, 0x0, 0x1c, 0x7e, 0x7, 0x0, 0xe, 0x3f,
    0x3, 0x80, 0x7, 0xe3, 0x8e, 0x3f, 0x3, 0xf1,
    0xc7, 0x1f, 0x81, 0xf8, 0xe3, 0x8f, 0xc0, 0xe0,
    0x70, 0x0, 0x1f, 0x80, 0x38, 0x0, 0xf, 0xc0,
    0x1c, 0x0, 0x7, 0xe0, 0xe, 0x7, 0xfc, 0x0,
    0x7, 0x3, 0xfe, 0x0, 0x3, 0x81, 0xff, 0x0,
    0x0,

    /* U+7A0D "稍" */
    0x0, 0x71, 0xc7, 0x1c, 0x0, 0x38, 0xe3, 0x8e,
    0x0, 0x1c, 0x71, 0xc7, 0x1f, 0xf1, 0xc0, 0xe0,
    0x7f, 0xf8, 0xe0, 0x70, 0x3f, 0xfc, 0x70, 0x38,
    0x1c, 0xe, 0x7, 0xff, 0xf0, 0x7, 0x3, 0xff,
    0xf8, 0x3, 0x81, 0xff, 0xfc, 0x1, 0xc7, 0x0,
    0x1, 0xc0, 0xe3, 0x80, 0x0, 0xe0, 0x71, 0xc0,
    0x0, 0x7f, 0xff, 0xff, 0xff, 0xff, 0xff, 0xff,
    0xff, 0xff, 0xff, 0xff, 0xff, 0xfe, 0x7, 0x1c,
    0x0, 0x7, 0x3, 0x8e, 0x0, 0x3, 0x81, 0xc7,
    0x0, 0x1, 0xc7, 0xff, 0x80, 0x0, 0xe3, 0xff,
    0xc0, 0x0, 0x71, 0xff, 0xe0, 0x0, 0x38, 0xfc,
    0x7f, 0xff, 0xfc, 0x7e, 0x3f, 0xff, 0xfe, 0x3f,
    0x1f, 0xff, 0xff, 0xe3, 0x8e, 0x0, 0x3, 0xf1,
    0xc7, 0x0, 0x1, 0xf8, 0xe3, 0x80, 0x0, 0xe0,
    0x71, 0xc0, 0x0, 0x70, 0x38, 0xe0, 0x0, 0x38,
    0x1c, 0x70, 0x0, 0x1c, 0xe, 0x38, 0x1f, 0xf0,
    0x7, 0x1c, 0xf, 0xf8, 0x3, 0x8e, 0x7, 0xfc,
    0x0,

    /* U+7A31 "稱" */
    0x0, 0x7e, 0x0, 0xff, 0x80, 0x3f, 0x0, 0x7f,
    0xc0, 0x1f, 0x80, 0x3f, 0xff, 0xf0, 0x3f, 0xe3,
    0x8f, 0xf8, 0x1f, 0xf1, 0xc7, 0xfc, 0xf, 0xf8,
    0xe0, 0xe, 0x7, 0x3, 0x8e, 0x7, 0x3, 0x81,
    0xc7, 0x3, 0x81, 0xc0, 0xe3, 0x81, 0xc7, 0x3,
    0x80, 0x0, 0xe3, 0x81, 0xc0, 0x0, 0x71, 0xc0,
    0xe0, 0xf, 0xff, 0x1f, 0xff, 0xc7, 0xff, 0x8f,
    0xff, 0xe3, 0xff, 0xc7, 0xff, 0xf0, 0x7, 0x1c,
    0xe, 0x7, 0x3, 0x8e, 0x7, 0x3, 0x81, 0xc7,
    0x3, 0x81, 0xc7, 0xff, 0xff, 0xff, 0xe3, 0xff,
    0xff, 0xff, 0xf1, 0xff, 0xff, 0xff, 0xf8, 0xfc,
    0x70, 0x38, 0x1c, 0x7e, 0x38, 0x1c, 0xe, 0x3f,
    0x1c, 0xe, 0x7, 0xe3, 0xff, 0xff, 0xff, 0xf1,
    0xff, 0xff, 0xff, 0xf8, 0xff, 0xff, 0xff, 0xe0,
    0x71, 0xc0, 0x0, 0x70, 0x38, 0xe0, 0x0, 0x38,
    0x1c, 0x70, 0x0, 0x1c, 0xe, 0x38, 0x1f, 0xf0,
    0x7, 0x1c, 0xf, 0xf8, 0x3, 0x8e, 0x7, 0xfc,
    0x0,

    /* U+7A3C "稼" */
    0x0, 0x7e, 0x7, 0x0, 0x0, 0x3f, 0x3, 0x80,
    0x0, 0x1f, 0x81, 0xc0, 0x1f, 0xf0, 0x3f, 0xff,
    0x8f, 0xf8, 0x1f, 0xff, 0xc7, 0xfc, 0xf, 0xff,
    0xe0, 0xe, 0x38, 0x0, 0xe, 0x7, 0x1c, 0x0,
    0x7, 0x3, 0x8e, 0x0, 0x3, 0x81, 0xc7, 0xff,
    0xf1, 0xc0, 0xe3, 0xff, 0xf8, 0xe0, 0x71, 0xff,
    0xfc, 0x7f, 0xff, 0x3, 0x80, 0x7, 0xff, 0x81,
    0xc0, 0x3, 0xff, 0xc0, 0xe0, 0x0, 0x7, 0x1f,
    0x8e, 0x7, 0x3, 0x8f, 0xc7, 0x3, 0x81, 0xc7,
    0xe3, 0x81, 0xc7, 0xfc, 0xe, 0x3f, 0x3, 0xfe,
    0x7, 0x1f, 0x81, 0xff, 0x3, 0x8f, 0xc0, 0xfc,
    0x7e, 0x3f, 0x0, 0x7e, 0x3f, 0x1f, 0x80, 0x3f,
    0x1f, 0x8f, 0xc0, 0xe3, 0x80, 0x38, 0xfc, 0x71,
    0xc0, 0x1c, 0x7e, 0x38, 0xe0, 0xe, 0x3f, 0x0,
    0x71, 0xf8, 0x1c, 0x70, 0x38, 0xfc, 0xe, 0x38,
    0x1c, 0x7e, 0x7, 0x1c, 0xe, 0x0, 0xfc, 0x0,
    0x7, 0x0, 0x7e, 0x0, 0x3, 0x80, 0x3f, 0x0,
    0x0,

    /* U+7A69 "穩" */
    0x0, 0x71, 0xff, 0xff, 0x80, 0x38, 0xff, 0xff,
    0xc0, 0x1c, 0x7f, 0xff, 0xff, 0xf0, 0x38, 0xe3,
    0x8f, 0xf8, 0x1c, 0x71, 0xc7, 0xfc, 0xe, 0x38,
    0xe0, 0xe, 0x38, 0x3, 0x8e, 0x7, 0x1c, 0x1,
    0xc7, 0x3, 0x8e, 0x0, 0xe3, 0x81, 0xc0, 0xff,
    0xf0, 0x0, 0xe0, 0x7f, 0xf8, 0x0, 0x70, 0x3f,
    0xfc, 0xf, 0xff, 0x3, 0x81, 0xc7, 0xff, 0x81,
    0xc0, 0xe3, 0xff, 0xc0, 0xe0, 0x70, 0x7, 0x1f,
    0xff, 0xff, 0x3, 0x8f, 0xff, 0xff, 0x81, 0xc7,
    0xff, 0xff, 0xc7, 0xfc, 0x0, 0x7, 0x3, 0xfe,
    0x0, 0x3, 0x81, 0xff, 0x0, 0x1, 0xc0, 0xfc,
    0xf, 0xff, 0x0, 0x7e, 0x7, 0xff, 0x80, 0x3f,
    0x3, 0xff, 0xc0, 0xe3, 0x8e, 0x7, 0x1c, 0x71,
    0xc7, 0x3, 0x8e, 0x38, 0xe3, 0x81, 0xc7, 0x0,
    0x71, 0xc0, 0x1c, 0x70, 0x38, 0xe0, 0xe, 0x38,
    0x1c, 0x70, 0x7, 0x1c, 0xf, 0xc7, 0xfc, 0xe,
    0x7, 0xe3, 0xfe, 0x7, 0x3, 0xf1, 0xff, 0x3,
    0x80,

    /* U+7A7A "空" */
    0x0, 0x1, 0xc0, 0x0, 0x0, 0x0, 0xe0, 0x0,
    0x0, 0x0, 0x70, 0x0, 0x3, 0xff, 0xff, 0xff,
    0x81, 0xff, 0xff, 0xff, 0xc0, 0xff, 0xff, 0xff,
    0xe3, 0x80, 0x38, 0xe0, 0xf, 0xc0, 0x1c, 0x70,
    0x7, 0xe0, 0xe, 0x38, 0x3, 0xf0, 0x7, 0x1c,
    0x0, 0x38, 0x3, 0x8e, 0x0, 0x1c, 0x1, 0xc7,
    0x0, 0x0, 0x7, 0x3, 0x80, 0x38, 0x3, 0x81,
    0xc0, 0x1c, 0x1, 0xc0, 0xe0, 0xf, 0xff, 0x0,
    0xf, 0xf8, 0xff, 0x80, 0x7, 0xfc, 0x7f, 0xc0,
    0x3, 0xfe, 0x0, 0x0, 0x0, 0x0, 0x0, 0x0,
    0x0, 0x0, 0x0, 0x0, 0x0, 0x0, 0x0, 0xff,
    0xff, 0xff, 0xe0, 0x7f, 0xff, 0xff, 0xf0, 0x3f,
    0xff, 0xff, 0xf8, 0x0, 0x1, 0xc0, 0x0, 0x0,
    0x0, 0xe0, 0x0, 0x0, 0x0, 0x70, 0x0, 0x0,
    0x0, 0x38, 0x0, 0x0, 0x0, 0x1c, 0x0, 0x0,
    0x0, 0xe, 0x0, 0x3, 0xff, 0xff, 0xff, 0xff,
    0xff, 0xff, 0xff, 0xff, 0xff, 0xff, 0xff, 0xff,
    0x80,

    /* U+7ACB "立" */
    0x0, 0x1, 0xc0, 0x0, 0x0, 0x0, 0xe0, 0x0,
    0x0, 0x0, 0x70, 0x0, 0x1f, 0xff, 0xff, 0xff,
    0xff, 0xff, 0xff, 0xff, 0xff, 0xff, 0xff, 0xff,
    0xfc, 0x0, 0x0, 0x0, 0x0, 0x0, 0x0, 0x0,
    0x0, 0x0, 0x0, 0x0, 0x0, 0xe, 0x0, 0x0,
    0xe, 0x7, 0x0, 0x0, 0x7, 0x3, 0x80, 0x0,
    0x3, 0x80, 0x38, 0x0, 0x1, 0xc0, 0x1c, 0x0,
    0x0, 0xe0, 0xe, 0x0, 0x0, 0x70, 0x7, 0x0,
    0x1, 0xc0, 0x3, 0x80, 0x0, 0xe0, 0x1, 0xc0,
    0x0, 0x70, 0x0, 0x1c, 0x0, 0x38, 0x0, 0xe,
    0x0, 0x1c, 0x0, 0x7, 0x0, 0xe, 0x0, 0x3,
    0x80, 0x38, 0x0, 0x1, 0xc0, 0x1c, 0x0, 0x0,
    0xe0, 0xe, 0x0, 0x0, 0x70, 0x7, 0x0, 0x0,
    0x38, 0x3, 0x80, 0x0, 0x1c, 0x1, 0xc0, 0x0,
    0x0, 0x7, 0x0, 0x0, 0x0, 0x3, 0x80, 0x0,
    0x0, 0x1, 0xc0, 0x3, 0xff, 0xff, 0xff, 0xff,
    0xff, 0xff, 0xff, 0xff, 0xff, 0xff, 0xff, 0xff,
    0x80,

    /* U+7AEF "端" */
    0x3, 0x8e, 0x7, 0x3, 0x81, 0xc7, 0x3, 0x81,
    0xc0, 0xe3, 0x81, 0xc0, 0xff, 0xff, 0xc0, 0xe0,
    0x7f, 0xff, 0xe0, 0x70, 0x3f, 0xff, 0xf0, 0x38,
    0x1c, 0x1, 0xc7, 0xff, 0xf0, 0x0, 0xe3, 0xff,
    0xf8, 0x0, 0x71, 0xff, 0xfc, 0x70, 0x38, 0x0,
    0x0, 0x38, 0x1c, 0x0, 0x0, 0x1c, 0xe, 0x0,
    0x0, 0xe, 0x7, 0xff, 0xff, 0xff, 0x3, 0xff,
    0xff, 0xff, 0x81, 0xff, 0xff, 0xff, 0xc0, 0xe3,
    0x80, 0x0, 0xe0, 0x71, 0xc0, 0x0, 0x70, 0x38,
    0xe0, 0x0, 0x38, 0xe0, 0x7f, 0xff, 0x1c, 0x70,
    0x3f, 0xff, 0x8e, 0x38, 0x1f, 0xff, 0xc7, 0x1c,
    0x71, 0xc7, 0x1f, 0x8e, 0x38, 0xe3, 0x8f, 0xc7,
    0x1c, 0x71, 0xc7, 0x3, 0x8e, 0x38, 0xe3, 0x81,
    0xc7, 0x1c, 0x71, 0xc0, 0xe3, 0x8e, 0x38, 0xe0,
    0x7f, 0xc7, 0x1c, 0x70, 0x3f, 0xe3, 0x8e, 0x38,
    0x1f, 0xf1, 0xc7, 0x1f, 0xf0, 0x38, 0xe3, 0xf1,
    0xf8, 0x1c, 0x71, 0xf8, 0xfc, 0xe, 0x38, 0xfc,
    0x0,

    /* U+7B49 "等" */
    0x1c, 0x0, 0x38, 0x0, 0xe, 0x0, 0x1c, 0x0,
    0x7, 0x0, 0xe, 0x0, 0x3, 0xff, 0xc7, 0xff,
    0xf1, 0xff, 0xe3, 0xff, 0xf8, 0xff, 0xf1, 0xff,
    0xff, 0x81, 0xc7, 0x3, 0x81, 0xc0, 0xe3, 0x81,
    0xc0, 0xe0, 0x71, 0xc0, 0xe0, 0xf, 0xff, 0xff,
    0xfe, 0x7, 0xff, 0xff, 0xff, 0x3, 0xff, 0xff,
    0xff, 0x80, 0x0, 0x1c, 0x0, 0x0, 0x0, 0xe,
    0x0, 0x0, 0x0, 0x7, 0x0, 0x1, 0xff, 0xff,
    0xff, 0xff, 0xff, 0xff, 0xff, 0xff, 0xff, 0xff,
    0xff, 0xff, 0xc0, 0x0, 0x0, 0x38, 0x0, 0x0,
    0x0, 0x1c, 0x0, 0x0, 0x0, 0xe, 0x7, 0xff,
    0xff, 0xff, 0xff, 0xff, 0xff, 0xff, 0xff, 0xff,
    0xff, 0xff, 0xff, 0x3, 0x80, 0x0, 0xe0, 0x1,
    0xc0, 0x0, 0x70, 0x0, 0xe0, 0x0, 0x38, 0x0,
    0xe, 0x0, 0x1c, 0x0, 0x7, 0x0, 0xe, 0x0,
    0x3, 0x80, 0x7, 0x0, 0x0, 0x7, 0xfc, 0x0,
    0x0, 0x3, 0xfe, 0x0, 0x0, 0x1, 0xff, 0x0,
    0x0,

    /* U+7BA1 "管" */
    0x1c, 0x0, 0x38, 0x0, 0xe, 0x0, 0x1c, 0x0,
    0x7, 0x0, 0xe, 0x0, 0x3, 0xff, 0xc7, 0xff,
    0xf1, 0xff, 0xe3, 0xff, 0xf8, 0xff, 0xf1, 0xff,
    0xff, 0x81, 0xc0, 0x3, 0x81, 0xc0, 0xe0, 0x1,
    0xc0, 0xe0, 0x70, 0x0, 0xe0, 0x0, 0x0, 0xe0,
    0x0, 0x0, 0x0, 0x70, 0x0, 0x0, 0x0, 0x38,
    0x0, 0x1, 0xff, 0xff, 0xff, 0xc0, 0xff, 0xff,
    0xff, 0xe0, 0x7f, 0xff, 0xff, 0xf1, 0xc7, 0x0,
    0x1, 0xc7, 0xe3, 0x80, 0x0, 0xe3, 0xf1, 0xc0,
    0x0, 0x71, 0xf8, 0xff, 0xff, 0xc0, 0xfc, 0x7f,
    0xff, 0xe0, 0x7e, 0x3f, 0xff, 0xf0, 0x38, 0x1c,
    0x0, 0x0, 0x0, 0xe, 0x0, 0x0, 0x0, 0x7,
    0x0, 0x0, 0x0, 0x3, 0xff, 0xff, 0xe0, 0x1,
    0xff, 0xff, 0xf0, 0x0, 0xff, 0xff, 0xf8, 0x0,
    0x70, 0x0, 0x3, 0x80, 0x38, 0x0, 0x1, 0xc0,
    0x1c, 0x0, 0x0, 0xe0, 0x1, 0xff, 0xff, 0x80,
    0x0, 0xff, 0xff, 0xc0, 0x0, 0x7f, 0xff, 0xe0,
    0x0,

    /* U+7BC0 "節" */
    0x1c, 0x0, 0x38, 0x0, 0xe, 0x0, 0x1c, 0x0,
    0x7, 0x0, 0xe, 0x0, 0x3, 0xff, 0xc7, 0xff,
    0xf1, 0xff, 0xe3, 0xff, 0xf8, 0xff, 0xf1, 0xff,
    0xff, 0x81, 0xc7, 0x3, 0x81, 0xc0, 0xe3, 0x81,
    0xc0, 0xe0, 0x71, 0xc0, 0xe0, 0xf, 0xf8, 0x3,
    0xfe, 0x7, 0xfc, 0x1, 0xff, 0x3, 0xfe, 0x0,
    0xff, 0x8e, 0x0, 0xe3, 0x80, 0x3f, 0x0, 0x71,
    0xc0, 0x1f, 0x80, 0x38, 0xe0, 0xf, 0xff, 0xfc,
    0x70, 0x7, 0xff, 0xfe, 0x38, 0x3, 0xff, 0xff,
    0x1c, 0x1, 0xf8, 0x3, 0x8e, 0x0, 0xfc, 0x1,
    0xc7, 0x0, 0x7e, 0x0, 0xe3, 0x80, 0x3f, 0xff,
    0x81, 0xc0, 0x1f, 0xff, 0xc0, 0xe0, 0xf, 0xff,
    0xe0, 0x70, 0x7, 0xe0, 0x0, 0x38, 0x3, 0xf0,
    0x0, 0x1c, 0x1, 0xf8, 0x0, 0xe, 0x0, 0xfc,
    0x7e, 0x7, 0x1f, 0x8e, 0x3f, 0x3, 0x8f, 0xc7,
    0x1f, 0x81, 0xc7, 0xe3, 0xf0, 0x38, 0xe0, 0x1,
    0xf8, 0x1c, 0x70, 0x0, 0xfc, 0xe, 0x38, 0x0,
    0x0,

    /* U+7C3F "簿" */
    0x1c, 0x0, 0x38, 0x0, 0xe, 0x0, 0x1c, 0x0,
    0x7, 0x0, 0xe, 0x0, 0x3, 0xff, 0xc7, 0xff,
    0xf1, 0xff, 0xe3, 0xff, 0xf8, 0xff, 0xf1, 0xff,
    0xff, 0x81, 0xc7, 0x3, 0x81, 0xc0, 0xe3, 0x81,
    0xc0, 0xe0, 0x71, 0xc0, 0xe0, 0xe, 0x3f, 0xff,
    0xff, 0xc7, 0x1f, 0xff, 0xff, 0xe3, 0x8f, 0xff,
    0xff, 0xf0, 0x38, 0xe0, 0x71, 0xc0, 0x1c, 0x70,
    0x38, 0xe0, 0xe, 0x38, 0x1c, 0x71, 0xc0, 0x1f,
    0xff, 0xf8, 0xe0, 0xf, 0xff, 0xfc, 0x70, 0x7,
    0xff, 0xfe, 0x7, 0x3, 0x81, 0xc7, 0x3, 0x81,
    0xc0, 0xe3, 0x81, 0xc0, 0xe0, 0x71, 0xc0, 0x3,
    0xff, 0xff, 0xfc, 0x1, 0xff, 0xff, 0xfe, 0x0,
    0xff, 0xff, 0xff, 0x1c, 0xe, 0x0, 0x1c, 0xe,
    0x7, 0x0, 0xe, 0x7, 0x3, 0x80, 0x7, 0x1c,
    0x0, 0x38, 0x3, 0x8e, 0x0, 0x1c, 0x1, 0xc7,
    0x0, 0xe, 0x0, 0xe3, 0x80, 0x0, 0x1f, 0x81,
    0xc0, 0x0, 0xf, 0xc0, 0xe0, 0x0, 0x7, 0xe0,
    0x0,

    /* U+7C98 "粘" */
    0x3, 0x80, 0x7, 0x0, 0x1, 0xc0, 0x3, 0x80,
    0x0, 0xe0, 0x1, 0xc0, 0x1c, 0x71, 0xc0, 0xff,
    0xfe, 0x38, 0xe0, 0x7f, 0xff, 0x1c, 0x70, 0x3f,
    0xfc, 0x7f, 0xc0, 0x1c, 0x0, 0x3f, 0xe0, 0xe,
    0x0, 0x1f, 0xf0, 0x7, 0x0, 0x1, 0xc0, 0x3,
    0x80, 0x0, 0xe0, 0x1, 0xc0, 0x0, 0x70, 0x0,
    0xe0, 0xf, 0xff, 0xe3, 0xff, 0xc7, 0xff, 0xf1,
    0xff, 0xe3, 0xff, 0xf8, 0xff, 0xf0, 0x7, 0x3,
    0x80, 0x7, 0x3, 0x81, 0xc0, 0x3, 0x81, 0xc0,
    0xe0, 0x1, 0xc7, 0xfc, 0x70, 0x0, 0xe3, 0xfe,
    0x38, 0x0, 0x71, 0xff, 0x1c, 0x0, 0x38, 0xfc,
    0x7e, 0x0, 0x1c, 0x7e, 0x3f, 0x0, 0xe, 0x3f,
    0x1f, 0x80, 0x7, 0xe3, 0x81, 0xc0, 0x3, 0xf1,
    0xc0, 0xe0, 0x1, 0xf8, 0xe0, 0x70, 0x0, 0xe0,
    0x70, 0x38, 0x0, 0x70, 0x38, 0x1c, 0x0, 0x38,
    0x1c, 0xe, 0x0, 0x1c, 0xe, 0x0, 0xff, 0xf0,
    0x7, 0x0, 0x7f, 0xf8, 0x3, 0x80, 0x3f, 0xfc,
    0x0,

    /* U+7CFB "系" */
    0x0, 0x0, 0x3f, 0xfc, 0x0, 0x0, 0x1f, 0xfe,
    0x0, 0x0, 0xf, 0xff, 0x3, 0xff, 0xf8, 0x0,
    0x1, 0xff, 0xfc, 0x0, 0x0, 0xff, 0xfe, 0x0,
    0x0, 0x1, 0xc0, 0x3, 0x80, 0x0, 0xe0, 0x1,
    0xc0, 0x0, 0x70, 0x0, 0xe0, 0x0, 0x38, 0x1f,
    0x80, 0x0, 0x1c, 0xf, 0xc0, 0x0, 0xe, 0x7,
    0xe0, 0x0, 0x0, 0xfc, 0x0, 0x0, 0x0, 0x7e,
    0x0, 0x0, 0x0, 0x3f, 0x0, 0x0, 0x0, 0xe0,
    0x1, 0xf8, 0x0, 0x70, 0x0, 0xfc, 0x0, 0x38,
    0x0, 0x7e, 0x3f, 0xff, 0xff, 0xc0, 0xff, 0xff,
    0xff, 0xe0, 0x7f, 0xff, 0xff, 0xf0, 0x38, 0x0,
    0xe, 0x0, 0x0, 0x0, 0x7, 0x0, 0x0, 0x0,
    0x3, 0x80, 0x0, 0x3, 0x81, 0xc0, 0xfc, 0x1,
    0xc0, 0xe0, 0x7e, 0x0, 0xe0, 0x70, 0x3f, 0x1f,
    0x80, 0x38, 0x0, 0x7f, 0xc0, 0x1c, 0x0, 0x3f,
    0xe0, 0xe, 0x0, 0x1c, 0x0, 0x7, 0x0, 0x0,
    0x0, 0x3, 0x80, 0x0, 0x0, 0x1, 0xc0, 0x0,
    0x0,

    /* U+7D19 "紙" */
    0x3, 0x80, 0x0, 0x1f, 0x81, 0xc0, 0x0, 0xf,
    0xc0, 0xe0, 0x0, 0x7, 0xe3, 0x80, 0x7, 0xfc,
    0x1, 0xc0, 0x3, 0xfe, 0x0, 0xe0, 0x1, 0xff,
    0x3, 0x81, 0xc7, 0x3, 0x81, 0xc0, 0xe3, 0x81,
    0xc0, 0xe0, 0x71, 0xc0, 0xe0, 0xf, 0xc0, 0xe0,
    0x70, 0x7, 0xe0, 0x70, 0x38, 0x3, 0xf0, 0x38,
    0x1c, 0x1, 0xc0, 0x1c, 0xe, 0x0, 0xe0, 0xe,
    0x7, 0x0, 0x70, 0x7, 0x3, 0x81, 0xc0, 0xe3,
    0xff, 0xff, 0xe0, 0x71, 0xff, 0xff, 0xf0, 0x38,
    0xff, 0xff, 0xff, 0xe3, 0xf0, 0x38, 0x1f, 0xf1,
    0xf8, 0x1c, 0xf, 0xf8, 0xfc, 0xe, 0x0, 0x1c,
    0xe, 0x7, 0x0, 0xe, 0x7, 0x3, 0x80, 0x7,
    0x3, 0x81, 0xc0, 0xe3, 0xf1, 0xc0, 0xe3, 0xf1,
    0xf8, 0xe0, 0x71, 0xf8, 0xfc, 0x70, 0x38, 0xfc,
    0x70, 0x38, 0xfc, 0x7e, 0x38, 0x1c, 0x7e, 0x3f,
    0x1c, 0xe, 0x3f, 0x1c, 0xe, 0x3f, 0xe0, 0x70,
    0x7, 0x1f, 0xf0, 0x38, 0x3, 0x8f, 0xf8, 0x1c,
    0x0,

    /* U+7D1A "級" */
    0x3, 0x8f, 0xff, 0xe0, 0x1, 0xc7, 0xff, 0xf0,
    0x0, 0xe3, 0xff, 0xf8, 0x3, 0x80, 0x38, 0x3,
    0x81, 0xc0, 0x1c, 0x1, 0xc0, 0xe0, 0xe, 0x0,
    0xe3, 0x81, 0xc7, 0x3, 0x81, 0xc0, 0xe3, 0x81,
    0xc0, 0xe0, 0x71, 0xc0, 0xe0, 0xf, 0xc0, 0xe0,
    0x7e, 0x7, 0xe0, 0x70, 0x3f, 0x3, 0xf0, 0x38,
    0x1f, 0x81, 0xc0, 0x1c, 0x0, 0x38, 0xe0, 0xe,
    0x0, 0x1c, 0x70, 0x7, 0x0, 0xf, 0xc0, 0xe3,
    0xf0, 0x7, 0xe0, 0x71, 0xf8, 0x3, 0xf0, 0x38,
    0xfc, 0x1, 0xff, 0xe3, 0xf1, 0xc7, 0x1f, 0xf1,
    0xf8, 0xe3, 0x8f, 0xf8, 0xfc, 0x71, 0xc0, 0x1c,
    0xe, 0x7, 0x0, 0xe, 0x7, 0x3, 0x80, 0x7,
    0x3, 0x81, 0xc0, 0xe3, 0xfe, 0x0, 0xe0, 0x71,
    0xff, 0x0, 0x70, 0x38, 0xff, 0x80, 0x38, 0x1c,
    0x71, 0xc0, 0xe3, 0x8e, 0x38, 0xe0, 0x71, 0xc7,
    0x1c, 0x70, 0x38, 0xe0, 0xf, 0xc0, 0xe0, 0xe,
    0x7, 0xe0, 0x70, 0x7, 0x3, 0xf0, 0x38, 0x3,
    0x80,

    /* U+7D22 "索" */
    0x0, 0x1, 0xc0, 0x0, 0x0, 0x0, 0xe0, 0x0,
    0x0, 0x0, 0x70, 0x0, 0x1f, 0xff, 0xff, 0xff,
    0xff, 0xff, 0xff, 0xff, 0xff, 0xff, 0xff, 0xff,
    0xfc, 0x0, 0x7, 0x0, 0x0, 0x0, 0x3, 0x80,
    0x0, 0x0, 0x1, 0xc0, 0x0, 0xf, 0xff, 0xff,
    0xfe, 0x7, 0xff, 0xff, 0xff, 0x3, 0xff, 0xff,
    0xff, 0x8e, 0x7, 0x0, 0x70, 0x3f, 0x3, 0x80,
    0x38, 0x1f, 0x81, 0xc0, 0x1c, 0xf, 0xc7, 0x0,
    0x70, 0x7, 0xe3, 0x80, 0x38, 0x3, 0xf1, 0xc0,
    0x1c, 0x1, 0xc0, 0x1c, 0x70, 0x3f, 0x0, 0xe,
    0x38, 0x1f, 0x80, 0x7, 0x1c, 0xf, 0xc7, 0xff,
    0xff, 0xf8, 0x1f, 0xff, 0xff, 0xfc, 0xf, 0xff,
    0xff, 0xfe, 0x7, 0x0, 0x1, 0xc0, 0x0, 0x0,
    0x0, 0xe0, 0x0, 0x0, 0x0, 0x70, 0x0, 0x0,
    0x70, 0x38, 0x1f, 0x80, 0x38, 0x1c, 0xf, 0xc0,
    0x1c, 0xe, 0x7, 0xe3, 0xf0, 0x7, 0x0, 0xf,
    0xf8, 0x3, 0x80, 0x7, 0xfc, 0x1, 0xc0, 0x3,
    0x80,

    /* U+7D42 "終" */
    0x3, 0x80, 0x3f, 0xfc, 0x1, 0xc0, 0x1f, 0xfe,
    0x0, 0xe0, 0xf, 0xff, 0x3, 0x80, 0x38, 0x0,
    0x71, 0xc0, 0x1c, 0x0, 0x38, 0xe0, 0xe, 0x0,
    0x1f, 0x81, 0xf8, 0xe0, 0x71, 0xc0, 0xfc, 0x70,
    0x38, 0xe0, 0x7e, 0x38, 0x1c, 0xf, 0xc0, 0x3,
    0xf0, 0x7, 0xe0, 0x1, 0xf8, 0x3, 0xf0, 0x0,
    0xfc, 0x1, 0xc0, 0x3, 0x81, 0xc0, 0xe0, 0x1,
    0xc0, 0xe0, 0x70, 0x0, 0xe0, 0x71, 0xc0, 0xe3,
    0x80, 0x7, 0xe0, 0x71, 0xc0, 0x3, 0xf0, 0x38,
    0xe0, 0x1, 0xff, 0xe3, 0x8f, 0xc0, 0x1f, 0xf1,
    0xc7, 0xe0, 0xf, 0xf8, 0xe3, 0xf0, 0x0, 0x1c,
    0x0, 0x7, 0xe0, 0xe, 0x0, 0x3, 0xf0, 0x7,
    0x0, 0x1, 0xf8, 0xe3, 0xf1, 0xf8, 0x0, 0x71,
    0xf8, 0xfc, 0x0, 0x38, 0xfc, 0x7e, 0x0, 0x1c,
    0x71, 0xc0, 0xfc, 0xe, 0x38, 0xe0, 0x7e, 0x7,
    0x1c, 0x70, 0x3f, 0x0, 0xe, 0x0, 0x0, 0x7e,
    0x7, 0x0, 0x0, 0x3f, 0x3, 0x80, 0x0, 0x1f,
    0x80,

    /* U+7D4C "経" */
    0x3, 0x8f, 0xff, 0xfc, 0x1, 0xc7, 0xff, 0xfe,
    0x0, 0xe3, 0xff, 0xff, 0x3, 0x80, 0x0, 0x0,
    0x71, 0xc0, 0x0, 0x0, 0x38, 0xe0, 0x0, 0x0,
    0x1f, 0x81, 0xc7, 0x0, 0x71, 0xc0, 0xe3, 0x80,
    0x38, 0xe0, 0x71, 0xc0, 0x1c, 0xf, 0xc0, 0x1f,
    0xf0, 0x7, 0xe0, 0xf, 0xf8, 0x3, 0xf0, 0x7,
    0xfc, 0x1, 0xc0, 0xfc, 0x1, 0xf8, 0xe0, 0x7e,
    0x0, 0xfc, 0x70, 0x3f, 0x0, 0x7f, 0xc0, 0xe0,
    0xe, 0x0, 0xe0, 0x70, 0x7, 0x0, 0x70, 0x38,
    0x3, 0x80, 0x3f, 0xe3, 0x81, 0xc0, 0x1f, 0xf1,
    0xc0, 0xe0, 0xf, 0xf8, 0xe0, 0x70, 0x0, 0x1c,
    0xf, 0xff, 0xfc, 0xe, 0x7, 0xff, 0xfe, 0x7,
    0x3, 0xff, 0xff, 0xe3, 0xf0, 0x7, 0x0, 0x71,
    0xf8, 0x3, 0x80, 0x38, 0xfc, 0x1, 0xc0, 0x1c,
    0x70, 0x0, 0xe0, 0xe, 0x38, 0x0, 0x70, 0x7,
    0x1c, 0x0, 0x38, 0x0, 0xe, 0x3f, 0xff, 0xfe,
    0x7, 0x1f, 0xff, 0xff, 0x3, 0x8f, 0xff, 0xff,
    0x80,

    /* U+7D66 "給" */
    0x3, 0x80, 0x3f, 0xe0, 0x1, 0xc0, 0x1f, 0xf0,
    0x0, 0xe0, 0xf, 0xf8, 0x3, 0x80, 0x38, 0x3,
    0x81, 0xc0, 0x1c, 0x1, 0xc0, 0xe0, 0xe, 0x0,
    0xe3, 0x81, 0xf8, 0x0, 0xf, 0xc0, 0xfc, 0x0,
    0x7, 0xe0, 0x7e, 0x0, 0x3, 0x8f, 0xc0, 0xff,
    0xfe, 0x7, 0xe0, 0x7f, 0xff, 0x3, 0xf0, 0x3f,
    0xff, 0x81, 0xc0, 0x0, 0x0, 0x0, 0xe0, 0x0,
    0x0, 0x0, 0x70, 0x0, 0x0, 0x1, 0xc0, 0xe3,
    0xff, 0xf8, 0xe0, 0x71, 0xff, 0xfc, 0x70, 0x38,
    0xff, 0xfe, 0x3f, 0xe3, 0x80, 0x0, 0xff, 0xf1,
    0xc0, 0x0, 0x7f, 0xf8, 0xe0, 0x0, 0x38, 0x1c,
    0x70, 0x0, 0x1c, 0xe, 0x38, 0x0, 0xe, 0x7,
    0x1c, 0x0, 0x7, 0xe3, 0xfe, 0x0, 0x3, 0xf1,
    0xff, 0x0, 0x1, 0xf8, 0xff, 0x80, 0x0, 0xfc,
    0x71, 0xc0, 0x0, 0x7e, 0x38, 0xe0, 0x0, 0x3f,
    0x1c, 0x70, 0x0, 0x1c, 0xe, 0x7, 0xff, 0xf0,
    0x7, 0x3, 0xff, 0xf8, 0x3, 0x81, 0xff, 0xfc,
    0x0,

    /* U+7D71 "統" */
    0x3, 0x80, 0x7, 0x0, 0x1, 0xc0, 0x3, 0x80,
    0x0, 0xe0, 0x1, 0xc0, 0x3, 0x81, 0xff, 0xff,
    0xf1, 0xc0, 0xff, 0xff, 0xf8, 0xe0, 0x7f, 0xff,
    0xff, 0x81, 0xc0, 0xe0, 0x1, 0xc0, 0xe0, 0x70,
    0x0, 0xe0, 0x70, 0x38, 0x0, 0xf, 0xc0, 0xe0,
    0x7e, 0x7, 0xe0, 0x70, 0x3f, 0x3, 0xf0, 0x38,
    0x1f, 0x81, 0xc0, 0x1f, 0xf0, 0x38, 0xe0, 0xf,
    0xf8, 0x1c, 0x70, 0x7, 0xfc, 0xf, 0xc0, 0xe0,
    0x71, 0xc0, 0xe0, 0x70, 0x38, 0xe0, 0x70, 0x38,
    0x1c, 0x70, 0x3f, 0xe3, 0x8e, 0x38, 0x1f, 0xf1,
    0xc7, 0x1c, 0xf, 0xf8, 0xe3, 0x8e, 0x0, 0x1c,
    0x1, 0xc7, 0x1c, 0xe, 0x0, 0xe3, 0x8e, 0x7,
    0x0, 0x71, 0xc7, 0xe3, 0xf1, 0xc0, 0xe3, 0xf1,
    0xf8, 0xe0, 0x71, 0xf8, 0xfc, 0x70, 0x38, 0xfc,
    0x70, 0x38, 0x1c, 0x7e, 0x38, 0x1c, 0xe, 0x3f,
    0x1c, 0xe, 0x7, 0x1c, 0xe, 0x38, 0x0, 0x70,
    0x7, 0x1c, 0x0, 0x38, 0x3, 0x8e, 0x0, 0x1c,
    0x0,

    /* U+7D93 "經" */
    0x3, 0x8f, 0xff, 0xff, 0x81, 0xc7, 0xff, 0xff,
    0xc0, 0xe3, 0xff, 0xff, 0xe3, 0x80, 0x0, 0x0,
    0x1, 0xc0, 0x0, 0x0, 0x0, 0xe0, 0x0, 0x0,
    0x3, 0x80, 0x38, 0x1c, 0xf, 0xc0, 0x1c, 0xe,
    0x7, 0xe0, 0xe, 0x7, 0x3, 0x8f, 0xf8, 0x1c,
    0xe, 0x7, 0xfc, 0xe, 0x7, 0x3, 0xfe, 0x7,
    0x3, 0x81, 0xc0, 0xe0, 0x70, 0x38, 0xe0, 0x70,
    0x38, 0x1c, 0x70, 0x38, 0x1c, 0xf, 0xc0, 0xe0,
    0x0, 0x0, 0xe0, 0x70, 0x0, 0x0, 0x70, 0x38,
    0x0, 0x0, 0x3f, 0xe3, 0xff, 0xff, 0xff, 0xf1,
    0xff, 0xff, 0xff, 0xf8, 0xff, 0xff, 0xf8, 0x1f,
    0x80, 0x38, 0x0, 0xf, 0xc0, 0x1c, 0x0, 0x7,
    0xe0, 0xe, 0x0, 0xe3, 0x8e, 0x7, 0x0, 0x71,
    0xc7, 0x3, 0x80, 0x38, 0xe3, 0x81, 0xc0, 0x1c,
    0x70, 0x0, 0xe0, 0xe, 0x38, 0x0, 0x70, 0x7,
    0x1c, 0x0, 0x38, 0x0, 0xe, 0x3f, 0xff, 0xfe,
    0x7, 0x1f, 0xff, 0xff, 0x3, 0x8f, 0xff, 0xff,
    0x80,

    /* U+7D99 "継" */
    0x3, 0x8e, 0x0, 0xe0, 0x1, 0xc7, 0x0, 0x70,
    0x0, 0xe3, 0x80, 0x38, 0x3, 0x81, 0xc7, 0x1c,
    0x71, 0xc0, 0xe3, 0x8e, 0x38, 0xe0, 0x71, 0xc7,
    0x1f, 0x81, 0xf8, 0xe3, 0x8f, 0xc0, 0xfc, 0x71,
    0xc7, 0xe0, 0x7e, 0x38, 0xe3, 0x8f, 0xc7, 0x0,
    0x70, 0x7, 0xe3, 0x80, 0x38, 0x3, 0xf1, 0xc0,
    0x1c, 0x1, 0xc0, 0xe3, 0xff, 0xf8, 0xe0, 0x71,
    0xff, 0xfc, 0x70, 0x38, 0xff, 0xff, 0xc0, 0xfc,
    0x1, 0xc0, 0xe0, 0x7e, 0x0, 0xe0, 0x70, 0x3f,
    0x0, 0x70, 0x3f, 0xe3, 0x81, 0xff, 0x1f, 0xf1,
    0xc0, 0xff, 0x8f, 0xf8, 0xe0, 0x7f, 0xc0, 0x1c,
    0x71, 0xc7, 0x1c, 0xe, 0x38, 0xe3, 0x8e, 0x7,
    0x1c, 0x71, 0xc7, 0xe3, 0xff, 0xc0, 0xe3, 0xf1,
    0xff, 0xe0, 0x71, 0xf8, 0xff, 0xf0, 0x38, 0xfc,
    0x71, 0xc0, 0x1c, 0xe, 0x38, 0xe0, 0xe, 0x7,
    0x1c, 0x70, 0x7, 0x0, 0xe, 0x7, 0xff, 0xfe,
    0x7, 0x3, 0xff, 0xff, 0x3, 0x81, 0xff, 0xff,
    0x80,

    /* U+7D9A "続" */
    0x3, 0x80, 0x7, 0x0, 0x1, 0xc0, 0x3, 0x80,
    0x0, 0xe0, 0x1, 0xc0, 0x3, 0x81, 0xff, 0xff,
    0xf1, 0xc0, 0xff, 0xff, 0xf8, 0xe0, 0x7f, 0xff,
    0xff, 0x81, 0xc0, 0x1c, 0x1, 0xc0, 0xe0, 0xe,
    0x0, 0xe0, 0x70, 0x7, 0x0, 0xf, 0xc0, 0xff,
    0xfe, 0x7, 0xe0, 0x7f, 0xff, 0x3, 0xf0, 0x3f,
    0xff, 0x81, 0xc0, 0x0, 0x0, 0x0, 0xe0, 0x0,
    0x0, 0x0, 0x70, 0x0, 0x0, 0x1, 0xc0, 0xe3,
    0xff, 0xf8, 0xe0, 0x71, 0xff, 0xfc, 0x70, 0x38,
    0xff, 0xfe, 0x3f, 0xe3, 0x80, 0x0, 0xff, 0xf1,
    0xc0, 0x0, 0x7f, 0xf8, 0xe0, 0x0, 0x38, 0x1c,
    0x71, 0xc7, 0x1c, 0xe, 0x38, 0xe3, 0x8e, 0x7,
    0x1c, 0x71, 0xc7, 0xe3, 0xf0, 0x38, 0xe0, 0x71,
    0xf8, 0x1c, 0x70, 0x38, 0xfc, 0xe, 0x38, 0x1c,
    0x70, 0x38, 0x1c, 0x7e, 0x38, 0x1c, 0xe, 0x3f,
    0x1c, 0xe, 0x7, 0x1c, 0xe, 0x38, 0x0, 0x70,
    0x7, 0x1c, 0x0, 0x38, 0x3, 0x8e, 0x0, 0x1c,
    0x0,

    /* U+7DB2 "網" */
    0x3, 0x81, 0xff, 0xfc, 0x1, 0xc0, 0xff, 0xfe,
    0x0, 0xe0, 0x7f, 0xff, 0x3, 0x81, 0xc0, 0x0,
    0x71, 0xc0, 0xe0, 0x0, 0x38, 0xe0, 0x70, 0x0,
    0x1f, 0x81, 0xf8, 0xe3, 0x8f, 0xc0, 0xfc, 0x71,
    0xc7, 0xe0, 0x7e, 0x38, 0xe3, 0x8f, 0xc7, 0x3,
    0x81, 0xc7, 0xe3, 0x81, 0xc0, 0xe3, 0xf1, 0xc0,
    0xe0, 0x71, 0xc0, 0xff, 0xff, 0xf8, 0xe0, 0x7f,
    0xff, 0xfc, 0x70, 0x3f, 0xff, 0xff, 0xc0, 0xfc,
    0xe, 0x7, 0xe0, 0x7e, 0x7, 0x3, 0xf0, 0x3f,
    0x3, 0x81, 0xff, 0xe3, 0xff, 0xff, 0xff, 0xf1,
    0xff, 0xff, 0xff, 0xf8, 0xff, 0xff, 0xf8, 0x1c,
    0x71, 0xc0, 0x1c, 0xe, 0x38, 0xe0, 0xe, 0x7,
    0x1c, 0x70, 0x7, 0xe3, 0xfe, 0x7, 0xe3, 0xf1,
    0xff, 0x3, 0xf1, 0xf8, 0xff, 0x81, 0xf8, 0xfc,
    0x71, 0xc0, 0x0, 0x7e, 0x38, 0xe0, 0x0, 0x3f,
    0x1c, 0x70, 0x0, 0x1c, 0xe, 0x38, 0x1f, 0xf0,
    0x7, 0x1c, 0xf, 0xf8, 0x3, 0x8e, 0x7, 0xfc,
    0x0,

    /* U+7DCA "緊" */
    0x1f, 0xfe, 0x3f, 0xfc, 0xf, 0xff, 0x1f, 0xfe,
    0x7, 0xff, 0x8f, 0xff, 0x1c, 0xe, 0x0, 0x0,
    0x7e, 0x7, 0x0, 0x0, 0x3f, 0x3, 0x80, 0x0,
    0x1f, 0xff, 0xf8, 0xe0, 0xf, 0xff, 0xfc, 0x70,
    0x7, 0xff, 0xfe, 0x38, 0x3, 0xf0, 0x0, 0xe3,
    0x8e, 0x38, 0x0, 0x71, 0xc7, 0x1c, 0x0, 0x38,
    0xe3, 0x8f, 0xff, 0xe0, 0xe, 0x7, 0xff, 0xf0,
    0x7, 0x3, 0xff, 0xf8, 0x3, 0x81, 0xc0, 0xe0,
    0xe, 0x38, 0xe0, 0x70, 0x7, 0x1c, 0x70, 0x38,
    0x3, 0x8e, 0x7, 0xff, 0x8e, 0x0, 0xe3, 0xff,
    0xc7, 0x0, 0x71, 0xff, 0xe3, 0x80, 0x38, 0x1c,
    0xe, 0x7, 0xe0, 0xe, 0x7, 0x3, 0xf0, 0x7,
    0x3, 0x81, 0xf8, 0xff, 0xff, 0xff, 0x3, 0xff,
    0xff, 0xff, 0x81, 0xff, 0xff, 0xff, 0xc0, 0xe0,
    0x70, 0x38, 0x1c, 0x0, 0x38, 0x1c, 0xe, 0x0,
    0x1c, 0xe, 0x7, 0x3, 0xf0, 0x7, 0x0, 0x7f,
    0xf8, 0x3, 0x80, 0x3f, 0xfc, 0x1, 0xc0, 0x1f,
    0x80,

    /* U+7DDA "線" */
    0x3, 0x80, 0x38, 0x0, 0x1, 0xc0, 0x1c, 0x0,
    0x0, 0xe0, 0xe, 0x0, 0x3, 0x80, 0x3f, 0xff,
    0x81, 0xc0, 0x1f, 0xff, 0xc0, 0xe0, 0xf, 0xff,
    0xe3, 0x81, 0xf8, 0x0, 0xf, 0xc0, 0xfc, 0x0,
    0x7, 0xe0, 0x7e, 0x0, 0x3, 0x8f, 0xc7, 0xff,
    0xff, 0xc7, 0xe3, 0xff, 0xff, 0xe3, 0xf1, 0xff,
    0xff, 0xf1, 0xc0, 0xe0, 0x0, 0x38, 0xe0, 0x70,
    0x0, 0x1c, 0x70, 0x38, 0x0, 0xf, 0xc0, 0xe3,
    0xff, 0xf8, 0xe0, 0x71, 0xff, 0xfc, 0x70, 0x38,
    0xff, 0xfe, 0x3f, 0xe3, 0xf1, 0xc0, 0xff, 0xf1,
    0xf8, 0xe0, 0x7f, 0xf8, 0xfc, 0x70, 0x38, 0x1c,
    0x1, 0xf8, 0xe0, 0xe, 0x0, 0xfc, 0x70, 0x7,
    0x0, 0x7e, 0x38, 0xe3, 0xf1, 0xc7, 0xe0, 0x71,
    0xf8, 0xe3, 0xf0, 0x38, 0xfc, 0x71, 0xf8, 0x1c,
    0x71, 0xc0, 0xe3, 0xfe, 0x38, 0xe0, 0x71, 0xff,
    0x1c, 0x70, 0x38, 0xfc, 0xe, 0x7, 0xe0, 0x0,
    0x7, 0x3, 0xf0, 0x0, 0x3, 0x81, 0xf8, 0x0,
    0x0,

    /* U+7DE8 "編" */
    0x3, 0x8f, 0xff, 0xff, 0x81, 0xc7, 0xff, 0xff,
    0xc0, 0xe3, 0xff, 0xff, 0xe3, 0x80, 0x0, 0x0,
    0x1, 0xc0, 0x0, 0x0, 0x0, 0xe0, 0x0, 0x0,
    0x3, 0x81, 0xc7, 0xff, 0xf1, 0xc0, 0xe3, 0xff,
    0xf8, 0xe0, 0x71, 0xff, 0xfc, 0xf, 0xc7, 0x0,
    0x1, 0xc7, 0xe3, 0x80, 0x0, 0xe3, 0xf1, 0xc0,
    0x0, 0x71, 0xc0, 0xff, 0xff, 0xc0, 0xe0, 0x7f,
    0xff, 0xe0, 0x70, 0x3f, 0xff, 0xf1, 0xc0, 0xfc,
    0x0, 0x0, 0xe0, 0x7e, 0x0, 0x0, 0x70, 0x3f,
    0x0, 0x0, 0x3f, 0xe3, 0xff, 0xff, 0x1f, 0xf1,
    0xff, 0xff, 0x8f, 0xf8, 0xff, 0xff, 0xc0, 0x1c,
    0x71, 0xc7, 0x1c, 0xe, 0x38, 0xe3, 0x8e, 0x7,
    0x1c, 0x71, 0xc7, 0xe3, 0x8f, 0xff, 0xff, 0xf1,
    0xc7, 0xff, 0xff, 0xf8, 0xe3, 0xff, 0xff, 0xfc,
    0x7f, 0xc7, 0x1c, 0x7e, 0x3f, 0xe3, 0x8e, 0x3f,
    0x1f, 0xf1, 0xc7, 0x1c, 0xe, 0x38, 0xe3, 0xf0,
    0x7, 0x1c, 0x71, 0xf8, 0x3, 0x8e, 0x38, 0xfc,
    0x0,

    /* U+7E26 "縦" */
    0x3, 0x81, 0xc7, 0x3, 0x81, 0xc0, 0xe3, 0x81,
    0xc0, 0xe0, 0x71, 0xc0, 0xe3, 0x81, 0xc0, 0xe3,
    0x81, 0xc0, 0xe0, 0x71, 0xc0, 0xe0, 0x70, 0x38,
    0xe3, 0x81, 0xc0, 0xff, 0xff, 0xc0, 0xe0, 0x7f,
    0xff, 0xe0, 0x70, 0x3f, 0xff, 0x8f, 0xc0, 0xe0,
    0x70, 0x7, 0xe0, 0x70, 0x38, 0x3, 0xf0, 0x38,
    0x1c, 0x1, 0xc7, 0xe0, 0xe, 0x0, 0xe3, 0xf0,
    0x7, 0x0, 0x71, 0xf8, 0x3, 0x81, 0xc0, 0x1c,
    0x71, 0xc0, 0xe0, 0xe, 0x38, 0xe0, 0x70, 0x7,
    0x1c, 0x70, 0x3f, 0xe3, 0x8e, 0x3f, 0xff, 0xf1,
    0xc7, 0x1f, 0xff, 0xf8, 0xe3, 0x8f, 0xf8, 0x1f,
    0xf1, 0xc7, 0x0, 0xf, 0xf8, 0xe3, 0x80, 0x7,
    0xfc, 0x71, 0xc0, 0xe3, 0x8e, 0x38, 0xe0, 0x71,
    0xc7, 0x1c, 0x70, 0x38, 0xe3, 0x8e, 0x38, 0x1c,
    0x71, 0xf8, 0xfc, 0xe, 0x38, 0xfc, 0x7e, 0x7,
    0x1c, 0x7e, 0x3f, 0x0, 0xe, 0x38, 0x0, 0x7e,
    0x7, 0x1c, 0x0, 0x3f, 0x3, 0x8e, 0x0, 0x1f,
    0x80,

    /* U+7E3D "總" */
    0x3, 0x80, 0x38, 0x0, 0x1, 0xc0, 0x1c, 0x0,
    0x0, 0xe0, 0xe, 0x0, 0x3, 0x80, 0x3f, 0xff,
    0x81, 0xc0, 0x1f, 0xff, 0xc0, 0xe0, 0xf, 0xff,
    0xe3, 0x81, 0xf8, 0x1f, 0x8f, 0xc0, 0xfc, 0xf,
    0xc7, 0xe0, 0x7e, 0x7, 0xe3, 0x8f, 0xc7, 0x1c,
    0xf, 0xc7, 0xe3, 0x8e, 0x7, 0xe3, 0xf1, 0xc7,
    0x3, 0xf1, 0xc0, 0xfc, 0x71, 0xf8, 0xe0, 0x7e,
    0x38, 0xfc, 0x70, 0x3f, 0x1c, 0x7f, 0xc0, 0xfc,
    0x1, 0xc7, 0xe0, 0x7e, 0x0, 0xe3, 0xf0, 0x3f,
    0x0, 0x71, 0xff, 0xe0, 0x7f, 0xff, 0x1f, 0xf0,
    0x3f, 0xff, 0x8f, 0xf8, 0x1f, 0xff, 0xc0, 0x1c,
    0x0, 0x0, 0x0, 0xe, 0x0, 0x0, 0x0, 0x7,
    0x0, 0x0, 0x0, 0xe3, 0x8e, 0x7, 0x1c, 0x71,
    0xc7, 0x3, 0x8e, 0x38, 0xe3, 0x81, 0xc7, 0x1c,
    0x71, 0xc0, 0x1c, 0x7e, 0x38, 0xe0, 0xe, 0x3f,
    0x1c, 0x70, 0x7, 0x1c, 0xf, 0xc7, 0xfc, 0xe,
    0x7, 0xe3, 0xfe, 0x7, 0x3, 0xf1, 0xff, 0x3,
    0x80,

    /* U+7E41 "繁" */
    0x1c, 0x0, 0x7, 0x0, 0xe, 0x0, 0x3, 0x80,
    0x7, 0x0, 0x1, 0xc0, 0x1f, 0xff, 0xf8, 0xff,
    0xff, 0xff, 0xfc, 0x7f, 0xff, 0xff, 0xfe, 0x3f,
    0xfc, 0x71, 0xc7, 0xe0, 0xe, 0x38, 0xe3, 0xf0,
    0x7, 0x1c, 0x71, 0xf8, 0x3, 0xff, 0xff, 0xe3,
    0x8e, 0x3f, 0xff, 0xf1, 0xc7, 0x1f, 0xff, 0xf8,
    0xe3, 0x81, 0xc7, 0x1c, 0xe, 0x0, 0xe3, 0x8e,
    0x7, 0x0, 0x71, 0xc7, 0x3, 0x80, 0x7, 0xfc,
    0x7e, 0x3f, 0x3, 0xfe, 0x3f, 0x1f, 0x81, 0xff,
    0x1f, 0x8f, 0xc0, 0x1c, 0xe, 0x0, 0x0, 0xe,
    0x7, 0x0, 0x0, 0x7, 0x3, 0x80, 0x0, 0x1c,
    0xe, 0x7, 0xe0, 0xe, 0x7, 0x3, 0xf0, 0x7,
    0x3, 0x81, 0xf8, 0xff, 0xff, 0xff, 0x3, 0xff,
    0xff, 0xff, 0x81, 0xff, 0xff, 0xff, 0xc0, 0xe0,
    0x70, 0x38, 0x1c, 0x0, 0x38, 0x1c, 0xe, 0x0,
    0x1c, 0xe, 0x7, 0x3, 0xf0, 0x7, 0x0, 0x7f,
    0xf8, 0x3, 0x80, 0x3f, 0xfc, 0x1, 0xc0, 0x1f,
    0x80,

    /* U+7E7C "繼" */
    0x3, 0x8e, 0x7, 0x3, 0x81, 0xc7, 0x3, 0x81,
    0xc0, 0xe3, 0x81, 0xc0, 0xe3, 0x81, 0xc7, 0x3,
    0x81, 0xc0, 0xe3, 0x81, 0xc0, 0xe0, 0x71, 0xc0,
    0xe3, 0x81, 0xf8, 0x1c, 0xf, 0xc0, 0xfc, 0xe,
    0x7, 0xe0, 0x7e, 0x7, 0x3, 0x8f, 0xc7, 0x1f,
    0x8f, 0xc7, 0xe3, 0x8f, 0xc7, 0xe3, 0xf1, 0xc7,
    0xe3, 0xf1, 0xc0, 0xe0, 0x0, 0x0, 0xe0, 0x70,
    0x0, 0x0, 0x70, 0x38, 0x0, 0x1, 0xc0, 0xff,
    0xff, 0xff, 0xe0, 0x7f, 0xff, 0xff, 0xf0, 0x3f,
    0xff, 0xff, 0xff, 0xe3, 0x8e, 0x7, 0x1f, 0xf1,
    0xc7, 0x3, 0x8f, 0xf8, 0xe3, 0x81, 0xc0, 0x1c,
    0x70, 0x38, 0x1c, 0xe, 0x38, 0x1c, 0xe, 0x7,
    0x1c, 0xe, 0x7, 0xe3, 0xfe, 0x3f, 0x1f, 0xf1,
    0xff, 0x1f, 0x8f, 0xf8, 0xff, 0x8f, 0xc7, 0xfc,
    0x71, 0xc0, 0x0, 0xe, 0x38, 0xe0, 0x0, 0x7,
    0x1c, 0x70, 0x0, 0x0, 0xe, 0x7, 0xff, 0xfe,
    0x7, 0x3, 0xff, 0xff, 0x3, 0x81, 0xff, 0xff,
    0x80,

    /* U+7E8C "續" */
    0x3, 0x80, 0x7, 0x0, 0x1, 0xc0, 0x3, 0x80,
    0x0, 0xe0, 0x1, 0xc0, 0x3, 0x81, 0xff, 0xff,
    0xf1, 0xc0, 0xff, 0xff, 0xf8, 0xe0, 0x7f, 0xff,
    0xff, 0x81, 0xc0, 0x1c, 0x1, 0xc0, 0xe0, 0xe,
    0x0, 0xe0, 0x70, 0x7, 0x0, 0xf, 0xc0, 0xff,
    0xfe, 0x7, 0xe0, 0x7f, 0xff, 0x3, 0xf0, 0x3f,
    0xff, 0x81, 0xc0, 0xe3, 0x8e, 0x38, 0xe0, 0x71,
    0xc7, 0x1c, 0x70, 0x38, 0xe3, 0x8f, 0xc0, 0xe3,
    0xff, 0xf8, 0xe0, 0x71, 0xff, 0xfc, 0x70, 0x38,
    0xff, 0xfe, 0x3f, 0xe0, 0x70, 0x7, 0x1f, 0xf0,
    0x38, 0x3, 0x8f, 0xf8, 0x1c, 0x1, 0xc0, 0x1c,
    0xf, 0xff, 0xe0, 0xe, 0x7, 0xff, 0xf0, 0x7,
    0x3, 0xff, 0xf8, 0xe3, 0xf1, 0xc0, 0x1c, 0x71,
    0xf8, 0xe0, 0xe, 0x38, 0xfc, 0x70, 0x7, 0x1c,
    0x70, 0x7, 0xfc, 0xe, 0x38, 0x3, 0xfe, 0x7,
    0x1c, 0x1, 0xff, 0x0, 0xe, 0x3f, 0x0, 0x7e,
    0x7, 0x1f, 0x80, 0x3f, 0x3, 0x8f, 0xc0, 0x1f,
    0x80,

    /* U+7F51 "网" */
    0x1f, 0xff, 0xff, 0xfc, 0xf, 0xff, 0xff, 0xfe,
    0x7, 0xff, 0xff, 0xff, 0x1c, 0x0, 0x0, 0x0,
    0x7e, 0x0, 0x0, 0x0, 0x3f, 0x0, 0x0, 0x0,
    0x1f, 0x80, 0x38, 0x3, 0x8f, 0xc0, 0x1c, 0x1,
    0xc7, 0xe0, 0xe, 0x0, 0xe3, 0xf0, 0x7, 0x0,
    0x71, 0xf8, 0x3, 0x80, 0x38, 0xfc, 0x1, 0xc0,
    0x1c, 0x7e, 0x38, 0xe3, 0x8e, 0x3f, 0x1c, 0x71,
    0xc7, 0x1f, 0x8e, 0x38, 0xe3, 0x8f, 0xc0, 0xe0,
    0xe, 0x7, 0xe0, 0x70, 0x7, 0x3, 0xf0, 0x38,
    0x3, 0x81, 0xf8, 0x1c, 0x1, 0xc0, 0xfc, 0xe,
    0x0, 0xe0, 0x7e, 0x7, 0x0, 0x70, 0x3f, 0x1c,
    0x71, 0xc7, 0x1f, 0x8e, 0x38, 0xe3, 0x8f, 0xc7,
    0x1c, 0x71, 0xc7, 0xe3, 0x8e, 0x38, 0xe3, 0xf1,
    0xc7, 0x1c, 0x71, 0xf8, 0xe3, 0x8e, 0x38, 0xff,
    0x80, 0x38, 0x0, 0x7f, 0xc0, 0x1c, 0x0, 0x3f,
    0xe0, 0xe, 0x0, 0x1f, 0x80, 0x38, 0x1f, 0xf1,
    0xc0, 0x1c, 0xf, 0xf8, 0xe0, 0xe, 0x7, 0xfc,
    0x0,

    /* U+7F6E "置" */
    0x1f, 0xff, 0xff, 0xfc, 0xf, 0xff, 0xff, 0xfe,
    0x7, 0xff, 0xff, 0xff, 0x1c, 0xe, 0x0, 0xe0,
    0x7e, 0x7, 0x0, 0x70, 0x3f, 0x3, 0x80, 0x38,
    0x1c, 0x7f, 0xff, 0xff, 0xf0, 0x3f, 0xff, 0xff,
    0xf8, 0x1f, 0xff, 0xff, 0xfc, 0x0, 0x0, 0xe0,
    0x0, 0x0, 0x0, 0x70, 0x0, 0x0, 0x0, 0x38,
    0x0, 0xf, 0xff, 0xff, 0xff, 0xff, 0xff, 0xff,
    0xff, 0xff, 0xff, 0xff, 0xff, 0xfe, 0x0, 0x3,
    0x80, 0x0, 0x0, 0x1, 0xc0, 0x0, 0x0, 0x0,
    0xe0, 0x0, 0x38, 0x1f, 0xff, 0xf8, 0x1c, 0xf,
    0xff, 0xfc, 0xe, 0x7, 0xff, 0xfe, 0x7, 0x1c,
    0x0, 0x0, 0xe3, 0x8e, 0x0, 0x0, 0x71, 0xc7,
    0x0, 0x0, 0x38, 0xe3, 0xff, 0xff, 0xfc, 0x71,
    0xff, 0xff, 0xfe, 0x38, 0xff, 0xff, 0xff, 0x1c,
    0x70, 0x0, 0x3, 0x8e, 0x38, 0x0, 0x1, 0xc7,
    0x1c, 0x0, 0x0, 0xe0, 0x7f, 0xff, 0xff, 0xfe,
    0x3f, 0xff, 0xff, 0xff, 0x1f, 0xff, 0xff, 0xff,
    0x80,

    /* U+8005 "者" */
    0x0, 0xe, 0x0, 0x1c, 0x0, 0x7, 0x0, 0xe,
    0x0, 0x3, 0x80, 0x7, 0x3, 0xff, 0xff, 0xe3,
    0x81, 0xff, 0xff, 0xf1, 0xc0, 0xff, 0xff, 0xf8,
    0xe0, 0x0, 0x38, 0x3, 0x80, 0x0, 0x1c, 0x1,
    0xc0, 0x0, 0xe, 0x0, 0xe0, 0x0, 0x7, 0x3,
    0x80, 0x0, 0x3, 0x81, 0xc0, 0x0, 0x1, 0xc0,
    0xe0, 0xf, 0xff, 0xff, 0xff, 0xff, 0xff, 0xff,
    0xff, 0xff, 0xff, 0xff, 0xff, 0xfe, 0x0, 0x1c,
    0x0, 0x0, 0x0, 0xe, 0x0, 0x0, 0x0, 0x7,
    0x0, 0x0, 0x0, 0xff, 0xff, 0xf8, 0x0, 0x7f,
    0xff, 0xfc, 0x0, 0x3f, 0xff, 0xfe, 0x7, 0xfc,
    0x0, 0x0, 0xe3, 0xfe, 0x0, 0x0, 0x71, 0xff,
    0x0, 0x0, 0x38, 0x3, 0xff, 0xff, 0xfc, 0x1,
    0xff, 0xff, 0xfe, 0x0, 0xff, 0xff, 0xff, 0x0,
    0x70, 0x0, 0x3, 0x80, 0x38, 0x0, 0x1, 0xc0,
    0x1c, 0x0, 0x0, 0xe0, 0x1, 0xff, 0xff, 0x80,
    0x0, 0xff, 0xff, 0xc0, 0x0, 0x7f, 0xff, 0xe0,
    0x0,

    /* U+8017 "耗" */
    0x3, 0x80, 0x0, 0x1f, 0x81, 0xc0, 0x0, 0xf,
    0xc0, 0xe0, 0x0, 0x7, 0xff, 0xfe, 0x3f, 0xfc,
    0xf, 0xff, 0x1f, 0xfe, 0x7, 0xff, 0x8f, 0xff,
    0x0, 0xe, 0x0, 0xe0, 0x0, 0x7, 0x0, 0x70,
    0x0, 0x3, 0x80, 0x38, 0x0, 0x7f, 0xff, 0x1c,
    0xf, 0xff, 0xff, 0x8e, 0x7, 0xff, 0xff, 0xc7,
    0x3, 0xf0, 0x38, 0x1f, 0xfe, 0x0, 0x1c, 0xf,
    0xff, 0x0, 0xe, 0x7, 0xff, 0x81, 0xff, 0xfc,
    0x70, 0x0, 0xff, 0xfe, 0x38, 0x0, 0x7f, 0xff,
    0x1c, 0x0, 0x0, 0xe0, 0xe, 0x7, 0xe0, 0x70,
    0x7, 0x3, 0xf0, 0x38, 0x3, 0x81, 0xf8, 0xff,
    0x8f, 0xff, 0x0, 0x7f, 0xc7, 0xff, 0x80, 0x3f,
    0xe3, 0xff, 0xc0, 0x1f, 0x8e, 0x38, 0x3, 0x8f,
    0xc7, 0x1c, 0x1, 0xc7, 0xe3, 0x8e, 0x0, 0xfc,
    0x70, 0x7, 0x0, 0x7e, 0x38, 0x3, 0x80, 0x3f,
    0x1c, 0x1, 0xc0, 0x1c, 0xe, 0x0, 0x1f, 0xf0,
    0x7, 0x0, 0xf, 0xf8, 0x3, 0x80, 0x7, 0xfc,
    0x0,

    /* U+80CC "背" */
    0x0, 0xe, 0x38, 0x1f, 0x80, 0x7, 0x1c, 0xf,
    0xc0, 0x3, 0x8e, 0x7, 0xff, 0xff, 0xc7, 0xfc,
    0xf, 0xff, 0xe3, 0xfe, 0x7, 0xff, 0xf1, 0xff,
    0x0, 0x0, 0x38, 0xe0, 0xe, 0x0, 0x1c, 0x70,
    0x7, 0x0, 0xe, 0x38, 0x3, 0x81, 0xff, 0x1c,
    0x1, 0xc0, 0xff, 0x8e, 0x0, 0xe0, 0x7f, 0xc7,
    0x0, 0x7f, 0xc0, 0xe0, 0x7f, 0xc7, 0xe0, 0x70,
    0x3f, 0xe3, 0xf0, 0x38, 0x1f, 0xf0, 0x7, 0xff,
    0xff, 0xc0, 0x3, 0xff, 0xff, 0xe0, 0x1, 0xff,
    0xff, 0xf0, 0x7, 0x0, 0x0, 0x7, 0x3, 0x80,
    0x0, 0x3, 0x81, 0xc0, 0x0, 0x1, 0xc0, 0xff,
    0xff, 0xff, 0xe0, 0x7f, 0xff, 0xff, 0xf0, 0x3f,
    0xff, 0xff, 0xf8, 0x1c, 0x0, 0x0, 0x1c, 0xe,
    0x0, 0x0, 0xe, 0x7, 0x0, 0x0, 0x7, 0x3,
    0xff, 0xff, 0xff, 0x81, 0xff, 0xff, 0xff, 0xc0,
    0xff, 0xff, 0xff, 0xe0, 0x70, 0x0, 0x0, 0x70,
    0x38, 0x0, 0x0, 0x38, 0x1c, 0x0, 0x0, 0x1c,
    0x0,

    /* U+80FD "能" */
    0x3, 0xf0, 0x38, 0x1f, 0x81, 0xf8, 0x1c, 0xf,
    0xc0, 0xfc, 0xe, 0x7, 0xe3, 0x80, 0x7, 0xfc,
    0x1, 0xc0, 0x3, 0xfe, 0x0, 0xe0, 0x1, 0xff,
    0x3, 0x81, 0xc0, 0xe0, 0xf, 0xc0, 0xe0, 0x70,
    0x7, 0xe0, 0x70, 0x38, 0x3, 0xff, 0xc7, 0x1c,
    0x1, 0xff, 0xe3, 0x8e, 0x0, 0xff, 0xf1, 0xc7,
    0x0, 0x70, 0x0, 0x0, 0x7f, 0xc0, 0x0, 0x0,
    0x3f, 0xe0, 0x0, 0x0, 0x1f, 0xf0, 0x3f, 0xe0,
    0x70, 0x0, 0x1f, 0xf0, 0x38, 0x0, 0xf, 0xf8,
    0x1c, 0x0, 0x38, 0x3, 0x8e, 0x7, 0xfc, 0x1,
    0xc7, 0x3, 0xfe, 0x0, 0xe3, 0x81, 0xff, 0xff,
    0xf1, 0xff, 0x3, 0xff, 0xf8, 0xff, 0x81, 0xff,
    0xfc, 0x7f, 0xc0, 0xe0, 0xe, 0x38, 0x3, 0xf0,
    0x7, 0x1c, 0x1, 0xf8, 0x3, 0x8e, 0x0, 0xff,
    0xff, 0xc7, 0x0, 0x7f, 0xff, 0xe3, 0x80, 0x3f,
    0xff, 0xf1, 0xc0, 0x1f, 0x80, 0x38, 0x1f, 0xf1,
    0xc0, 0x1c, 0xf, 0xf8, 0xe0, 0xe, 0x7, 0xfc,
    0x0,

    /* U+8166 "腦" */
    0x1f, 0x8e, 0x7, 0x3, 0x8f, 0xc7, 0x3, 0x81,
    0xc7, 0xe3, 0x81, 0xc0, 0xfc, 0xe, 0x7, 0x3,
    0x8e, 0x7, 0x3, 0x81, 0xc7, 0x3, 0x81, 0xc0,
    0xe3, 0x81, 0xf8, 0x1c, 0xf, 0xc0, 0xfc, 0xe,
    0x7, 0xe0, 0x7e, 0x7, 0x3, 0xff, 0xf8, 0x0,
    0x0, 0x3f, 0xfc, 0x0, 0x0, 0x1f, 0xfe, 0x0,
    0x0, 0xe, 0x7, 0x1c, 0xe, 0x3f, 0x3, 0x8e,
    0x7, 0x1f, 0x81, 0xc7, 0x3, 0x8f, 0xc0, 0xe0,
    0x71, 0xc7, 0xe0, 0x70, 0x38, 0xe3, 0xf0, 0x38,
    0x1c, 0x71, 0xff, 0xfc, 0x1, 0xc0, 0xff, 0xfe,
    0x0, 0xe0, 0x7f, 0xff, 0x0, 0x70, 0x3f, 0x3,
    0x81, 0xc7, 0x1f, 0x81, 0xc0, 0xe3, 0x8f, 0xc0,
    0xe0, 0x71, 0xc7, 0xe0, 0x71, 0xc0, 0xe3, 0xf0,
    0x38, 0xe0, 0x71, 0xf8, 0x1c, 0x70, 0x38, 0xfc,
    0xe, 0x0, 0x0, 0x7e, 0x7, 0x0, 0x0, 0x3f,
    0x3, 0x80, 0x0, 0x1f, 0x8e, 0x3f, 0xff, 0xf1,
    0xc7, 0x1f, 0xff, 0xf8, 0xe3, 0x8f, 0xff, 0xfc,
    0x0,

    /* U+81EA "自" */
    0x0, 0x1, 0xc0, 0x0, 0x0, 0x0, 0xe0, 0x0,
    0x0, 0x0, 0x70, 0x0, 0x3, 0xff, 0xff, 0xff,
    0x81, 0xff, 0xff, 0xff, 0xc0, 0xff, 0xff, 0xff,
    0xe3, 0x80, 0x0, 0x0, 0xf, 0xc0, 0x0, 0x0,
    0x7, 0xe0, 0x0, 0x0, 0x3, 0xf0, 0x0, 0x0,
    0x1, 0xf8, 0x0, 0x0, 0x0, 0xfc, 0x0, 0x0,
    0x0, 0x7f, 0xff, 0xff, 0xff, 0xff, 0xff, 0xff,
    0xff, 0xff, 0xff, 0xff, 0xff, 0xff, 0xc0, 0x0,
    0x0, 0x7, 0xe0, 0x0, 0x0, 0x3, 0xf0, 0x0,
    0x0, 0x1, 0xf8, 0x0, 0x0, 0x0, 0xfc, 0x0,
    0x0, 0x0, 0x7e, 0x0, 0x0, 0x0, 0x3f, 0xff,
    0xff, 0xff, 0xff, 0xff, 0xff, 0xff, 0xff, 0xff,
    0xff, 0xff, 0xff, 0xe0, 0x0, 0x0, 0x3, 0xf0,
    0x0, 0x0, 0x1, 0xf8, 0x0, 0x0, 0x0, 0xfc,
    0x0, 0x0, 0x0, 0x7e, 0x0, 0x0, 0x0, 0x3f,
    0x0, 0x0, 0x0, 0x1c, 0x7f, 0xff, 0xff, 0xf0,
    0x3f, 0xff, 0xff, 0xf8, 0x1f, 0xff, 0xff, 0xfc,
    0x0,

    /* U+8207 "與" */
    0x3, 0x8e, 0x0, 0x0, 0x1, 0xc7, 0x0, 0x0,
    0x0, 0xe3, 0x80, 0x0, 0x3, 0x81, 0xff, 0x1f,
    0x81, 0xc0, 0xff, 0x8f, 0xc0, 0xe0, 0x7f, 0xc7,
    0xe3, 0x80, 0x38, 0x0, 0xf, 0xc0, 0x1c, 0x0,
    0x7, 0xe0, 0xe, 0x0, 0x3, 0xff, 0xc7, 0xe0,
    0x7f, 0xff, 0xe3, 0xf0, 0x3f, 0xff, 0xf1, 0xf8,
    0x1f, 0xfe, 0x0, 0x3, 0x80, 0x3f, 0x0, 0x1,
    0xc0, 0x1f, 0x80, 0x0, 0xe0, 0xf, 0xff, 0x1c,
    0x71, 0xff, 0xff, 0x8e, 0x38, 0xff, 0xff, 0xc7,
    0x1c, 0x7f, 0xf8, 0x3, 0x8e, 0x0, 0xfc, 0x1,
    0xc7, 0x0, 0x7e, 0x0, 0xe3, 0x80, 0x3f, 0x0,
    0x71, 0xc0, 0x1f, 0x80, 0x38, 0xe0, 0xf, 0xc0,
    0x1c, 0x70, 0x7, 0xff, 0xff, 0xff, 0xff, 0xff,
    0xff, 0xff, 0xff, 0xff, 0xff, 0xff, 0xff, 0xe0,
    0x70, 0x0, 0x1c, 0x0, 0x38, 0x0, 0xe, 0x0,
    0x1c, 0x0, 0x7, 0x3, 0xf0, 0x0, 0x0, 0x7f,
    0xf8, 0x0, 0x0, 0x3f, 0xfc, 0x0, 0x0, 0x1f,
    0x80,

    /* U+8272 "色" */
    0x0, 0x7f, 0xff, 0x0, 0x0, 0x3f, 0xff, 0x80,
    0x0, 0x1f, 0xff, 0xc0, 0x0, 0x70, 0x0, 0x1c,
    0x0, 0x38, 0x0, 0xe, 0x0, 0x1c, 0x0, 0x7,
    0x3, 0xf0, 0x0, 0x1c, 0x1, 0xf8, 0x0, 0xe,
    0x0, 0xfc, 0x0, 0x7, 0x0, 0x1, 0xff, 0xff,
    0xf0, 0x0, 0xff, 0xff, 0xf8, 0x0, 0x7f, 0xff,
    0xfc, 0x1, 0xc0, 0x1c, 0x1, 0xc0, 0xe0, 0xe,
    0x0, 0xe0, 0x70, 0x7, 0x0, 0x70, 0x38, 0x3,
    0x80, 0x38, 0x1c, 0x1, 0xc0, 0x1c, 0xe, 0x0,
    0xe0, 0xe, 0x7, 0xff, 0xff, 0xf8, 0x3, 0xff,
    0xff, 0xfc, 0x1, 0xff, 0xff, 0xfe, 0x0, 0xe0,
    0x0, 0x0, 0x0, 0x70, 0x0, 0x0, 0x0, 0x38,
    0x0, 0x0, 0x0, 0x1c, 0x0, 0x0, 0x3, 0x8e,
    0x0, 0x0, 0x1, 0xc7, 0x0, 0x0, 0x0, 0xe3,
    0x80, 0x0, 0x0, 0x71, 0xc0, 0x0, 0x0, 0x38,
    0xe0, 0x0, 0x0, 0x1c, 0xf, 0xff, 0xff, 0xf0,
    0x7, 0xff, 0xff, 0xf8, 0x3, 0xff, 0xff, 0xfc,
    0x0,

    /* U+82AF "芯" */
    0x3, 0x80, 0x0, 0xe0, 0x1, 0xc0, 0x0, 0x70,
    0x0, 0xe0, 0x0, 0x38, 0x1f, 0xff, 0xff, 0xff,
    0xff, 0xff, 0xff, 0xff, 0xff, 0xff, 0xff, 0xff,
    0xfc, 0xe, 0x0, 0x3, 0x80, 0x7, 0x0, 0x1,
    0xc0, 0x3, 0x80, 0x0, 0xe0, 0x0, 0x7, 0xe0,
    0x0, 0x0, 0x3, 0xf0, 0x0, 0x0, 0x1, 0xf8,
    0x0, 0x0, 0x0, 0x3, 0x80, 0x0, 0x0, 0x1,
    0xc0, 0x0, 0x0, 0x0, 0xe0, 0x0, 0x38, 0xe0,
    0x1, 0xc0, 0x1c, 0x70, 0x0, 0xe0, 0xe, 0x38,
    0x0, 0x70, 0x7, 0x1c, 0x0, 0x7, 0x3, 0x8e,
    0x0, 0x3, 0x81, 0xc7, 0x0, 0x1, 0xc0, 0xe3,
    0x80, 0x0, 0x1c, 0x71, 0xc0, 0x0, 0xe, 0x38,
    0xe0, 0x0, 0x7, 0xe0, 0x70, 0x0, 0xe3, 0xf0,
    0x38, 0x0, 0x71, 0xf8, 0x1c, 0x0, 0x38, 0xfc,
    0xe, 0x0, 0x1c, 0xe, 0x7, 0x0, 0xe, 0x7,
    0x3, 0x80, 0x7, 0x0, 0x0, 0x3f, 0xfc, 0x0,
    0x0, 0x1f, 0xfe, 0x0, 0x0, 0xf, 0xff, 0x0,
    0x0,

    /* U+82F1 "英" */
    0x3, 0x80, 0x0, 0xe0, 0x1, 0xc0, 0x0, 0x70,
    0x0, 0xe0, 0x0, 0x38, 0x1f, 0xff, 0xff, 0xff,
    0xff, 0xff, 0xff, 0xff, 0xff, 0xff, 0xff, 0xff,
    0xfc, 0xe, 0x0, 0x3, 0x80, 0x7, 0x0, 0x1,
    0xc0, 0x3, 0x80, 0x0, 0xe0, 0x0, 0x0, 0xe0,
    0x0, 0x0, 0x0, 0x70, 0x0, 0x0, 0x0, 0x38,
    0x0, 0x0, 0x3f, 0xff, 0xfe, 0x0, 0x1f, 0xff,
    0xff, 0x0, 0xf, 0xff, 0xff, 0x80, 0x38, 0x3,
    0x80, 0x38, 0x1c, 0x1, 0xc0, 0x1c, 0xe, 0x0,
    0xe0, 0xe, 0x7, 0x0, 0x70, 0x7, 0x3, 0x80,
    0x38, 0x3, 0x81, 0xc0, 0x1c, 0x1, 0xc7, 0xff,
    0xff, 0xff, 0xff, 0xff, 0xff, 0xff, 0xff, 0xff,
    0xff, 0xff, 0xff, 0x0, 0xe, 0x38, 0x0, 0x0,
    0x7, 0x1c, 0x0, 0x0, 0x3, 0x8e, 0x0, 0x0,
    0x7e, 0x0, 0xfc, 0x0, 0x3f, 0x0, 0x7e, 0x0,
    0x1f, 0x80, 0x3f, 0x3, 0xf0, 0x0, 0x0, 0x7f,
    0xf8, 0x0, 0x0, 0x3f, 0xfc, 0x0, 0x0, 0x1f,
    0x80,

    /* U+8535 "蔵" */
    0x3, 0x80, 0x0, 0xe0, 0x1, 0xc0, 0x0, 0x70,
    0x0, 0xe0, 0x0, 0x38, 0x1f, 0xff, 0xff, 0xff,
    0xff, 0xff, 0xff, 0xff, 0xff, 0xff, 0xff, 0xff,
    0xfc, 0xe, 0x0, 0x1c, 0x70, 0x7, 0x0, 0xe,
    0x38, 0x3, 0x80, 0x7, 0x1c, 0xf, 0xff, 0xff,
    0xf1, 0xc7, 0xff, 0xff, 0xf8, 0xe3, 0xff, 0xff,
    0xfc, 0x7e, 0x7, 0xfc, 0x70, 0x7, 0x3, 0xfe,
    0x38, 0x3, 0x81, 0xff, 0x1c, 0x1, 0xc7, 0x1c,
    0xe, 0x38, 0xe3, 0x8e, 0x7, 0x1c, 0x71, 0xc7,
    0x3, 0x8e, 0x38, 0xff, 0xf1, 0xc7, 0x1c, 0x7f,
    0xf8, 0xe3, 0x8e, 0x3f, 0xfc, 0x71, 0xc7, 0x1c,
    0xe, 0x7, 0x3, 0x8e, 0x7, 0x3, 0x81, 0xc7,
    0x3, 0x81, 0xc0, 0xe3, 0xff, 0xc0, 0xe3, 0xf1,
    0xff, 0xe0, 0x71, 0xf8, 0xff, 0xf0, 0x38, 0xfc,
    0x71, 0xc0, 0xe3, 0x8e, 0x38, 0xe0, 0x71, 0xc7,
    0x1c, 0x70, 0x38, 0xe3, 0x81, 0xff, 0xe0, 0x71,
    0xc0, 0xff, 0xf0, 0x38, 0xe0, 0x7f, 0xf8, 0x1c,
    0x0,

    /* U+85CF "藏" */
    0x3, 0x80, 0x0, 0xe0, 0x1, 0xc0, 0x0, 0x70,
    0x0, 0xe0, 0x0, 0x38, 0x1f, 0xff, 0xff, 0xff,
    0xff, 0xff, 0xff, 0xff, 0xff, 0xff, 0xff, 0xff,
    0xfc, 0xe, 0x0, 0x3, 0x8e, 0x7, 0x0, 0x1,
    0xc7, 0x3, 0x80, 0x0, 0xe3, 0xf0, 0x3f, 0xff,
    0xff, 0xf8, 0x1f, 0xff, 0xff, 0xfc, 0xf, 0xff,
    0xff, 0xfe, 0x7, 0x1c, 0xe, 0x7, 0x3, 0x8e,
    0x7, 0x3, 0x81, 0xc7, 0x3, 0x80, 0x3f, 0xff,
    0xf1, 0xc7, 0x1f, 0xff, 0xf8, 0xe3, 0x8f, 0xff,
    0xfc, 0x71, 0xc0, 0x1c, 0xe, 0x38, 0xe0, 0xe,
    0x7, 0x1c, 0x70, 0x7, 0x3, 0x8e, 0x3f, 0xff,
    0xff, 0xc0, 0xe3, 0xff, 0xff, 0xe0, 0x71, 0xff,
    0xff, 0xf0, 0x38, 0x1c, 0x71, 0xc0, 0x1c, 0xe,
    0x38, 0xe0, 0xe, 0x7, 0x1c, 0x70, 0x7, 0x1c,
    0x71, 0xff, 0x1c, 0x7e, 0x38, 0xff, 0x8e, 0x3f,
    0x1c, 0x7f, 0xc7, 0x1c, 0xe, 0x0, 0x1c, 0xe,
    0x7, 0x0, 0xe, 0x7, 0x3, 0x80, 0x7, 0x3,
    0x80,

    /* U+865F "號" */
    0x1f, 0xf0, 0x7, 0xfc, 0xf, 0xf8, 0x3, 0xfe,
    0x7, 0xfc, 0x1, 0xff, 0x1c, 0x1, 0xc0, 0xe0,
    0xe, 0x0, 0xe0, 0x70, 0x7, 0x0, 0x70, 0x38,
    0x3, 0x80, 0x38, 0xff, 0xf1, 0xc0, 0x1c, 0x7f,
    0xf8, 0xe0, 0xe, 0x3f, 0xfc, 0xf, 0xf8, 0xe3,
    0x81, 0xc7, 0xfc, 0x71, 0xc0, 0xe3, 0xfe, 0x38,
    0xe0, 0x70, 0x0, 0x1f, 0xfe, 0x0, 0x0, 0xf,
    0xff, 0x0, 0x0, 0x7, 0xff, 0x81, 0xff, 0xff,
    0x8e, 0x7, 0xff, 0xff, 0xc7, 0x3, 0xff, 0xff,
    0xe3, 0x81, 0xc7, 0x0, 0x70, 0x3f, 0x3, 0x80,
    0x38, 0x1f, 0x81, 0xc0, 0x1c, 0xf, 0xc0, 0xfc,
    0xe, 0x38, 0xe0, 0x7e, 0x7, 0x1c, 0x70, 0x3f,
    0x3, 0x8e, 0x38, 0xe0, 0x71, 0xc7, 0x1c, 0x70,
    0x38, 0xe3, 0x8e, 0x38, 0x1c, 0x71, 0xc7, 0x0,
    0xe, 0x38, 0xe3, 0x80, 0x7, 0x1c, 0x71, 0xc0,
    0x3, 0x8e, 0x38, 0xe0, 0x7e, 0x38, 0xe0, 0xe,
    0x3f, 0x1c, 0x70, 0x7, 0x1f, 0x8e, 0x38, 0x3,
    0x80,

    /* U+87A2 "螢" */
    0xe3, 0x8e, 0x38, 0xe3, 0xf1, 0xc7, 0x1c, 0x71,
    0xf8, 0xe3, 0x8e, 0x38, 0xe0, 0x70, 0x0, 0x1c,
    0x0, 0x38, 0x0, 0xe, 0x0, 0x1c, 0x0, 0x7,
    0x3, 0xf1, 0xf8, 0xfc, 0x7f, 0xf8, 0xfc, 0x7e,
    0x3f, 0xfc, 0x7e, 0x3f, 0x1f, 0x80, 0x0, 0x0,
    0x0, 0x0, 0x0, 0x0, 0x0, 0x0, 0x0, 0x0,
    0x0, 0x1, 0xff, 0xff, 0xff, 0xc0, 0xff, 0xff,
    0xff, 0xe0, 0x7f, 0xff, 0xff, 0xf1, 0xc0, 0x3,
    0x80, 0x7, 0xe0, 0x1, 0xc0, 0x3, 0xf0, 0x0,
    0xe0, 0x1, 0xf8, 0xff, 0xff, 0xf8, 0xfc, 0x7f,
    0xff, 0xfc, 0x7e, 0x3f, 0xff, 0xfe, 0x38, 0xe0,
    0xe, 0x0, 0xe0, 0x70, 0x7, 0x0, 0x70, 0x38,
    0x3, 0x80, 0x38, 0x3, 0xff, 0xff, 0xe0, 0x1,
    0xff, 0xff, 0xf0, 0x0, 0xff, 0xff, 0xf8, 0x0,
    0x0, 0x38, 0x1f, 0x80, 0x0, 0x1c, 0xf, 0xc0,
    0x0, 0xe, 0x7, 0xe3, 0xff, 0xff, 0xfc, 0xf,
    0xff, 0xff, 0xfe, 0x7, 0xff, 0xff, 0xff, 0x3,
    0x80,

    /* U+884C "行" */
    0x3, 0x8f, 0xff, 0xff, 0x81, 0xc7, 0xff, 0xff,
    0xc0, 0xe3, 0xff, 0xff, 0xff, 0x80, 0x0, 0x0,
    0xf, 0xc0, 0x0, 0x0, 0x7, 0xe0, 0x0, 0x0,
    0x0, 0x0, 0x0, 0x0, 0x0, 0x0, 0x0, 0x0,
    0x0, 0x0, 0x0, 0x0, 0x0, 0x1, 0xc7, 0xff,
    0xff, 0xc0, 0xe3, 0xff, 0xff, 0xe0, 0x71, 0xff,
    0xff, 0xff, 0xc0, 0x0, 0x1, 0xc7, 0xe0, 0x0,
    0x0, 0xe3, 0xf0, 0x0, 0x0, 0x70, 0x38, 0x0,
    0x0, 0x38, 0x1c, 0x0, 0x0, 0x1c, 0xe, 0x0,
    0x0, 0xe, 0x7, 0x0, 0x0, 0x7, 0x3, 0x80,
    0x0, 0x3, 0x81, 0xc0, 0x0, 0x1, 0xc0, 0xe0,
    0x0, 0x0, 0xe0, 0x70, 0x0, 0x0, 0x70, 0x38,
    0x0, 0x0, 0x38, 0x1c, 0x0, 0x0, 0x1c, 0xe,
    0x0, 0x0, 0xe, 0x7, 0x0, 0x0, 0x7, 0x3,
    0x80, 0x0, 0x3, 0x81, 0xc0, 0x0, 0x1, 0xc0,
    0xe0, 0x0, 0x0, 0xe0, 0x70, 0x0, 0xff, 0x80,
    0x38, 0x0, 0x7f, 0xc0, 0x1c, 0x0, 0x3f, 0xe0,
    0x0,

    /* U+8868 "表" */
    0x0, 0x1, 0xc0, 0x0, 0x0, 0x0, 0xe0, 0x0,
    0x0, 0x0, 0x70, 0x0, 0x1f, 0xff, 0xff, 0xff,
    0xff, 0xff, 0xff, 0xff, 0xff, 0xff, 0xff, 0xff,
    0xfc, 0x0, 0x7, 0x0, 0x0, 0x0, 0x3, 0x80,
    0x0, 0x0, 0x1, 0xc0, 0x0, 0xf, 0xff, 0xff,
    0xfe, 0x7, 0xff, 0xff, 0xff, 0x3, 0xff, 0xff,
    0xff, 0x80, 0x0, 0x1c, 0x0, 0x0, 0x0, 0xe,
    0x0, 0x0, 0x0, 0x7, 0x0, 0x1, 0xff, 0xff,
    0xff, 0xff, 0xff, 0xff, 0xff, 0xff, 0xff, 0xff,
    0xff, 0xff, 0xc0, 0x1c, 0x70, 0x7, 0x0, 0xe,
    0x38, 0x3, 0x80, 0x7, 0x1c, 0x1, 0xc7, 0xfc,
    0x1, 0xc7, 0x3, 0xfe, 0x0, 0xe3, 0x81, 0xff,
    0x0, 0x71, 0xc0, 0x3, 0x80, 0x7, 0x0, 0x1,
    0xc0, 0x3, 0x80, 0x0, 0xe0, 0x1, 0xc0, 0x0,
    0x71, 0xf8, 0x1c, 0x0, 0x38, 0xfc, 0xe, 0x0,
    0x1c, 0x7e, 0x7, 0x3, 0xff, 0xc0, 0x0, 0x7f,
    0xff, 0xe0, 0x0, 0x3f, 0xff, 0xf0, 0x0, 0x1f,
    0x80,

    /* U+88C5 "装" */
    0xe3, 0x80, 0x7, 0x0, 0x71, 0xc0, 0x3, 0x80,
    0x38, 0xe0, 0x1, 0xc0, 0x3, 0xf1, 0xff, 0xff,
    0xf1, 0xf8, 0xff, 0xff, 0xf8, 0xfc, 0x7f, 0xff,
    0xfc, 0xe, 0x0, 0x1c, 0x0, 0x7, 0x0, 0xe,
    0x0, 0x3, 0x80, 0x7, 0x0, 0xf, 0xc0, 0x3,
    0x80, 0x7, 0xe0, 0x1, 0xc0, 0x3, 0xf0, 0x0,
    0xe0, 0xe, 0x38, 0xff, 0xff, 0xff, 0x1c, 0x7f,
    0xff, 0xff, 0x8e, 0x3f, 0xff, 0xfe, 0x0, 0x3,
    0x80, 0x0, 0x0, 0x1, 0xc0, 0x0, 0x0, 0x0,
    0xe0, 0x0, 0x3f, 0xff, 0xff, 0xff, 0xff, 0xff,
    0xff, 0xff, 0xff, 0xff, 0xff, 0xff, 0xf8, 0x3,
    0x81, 0xc0, 0x1c, 0x1, 0xc0, 0xe0, 0xe, 0x0,
    0xe0, 0x70, 0x7, 0xff, 0x80, 0x7, 0x1c, 0x7f,
    0xc0, 0x3, 0x8e, 0x3f, 0xe0, 0x1, 0xc7, 0x0,
    0x70, 0x3f, 0x1c, 0x0, 0x38, 0x1f, 0x8e, 0x0,
    0x1c, 0xf, 0xc7, 0x3, 0xff, 0xf8, 0x0, 0x7f,
    0xff, 0xfc, 0x0, 0x3f, 0xff, 0xfe, 0x0, 0x1f,
    0x80,

    /* U+88DC "補" */
    0x1c, 0x0, 0x7, 0x1c, 0xe, 0x0, 0x3, 0x8e,
    0x7, 0x0, 0x1, 0xc7, 0x1f, 0xf1, 0xff, 0xfc,
    0x7f, 0xf8, 0xff, 0xfe, 0x3f, 0xfc, 0x7f, 0xff,
    0x1c, 0x1, 0xc0, 0x1c, 0x0, 0x0, 0xe0, 0xe,
    0x0, 0x0, 0x70, 0x7, 0x0, 0x0, 0x38, 0xff,
    0xfe, 0x0, 0x1c, 0x7f, 0xff, 0x0, 0xe, 0x3f,
    0xff, 0x80, 0x38, 0xe0, 0x70, 0x38, 0x1c, 0x70,
    0x38, 0x1c, 0xe, 0x38, 0x1c, 0xe, 0x38, 0xff,
    0xff, 0xff, 0x1c, 0x7f, 0xff, 0xff, 0x8e, 0x3f,
    0xff, 0xff, 0xff, 0xe3, 0x81, 0xc0, 0xff, 0xf1,
    0xc0, 0xe0, 0x7f, 0xf8, 0xe0, 0x70, 0x38, 0xe3,
    0xff, 0xff, 0xfc, 0x71, 0xff, 0xff, 0xfe, 0x38,
    0xff, 0xff, 0xff, 0x1c, 0xe, 0x7, 0x3, 0x8e,
    0x7, 0x3, 0x81, 0xc7, 0x3, 0x81, 0xc0, 0xe3,
    0x81, 0xc0, 0xe0, 0x71, 0xc0, 0xe0, 0x70, 0x38,
    0xe0, 0x70, 0x38, 0x1c, 0x70, 0x38, 0x1f, 0xf0,
    0x38, 0x1c, 0xf, 0xf8, 0x1c, 0xe, 0x7, 0xfc,
    0x0,

    /* U+88DD "裝" */
    0xe0, 0x70, 0x0, 0xe0, 0x70, 0x38, 0x0, 0x70,
    0x38, 0x1c, 0x0, 0x38, 0x3, 0xfe, 0x3f, 0xff,
    0xf1, 0xff, 0x1f, 0xff, 0xf8, 0xff, 0x8f, 0xff,
    0xfc, 0x1, 0xc0, 0x3, 0x80, 0x0, 0xe0, 0x1,
    0xc0, 0x0, 0x70, 0x0, 0xe0, 0x7f, 0xf8, 0x0,
    0x70, 0x3f, 0xfc, 0x0, 0x38, 0x1f, 0xfe, 0x0,
    0x1c, 0x1, 0xc7, 0x1f, 0xff, 0xf8, 0xe3, 0x8f,
    0xff, 0xfc, 0x71, 0xc7, 0xff, 0xff, 0xc0, 0x3,
    0x80, 0x0, 0xe0, 0x1, 0xc0, 0x0, 0x70, 0x0,
    0xe0, 0x0, 0x3f, 0xff, 0xff, 0xff, 0xff, 0xff,
    0xff, 0xff, 0xff, 0xff, 0xff, 0xff, 0xf8, 0x3,
    0x81, 0xc0, 0x1c, 0x1, 0xc0, 0xe0, 0xe, 0x0,
    0xe0, 0x70, 0x7, 0xff, 0x80, 0x7, 0x1c, 0x7f,
    0xc0, 0x3, 0x8e, 0x3f, 0xe0, 0x1, 0xc7, 0x0,
    0x70, 0x3f, 0x1c, 0x0, 0x38, 0x1f, 0x8e, 0x0,
    0x1c, 0xf, 0xc7, 0x3, 0xff, 0xf8, 0x0, 0x7f,
    0xff, 0xfc, 0x0, 0x3f, 0xff, 0xfe, 0x0, 0x1f,
    0x80,

    /* U+88FD "製" */
    0x1c, 0x70, 0x7, 0x3, 0x8e, 0x38, 0x3, 0x81,
    0xc7, 0x1c, 0x1, 0xc0, 0xe3, 0xff, 0xf8, 0xe0,
    0x71, 0xff, 0xfc, 0x70, 0x38, 0xff, 0xfe, 0x38,
    0x1f, 0x81, 0xc0, 0x1c, 0xf, 0xc0, 0xe0, 0xe,
    0x7, 0xe0, 0x70, 0x7, 0x3, 0x8f, 0xff, 0xe0,
    0x1, 0xc7, 0xff, 0xf0, 0x0, 0xe3, 0xff, 0xf8,
    0x0, 0x7e, 0x7, 0x3, 0x8f, 0xc7, 0x3, 0x81,
    0xc7, 0xe3, 0x81, 0xc0, 0xe3, 0xf0, 0x0, 0x3,
    0x80, 0x0, 0x0, 0x1, 0xc0, 0x0, 0x0, 0x0,
    0xe0, 0x0, 0x3f, 0xff, 0xff, 0xff, 0xff, 0xff,
    0xff, 0xff, 0xff, 0xff, 0xff, 0xff, 0xf8, 0x3,
    0x81, 0xc0, 0x1c, 0x1, 0xc0, 0xe0, 0xe, 0x0,
    0xe0, 0x70, 0x7, 0xff, 0x80, 0x7, 0x1c, 0x7f,
    0xc0, 0x3, 0x8e, 0x3f, 0xe0, 0x1, 0xc7, 0x0,
    0x70, 0x3f, 0x1c, 0x0, 0x38, 0x1f, 0x8e, 0x0,
    0x1c, 0xf, 0xc7, 0x3, 0xff, 0xf8, 0x0, 0x7f,
    0xff, 0xfc, 0x0, 0x3f, 0xff, 0xfe, 0x0, 0x1f,
    0x80,

    /* U+8907 "複" */
    0x1c, 0x0, 0x38, 0x0, 0xe, 0x0, 0x1c, 0x0,
    0x7, 0x0, 0xe, 0x0, 0x1f, 0xf0, 0x7, 0xff,
    0xff, 0xf8, 0x3, 0xff, 0xff, 0xfc, 0x1, 0xff,
    0xfc, 0x1, 0xff, 0x0, 0xe, 0x0, 0xff, 0x80,
    0x7, 0x0, 0x7f, 0xc0, 0x3, 0x80, 0x38, 0xff,
    0xff, 0xc0, 0x1c, 0x7f, 0xff, 0xe0, 0xe, 0x3f,
    0xff, 0xf0, 0x38, 0x1c, 0x0, 0x38, 0x1c, 0xe,
    0x0, 0x1c, 0xe, 0x7, 0x0, 0xe, 0x38, 0xe3,
    0x80, 0x7, 0x1c, 0x71, 0xc0, 0x3, 0x8e, 0x38,
    0xe0, 0x1, 0xff, 0xe0, 0xf, 0xff, 0x1f, 0xf0,
    0x7, 0xff, 0x8f, 0xf8, 0x3, 0xff, 0xc0, 0xe3,
    0x8e, 0x0, 0x1c, 0x71, 0xc7, 0x0, 0xe, 0x38,
    0xe3, 0x80, 0x7, 0x1c, 0xe, 0x38, 0x1c, 0xe,
    0x7, 0x1c, 0xe, 0x7, 0x3, 0x8e, 0x7, 0x3,
    0x80, 0x0, 0xfc, 0x1, 0xc0, 0x0, 0x7e, 0x0,
    0xe0, 0x0, 0x3f, 0x0, 0x70, 0x3f, 0xe0, 0x7e,
    0x38, 0x1f, 0xf0, 0x3f, 0x1c, 0xf, 0xf8, 0x1f,
    0x80,

    /* U+8981 "要" */
    0xff, 0xff, 0xff, 0xff, 0xff, 0xff, 0xff, 0xff,
    0xff, 0xff, 0xff, 0xff, 0xe0, 0xe, 0x0, 0xe0,
    0x0, 0x7, 0x0, 0x70, 0x0, 0x3, 0x80, 0x38,
    0x0, 0x7f, 0xff, 0xff, 0xf0, 0x3f, 0xff, 0xff,
    0xf8, 0x1f, 0xff, 0xff, 0xfc, 0x70, 0x38, 0x3,
    0x81, 0xf8, 0x1c, 0x1, 0xc0, 0xfc, 0xe, 0x0,
    0xe0, 0x7e, 0x7, 0x0, 0x70, 0x3f, 0x3, 0x80,
    0x38, 0x1f, 0x81, 0xc0, 0x1c, 0xe, 0x3f, 0xff,
    0xff, 0xf8, 0x1f, 0xff, 0xff, 0xfc, 0xf, 0xff,
    0xff, 0xfe, 0x0, 0x3, 0x80, 0x0, 0x0, 0x1,
    0xc0, 0x0, 0x0, 0x0, 0xe0, 0x0, 0x7, 0xff,
    0xff, 0xff, 0xff, 0xff, 0xff, 0xff, 0xff, 0xff,
    0xff, 0xff, 0xff, 0x3, 0x80, 0x0, 0xe0, 0x1,
    0xc0, 0x0, 0x70, 0x0, 0xe0, 0x0, 0x38, 0x0,
    0xf, 0xff, 0xe0, 0x0, 0x7, 0xff, 0xf0, 0x0,
    0x3, 0xff, 0xf8, 0x3, 0xfe, 0x0, 0x3, 0xff,
    0xff, 0x0, 0x1, 0xff, 0xff, 0x80, 0x0, 0xff,
    0x80,

    /* U+898F "規" */
    0x3, 0x80, 0x3f, 0xfc, 0x1, 0xc0, 0x1f, 0xfe,
    0x0, 0xe0, 0xf, 0xff, 0x1f, 0xfe, 0x38, 0x0,
    0x7f, 0xff, 0x1c, 0x0, 0x3f, 0xff, 0x8e, 0x0,
    0x1c, 0xe, 0x7, 0xff, 0xfe, 0x7, 0x3, 0xff,
    0xff, 0x3, 0x81, 0xff, 0xff, 0x81, 0xc0, 0xe0,
    0x1, 0xc0, 0xe0, 0x70, 0x0, 0xe0, 0x70, 0x38,
    0x0, 0x70, 0x38, 0x1c, 0x0, 0x38, 0x1c, 0xe,
    0x0, 0x1c, 0xe, 0x7, 0x0, 0xf, 0xff, 0xff,
    0xff, 0xff, 0xff, 0xff, 0xff, 0xff, 0xff, 0xff,
    0xff, 0xff, 0xc0, 0xe0, 0x70, 0x0, 0xe0, 0x70,
    0x38, 0x0, 0x70, 0x38, 0x1c, 0x0, 0x38, 0xe3,
    0x8e, 0x0, 0x1c, 0x71, 0xc7, 0x0, 0xe, 0x38,
    0xe3, 0x80, 0x7, 0x1c, 0x70, 0x3f, 0xfc, 0xe,
    0x38, 0x1f, 0xfe, 0x7, 0x1c, 0xf, 0xff, 0x1c,
    0x0, 0x7, 0x1c, 0xe, 0x0, 0x3, 0x8e, 0x7,
    0x0, 0x1, 0xc7, 0x3, 0x81, 0xff, 0x0, 0x7f,
    0xc0, 0xff, 0x80, 0x3f, 0xe0, 0x7f, 0xc0, 0x1f,
    0x80,

    /* U+8996 "視" */
    0x3, 0x80, 0x3f, 0xfc, 0x1, 0xc0, 0x1f, 0xfe,
    0x0, 0xe0, 0xf, 0xff, 0x1f, 0xfe, 0x38, 0x0,
    0x7f, 0xff, 0x1c, 0x0, 0x3f, 0xff, 0x8e, 0x0,
    0x1c, 0x0, 0x3f, 0xff, 0xfe, 0x0, 0x1f, 0xff,
    0xff, 0x0, 0xf, 0xff, 0xff, 0x80, 0x7, 0xe0,
    0x1, 0xc0, 0x3, 0xf0, 0x0, 0xe0, 0x1, 0xf8,
    0x0, 0x70, 0x7, 0x1c, 0x0, 0x38, 0x3, 0x8e,
    0x0, 0x1c, 0x1, 0xc7, 0x0, 0xe, 0x7, 0x3,
    0xff, 0xff, 0x3, 0x81, 0xff, 0xff, 0x81, 0xc0,
    0xff, 0xff, 0xc7, 0xfc, 0x70, 0x0, 0xe3, 0xfe,
    0x38, 0x0, 0x71, 0xff, 0x1c, 0x0, 0x3f, 0x1c,
    0x7e, 0x0, 0x1f, 0x8e, 0x3f, 0x0, 0xf, 0xc7,
    0x1f, 0x80, 0x7, 0x3, 0x80, 0x3f, 0xfc, 0x1,
    0xc0, 0x1f, 0xfe, 0x0, 0xe0, 0xf, 0xff, 0x0,
    0x70, 0x7, 0x1c, 0x0, 0x38, 0x3, 0x8e, 0x0,
    0x1c, 0x1, 0xc7, 0x0, 0xe, 0x3f, 0x0, 0x7e,
    0x7, 0x1f, 0x80, 0x3f, 0x3, 0x8f, 0xc0, 0x1f,
    0x80,

    /* U+89A7 "覧" */
    0x1f, 0xff, 0xc7, 0x0, 0xf, 0xff, 0xe3, 0x80,
    0x7, 0xff, 0xf1, 0xc0, 0x1c, 0xe, 0x0, 0xff,
    0xfe, 0x7, 0x0, 0x7f, 0xff, 0x3, 0x80, 0x3f,
    0xff, 0xff, 0xf8, 0xe0, 0x1, 0xff, 0xfc, 0x70,
    0x0, 0xff, 0xfe, 0x38, 0x0, 0x70, 0x0, 0xe3,
    0xff, 0xf8, 0x0, 0x71, 0xff, 0xfc, 0x0, 0x38,
    0xff, 0xf1, 0xff, 0xff, 0xfe, 0x0, 0xff, 0xff,
    0xff, 0x0, 0x7f, 0xff, 0xff, 0x80, 0x38, 0x0,
    0x0, 0x38, 0x1c, 0x0, 0x0, 0x1c, 0xe, 0x0,
    0x0, 0xe, 0x7, 0xff, 0xff, 0xff, 0x3, 0xff,
    0xff, 0xff, 0x81, 0xff, 0xff, 0xff, 0xc0, 0xe0,
    0x0, 0x0, 0xe0, 0x70, 0x0, 0x0, 0x70, 0x38,
    0x0, 0x0, 0x38, 0x3, 0xff, 0xff, 0xe0, 0x1,
    0xff, 0xff, 0xf0, 0x0, 0xff, 0xff, 0xf8, 0x0,
    0xe, 0x7, 0x0, 0x70, 0x7, 0x3, 0x80, 0x38,
    0x3, 0x81, 0xc0, 0x1f, 0xfe, 0x0, 0x1f, 0xf1,
    0xff, 0x0, 0xf, 0xf8, 0xff, 0x80, 0x7, 0xfc,
    0x0,

    /* U+89B3 "観" */
    0x1c, 0x0, 0x7, 0xfc, 0xe, 0x0, 0x3, 0xfe,
    0x7, 0x0, 0x1, 0xff, 0x3, 0xff, 0xc7, 0x0,
    0x71, 0xff, 0xe3, 0x80, 0x38, 0xff, 0xf1, 0xc0,
    0x1f, 0x8e, 0x0, 0xff, 0xff, 0xc7, 0x0, 0x7f,
    0xff, 0xe3, 0x80, 0x3f, 0xff, 0x8f, 0xff, 0xfc,
    0x1, 0xc7, 0xff, 0xfe, 0x0, 0xe3, 0xff, 0xff,
    0x0, 0x70, 0x38, 0xe3, 0x80, 0x38, 0x1c, 0x71,
    0xc0, 0x1c, 0xe, 0x38, 0xe0, 0xe, 0x3f, 0xff,
    0xff, 0xff, 0x1f, 0xff, 0xff, 0xff, 0x8f, 0xff,
    0xff, 0xff, 0xff, 0x1c, 0xe, 0x0, 0xff, 0x8e,
    0x7, 0x0, 0x7f, 0xc7, 0x3, 0x80, 0x38, 0xff,
    0xff, 0xc0, 0x1c, 0x7f, 0xff, 0xe0, 0xe, 0x3f,
    0xff, 0xf0, 0x7, 0x1c, 0x70, 0x7, 0xfc, 0xe,
    0x38, 0x3, 0xfe, 0x7, 0x1c, 0x1, 0xff, 0x3,
    0x8e, 0x7, 0x1c, 0x1, 0xc7, 0x3, 0x8e, 0x0,
    0xe3, 0x81, 0xc7, 0x0, 0xf, 0xff, 0x0, 0x7e,
    0x7, 0xff, 0x80, 0x3f, 0x3, 0xff, 0xc0, 0x1f,
    0x80,

    /* U+89C0 "觀" */
    0x1c, 0xe, 0x7, 0xfc, 0xe, 0x7, 0x3, 0xfe,
    0x7, 0x3, 0x81, 0xff, 0x1f, 0xff, 0xff, 0x0,
    0x7f, 0xff, 0xff, 0x80, 0x3f, 0xff, 0xff, 0xc0,
    0x1f, 0x81, 0xc0, 0xff, 0xff, 0xc0, 0xe0, 0x7f,
    0xff, 0xe0, 0x70, 0x3f, 0xff, 0xf0, 0x38, 0x1c,
    0x1, 0xf8, 0x1c, 0xe, 0x0, 0xfc, 0xe, 0x7,
    0x0, 0x71, 0xf8, 0xff, 0x80, 0x38, 0xfc, 0x7f,
    0xc0, 0x1c, 0x7e, 0x3f, 0xe0, 0xf, 0xc0, 0xe0,
    0x7f, 0xff, 0xe0, 0x70, 0x3f, 0xff, 0xf0, 0x38,
    0x1f, 0xff, 0xff, 0xff, 0xfe, 0x0, 0xff, 0xff,
    0xff, 0x0, 0x7f, 0xff, 0xff, 0x80, 0x3f, 0x3,
    0x81, 0xc0, 0x1f, 0x81, 0xc0, 0xe0, 0xf, 0xc0,
    0xe0, 0x70, 0x7, 0xff, 0xff, 0xc7, 0xfc, 0x7f,
    0xff, 0xe3, 0xfe, 0x3f, 0xff, 0xf1, 0xff, 0x1c,
    0xe, 0x7, 0x1c, 0xe, 0x7, 0x3, 0x8e, 0x7,
    0x3, 0x81, 0xc7, 0x0, 0x7f, 0xff, 0x0, 0x7e,
    0x3f, 0xff, 0x80, 0x3f, 0x1f, 0xff, 0xc0, 0x1f,
    0x80,

    /* U+89D2 "角" */
    0x3, 0xff, 0xff, 0x0, 0x1, 0xff, 0xff, 0x80,
    0x0, 0xff, 0xff, 0xc0, 0x1f, 0x80, 0x0, 0x1c,
    0xf, 0xc0, 0x0, 0xe, 0x7, 0xe0, 0x0, 0x7,
    0x0, 0xf, 0xff, 0xff, 0xf0, 0x7, 0xff, 0xff,
    0xf8, 0x3, 0xff, 0xff, 0xfc, 0xe, 0x0, 0xe0,
    0x1, 0xc7, 0x0, 0x70, 0x0, 0xe3, 0x80, 0x38,
    0x0, 0x71, 0xff, 0xff, 0xff, 0xf8, 0xff, 0xff,
    0xff, 0xfc, 0x7f, 0xff, 0xff, 0xfe, 0x38, 0x3,
    0x80, 0x7, 0x1c, 0x1, 0xc0, 0x3, 0x8e, 0x0,
    0xe0, 0x1, 0xc7, 0x0, 0x70, 0x0, 0xe3, 0x80,
    0x38, 0x0, 0x71, 0xc0, 0x1c, 0x0, 0x38, 0xff,
    0xff, 0xff, 0xfc, 0x7f, 0xff, 0xff, 0xfe, 0x3f,
    0xff, 0xff, 0xff, 0x1c, 0x0, 0x0, 0x3, 0x8e,
    0x0, 0x0, 0x1, 0xc7, 0x0, 0x0, 0x0, 0xfc,
    0x0, 0x0, 0x0, 0x7e, 0x0, 0x0, 0x0, 0x3f,
    0x0, 0x0, 0x0, 0x1f, 0x80, 0x0, 0xff, 0xf1,
    0xc0, 0x0, 0x7f, 0xf8, 0xe0, 0x0, 0x3f, 0xfc,
    0x0,

    /* U+89E3 "解" */
    0x3, 0xf0, 0x3f, 0xfc, 0x1, 0xf8, 0x1f, 0xfe,
    0x0, 0xfc, 0xf, 0xff, 0x1f, 0x81, 0xc0, 0x1c,
    0x7f, 0xc0, 0xe0, 0xe, 0x3f, 0xe0, 0x70, 0x7,
    0x1c, 0xf, 0xf8, 0x1c, 0xe, 0x7, 0xfc, 0xe,
    0x7, 0x3, 0xfe, 0x7, 0x3, 0x8e, 0x38, 0xfc,
    0xe, 0x7, 0x1c, 0x7e, 0x7, 0x3, 0x8e, 0x3f,
    0x3, 0x81, 0xff, 0xfc, 0x71, 0xc0, 0xff, 0xfe,
    0x38, 0xe0, 0x7f, 0xff, 0x1c, 0x70, 0x38, 0xe3,
    0x8f, 0xff, 0x1c, 0x71, 0xc7, 0xff, 0x8e, 0x38,
    0xe3, 0xff, 0xc7, 0x1c, 0x7e, 0x7, 0x3, 0x8e,
    0x3f, 0x3, 0x81, 0xc7, 0x1f, 0x81, 0xc0, 0xff,
    0xfe, 0x0, 0xe0, 0x7f, 0xff, 0x0, 0x70, 0x3f,
    0xff, 0x80, 0x38, 0x1c, 0x1, 0xff, 0xff, 0x8e,
    0x0, 0xff, 0xff, 0xc7, 0x0, 0x7f, 0xff, 0xfc,
    0x0, 0x38, 0x3, 0x8e, 0x0, 0x1c, 0x1, 0xc7,
    0x0, 0xe, 0x0, 0xe3, 0x81, 0xf8, 0x0, 0x71,
    0xc0, 0xfc, 0x0, 0x38, 0xe0, 0x7e, 0x0, 0x1c,
    0x0,

    /* U+8A00 "言" */
    0x3, 0xff, 0xff, 0xe0, 0x1, 0xff, 0xff, 0xf0,
    0x0, 0xff, 0xff, 0xf8, 0x0, 0x0, 0x0, 0x0,
    0x0, 0x0, 0x0, 0x0, 0x0, 0x0, 0x0, 0x0,
    0x3, 0xff, 0xff, 0xff, 0xff, 0xff, 0xff, 0xff,
    0xff, 0xff, 0xff, 0xff, 0xff, 0x80, 0x0, 0x0,
    0x0, 0x0, 0x0, 0x0, 0x0, 0x0, 0x0, 0x0,
    0x0, 0x0, 0x3f, 0xff, 0xfe, 0x0, 0x1f, 0xff,
    0xff, 0x0, 0xf, 0xff, 0xff, 0x80, 0x0, 0x0,
    0x0, 0x0, 0x0, 0x0, 0x0, 0x0, 0x0, 0x0,
    0x0, 0x0, 0x0, 0xff, 0xff, 0xf8, 0x0, 0x7f,
    0xff, 0xfc, 0x0, 0x3f, 0xff, 0xfe, 0x0, 0xe0,
    0x0, 0x0, 0xe0, 0x70, 0x0, 0x0, 0x70, 0x38,
    0x0, 0x0, 0x38, 0x1c, 0x0, 0x0, 0x1c, 0xe,
    0x0, 0x0, 0xe, 0x7, 0x0, 0x0, 0x7, 0x3,
    0x80, 0x0, 0x3, 0x81, 0xc0, 0x0, 0x1, 0xc0,
    0xe0, 0x0, 0x0, 0xe0, 0xf, 0xff, 0xff, 0x80,
    0x7, 0xff, 0xff, 0xc0, 0x3, 0xff, 0xff, 0xe0,
    0x0,

    /* U+8A02 "訂" */
    0x1f, 0xf1, 0xff, 0xff, 0x8f, 0xf8, 0xff, 0xff,
    0xc7, 0xfc, 0x7f, 0xff, 0xe0, 0x0, 0x0, 0x1c,
    0x0, 0x0, 0x0, 0xe, 0x0, 0x0, 0x0, 0x7,
    0x3, 0xff, 0xf8, 0x3, 0x81, 0xff, 0xfc, 0x1,
    0xc0, 0xff, 0xfe, 0x0, 0xe0, 0x0, 0x0, 0x0,
    0x70, 0x0, 0x0, 0x0, 0x38, 0x0, 0x0, 0x0,
    0x1c, 0x1, 0xff, 0x0, 0xe, 0x0, 0xff, 0x80,
    0x7, 0x0, 0x7f, 0xc0, 0x3, 0x80, 0x0, 0x0,
    0x1, 0xc0, 0x0, 0x0, 0x0, 0xe0, 0x0, 0x0,
    0x0, 0x70, 0x7, 0xfc, 0x0, 0x38, 0x3, 0xfe,
    0x0, 0x1c, 0x1, 0xff, 0x0, 0xe, 0x7, 0x0,
    0x70, 0x7, 0x3, 0x80, 0x38, 0x3, 0x81, 0xc0,
    0x1c, 0x1, 0xc0, 0xe0, 0xe, 0x0, 0xe0, 0x70,
    0x7, 0x0, 0x70, 0x38, 0x3, 0x80, 0x38, 0x1c,
    0x1, 0xc0, 0x1c, 0xe, 0x0, 0xe0, 0xe, 0x7,
    0x0, 0x70, 0x7, 0x0, 0x7f, 0xc0, 0xfc, 0x0,
    0x3f, 0xe0, 0x7e, 0x0, 0x1f, 0xf0, 0x3f, 0x0,
    0x0,

    /* U+8A08 "計" */
    0x1f, 0xf0, 0x0, 0xe0, 0xf, 0xf8, 0x0, 0x70,
    0x7, 0xfc, 0x0, 0x38, 0x0, 0x0, 0x0, 0x1c,
    0x0, 0x0, 0x0, 0xe, 0x0, 0x0, 0x0, 0x7,
    0x3, 0xff, 0xf8, 0x3, 0x81, 0xff, 0xfc, 0x1,
    0xc0, 0xff, 0xfe, 0x0, 0xe0, 0x0, 0x0, 0xff,
    0xff, 0xc0, 0x0, 0x7f, 0xff, 0xe0, 0x0, 0x3f,
    0xff, 0xf1, 0xff, 0x0, 0xe, 0x0, 0xff, 0x80,
    0x7, 0x0, 0x7f, 0xc0, 0x3, 0x80, 0x0, 0x0,
    0x1, 0xc0, 0x0, 0x0, 0x0, 0xe0, 0x0, 0x0,
    0x0, 0x70, 0x7, 0xfc, 0x0, 0x38, 0x3, 0xfe,
    0x0, 0x1c, 0x1, 0xff, 0x0, 0xe, 0x7, 0x0,
    0x70, 0x7, 0x3, 0x80, 0x38, 0x3, 0x81, 0xc0,
    0x1c, 0x1, 0xc0, 0xe0, 0xe, 0x0, 0xe0, 0x70,
    0x7, 0x0, 0x70, 0x38, 0x3, 0x80, 0x38, 0x1c,
    0x1, 0xc0, 0x1c, 0xe, 0x0, 0xe0, 0xe, 0x7,
    0x0, 0x70, 0x7, 0x0, 0x7f, 0xc0, 0x3, 0x80,
    0x3f, 0xe0, 0x1, 0xc0, 0x1f, 0xf0, 0x0, 0xe0,
    0x0,

    /* U+8A0A "訊" */
    0x1f, 0xf1, 0xff, 0xe0, 0xf, 0xf8, 0xff, 0xf0,
    0x7, 0xfc, 0x7f, 0xf8, 0x0, 0x0, 0x7, 0x3,
    0x80, 0x0, 0x3, 0x81, 0xc0, 0x0, 0x1, 0xc0,
    0xe3, 0xff, 0xf8, 0xe0, 0x71, 0xff, 0xfc, 0x70,
    0x38, 0xff, 0xfe, 0x38, 0x1c, 0x0, 0x0, 0x1c,
    0xe, 0x0, 0x0, 0xe, 0x7, 0x0, 0x0, 0x7,
    0x3, 0x81, 0xff, 0x1f, 0xff, 0xc0, 0xff, 0x8f,
    0xff, 0xe0, 0x7f, 0xc7, 0xff, 0xf0, 0x0, 0x0,
    0x70, 0x38, 0x0, 0x0, 0x38, 0x1c, 0x0, 0x0,
    0x1c, 0xe, 0x7, 0xfc, 0xe, 0x7, 0x3, 0xfe,
    0x7, 0x3, 0x81, 0xff, 0x3, 0x81, 0xc7, 0x0,
    0x71, 0xc0, 0xe3, 0x80, 0x38, 0xe0, 0x71, 0xc0,
    0x1c, 0x70, 0x38, 0xe0, 0xe, 0x38, 0x1c, 0x70,
    0x7, 0x1c, 0xe, 0x38, 0x3, 0x8e, 0x7, 0x1c,
    0x1, 0xc7, 0x0, 0x7e, 0x0, 0xe3, 0x80, 0x3f,
    0x0, 0x71, 0xc0, 0x1c, 0x7f, 0xc7, 0x0, 0xe,
    0x3f, 0xe3, 0x80, 0x7, 0x1f, 0xf1, 0xc0, 0x3,
    0x80,

    /* U+8A18 "記" */
    0x1f, 0xf0, 0x3f, 0xfc, 0xf, 0xf8, 0x1f, 0xfe,
    0x7, 0xfc, 0xf, 0xff, 0x0, 0x0, 0x0, 0x0,
    0x70, 0x0, 0x0, 0x0, 0x38, 0x0, 0x0, 0x0,
    0x1f, 0xff, 0xf8, 0x0, 0xf, 0xff, 0xfc, 0x0,
    0x7, 0xff, 0xfe, 0x0, 0x3, 0x80, 0x0, 0x0,
    0x1, 0xc0, 0x0, 0x0, 0x0, 0xe0, 0x0, 0x0,
    0x0, 0x71, 0xff, 0x0, 0x7f, 0xc0, 0xff, 0x80,
    0x3f, 0xe0, 0x7f, 0xc0, 0x1f, 0xf0, 0x0, 0x0,
    0x70, 0x0, 0x0, 0x0, 0x38, 0x0, 0x0, 0x0,
    0x1c, 0x0, 0x7, 0xfc, 0xe, 0x0, 0x3, 0xfe,
    0x7, 0x0, 0x1, 0xff, 0x3, 0x80, 0x7, 0x0,
    0x71, 0xc0, 0x1f, 0x80, 0x38, 0xe0, 0xf, 0xc0,
    0x1c, 0x70, 0x7, 0xe0, 0xe, 0x38, 0x3, 0xf0,
    0x7, 0x1c, 0x1, 0xf8, 0x3, 0x8e, 0x0, 0xfc,
    0x1, 0xc7, 0x0, 0x7e, 0x0, 0xe3, 0x80, 0x3f,
    0x0, 0x71, 0xc0, 0x1c, 0x7f, 0xc0, 0x1f, 0xf0,
    0x3f, 0xe0, 0xf, 0xf8, 0x1f, 0xf0, 0x7, 0xfc,
    0x0,

    /* U+8A2D "設" */
    0x1f, 0xf0, 0x7, 0xe0, 0xf, 0xf8, 0x3, 0xf0,
    0x7, 0xfc, 0x1, 0xf8, 0x0, 0x0, 0x7, 0x3,
    0x80, 0x0, 0x3, 0x81, 0xc0, 0x0, 0x1, 0xc0,
    0xe3, 0xff, 0xf8, 0xe0, 0x71, 0xff, 0xfc, 0x70,
    0x38, 0xff, 0xfe, 0x38, 0x1c, 0x0, 0x0, 0xe0,
    0x1, 0xc0, 0x0, 0x70, 0x0, 0xe0, 0x0, 0x38,
    0x0, 0x71, 0xff, 0x3, 0xff, 0xc0, 0xff, 0x81,
    0xff, 0xe0, 0x7f, 0xc0, 0xff, 0xf0, 0x0, 0x0,
    0x0, 0x7, 0x0, 0x0, 0x0, 0x3, 0x80, 0x0,
    0x0, 0x1, 0xc7, 0xfc, 0xe, 0x0, 0xe3, 0xfe,
    0x7, 0x0, 0x71, 0xff, 0x3, 0x80, 0x3f, 0x0,
    0x70, 0x38, 0xe3, 0x80, 0x38, 0x1c, 0x71, 0xc0,
    0x1c, 0xe, 0x38, 0xe0, 0xe, 0x0, 0xe0, 0x70,
    0x7, 0x0, 0x70, 0x38, 0x3, 0x80, 0x38, 0x1c,
    0x1, 0xc0, 0xe3, 0x8e, 0x0, 0xe0, 0x71, 0xc7,
    0x0, 0x70, 0x38, 0xe0, 0x7f, 0xc7, 0xe0, 0xe,
    0x3f, 0xe3, 0xf0, 0x7, 0x1f, 0xf1, 0xf8, 0x3,
    0x80,

    /* U+8A3C "証" */
    0x1f, 0xf1, 0xff, 0xff, 0x8f, 0xf8, 0xff, 0xff,
    0xc7, 0xfc, 0x7f, 0xff, 0xe0, 0x0, 0x0, 0x1c,
    0x0, 0x0, 0x0, 0xe, 0x0, 0x0, 0x0, 0x7,
    0x3, 0xff, 0xf8, 0x3, 0x81, 0xff, 0xfc, 0x1,
    0xc0, 0xff, 0xfe, 0x0, 0xe0, 0x0, 0x0, 0x1c,
    0x70, 0x0, 0x0, 0xe, 0x38, 0x0, 0x0, 0x7,
    0x1c, 0x1, 0xff, 0x3, 0x8f, 0xf8, 0xff, 0x81,
    0xc7, 0xfc, 0x7f, 0xc0, 0xe3, 0xfe, 0x0, 0x0,
    0x71, 0xc0, 0x0, 0x0, 0x38, 0xe0, 0x0, 0x0,
    0x1c, 0x70, 0x7, 0xfc, 0xe, 0x38, 0x3, 0xfe,
    0x7, 0x1c, 0x1, 0xff, 0x3, 0x8e, 0x7, 0x0,
    0x71, 0xc7, 0x3, 0x80, 0x38, 0xe3, 0x81, 0xc0,
    0x1c, 0x71, 0xc0, 0xe0, 0xe, 0x38, 0xe0, 0x70,
    0x7, 0x1c, 0x70, 0x38, 0x3, 0x8e, 0x38, 0x1c,
    0x1, 0xc7, 0x1c, 0xe, 0x0, 0xe3, 0x8e, 0x7,
    0x0, 0x71, 0xc7, 0x0, 0x7f, 0xc7, 0xff, 0xfe,
    0x3f, 0xe3, 0xff, 0xff, 0x1f, 0xf1, 0xff, 0xff,
    0x80,

    /* U+8A5E "詞" */
    0x1f, 0xf1, 0xff, 0xfc, 0xf, 0xf8, 0xff, 0xfe,
    0x7, 0xfc, 0x7f, 0xff, 0x0, 0x0, 0x0, 0x0,
    0x70, 0x0, 0x0, 0x0, 0x38, 0x0, 0x0, 0x0,
    0x1f, 0xff, 0xc7, 0xff, 0x8f, 0xff, 0xe3, 0xff,
    0xc7, 0xff, 0xf1, 0xff, 0xe3, 0x80, 0x0, 0x0,
    0x1, 0xc0, 0x0, 0x0, 0x0, 0xe0, 0x0, 0x0,
    0x0, 0x71, 0xff, 0x3, 0xf0, 0x38, 0xff, 0x81,
    0xf8, 0x1c, 0x7f, 0xc0, 0xfc, 0xe, 0x0, 0x3,
    0x81, 0xc7, 0x0, 0x1, 0xc0, 0xe3, 0x80, 0x0,
    0xe0, 0x71, 0xc7, 0xfc, 0x70, 0x38, 0xe3, 0xfe,
    0x38, 0x1c, 0x71, 0xff, 0x1c, 0xe, 0x3f, 0x0,
    0x7e, 0x7, 0x1f, 0x80, 0x3f, 0x3, 0x8f, 0xc0,
    0x1f, 0x81, 0xc7, 0xe0, 0xe, 0x3f, 0x3, 0xf0,
    0x7, 0x1f, 0x81, 0xf8, 0x3, 0x8f, 0xc0, 0xfc,
    0x1, 0xc0, 0x0, 0x7e, 0x0, 0xe0, 0x0, 0x3f,
    0x0, 0x70, 0x0, 0x1c, 0x7f, 0xc0, 0x1f, 0xf0,
    0x3f, 0xe0, 0xf, 0xf8, 0x1f, 0xf0, 0x7, 0xfc,
    0x0,

    /* U+8A62 "詢" */
    0x1f, 0xf0, 0x38, 0x0, 0xf, 0xf8, 0x1c, 0x0,
    0x7, 0xfc, 0xe, 0x0, 0x0, 0x0, 0x7, 0xff,
    0x80, 0x0, 0x3, 0xff, 0xc0, 0x0, 0x1, 0xff,
    0xe3, 0xff, 0xf8, 0xe0, 0xf, 0xff, 0xfc, 0x70,
    0x7, 0xff, 0xfe, 0x38, 0x3, 0x80, 0x0, 0xe0,
    0x1, 0xc0, 0x0, 0x70, 0x0, 0xe0, 0x0, 0x38,
    0x0, 0x71, 0xff, 0x3, 0xf0, 0x38, 0xff, 0x81,
    0xf8, 0x1c, 0x7f, 0xc0, 0xfc, 0xe, 0x0, 0x3,
    0x81, 0xc7, 0x0, 0x1, 0xc0, 0xe3, 0x80, 0x0,
    0xe0, 0x71, 0xc7, 0xfc, 0x7f, 0xf8, 0xe3, 0xfe,
    0x3f, 0xfc, 0x71, 0xff, 0x1f, 0xfe, 0x3f, 0x0,
    0x7e, 0x7, 0x1f, 0x80, 0x3f, 0x3, 0x8f, 0xc0,
    0x1f, 0x81, 0xc7, 0xe0, 0xe, 0x3f, 0x3, 0xf0,
    0x7, 0x1f, 0x81, 0xf8, 0x3, 0x8f, 0xc0, 0xfc,
    0x1, 0xc0, 0x0, 0x7e, 0x0, 0xe0, 0x0, 0x3f,
    0x0, 0x70, 0x0, 0x1c, 0x7f, 0xc0, 0x1f, 0xf0,
    0x3f, 0xe0, 0xf, 0xf8, 0x1f, 0xf0, 0x7, 0xfc,
    0x0,

    /* U+8A66 "試" */
    0x1f, 0x80, 0x0, 0xe3, 0x8f, 0xc0, 0x0, 0x71,
    0xc7, 0xe0, 0x0, 0x38, 0xe0, 0x1, 0xff, 0xff,
    0xf0, 0x0, 0xff, 0xff, 0xf8, 0x0, 0x7f, 0xff,
    0xff, 0xff, 0xc0, 0x3, 0x81, 0xff, 0xe0, 0x1,
    0xc0, 0xff, 0xf0, 0x0, 0xe0, 0x0, 0x0, 0x0,
    0x70, 0x0, 0x0, 0x0, 0x38, 0x0, 0x0, 0x0,
    0x1c, 0x1, 0xf8, 0xff, 0xfe, 0x0, 0xfc, 0x7f,
    0xff, 0x0, 0x7e, 0x3f, 0xff, 0x80, 0x0, 0x3,
    0x81, 0xc0, 0x0, 0x1, 0xc0, 0xe0, 0x0, 0x0,
    0xe0, 0x70, 0x7, 0xe0, 0x70, 0x38, 0xe3, 0xf0,
    0x38, 0x1c, 0x71, 0xf8, 0x1c, 0xe, 0x3f, 0x3,
    0x8e, 0x7, 0x1f, 0x81, 0xc7, 0x3, 0x8f, 0xc0,
    0xe3, 0x81, 0xc7, 0xe0, 0x71, 0xc0, 0xe3, 0xf0,
    0x38, 0xe0, 0x71, 0xf8, 0x1c, 0x70, 0x38, 0xfc,
    0xe, 0x3f, 0xe3, 0x8e, 0x7, 0x1f, 0xf1, 0xc7,
    0x3, 0x8f, 0xf8, 0xe0, 0x7e, 0x38, 0x0, 0x70,
    0x3f, 0x1c, 0x0, 0x38, 0x1f, 0x8e, 0x0, 0x1c,
    0x0,

    /* U+8A71 "話" */
    0x1f, 0xf0, 0x0, 0x1f, 0x8f, 0xf8, 0x0, 0xf,
    0xc7, 0xfc, 0x0, 0x7, 0xe0, 0x0, 0x7, 0xfc,
    0x0, 0x0, 0x3, 0xfe, 0x0, 0x0, 0x1, 0xff,
    0x3, 0xff, 0xf8, 0x3, 0x81, 0xff, 0xfc, 0x1,
    0xc0, 0xff, 0xfe, 0x0, 0xe0, 0x0, 0x0, 0xff,
    0xff, 0xc0, 0x0, 0x7f, 0xff, 0xe0, 0x0, 0x3f,
    0xff, 0xf1, 0xff, 0x0, 0xe, 0x0, 0xff, 0x80,
    0x7, 0x0, 0x7f, 0xc0, 0x3, 0x80, 0x0, 0x0,
    0xf, 0xf8, 0x0, 0x0, 0x7, 0xfc, 0x0, 0x0,
    0x3, 0xfe, 0x7, 0xfc, 0xe, 0x0, 0xe3, 0xfe,
    0x7, 0x0, 0x71, 0xff, 0x3, 0x80, 0x3f, 0x0,
    0x71, 0xc0, 0x1f, 0x80, 0x38, 0xe0, 0xf, 0xc0,
    0x1c, 0x70, 0x7, 0xe0, 0xe, 0x38, 0x3, 0xf0,
    0x7, 0x1c, 0x1, 0xf8, 0x3, 0x8e, 0x0, 0xfc,
    0x1, 0xc7, 0x0, 0x7e, 0x0, 0xe3, 0x80, 0x3f,
    0x0, 0x71, 0xc0, 0x1c, 0x7f, 0xc0, 0x1f, 0xf0,
    0x3f, 0xe0, 0xf, 0xf8, 0x1f, 0xf0, 0x7, 0xfc,
    0x0,

    /* U+8A8D "認" */
    0x1f, 0x8f, 0xff, 0xfc, 0xf, 0xc7, 0xff, 0xfe,
    0x7, 0xe3, 0xff, 0xff, 0x0, 0x0, 0x0, 0xe0,
    0x70, 0x0, 0x0, 0x70, 0x38, 0x0, 0x0, 0x38,
    0x1f, 0xff, 0xc7, 0x1c, 0xf, 0xff, 0xe3, 0x8e,
    0x7, 0xff, 0xf1, 0xc7, 0x3, 0x80, 0x0, 0x1c,
    0x1, 0xc0, 0x0, 0xe, 0x0, 0xe0, 0x0, 0x7,
    0x0, 0x71, 0xf8, 0x1c, 0x70, 0x38, 0xfc, 0xe,
    0x38, 0x1c, 0x7e, 0x7, 0x1c, 0xe, 0x0, 0x1c,
    0x1, 0xf8, 0x0, 0xe, 0x0, 0xfc, 0x0, 0x7,
    0x0, 0x7e, 0x7, 0xe0, 0xe, 0x0, 0x3, 0xf0,
    0x7, 0x0, 0x1, 0xf8, 0x3, 0x80, 0x7, 0x3,
    0x80, 0x38, 0x3, 0x81, 0xc0, 0x1c, 0x1, 0xc0,
    0xe0, 0xe, 0x0, 0xe0, 0x71, 0xc0, 0x1c, 0x70,
    0x38, 0xe0, 0xe, 0x38, 0x1c, 0x70, 0x7, 0x1c,
    0xe, 0x38, 0x0, 0x7e, 0x7, 0x1c, 0x0, 0x3f,
    0x3, 0x8e, 0x0, 0x1c, 0x7e, 0x38, 0xff, 0x8e,
    0x3f, 0x1c, 0x7f, 0xc7, 0x1f, 0x8e, 0x3f, 0xe3,
    0x80,

    /* U+8A9E "語" */
    0x1f, 0xf0, 0x3f, 0xff, 0x8f, 0xf8, 0x1f, 0xff,
    0xc7, 0xfc, 0xf, 0xff, 0xe0, 0x0, 0x0, 0x1c,
    0x0, 0x0, 0x0, 0xe, 0x0, 0x0, 0x0, 0x7,
    0x3, 0xff, 0xf8, 0xff, 0xf1, 0xff, 0xfc, 0x7f,
    0xf8, 0xff, 0xfe, 0x3f, 0xfc, 0x0, 0x0, 0x3,
    0x81, 0xc0, 0x0, 0x1, 0xc0, 0xe0, 0x0, 0x0,
    0xe0, 0x71, 0xff, 0x1f, 0xff, 0xf8, 0xff, 0x8f,
    0xff, 0xfc, 0x7f, 0xc7, 0xff, 0xfe, 0x0, 0x0,
    0x0, 0x0, 0x0, 0x0, 0x0, 0x0, 0x0, 0x0,
    0x0, 0x0, 0x7, 0xfc, 0x1, 0xff, 0x3, 0xfe,
    0x0, 0xff, 0x81, 0xff, 0x0, 0x7f, 0xc7, 0x0,
    0x71, 0xc0, 0x1f, 0x80, 0x38, 0xe0, 0xf, 0xc0,
    0x1c, 0x70, 0x7, 0xe0, 0xe, 0x38, 0x3, 0xf0,
    0x7, 0x1c, 0x1, 0xf8, 0x3, 0x8e, 0x0, 0xfc,
    0x1, 0xc7, 0x0, 0x7e, 0x0, 0xe3, 0x80, 0x3f,
    0x0, 0x71, 0xc0, 0x1c, 0x7f, 0xc0, 0x1f, 0xf0,
    0x3f, 0xe0, 0xf, 0xf8, 0x1f, 0xf0, 0x7, 0xfc,
    0x0,

    /* U+8AA4 "誤" */
    0x1f, 0xf0, 0x7, 0xfc, 0xf, 0xf8, 0x3, 0xfe,
    0x7, 0xfc, 0x1, 0xff, 0x0, 0x0, 0x7, 0x0,
    0x70, 0x0, 0x3, 0x80, 0x38, 0x0, 0x1, 0xc0,
    0x1f, 0xff, 0xf8, 0xe0, 0xf, 0xff, 0xfc, 0x70,
    0x7, 0xff, 0xfe, 0x38, 0x3, 0x80, 0x0, 0xe3,
    0xfe, 0x0, 0x0, 0x71, 0xff, 0x0, 0x0, 0x38,
    0xff, 0x81, 0xff, 0x1c, 0x0, 0x0, 0xff, 0x8e,
    0x0, 0x0, 0x7f, 0xc7, 0x0, 0x0, 0x0, 0x0,
    0x7f, 0xf8, 0x0, 0x0, 0x3f, 0xfc, 0x0, 0x0,
    0x1f, 0xfe, 0x7, 0xfc, 0x0, 0x0, 0xe3, 0xfe,
    0x0, 0x0, 0x71, 0xff, 0x0, 0x0, 0x3f, 0x0,
    0x7f, 0xff, 0xff, 0x80, 0x3f, 0xff, 0xff, 0xc0,
    0x1f, 0xff, 0xff, 0xe0, 0xe, 0x0, 0x0, 0x70,
    0x7, 0x0, 0x0, 0x38, 0x3, 0x80, 0x0, 0x1c,
    0x1, 0xc7, 0x3, 0x8e, 0x0, 0xe3, 0x81, 0xc7,
    0x0, 0x71, 0xc0, 0xe0, 0x7f, 0xc7, 0x0, 0xe,
    0x3f, 0xe3, 0x80, 0x7, 0x1f, 0xf1, 0xc0, 0x3,
    0x80,

    /* U+8AAD "読" */
    0x1f, 0x80, 0x7, 0x0, 0xf, 0xc0, 0x3, 0x80,
    0x7, 0xe0, 0x1, 0xc0, 0x0, 0x1, 0xff, 0xff,
    0xf0, 0x0, 0xff, 0xff, 0xf8, 0x0, 0x7f, 0xff,
    0xff, 0xff, 0xc0, 0x1c, 0x1, 0xff, 0xe0, 0xe,
    0x0, 0xff, 0xf0, 0x7, 0x0, 0x0, 0x0, 0xff,
    0xfe, 0x0, 0x0, 0x7f, 0xff, 0x0, 0x0, 0x3f,
    0xff, 0x81, 0xf8, 0x0, 0x0, 0x0, 0xfc, 0x0,
    0x0, 0x0, 0x7e, 0x0, 0x0, 0x0, 0x0, 0x3,
    0xff, 0xf8, 0x0, 0x1, 0xff, 0xfc, 0x0, 0x0,
    0xff, 0xfe, 0x7, 0xe3, 0x80, 0x0, 0xe3, 0xf1,
    0xc0, 0x0, 0x71, 0xf8, 0xe0, 0x0, 0x3f, 0x3,
    0xf1, 0xc7, 0x1f, 0x81, 0xf8, 0xe3, 0x8f, 0xc0,
    0xfc, 0x71, 0xc7, 0xe0, 0x70, 0x38, 0xe0, 0x70,
    0x38, 0x1c, 0x70, 0x38, 0x1c, 0xe, 0x38, 0x1c,
    0xe, 0x38, 0x1c, 0x7e, 0x7, 0x1c, 0xe, 0x3f,
    0x3, 0x8e, 0x7, 0x1c, 0x7e, 0x38, 0x0, 0x70,
    0x3f, 0x1c, 0x0, 0x38, 0x1f, 0x8e, 0x0, 0x1c,
    0x0,

    /* U+8ABF "調" */
    0x1f, 0x80, 0x3f, 0xfc, 0xf, 0xc0, 0x1f, 0xfe,
    0x7, 0xe0, 0xf, 0xff, 0x0, 0x0, 0x38, 0xe0,
    0x70, 0x0, 0x1c, 0x70, 0x38, 0x0, 0xe, 0x38,
    0x1f, 0xff, 0xc7, 0xff, 0x8f, 0xff, 0xe3, 0xff,
    0xc7, 0xff, 0xf1, 0xff, 0xe3, 0x80, 0x0, 0xe3,
    0x81, 0xc0, 0x0, 0x71, 0xc0, 0xe0, 0x0, 0x38,
    0xe0, 0x71, 0xf8, 0x1f, 0xfe, 0x38, 0xfc, 0xf,
    0xff, 0x1c, 0x7e, 0x7, 0xff, 0x8e, 0x0, 0x3,
    0x80, 0x7, 0x0, 0x1, 0xc0, 0x3, 0x80, 0x0,
    0xe0, 0x1, 0xc7, 0xe0, 0x7f, 0xc0, 0xe3, 0xf0,
    0x3f, 0xe0, 0x71, 0xf8, 0x1f, 0xf0, 0x3f, 0x3,
    0x8e, 0x7, 0x1f, 0x81, 0xc7, 0x3, 0x8f, 0xc0,
    0xe3, 0x81, 0xc7, 0xe0, 0x71, 0xc0, 0xe3, 0xf0,
    0x38, 0xe0, 0x71, 0xf8, 0x1c, 0x70, 0x38, 0xfc,
    0xe, 0x3f, 0xe0, 0x7e, 0x7, 0x1f, 0xf0, 0x3f,
    0x3, 0x8f, 0xf8, 0x1c, 0x7e, 0x38, 0x3, 0xf0,
    0x3f, 0x1c, 0x1, 0xf8, 0x1f, 0x8e, 0x0, 0xfc,
    0x0,

    /* U+8ACB "請" */
    0x1f, 0x80, 0x7, 0x0, 0xf, 0xc0, 0x3, 0x80,
    0x7, 0xe0, 0x1, 0xc0, 0x0, 0x1, 0xff, 0xff,
    0xf0, 0x0, 0xff, 0xff, 0xf8, 0x0, 0x7f, 0xff,
    0xff, 0xff, 0xc0, 0x1c, 0x1, 0xff, 0xe0, 0xe,
    0x0, 0xff, 0xf0, 0x7, 0x0, 0x0, 0x0, 0xff,
    0xff, 0xc0, 0x0, 0x7f, 0xff, 0xe0, 0x0, 0x3f,
    0xff, 0xf1, 0xf8, 0x0, 0x70, 0x0, 0xfc, 0x0,
    0x38, 0x0, 0x7e, 0x0, 0x1c, 0x0, 0x0, 0x1f,
    0xff, 0xff, 0x0, 0xf, 0xff, 0xff, 0x80, 0x7,
    0xff, 0xff, 0xc7, 0xe0, 0x70, 0x0, 0xe3, 0xf0,
    0x38, 0x0, 0x71, 0xf8, 0x1c, 0x0, 0x3f, 0x3,
    0x8f, 0xff, 0xff, 0x81, 0xc7, 0xff, 0xff, 0xc0,
    0xe3, 0xff, 0xff, 0xe0, 0x71, 0xc0, 0x3, 0xf0,
    0x38, 0xe0, 0x1, 0xf8, 0x1c, 0x70, 0x0, 0xfc,
    0xe, 0x3f, 0xff, 0xfe, 0x7, 0x1f, 0xff, 0xff,
    0x3, 0x8f, 0xff, 0xfc, 0x7e, 0x7, 0x0, 0xe,
    0x3f, 0x3, 0x80, 0x7, 0x1f, 0x81, 0xc0, 0x3,
    0x80,

    /* U+8B49 "證" */
    0x1f, 0x8f, 0xc0, 0xe3, 0x8f, 0xc7, 0xe0, 0x71,
    0xc7, 0xe3, 0xf0, 0x38, 0xe0, 0x0, 0x7, 0x1f,
    0x80, 0x0, 0x3, 0x8f, 0xc0, 0x0, 0x1, 0xc7,
    0xe3, 0xfe, 0x38, 0xe3, 0x8f, 0xff, 0x1c, 0x71,
    0xc7, 0xff, 0x8e, 0x38, 0xe3, 0x80, 0x0, 0xe0,
    0xe, 0x0, 0x0, 0x70, 0x7, 0x0, 0x0, 0x38,
    0x3, 0x81, 0xf8, 0xe3, 0xfe, 0x38, 0xfc, 0x71,
    0xff, 0x1c, 0x7e, 0x38, 0xff, 0x8e, 0x0, 0x3,
    0x80, 0x38, 0x0, 0x1, 0xc0, 0x1c, 0x0, 0x0,
    0xe0, 0xe, 0x7, 0xe0, 0x70, 0x7, 0x3, 0xf0,
    0x38, 0x3, 0x81, 0xf8, 0x1c, 0x1, 0xc7, 0x3,
    0x81, 0xff, 0x3, 0x81, 0xc0, 0xff, 0x81, 0xc0,
    0xe0, 0x7f, 0xc0, 0xe0, 0x71, 0xc0, 0x1c, 0x70,
    0x38, 0xe0, 0xe, 0x38, 0x1c, 0x70, 0x7, 0x1c,
    0xe, 0x7, 0x1c, 0xe, 0x7, 0x3, 0x8e, 0x7,
    0x3, 0x81, 0xc7, 0x0, 0x7e, 0x3f, 0xff, 0xfe,
    0x3f, 0x1f, 0xff, 0xff, 0x1f, 0x8f, 0xff, 0xff,
    0x80,

    /* U+8B66 "警" */
    0x1c, 0xe, 0x7, 0x0, 0xe, 0x7, 0x3, 0x80,
    0x7, 0x3, 0x81, 0xc0, 0x3, 0xff, 0xc0, 0xff,
    0xf1, 0xff, 0xe0, 0x7f, 0xf8, 0xff, 0xf0, 0x3f,
    0xff, 0x80, 0x7, 0xe0, 0xf, 0xc0, 0x3, 0xf0,
    0x7, 0xe0, 0x1, 0xf8, 0x3, 0x8f, 0xf8, 0xe3,
    0x81, 0xc7, 0xfc, 0x71, 0xc0, 0xe3, 0xfe, 0x38,
    0xe0, 0x7e, 0x7, 0x1c, 0xf, 0xc7, 0x3, 0x8e,
    0x7, 0xe3, 0x81, 0xc7, 0x3, 0xf0, 0x3f, 0x1c,
    0xe, 0x7, 0x1f, 0x8e, 0x7, 0x3, 0x8f, 0xc7,
    0x3, 0x81, 0xff, 0xff, 0xff, 0xff, 0xff, 0xff,
    0xff, 0xff, 0xff, 0xff, 0xff, 0xff, 0xf8, 0x0,
    0x0, 0x0, 0x0, 0x0, 0x0, 0x0, 0x0, 0x0,
    0x0, 0x0, 0x0, 0x3, 0xff, 0xff, 0xe0, 0x1,
    0xff, 0xff, 0xf0, 0x0, 0xff, 0xff, 0xf8, 0x3,
    0x80, 0x0, 0x3, 0x81, 0xc0, 0x0, 0x1, 0xc0,
    0xe0, 0x0, 0x0, 0xe0, 0xf, 0xff, 0xff, 0x80,
    0x7, 0xff, 0xff, 0xc0, 0x3, 0xff, 0xff, 0xe0,
    0x0,

    /* U+8B77 "護" */
    0x1f, 0x80, 0x38, 0x1c, 0xf, 0xc0, 0x1c, 0xe,
    0x7, 0xe0, 0xe, 0x7, 0x0, 0x1, 0xff, 0xff,
    0xf0, 0x0, 0xff, 0xff, 0xf8, 0x0, 0x7f, 0xff,
    0xff, 0xff, 0xc0, 0xe0, 0x71, 0xff, 0xe0, 0x70,
    0x38, 0xff, 0xf0, 0x38, 0x1c, 0x0, 0x0, 0x1f,
    0xff, 0xc0, 0x0, 0xf, 0xff, 0xe0, 0x0, 0x7,
    0xff, 0xf1, 0xf8, 0xfc, 0xe, 0x0, 0xfc, 0x7e,
    0x7, 0x0, 0x7e, 0x3f, 0x3, 0x80, 0x0, 0x3,
    0xff, 0xff, 0x0, 0x1, 0xff, 0xff, 0x80, 0x0,
    0xff, 0xff, 0xc7, 0xe0, 0x70, 0x38, 0x3, 0xf0,
    0x38, 0x1c, 0x1, 0xf8, 0x1c, 0xe, 0x7, 0x3,
    0xff, 0xff, 0xff, 0x81, 0xff, 0xff, 0xff, 0xc0,
    0xff, 0xff, 0xff, 0xe0, 0x71, 0xc0, 0x3, 0xf0,
    0x38, 0xe0, 0x1, 0xf8, 0x1c, 0x70, 0x0, 0xfc,
    0xe, 0x7, 0xff, 0x8e, 0x7, 0x3, 0xff, 0xc7,
    0x3, 0x81, 0xff, 0xe0, 0x7e, 0x3f, 0x0, 0xe,
    0x3f, 0x1f, 0x80, 0x7, 0x1f, 0x8f, 0xc0, 0x3,
    0x80,

    /* U+8B80 "讀" */
    0x1f, 0x80, 0x7, 0x0, 0xf, 0xc0, 0x3, 0x80,
    0x7, 0xe0, 0x1, 0xc0, 0x0, 0x1, 0xff, 0xff,
    0xf0, 0x0, 0xff, 0xff, 0xf8, 0x0, 0x7f, 0xff,
    0xff, 0xff, 0xc0, 0x1c, 0x1, 0xff, 0xe0, 0xe,
    0x0, 0xff, 0xf0, 0x7, 0x0, 0x0, 0x0, 0xff,
    0xfe, 0x0, 0x0, 0x7f, 0xff, 0x0, 0x0, 0x3f,
    0xff, 0x81, 0xf8, 0xe3, 0x8e, 0x38, 0xfc, 0x71,
    0xc7, 0x1c, 0x7e, 0x38, 0xe3, 0x8e, 0x0, 0x3,
    0xff, 0xf8, 0x0, 0x1, 0xff, 0xfc, 0x0, 0x0,
    0xff, 0xfe, 0x7, 0xe0, 0x70, 0x7, 0x3, 0xf0,
    0x38, 0x3, 0x81, 0xf8, 0x1c, 0x1, 0xc7, 0x3,
    0x8f, 0xff, 0xe3, 0x81, 0xc7, 0xff, 0xf1, 0xc0,
    0xe3, 0xff, 0xf8, 0xe0, 0x71, 0xc0, 0x1c, 0x70,
    0x38, 0xe0, 0xe, 0x38, 0x1c, 0x70, 0x7, 0x1c,
    0xe, 0x7, 0xfc, 0xe, 0x7, 0x3, 0xfe, 0x7,
    0x3, 0x81, 0xff, 0x0, 0x7e, 0x3f, 0x0, 0x7e,
    0x3f, 0x1f, 0x80, 0x3f, 0x1f, 0x8f, 0xc0, 0x1f,
    0x80,

    /* U+8B8A "變" */
    0x1c, 0xf, 0xf8, 0x1c, 0xe, 0x7, 0xfc, 0xe,
    0x7, 0x3, 0xfe, 0x7, 0x1c, 0x0, 0x0, 0x1c,
    0xe, 0x0, 0x0, 0xe, 0x7, 0x0, 0x0, 0x7,
    0x0, 0x7e, 0x3f, 0xe0, 0x7e, 0x3f, 0x1f, 0xf0,
    0x3f, 0x1f, 0x8f, 0xf8, 0x1f, 0xf0, 0x0, 0x0,
    0x70, 0x38, 0x0, 0x0, 0x38, 0x1c, 0x0, 0x0,
    0x1c, 0xf, 0xf8, 0xff, 0x8f, 0xff, 0xfc, 0x7f,
    0xc7, 0xff, 0xfe, 0x3f, 0xe3, 0xfe, 0x38, 0xe0,
    0xe, 0x38, 0x1c, 0x70, 0x7, 0x1c, 0xe, 0x38,
    0x3, 0x8e, 0x0, 0x1f, 0xff, 0xff, 0xe0, 0xf,
    0xff, 0xff, 0xf0, 0x7, 0xff, 0xff, 0xff, 0xfc,
    0x0, 0x7, 0x3, 0xfe, 0x0, 0x3, 0x81, 0xff,
    0x0, 0x1, 0xc0, 0x0, 0x70, 0x7, 0x0, 0x0,
    0x38, 0x3, 0x80, 0x0, 0x1c, 0x1, 0xc0, 0x0,
    0x1, 0xff, 0x0, 0x0, 0x0, 0xff, 0x80, 0x0,
    0x0, 0x7f, 0xc0, 0x3, 0xff, 0xc0, 0x1f, 0xff,
    0xff, 0xe0, 0xf, 0xff, 0xff, 0xf0, 0x7, 0xff,
    0x80,

    /* U+8C4E "豎" */
    0x1f, 0xfe, 0x3f, 0xfc, 0xf, 0xff, 0x1f, 0xfe,
    0x7, 0xff, 0x8f, 0xff, 0x1c, 0xe, 0x0, 0x0,
    0x7e, 0x7, 0x0, 0x0, 0x3f, 0x3, 0x80, 0x0,
    0x1f, 0xff, 0xf8, 0xe0, 0x71, 0xff, 0xfc, 0x70,
    0x38, 0xff, 0xfe, 0x38, 0x1c, 0x70, 0x7, 0x3,
    0xf0, 0x38, 0x3, 0x81, 0xf8, 0x1c, 0x1, 0xc0,
    0xfc, 0xf, 0xff, 0xe3, 0x81, 0xc7, 0xff, 0xf1,
    0xc0, 0xe3, 0xff, 0xf8, 0xe0, 0x71, 0xc0, 0xe3,
    0x80, 0x7, 0xe0, 0x71, 0xc0, 0x3, 0xf0, 0x38,
    0xe0, 0x1, 0xff, 0xff, 0xff, 0xff, 0xff, 0xff,
    0xff, 0xff, 0xff, 0xff, 0xff, 0xff, 0xf8, 0xe0,
    0x0, 0x0, 0xe0, 0x70, 0x0, 0x0, 0x70, 0x38,
    0x0, 0x0, 0x38, 0x3, 0xff, 0xff, 0xe0, 0x1,
    0xff, 0xff, 0xf0, 0x0, 0xff, 0xff, 0xf8, 0x0,
    0x70, 0x0, 0x1c, 0x0, 0x38, 0x0, 0xe, 0x0,
    0x1c, 0x0, 0x7, 0x3, 0xff, 0xff, 0xff, 0xff,
    0xff, 0xff, 0xff, 0xff, 0xff, 0xff, 0xff, 0xff,
    0x80,

    /* U+8CBB "費" */
    0x0, 0x70, 0x7, 0x0, 0x0, 0x38, 0x3, 0x80,
    0x0, 0x1c, 0x1, 0xc0, 0x1f, 0xff, 0xff, 0xff,
    0x8f, 0xff, 0xff, 0xff, 0xc7, 0xff, 0xff, 0xff,
    0xe0, 0x1, 0xc0, 0x1c, 0xe, 0x0, 0xe0, 0xe,
    0x7, 0x0, 0x70, 0x7, 0x3, 0x8f, 0xff, 0xff,
    0xfe, 0x7, 0xff, 0xff, 0xff, 0x3, 0xff, 0xff,
    0xff, 0x8e, 0x7, 0x0, 0x70, 0x7, 0x3, 0x80,
    0x38, 0x3, 0x81, 0xc0, 0x1c, 0x0, 0x3f, 0xff,
    0xff, 0xf8, 0x1f, 0xff, 0xff, 0xfc, 0xf, 0xff,
    0xff, 0xfe, 0x0, 0xe0, 0x0, 0x38, 0xe0, 0x70,
    0x0, 0x1c, 0x70, 0x38, 0x0, 0xe, 0x3f, 0xff,
    0xff, 0xff, 0xe3, 0xff, 0xff, 0xff, 0xf1, 0xff,
    0xff, 0xff, 0xf8, 0x3, 0x80, 0x0, 0xe0, 0x1,
    0xc0, 0x0, 0x70, 0x0, 0xe0, 0x0, 0x38, 0x0,
    0xf, 0xff, 0xe0, 0x0, 0x7, 0xff, 0xf0, 0x0,
    0x3, 0xff, 0xf8, 0x3, 0xfe, 0x0, 0x3, 0xff,
    0xff, 0x0, 0x1, 0xff, 0xff, 0x80, 0x0, 0xff,
    0x80,

    /* U+8CBC "貼" */
    0x1f, 0xf0, 0x7, 0x0, 0xf, 0xf8, 0x3, 0x80,
    0x7, 0xfc, 0x1, 0xc0, 0x1c, 0x1, 0xc0, 0xff,
    0xfe, 0x0, 0xe0, 0x7f, 0xff, 0x0, 0x70, 0x3f,
    0xff, 0xff, 0xf8, 0x1c, 0x1, 0xff, 0xfc, 0xe,
    0x0, 0xff, 0xfe, 0x7, 0x0, 0x70, 0x7, 0x3,
    0x80, 0x38, 0x3, 0x81, 0xc0, 0x1c, 0x1, 0xc0,
    0xe0, 0xe, 0x0, 0xe0, 0x7f, 0xc7, 0x0, 0x70,
    0x3f, 0xe3, 0x80, 0x38, 0x1f, 0xf1, 0xff, 0xfc,
    0x70, 0x7, 0xff, 0xfe, 0x38, 0x3, 0xff, 0xff,
    0x1c, 0x1, 0xf8, 0x3, 0x8e, 0x0, 0xfc, 0x1,
    0xc7, 0x0, 0x7e, 0x0, 0xe3, 0x80, 0x3f, 0x0,
    0x71, 0xc0, 0x1f, 0x80, 0x38, 0xe0, 0xf, 0xc0,
    0x1c, 0x70, 0x7, 0x1f, 0xf0, 0x38, 0x3, 0x8f,
    0xf8, 0x1c, 0x1, 0xc7, 0xfc, 0xe, 0x0, 0xe3,
    0x81, 0xc7, 0x0, 0x71, 0xc0, 0xe3, 0x80, 0x38,
    0xe0, 0x71, 0xc0, 0x1f, 0x80, 0x38, 0x1f, 0xf1,
    0xc0, 0x1c, 0xf, 0xf8, 0xe0, 0xe, 0x7, 0xfc,
    0x0,

    /* U+8CC7 "資" */
    0x1c, 0x1, 0xc0, 0x0, 0xe, 0x0, 0xe0, 0x0,
    0x7, 0x0, 0x70, 0x0, 0x0, 0x70, 0x3f, 0xff,
    0x80, 0x38, 0x1f, 0xff, 0xc0, 0x1c, 0xf, 0xff,
    0xe0, 0x0, 0x38, 0x1c, 0xe, 0x0, 0x1c, 0xe,
    0x7, 0x0, 0xe, 0x7, 0x3, 0x81, 0xc0, 0x1c,
    0x70, 0x0, 0xe0, 0xe, 0x38, 0x0, 0x70, 0x7,
    0x1c, 0xf, 0xc0, 0xfc, 0x1, 0xff, 0xe0, 0x7e,
    0x0, 0xff, 0xf0, 0x3f, 0x0, 0x7e, 0x7, 0xff,
    0xff, 0xc0, 0x3, 0xff, 0xff, 0xe0, 0x1, 0xff,
    0xff, 0xf0, 0x7, 0x0, 0x0, 0x7, 0x3, 0x80,
    0x0, 0x3, 0x81, 0xc0, 0x0, 0x1, 0xc0, 0xff,
    0xff, 0xff, 0xe0, 0x7f, 0xff, 0xff, 0xf0, 0x3f,
    0xff, 0xff, 0xf8, 0x1c, 0x0, 0x0, 0x1c, 0xe,
    0x0, 0x0, 0xe, 0x7, 0x0, 0x0, 0x7, 0x0,
    0x7f, 0xff, 0xfc, 0x0, 0x3f, 0xff, 0xfe, 0x0,
    0x1f, 0xff, 0xff, 0x3, 0xf0, 0x0, 0x0, 0x7f,
    0xf8, 0x0, 0x0, 0x3f, 0xfc, 0x0, 0x0, 0x1f,
    0x80,

    /* U+8D70 "走" */
    0x0, 0x1, 0xc0, 0x0, 0x0, 0x0, 0xe0, 0x0,
    0x0, 0x0, 0x70, 0x0, 0x3, 0xff, 0xff, 0xff,
    0x81, 0xff, 0xff, 0xff, 0xc0, 0xff, 0xff, 0xff,
    0xe0, 0x0, 0x7, 0x0, 0x0, 0x0, 0x3, 0x80,
    0x0, 0x0, 0x1, 0xc0, 0x0, 0x0, 0x0, 0xe0,
    0x0, 0x0, 0x0, 0x70, 0x0, 0x0, 0x0, 0x38,
    0x0, 0xf, 0xff, 0xff, 0xff, 0xff, 0xff, 0xff,
    0xff, 0xff, 0xff, 0xff, 0xff, 0xfe, 0x0, 0x3,
    0x80, 0x0, 0x0, 0x1, 0xc0, 0x0, 0x0, 0x0,
    0xe0, 0x0, 0x0, 0xe0, 0x70, 0x0, 0x0, 0x70,
    0x38, 0x0, 0x0, 0x38, 0x1c, 0x0, 0x0, 0x1c,
    0xf, 0xff, 0xe0, 0xe, 0x7, 0xff, 0xf0, 0x7,
    0x3, 0xff, 0xf8, 0x1c, 0x71, 0xc0, 0x0, 0xe,
    0x38, 0xe0, 0x0, 0x7, 0x1c, 0x70, 0x0, 0x3,
    0x81, 0xf8, 0x0, 0x1, 0xc0, 0xfc, 0x0, 0x0,
    0xe0, 0x7e, 0x0, 0x3, 0x80, 0x0, 0xff, 0xff,
    0xc0, 0x0, 0x7f, 0xff, 0xe0, 0x0, 0x3f, 0xff,
    0x80,

    /* U+8D77 "起" */
    0x3, 0x80, 0x3f, 0xfc, 0x1, 0xc0, 0x1f, 0xfe,
    0x0, 0xe0, 0xf, 0xff, 0x1f, 0xff, 0xc0, 0x0,
    0x7f, 0xff, 0xe0, 0x0, 0x3f, 0xff, 0xf0, 0x0,
    0x1c, 0xe, 0x0, 0x0, 0xe, 0x7, 0x0, 0x0,
    0x7, 0x3, 0x80, 0x0, 0x3, 0x81, 0xc0, 0x3,
    0xfe, 0x0, 0xe0, 0x1, 0xff, 0x0, 0x70, 0x0,
    0xff, 0x8f, 0xff, 0xe3, 0x80, 0x7, 0xff, 0xf1,
    0xc0, 0x3, 0xff, 0xf8, 0xe0, 0x0, 0x7, 0x0,
    0x70, 0x0, 0x3, 0x80, 0x38, 0x0, 0x1, 0xc0,
    0x1c, 0x0, 0x38, 0xe0, 0xe, 0x0, 0xfc, 0x70,
    0x7, 0x0, 0x7e, 0x38, 0x3, 0x80, 0x3f, 0x1f,
    0xf1, 0xc0, 0x1f, 0x8f, 0xf8, 0xe0, 0xf, 0xc7,
    0xfc, 0x70, 0x7, 0xe3, 0x80, 0x7, 0xfc, 0x71,
    0xc0, 0x3, 0xfe, 0x38, 0xe0, 0x1, 0xff, 0x1f,
    0xf0, 0x0, 0x0, 0xf, 0xf8, 0x0, 0x0, 0x7,
    0xfc, 0x0, 0x0, 0x3, 0x81, 0xff, 0xff, 0xff,
    0xc0, 0xff, 0xff, 0xff, 0xe0, 0x7f, 0xff, 0xff,
    0x80,

    /* U+8DB3 "足" */
    0x3, 0xff, 0xff, 0xe0, 0x1, 0xff, 0xff, 0xf0,
    0x0, 0xff, 0xff, 0xf8, 0x3, 0x80, 0x0, 0x3,
    0x81, 0xc0, 0x0, 0x1, 0xc0, 0xe0, 0x0, 0x0,
    0xe0, 0x70, 0x0, 0x0, 0x70, 0x38, 0x0, 0x0,
    0x38, 0x1c, 0x0, 0x0, 0x1c, 0xe, 0x0, 0x0,
    0xe, 0x7, 0x0, 0x0, 0x7, 0x3, 0x80, 0x0,
    0x3, 0x80, 0x3f, 0xff, 0xfe, 0x0, 0x1f, 0xff,
    0xff, 0x0, 0xf, 0xff, 0xff, 0x80, 0x0, 0x3,
    0x80, 0x0, 0x0, 0x1, 0xc0, 0x0, 0x0, 0x0,
    0xe0, 0x0, 0x0, 0xe0, 0x70, 0x0, 0x0, 0x70,
    0x38, 0x0, 0x0, 0x38, 0x1c, 0x0, 0x0, 0x1c,
    0xf, 0xff, 0xe0, 0xe, 0x7, 0xff, 0xf0, 0x7,
    0x3, 0xff, 0xf8, 0x1c, 0x71, 0xc0, 0x0, 0xe,
    0x38, 0xe0, 0x0, 0x7, 0x1c, 0x70, 0x0, 0x3,
    0x81, 0xf8, 0x0, 0x1, 0xc0, 0xfc, 0x0, 0x0,
    0xe0, 0x7e, 0x0, 0x3, 0x80, 0x0, 0xff, 0xff,
    0xc0, 0x0, 0x7f, 0xff, 0xe0, 0x0, 0x3f, 0xff,
    0x80,

    /* U+8DDD "距" */
    0x1f, 0xf0, 0x7, 0xff, 0x8f, 0xf8, 0x3, 0xff,
    0xc7, 0xfc, 0x1, 0xff, 0xfc, 0x1, 0xc7, 0x0,
    0xe, 0x0, 0xe3, 0x80, 0x7, 0x0, 0x71, 0xc0,
    0x3, 0x80, 0x38, 0xe0, 0x1, 0xc0, 0x1c, 0x70,
    0x0, 0xe0, 0xe, 0x38, 0x0, 0x70, 0x7, 0x1f,
    0xfe, 0x38, 0x3, 0x8f, 0xff, 0x1c, 0x1, 0xc7,
    0xff, 0x81, 0xff, 0x3, 0x80, 0x38, 0xff, 0x81,
    0xc0, 0x1c, 0x7f, 0xc0, 0xe0, 0xe, 0x7, 0x0,
    0x70, 0x7, 0x3, 0x80, 0x38, 0x3, 0x81, 0xc0,
    0x1c, 0x1, 0xf8, 0xff, 0x8e, 0x0, 0xfc, 0x7f,
    0xc7, 0x0, 0x7e, 0x3f, 0xe3, 0x80, 0x3f, 0x1c,
    0x1, 0xff, 0xe3, 0x8e, 0x0, 0xff, 0xf1, 0xc7,
    0x0, 0x7f, 0xf8, 0xe3, 0x80, 0x38, 0x0, 0x71,
    0xc0, 0x1c, 0x0, 0x38, 0xe0, 0xe, 0x0, 0x1c,
    0x7f, 0xc7, 0x0, 0xe, 0x3f, 0xe3, 0x80, 0x7,
    0x1f, 0xf1, 0xc0, 0x3, 0xf0, 0x0, 0x1f, 0xff,
    0xf8, 0x0, 0xf, 0xff, 0xfc, 0x0, 0x7, 0xff,
    0x80,

    /* U+8DEF "路" */
    0x1f, 0xf0, 0x7, 0xfc, 0xf, 0xf8, 0x3, 0xfe,
    0x7, 0xfc, 0x1, 0xff, 0x1c, 0x1, 0xc7, 0x0,
    0x7e, 0x0, 0xe3, 0x80, 0x3f, 0x0, 0x71, 0xc0,
    0x1f, 0x80, 0x3f, 0x0, 0xf, 0xc0, 0x1f, 0x80,
    0x7, 0xe0, 0xf, 0xc0, 0x3, 0xf0, 0x7, 0x1c,
    0xe, 0x38, 0x3, 0x8e, 0x7, 0x1c, 0x1, 0xc7,
    0x3, 0x81, 0xff, 0x0, 0x7e, 0x0, 0xff, 0x80,
    0x3f, 0x0, 0x7f, 0xc0, 0x1f, 0x80, 0x7, 0x3,
    0xf0, 0x3f, 0x3, 0x81, 0xf8, 0x1f, 0x81, 0xc0,
    0xfc, 0xf, 0xf8, 0xff, 0x80, 0x0, 0x1c, 0x7f,
    0xc0, 0x0, 0xe, 0x3f, 0xe0, 0x0, 0x7, 0x1c,
    0x1, 0xff, 0xe3, 0x8e, 0x0, 0xff, 0xf1, 0xc7,
    0x0, 0x7f, 0xf8, 0xe3, 0x81, 0xc0, 0x3, 0xf1,
    0xc0, 0xe0, 0x1, 0xf8, 0xe0, 0x70, 0x0, 0xfc,
    0x7f, 0xf8, 0x0, 0x7e, 0x3f, 0xfc, 0x0, 0x3f,
    0x1f, 0xfe, 0x0, 0x1f, 0xf0, 0x0, 0xff, 0xf1,
    0xf8, 0x0, 0x7f, 0xf8, 0xfc, 0x0, 0x3f, 0xfc,
    0x0,

    /* U+8DF3 "跳" */
    0x1f, 0xf0, 0x38, 0xe0, 0xf, 0xf8, 0x1c, 0x70,
    0x7, 0xfc, 0xe, 0x38, 0x1c, 0x1, 0xc7, 0x1c,
    0x7e, 0x0, 0xe3, 0x8e, 0x3f, 0x0, 0x71, 0xc7,
    0x1f, 0x80, 0x3f, 0xe3, 0xf1, 0xc0, 0x1f, 0xf1,
    0xf8, 0xe0, 0xf, 0xf8, 0xfc, 0x70, 0x7, 0x1c,
    0x70, 0x38, 0x3, 0x8e, 0x38, 0x1c, 0x1, 0xc7,
    0x1c, 0x1, 0xff, 0x3, 0x8e, 0x0, 0xff, 0x81,
    0xc7, 0x0, 0x7f, 0xc0, 0xe3, 0x80, 0x7, 0x3,
    0xf1, 0xf8, 0x3, 0x81, 0xf8, 0xfc, 0x1, 0xc0,
    0xfc, 0x7e, 0x38, 0xff, 0x8e, 0x38, 0xfc, 0x7f,
    0xc7, 0x1c, 0x7e, 0x3f, 0xe3, 0x8e, 0x3f, 0x1c,
    0x1, 0xc7, 0x3, 0x8e, 0x0, 0xe3, 0x81, 0xc7,
    0x0, 0x71, 0xc0, 0xe3, 0x81, 0xc0, 0xe3, 0xf1,
    0xc0, 0xe0, 0x71, 0xf8, 0xe0, 0x70, 0x38, 0xfc,
    0x7e, 0x38, 0x1c, 0x7e, 0x3f, 0x1c, 0xe, 0x3f,
    0x1f, 0x8e, 0x7, 0x1f, 0xf0, 0x38, 0x0, 0x71,
    0xf8, 0x1c, 0x0, 0x38, 0xfc, 0xe, 0x0, 0x1c,
    0x0,

    /* U+8EAB "身" */
    0x0, 0xe, 0x0, 0x0, 0x0, 0x7, 0x0, 0x0,
    0x0, 0x3, 0x80, 0x0, 0x0, 0x7f, 0xff, 0xfc,
    0x0, 0x3f, 0xff, 0xfe, 0x0, 0x1f, 0xff, 0xff,
    0x0, 0x70, 0x0, 0x0, 0x70, 0x38, 0x0, 0x0,
    0x38, 0x1c, 0x0, 0x0, 0x1c, 0xf, 0xff, 0xff,
    0xfe, 0x7, 0xff, 0xff, 0xff, 0x3, 0xff, 0xff,
    0xff, 0x81, 0xc0, 0x0, 0x1, 0xc0, 0xe0, 0x0,
    0x0, 0xe0, 0x70, 0x0, 0x0, 0x70, 0x3f, 0xff,
    0xff, 0xf8, 0x1f, 0xff, 0xff, 0xfc, 0xf, 0xff,
    0xff, 0xfe, 0x7, 0x0, 0x0, 0x7, 0xe3, 0x80,
    0x0, 0x3, 0xf1, 0xc0, 0x0, 0x1, 0xff, 0xff,
    0xff, 0xff, 0xe3, 0xff, 0xff, 0xff, 0xf1, 0xff,
    0xff, 0xff, 0xf8, 0x0, 0x1, 0xf8, 0x1c, 0x0,
    0x0, 0xfc, 0xe, 0x0, 0x0, 0x7e, 0x7, 0x0,
    0xf, 0xc0, 0x3, 0x80, 0x7, 0xe0, 0x1, 0xc0,
    0x3, 0xf0, 0x0, 0xe3, 0xfe, 0x0, 0xff, 0x81,
    0xff, 0x0, 0x7f, 0xc0, 0xff, 0x80, 0x3f, 0xe0,
    0x0,

    /* U+8EDF "軟" */
    0x3, 0x80, 0x38, 0x0, 0x1, 0xc0, 0x1c, 0x0,
    0x0, 0xe0, 0xe, 0x0, 0x1f, 0xff, 0xc7, 0xff,
    0x8f, 0xff, 0xe3, 0xff, 0xc7, 0xff, 0xf1, 0xff,
    0xe0, 0xe, 0x0, 0xe0, 0xe, 0x7, 0x0, 0x70,
    0x7, 0x3, 0x80, 0x38, 0x3, 0x8f, 0xf8, 0xe3,
    0x81, 0xc7, 0xfc, 0x71, 0xc0, 0xe3, 0xfe, 0x38,
    0xe0, 0x7e, 0x38, 0xe0, 0x71, 0xc7, 0x1c, 0x70,
    0x38, 0xe3, 0x8e, 0x38, 0x1c, 0x71, 0xff, 0xfc,
    0xe, 0x0, 0xff, 0xfe, 0x7, 0x0, 0x7f, 0xff,
    0x3, 0x80, 0x38, 0xe3, 0x8e, 0x38, 0x1c, 0x71,
    0xc7, 0x1c, 0xe, 0x38, 0xe3, 0x8e, 0x0, 0xff,
    0x81, 0xc7, 0x0, 0x7f, 0xc0, 0xe3, 0x80, 0x3f,
    0xe0, 0x71, 0xc0, 0x3, 0x81, 0xc0, 0x1c, 0x1,
    0xc0, 0xe0, 0xe, 0x0, 0xe0, 0x70, 0x7, 0x1f,
    0xfe, 0x38, 0x3, 0x8f, 0xff, 0x1c, 0x1, 0xc7,
    0xff, 0x8e, 0x0, 0xe0, 0xe, 0x38, 0x0, 0xe,
    0x7, 0x1c, 0x0, 0x7, 0x3, 0x8e, 0x0, 0x3,
    0x80,

    /* U+8EE2 "転" */
    0x3, 0x80, 0x3f, 0xfc, 0x1, 0xc0, 0x1f, 0xfe,
    0x0, 0xe0, 0xf, 0xff, 0x1f, 0xff, 0xf8, 0x0,
    0xf, 0xff, 0xfc, 0x0, 0x7, 0xff, 0xfe, 0x0,
    0x0, 0xe, 0x0, 0x0, 0x0, 0x7, 0x0, 0x0,
    0x0, 0x3, 0x80, 0x0, 0x0, 0xf, 0xff, 0x0,
    0x0, 0x7, 0xff, 0x80, 0x0, 0x3, 0xff, 0xc0,
    0x0, 0xe, 0x38, 0x1f, 0xff, 0xff, 0x1c, 0xf,
    0xff, 0xff, 0x8e, 0x7, 0xff, 0xff, 0xff, 0xff,
    0x8e, 0x0, 0xff, 0xff, 0xc7, 0x0, 0x7f, 0xff,
    0xe3, 0x80, 0x38, 0xe0, 0x71, 0xc0, 0x1c, 0x70,
    0x38, 0xe0, 0xe, 0x38, 0x1c, 0x70, 0x0, 0xff,
    0xf1, 0xc0, 0xe0, 0x7f, 0xf8, 0xe0, 0x70, 0x3f,
    0xfc, 0x70, 0x38, 0x3, 0x80, 0x38, 0x1c, 0x1,
    0xc0, 0x1c, 0xe, 0x0, 0xe0, 0xe, 0x7, 0x1f,
    0xff, 0xf8, 0x1c, 0x7f, 0xff, 0xfc, 0xe, 0x3f,
    0xff, 0xfe, 0x7, 0x1c, 0xe, 0x7, 0xfc, 0xe,
    0x7, 0x3, 0xfe, 0x7, 0x3, 0x81, 0xff, 0x3,
    0x80,

    /* U+8F09 "載" */
    0x0, 0x70, 0x7, 0x1c, 0x0, 0x38, 0x3, 0x8e,
    0x0, 0x1c, 0x1, 0xc7, 0x1f, 0xff, 0xf8, 0xe0,
    0x7f, 0xff, 0xfc, 0x70, 0x3f, 0xff, 0xfe, 0x38,
    0x1c, 0x1, 0xc0, 0x1c, 0x0, 0x0, 0xe0, 0xe,
    0x0, 0x0, 0x70, 0x7, 0x0, 0x7f, 0xff, 0xff,
    0xff, 0xff, 0xff, 0xff, 0xff, 0xff, 0xff, 0xff,
    0xff, 0xf0, 0x7, 0x0, 0x70, 0x0, 0x3, 0x80,
    0x38, 0x0, 0x1, 0xc0, 0x1c, 0x1, 0xff, 0xff,
    0xfe, 0x38, 0xff, 0xff, 0xff, 0x1c, 0x7f, 0xff,
    0xff, 0x8e, 0x7, 0x1c, 0x71, 0xc7, 0x3, 0x8e,
    0x38, 0xe3, 0x81, 0xc7, 0x1c, 0x71, 0xc0, 0xff,
    0xfe, 0x7, 0x0, 0x7f, 0xff, 0x3, 0x80, 0x3f,
    0xff, 0x81, 0xc0, 0x1c, 0x71, 0xc0, 0xe3, 0x8e,
    0x38, 0xe0, 0x71, 0xc7, 0x1c, 0x70, 0x38, 0xff,
    0xff, 0xff, 0x1c, 0x7f, 0xff, 0xff, 0x8e, 0x3f,
    0xff, 0xff, 0xc7, 0x1c, 0x1, 0xc0, 0x1c, 0x70,
    0x0, 0xe0, 0xe, 0x38, 0x0, 0x70, 0x7, 0x1c,
    0x0,

    /* U+8F2F "輯" */
    0x3, 0x80, 0x3f, 0xfc, 0x1, 0xc0, 0x1f, 0xfe,
    0x0, 0xe0, 0xf, 0xff, 0x1f, 0xff, 0xf8, 0x0,
    0x7f, 0xff, 0xfc, 0x0, 0x3f, 0xff, 0xfe, 0x0,
    0x1c, 0xe, 0x7, 0x0, 0xe, 0x7, 0x3, 0x80,
    0x7, 0x3, 0x81, 0xc0, 0x3, 0x8f, 0xf8, 0x1f,
    0xfe, 0x7, 0xfc, 0xf, 0xff, 0x3, 0xfe, 0x7,
    0xff, 0x8e, 0x38, 0xe0, 0x0, 0x7, 0x1c, 0x70,
    0x0, 0x3, 0x8e, 0x38, 0x0, 0x1, 0xff, 0xff,
    0xff, 0xff, 0xff, 0xff, 0xff, 0xff, 0xff, 0xff,
    0xff, 0xff, 0xf8, 0xe3, 0xf0, 0x7, 0x1c, 0x71,
    0xf8, 0x3, 0x8e, 0x38, 0xfc, 0x1, 0xc0, 0xff,
    0x8f, 0xff, 0xe0, 0x7f, 0xc7, 0xff, 0xf0, 0x3f,
    0xe3, 0xff, 0xf8, 0x3, 0x81, 0xc0, 0x1c, 0x1,
    0xc0, 0xe0, 0xe, 0x0, 0xe0, 0x70, 0x7, 0x1f,
    0xfe, 0x3f, 0xff, 0xff, 0xff, 0x1f, 0xff, 0xff,
    0xff, 0x8f, 0xff, 0xfc, 0xe, 0x38, 0x0, 0x70,
    0x7, 0x1c, 0x0, 0x38, 0x3, 0x8e, 0x0, 0x1c,
    0x0,

    /* U+8F38 "輸" */
    0x3, 0x80, 0x3f, 0xe0, 0x1, 0xc0, 0x1f, 0xf0,
    0x0, 0xe0, 0xf, 0xf8, 0x1f, 0xfe, 0x38, 0x3,
    0x8f, 0xff, 0x1c, 0x1, 0xc7, 0xff, 0x8e, 0x0,
    0xe0, 0xe, 0x38, 0xff, 0x8e, 0x7, 0x1c, 0x7f,
    0xc7, 0x3, 0x8e, 0x3f, 0xe3, 0x8f, 0xf8, 0xe0,
    0x0, 0x7, 0xfc, 0x70, 0x0, 0x3, 0xfe, 0x38,
    0x0, 0xe, 0x38, 0xe3, 0x8e, 0x3f, 0x1c, 0x71,
    0xc7, 0x1f, 0x8e, 0x38, 0xe3, 0x8f, 0xff, 0xff,
    0xf1, 0xc7, 0xff, 0xff, 0xf8, 0xe3, 0xff, 0xff,
    0xfc, 0x71, 0xf8, 0xe3, 0x8e, 0x38, 0xfc, 0x71,
    0xc7, 0x1c, 0x7e, 0x38, 0xe3, 0x8e, 0x38, 0xff,
    0xff, 0xc7, 0x1c, 0x7f, 0xff, 0xe3, 0x8e, 0x3f,
    0xff, 0xf1, 0xc7, 0x3, 0x8e, 0x38, 0x3, 0x81,
    0xc7, 0x1c, 0x1, 0xc0, 0xe3, 0x8e, 0x0, 0xff,
    0xff, 0xc7, 0x0, 0x7f, 0xff, 0xe3, 0x80, 0x3f,
    0xff, 0xf1, 0xc0, 0x1c, 0xe, 0x38, 0xe3, 0xf0,
    0x7, 0x1c, 0x71, 0xf8, 0x3, 0x8e, 0x38, 0xfc,
    0x0,

    /* U+8F49 "轉" */
    0x3, 0x80, 0x7, 0x0, 0x1, 0xc0, 0x3, 0x80,
    0x0, 0xe0, 0x1, 0xc0, 0x1f, 0xff, 0xff, 0xff,
    0xff, 0xff, 0xff, 0xff, 0xff, 0xff, 0xff, 0xff,
    0xfc, 0xe, 0x7, 0x1c, 0x70, 0x7, 0x3, 0x8e,
    0x38, 0x3, 0x81, 0xc7, 0x1c, 0xf, 0xf8, 0xff,
    0xfe, 0x7, 0xfc, 0x7f, 0xff, 0x3, 0xfe, 0x3f,
    0xff, 0x8e, 0x38, 0xfc, 0x71, 0xc7, 0x1c, 0x7e,
    0x38, 0xe3, 0x8e, 0x3f, 0x1c, 0x71, 0xff, 0xff,
    0xff, 0xc7, 0xff, 0xff, 0xff, 0xe3, 0xff, 0xff,
    0xff, 0xf1, 0xf8, 0xe3, 0x80, 0x7, 0x1c, 0x71,
    0xc0, 0x3, 0x8e, 0x38, 0xe0, 0x1, 0xc0, 0xff,
    0xff, 0xff, 0xfc, 0x7f, 0xff, 0xff, 0xfe, 0x3f,
    0xff, 0xff, 0xff, 0x3, 0x81, 0xc0, 0x1c, 0x1,
    0xc0, 0xe0, 0xe, 0x0, 0xe0, 0x70, 0x7, 0x1f,
    0xff, 0xc7, 0x3, 0x8f, 0xff, 0xe3, 0x81, 0xc7,
    0xff, 0xf1, 0xc0, 0xe0, 0xe, 0x0, 0x1f, 0x80,
    0x7, 0x0, 0xf, 0xc0, 0x3, 0x80, 0x7, 0xe0,
    0x0,

    /* U+8F9E "辞" */
    0x0, 0x7e, 0x0, 0xe0, 0x0, 0x3f, 0x0, 0x70,
    0x0, 0x1f, 0x80, 0x38, 0x1f, 0xf0, 0x3f, 0xff,
    0xff, 0xf8, 0x1f, 0xff, 0xff, 0xfc, 0xf, 0xff,
    0xfc, 0xe, 0x0, 0xe0, 0xe, 0x7, 0x0, 0x70,
    0x7, 0x3, 0x80, 0x38, 0x3, 0xff, 0xff, 0x1c,
    0x1, 0xff, 0xff, 0x8e, 0x0, 0xff, 0xff, 0xc7,
    0x0, 0x70, 0x38, 0x0, 0x71, 0xc0, 0x1c, 0x0,
    0x38, 0xe0, 0xe, 0x0, 0x1c, 0x70, 0x7, 0x3,
    0xff, 0xff, 0x3, 0x81, 0xff, 0xff, 0x81, 0xc0,
    0xff, 0xff, 0xc7, 0xfc, 0x0, 0x38, 0x3, 0xfe,
    0x0, 0x1c, 0x1, 0xff, 0x0, 0xe, 0x7, 0x0,
    0x70, 0x7, 0x3, 0x80, 0x38, 0x3, 0x81, 0xc0,
    0x1c, 0x1, 0xc0, 0xe0, 0xf, 0xff, 0xff, 0xf0,
    0x7, 0xff, 0xff, 0xf8, 0x3, 0xff, 0xff, 0xfc,
    0x1, 0xc0, 0x1c, 0xe, 0x0, 0xe0, 0xe, 0x7,
    0x0, 0x70, 0x7, 0x0, 0x7f, 0xc0, 0x3, 0x80,
    0x3f, 0xe0, 0x1, 0xc0, 0x1f, 0xf0, 0x0, 0xe0,
    0x0,

    /* U+8FBA "辺" */
    0xfc, 0xf, 0xff, 0xfc, 0x7e, 0x7, 0xff, 0xfe,
    0x3f, 0x3, 0xff, 0xff, 0x0, 0x70, 0x7, 0x0,
    0x70, 0x38, 0x3, 0x80, 0x38, 0x1c, 0x1, 0xc0,
    0x1c, 0x0, 0x0, 0xe0, 0xe, 0x0, 0x0, 0x70,
    0x7, 0x0, 0x0, 0x38, 0x3, 0x80, 0x0, 0x1c,
    0x1, 0xc0, 0x0, 0xe, 0x0, 0xe0, 0x0, 0x7,
    0x0, 0x7f, 0xc0, 0x3, 0x80, 0x3f, 0xe0, 0x1,
    0xc0, 0x1f, 0xf0, 0x0, 0xe0, 0xe, 0x7, 0x3,
    0x80, 0x7, 0x3, 0x81, 0xc0, 0x3, 0x81, 0xc0,
    0xe0, 0x1, 0xc0, 0xe0, 0x70, 0x0, 0xe0, 0x70,
    0x38, 0x0, 0x70, 0x38, 0x1c, 0x0, 0x38, 0x1c,
    0x70, 0x0, 0x1c, 0xe, 0x38, 0x0, 0xe, 0x7,
    0x1c, 0x0, 0x7, 0x3, 0x80, 0x7, 0xfc, 0x1,
    0xc0, 0x3, 0xfe, 0x0, 0xe0, 0x1, 0xff, 0x3,
    0x8e, 0x0, 0x0, 0x1, 0xc7, 0x0, 0x0, 0x0,
    0xe3, 0x80, 0x0, 0x3, 0x80, 0x3f, 0xff, 0xff,
    0xc0, 0x1f, 0xff, 0xff, 0xe0, 0xf, 0xff, 0xff,
    0x80,

    /* U+8FBC "込" */
    0xfc, 0x1, 0xf8, 0x0, 0x7e, 0x0, 0xfc, 0x0,
    0x3f, 0x0, 0x7e, 0x0, 0x0, 0x70, 0x0, 0xe0,
    0x0, 0x38, 0x0, 0x70, 0x0, 0x1c, 0x0, 0x38,
    0x0, 0x0, 0x0, 0x1c, 0x0, 0x0, 0x0, 0xe,
    0x0, 0x0, 0x0, 0x7, 0x0, 0x0, 0x0, 0x3,
    0x80, 0x0, 0x0, 0x1, 0xc0, 0x0, 0x0, 0x0,
    0xe0, 0xf, 0xc0, 0x3, 0x8e, 0x7, 0xe0, 0x1,
    0xc7, 0x3, 0xf0, 0x0, 0xe3, 0x80, 0x7, 0x0,
    0x71, 0xc0, 0x3, 0x80, 0x38, 0xe0, 0x1, 0xc0,
    0x1c, 0x70, 0x0, 0xe0, 0x70, 0x7, 0x0, 0x70,
    0x38, 0x3, 0x80, 0x38, 0x1c, 0x1, 0xc0, 0x1c,
    0xe, 0x0, 0xe0, 0xe, 0x7, 0x0, 0x70, 0x7,
    0x3, 0x80, 0x38, 0x3, 0x8e, 0x0, 0x3, 0x81,
    0xc7, 0x0, 0x1, 0xc0, 0xe3, 0x80, 0x0, 0xe3,
    0x8e, 0x0, 0x0, 0x1, 0xc7, 0x0, 0x0, 0x0,
    0xe3, 0x80, 0x0, 0x3, 0x80, 0x3f, 0xff, 0xff,
    0xc0, 0x1f, 0xff, 0xff, 0xe0, 0xf, 0xff, 0xff,
    0x80,

    /* U+8FD4 "返" */
    0xfc, 0x1, 0xff, 0xff, 0xfe, 0x0, 0xff, 0xff,
    0xff, 0x0, 0x7f, 0xff, 0xe0, 0x71, 0xc0, 0x0,
    0x0, 0x38, 0xe0, 0x0, 0x0, 0x1c, 0x70, 0x0,
    0x0, 0x0, 0x3f, 0xff, 0xf0, 0x0, 0x1f, 0xff,
    0xf8, 0x0, 0xf, 0xff, 0xfc, 0x0, 0x7, 0x0,
    0x1, 0xc0, 0x3, 0x80, 0x0, 0xe0, 0x1, 0xc0,
    0x0, 0x7f, 0xc0, 0xe3, 0x80, 0x3f, 0xe0, 0x71,
    0xc0, 0x1f, 0xf0, 0x38, 0xe0, 0xe, 0x7, 0x1c,
    0x70, 0x38, 0x3, 0x8e, 0x38, 0x1c, 0x1, 0xc7,
    0x1c, 0xe, 0x0, 0xe3, 0x81, 0xf8, 0x0, 0x71,
    0xc0, 0xfc, 0x0, 0x38, 0xe0, 0x7e, 0x0, 0x1f,
    0x81, 0xc0, 0xe0, 0xf, 0xc0, 0xe0, 0x70, 0x7,
    0xe0, 0x70, 0x38, 0x3, 0x81, 0xc0, 0x3, 0x81,
    0xc0, 0xe0, 0x1, 0xc0, 0xe0, 0x70, 0x0, 0xe3,
    0x8e, 0x0, 0x0, 0x1, 0xc7, 0x0, 0x0, 0x0,
    0xe3, 0x80, 0x0, 0x3, 0x80, 0x3f, 0xff, 0xff,
    0xc0, 0x1f, 0xff, 0xff, 0xe0, 0xf, 0xff, 0xff,
    0x80,

    /* U+8FFD "追" */
    0xfc, 0x0, 0x38, 0x0, 0x7e, 0x0, 0x1c, 0x0,
    0x3f, 0x0, 0xe, 0x0, 0x0, 0x70, 0x3f, 0xff,
    0x80, 0x38, 0x1f, 0xff, 0xc0, 0x1c, 0xf, 0xff,
    0xe0, 0x0, 0x38, 0x0, 0xe, 0x0, 0x1c, 0x0,
    0x7, 0x0, 0xe, 0x0, 0x3, 0x80, 0x7, 0xff,
    0xfe, 0x0, 0x3, 0xff, 0xff, 0x0, 0x1, 0xff,
    0xff, 0x8f, 0xc0, 0xe0, 0x0, 0x7, 0xe0, 0x70,
    0x0, 0x3, 0xf0, 0x38, 0x0, 0x0, 0x7, 0x1f,
    0xff, 0xf8, 0x3, 0x8f, 0xff, 0xfc, 0x1, 0xc7,
    0xff, 0xfe, 0x0, 0xe3, 0x80, 0x0, 0xe0, 0x71,
    0xc0, 0x0, 0x70, 0x38, 0xe0, 0x0, 0x38, 0x1c,
    0x70, 0x0, 0x1c, 0xe, 0x38, 0x0, 0xe, 0x7,
    0x1c, 0x0, 0x7, 0x3, 0x81, 0xff, 0xfc, 0x1,
    0xc0, 0xff, 0xfe, 0x0, 0xe0, 0x7f, 0xff, 0x3,
    0x8e, 0x0, 0x0, 0x1, 0xc7, 0x0, 0x0, 0x0,
    0xe3, 0x80, 0x0, 0x3, 0x80, 0x3f, 0xff, 0xff,
    0xc0, 0x1f, 0xff, 0xff, 0xe0, 0xf, 0xff, 0xff,
    0x80,

    /* U+9000 "退" */
    0xfc, 0x1, 0xff, 0xfc, 0x7e, 0x0, 0xff, 0xfe,
    0x3f, 0x0, 0x7f, 0xff, 0x0, 0x71, 0xc0, 0x0,
    0x70, 0x38, 0xe0, 0x0, 0x38, 0x1c, 0x70, 0x0,
    0x1c, 0x0, 0x3f, 0xff, 0xfe, 0x0, 0x1f, 0xff,
    0xff, 0x0, 0xf, 0xff, 0xff, 0x80, 0x7, 0x0,
    0x1, 0xc0, 0x3, 0x80, 0x0, 0xe0, 0x1, 0xc0,
    0x0, 0x7f, 0xc0, 0xff, 0xff, 0xc7, 0xe0, 0x7f,
    0xff, 0xe3, 0xf0, 0x3f, 0xff, 0xf0, 0x7, 0x1c,
    0xe, 0x7, 0x3, 0x8e, 0x7, 0x3, 0x81, 0xc7,
    0x3, 0x81, 0xc0, 0xe3, 0x81, 0xc7, 0x0, 0x71,
    0xc0, 0xe3, 0x80, 0x38, 0xe0, 0x71, 0xc0, 0x1c,
    0x70, 0x7, 0x0, 0xe, 0x38, 0x3, 0x80, 0x7,
    0x1c, 0x1, 0xc0, 0x3, 0x8f, 0xf8, 0x1f, 0x81,
    0xc7, 0xfc, 0xf, 0xc0, 0xe3, 0xfe, 0x7, 0xe3,
    0x8e, 0x0, 0x0, 0x1, 0xc7, 0x0, 0x0, 0x0,
    0xe3, 0x80, 0x0, 0x3, 0x80, 0x3f, 0xff, 0xff,
    0xc0, 0x1f, 0xff, 0xff, 0xe0, 0xf, 0xff, 0xff,
    0x80,

    /* U+900F "透" */
    0xfc, 0xf, 0xff, 0xff, 0xfe, 0x7, 0xff, 0xff,
    0xff, 0x3, 0xff, 0xff, 0xe0, 0x70, 0x0, 0xe0,
    0x0, 0x38, 0x0, 0x70, 0x0, 0x1c, 0x0, 0x38,
    0x0, 0x0, 0x3f, 0xff, 0xfe, 0x0, 0x1f, 0xff,
    0xff, 0x0, 0xf, 0xff, 0xff, 0x80, 0x0, 0xe3,
    0x8e, 0x0, 0x0, 0x71, 0xc7, 0x0, 0x0, 0x38,
    0xe3, 0x8f, 0xc7, 0xe0, 0x70, 0x3f, 0xe3, 0xf0,
    0x38, 0x1f, 0xf1, 0xf8, 0x1c, 0xe, 0x7, 0x3,
    0xff, 0xc0, 0x3, 0x81, 0xff, 0xe0, 0x1, 0xc0,
    0xff, 0xf0, 0x0, 0xe0, 0xe, 0x7, 0x0, 0x70,
    0x7, 0x3, 0x80, 0x38, 0x3, 0x81, 0xc0, 0x1c,
    0xe, 0x0, 0x1c, 0xe, 0x7, 0x0, 0xe, 0x7,
    0x3, 0x80, 0x7, 0x3, 0x8e, 0x7, 0xfc, 0x1,
    0xc7, 0x3, 0xfe, 0x0, 0xe3, 0x81, 0xff, 0x3,
    0x8e, 0x0, 0x0, 0x1, 0xc7, 0x0, 0x0, 0x0,
    0xe3, 0x80, 0x0, 0x3, 0x80, 0x3f, 0xff, 0xff,
    0xc0, 0x1f, 0xff, 0xff, 0xe0, 0xf, 0xff, 0xff,
    0x80,

    /* U+901A "通" */
    0xfc, 0xf, 0xff, 0xe0, 0x7e, 0x7, 0xff, 0xf0,
    0x3f, 0x3, 0xff, 0xf8, 0x0, 0x70, 0x0, 0x3,
    0x80, 0x38, 0x0, 0x1, 0xc0, 0x1c, 0x0, 0x0,
    0xe0, 0x0, 0x7, 0x3, 0x80, 0x0, 0x3, 0x81,
    0xc0, 0x0, 0x1, 0xc0, 0xe0, 0x0, 0x0, 0xff,
    0xfe, 0x0, 0x0, 0x7f, 0xff, 0x0, 0x0, 0x3f,
    0xff, 0x8f, 0xc0, 0xe0, 0x70, 0x3f, 0xe0, 0x70,
    0x38, 0x1f, 0xf0, 0x38, 0x1c, 0xe, 0x7, 0x1f,
    0xff, 0xff, 0x3, 0x8f, 0xff, 0xff, 0x81, 0xc7,
    0xff, 0xff, 0xc0, 0xe3, 0x81, 0xc0, 0xe0, 0x71,
    0xc0, 0xe0, 0x70, 0x38, 0xe0, 0x70, 0x38, 0x1c,
    0x7f, 0xff, 0xfc, 0xe, 0x3f, 0xff, 0xfe, 0x7,
    0x1f, 0xff, 0xff, 0x3, 0x8e, 0x7, 0x3, 0x81,
    0xc7, 0x3, 0x81, 0xc0, 0xe3, 0x81, 0xc0, 0xe3,
    0x8e, 0x0, 0x0, 0x1, 0xc7, 0x0, 0x0, 0x0,
    0xe3, 0x80, 0x0, 0x3, 0x80, 0x3f, 0xff, 0xff,
    0xc0, 0x1f, 0xff, 0xff, 0xe0, 0xf, 0xff, 0xff,
    0x80,

    /* U+9023 "連" */
    0xfc, 0x0, 0x7, 0x0, 0x7e, 0x0, 0x3, 0x80,
    0x3f, 0x0, 0x1, 0xc0, 0x0, 0x71, 0xff, 0xff,
    0xf0, 0x38, 0xff, 0xff, 0xf8, 0x1c, 0x7f, 0xff,
    0xfc, 0x0, 0x0, 0x1c, 0x0, 0x0, 0x0, 0xe,
    0x0, 0x0, 0x0, 0x7, 0x0, 0x0, 0x0, 0xff,
    0xfe, 0x0, 0x0, 0x7f, 0xff, 0x0, 0x0, 0x3f,
    0xff, 0x8f, 0xc0, 0xe0, 0x70, 0x3f, 0xe0, 0x70,
    0x38, 0x1f, 0xf0, 0x38, 0x1c, 0xe, 0x7, 0x1f,
    0xff, 0xff, 0x3, 0x8f, 0xff, 0xff, 0x81, 0xc7,
    0xff, 0xff, 0xc0, 0xe3, 0x81, 0xc0, 0xe0, 0x71,
    0xc0, 0xe0, 0x70, 0x38, 0xe0, 0x70, 0x38, 0x1f,
    0xff, 0xff, 0xfc, 0xf, 0xff, 0xff, 0xfe, 0x7,
    0xff, 0xff, 0xff, 0x3, 0x80, 0x7, 0x0, 0x1,
    0xc0, 0x3, 0x80, 0x0, 0xe0, 0x1, 0xc0, 0x3,
    0x8e, 0x0, 0xe0, 0x1, 0xc7, 0x0, 0x70, 0x0,
    0xe3, 0x80, 0x38, 0x3, 0x80, 0x3f, 0xff, 0xff,
    0xc0, 0x1f, 0xff, 0xff, 0xe0, 0xf, 0xff, 0xff,
    0x80,

    /* U+9032 "進" */
    0xfc, 0x1, 0xc0, 0x1c, 0x7e, 0x0, 0xe0, 0xe,
    0x3f, 0x0, 0x70, 0x7, 0x0, 0x70, 0x3f, 0xff,
    0xf0, 0x38, 0x1f, 0xff, 0xf8, 0x1c, 0xf, 0xff,
    0xfc, 0x0, 0x38, 0x3, 0x80, 0x0, 0x1c, 0x1,
    0xc0, 0x0, 0xe, 0x0, 0xe0, 0x0, 0x3f, 0xff,
    0xff, 0xc0, 0x1f, 0xff, 0xff, 0xe0, 0xf, 0xff,
    0xff, 0xff, 0xc0, 0xe0, 0xe, 0x7, 0xe0, 0x70,
    0x7, 0x3, 0xf0, 0x38, 0x3, 0x80, 0x7, 0x1f,
    0xff, 0xff, 0x3, 0x8f, 0xff, 0xff, 0x81, 0xc7,
    0xff, 0xff, 0xc0, 0xe3, 0x80, 0x38, 0x0, 0x71,
    0xc0, 0x1c, 0x0, 0x38, 0xe0, 0xe, 0x0, 0x1c,
    0x70, 0x7, 0x0, 0xe, 0x38, 0x3, 0x80, 0x7,
    0x1c, 0x1, 0xc0, 0x3, 0x81, 0xff, 0xff, 0x81,
    0xc0, 0xff, 0xff, 0xc0, 0xe0, 0x7f, 0xff, 0xe3,
    0x8e, 0x0, 0x0, 0x1, 0xc7, 0x0, 0x0, 0x0,
    0xe3, 0x80, 0x0, 0x3, 0x80, 0x3f, 0xff, 0xff,
    0xc0, 0x1f, 0xff, 0xff, 0xe0, 0xf, 0xff, 0xff,
    0x80,

    /* U+904B "運" */
    0xfc, 0x1, 0xff, 0xfc, 0x7e, 0x0, 0xff, 0xfe,
    0x3f, 0x0, 0x7f, 0xff, 0x0, 0x71, 0xc0, 0xe0,
    0x70, 0x38, 0xe0, 0x70, 0x38, 0x1c, 0x70, 0x38,
    0x1c, 0x0, 0x3f, 0xff, 0xfe, 0x0, 0x1f, 0xff,
    0xff, 0x0, 0xf, 0xff, 0xff, 0x80, 0x0, 0xe3,
    0x8e, 0x0, 0x0, 0x71, 0xc7, 0x0, 0x0, 0x38,
    0xe3, 0x8f, 0xc0, 0x1f, 0xff, 0xc7, 0xe0, 0xf,
    0xff, 0xe3, 0xf0, 0x7, 0xff, 0xf0, 0x7, 0x3,
    0x8e, 0x38, 0x3, 0x81, 0xc7, 0x1c, 0x1, 0xc0,
    0xe3, 0x8e, 0x0, 0xe0, 0xf, 0xf8, 0x0, 0x70,
    0x7, 0xfc, 0x0, 0x38, 0x3, 0xfe, 0x0, 0x1c,
    0x0, 0x38, 0x0, 0xe, 0x0, 0x1c, 0x0, 0x7,
    0x0, 0xe, 0x0, 0x3, 0x8f, 0xff, 0xff, 0x81,
    0xc7, 0xff, 0xff, 0xc0, 0xe3, 0xff, 0xff, 0xe3,
    0x8e, 0x0, 0xe0, 0x1, 0xc7, 0x0, 0x70, 0x0,
    0xe3, 0x80, 0x38, 0x3, 0x80, 0x3f, 0xff, 0xff,
    0xc0, 0x1f, 0xff, 0xff, 0xe0, 0xf, 0xff, 0xff,
    0x80,

    /* U+904E "過" */
    0xfc, 0x0, 0x3f, 0xfc, 0x7e, 0x0, 0x1f, 0xfe,
    0x3f, 0x0, 0xf, 0xff, 0x0, 0x70, 0x38, 0x0,
    0x70, 0x38, 0x1c, 0x0, 0x38, 0x1c, 0xe, 0x0,
    0x1c, 0x0, 0x7, 0x1f, 0xfe, 0x0, 0x3, 0x8f,
    0xff, 0x0, 0x1, 0xc7, 0xff, 0x80, 0x0, 0xfc,
    0x1, 0xc0, 0x0, 0x7e, 0x0, 0xe0, 0x0, 0x3f,
    0x0, 0x7f, 0xc0, 0x1f, 0xff, 0xff, 0xe0, 0xf,
    0xff, 0xff, 0xf0, 0x7, 0xff, 0xfe, 0x7, 0x1c,
    0x0, 0x7, 0x3, 0x8e, 0x0, 0x3, 0x81, 0xc7,
    0x0, 0x1, 0xc0, 0xe3, 0x8f, 0xf8, 0xe0, 0x71,
    0xc7, 0xfc, 0x70, 0x38, 0xe3, 0xfe, 0x38, 0x1c,
    0x7e, 0x0, 0xfc, 0xe, 0x3f, 0x0, 0x7e, 0x7,
    0x1f, 0x80, 0x3f, 0x3, 0x8e, 0x3f, 0xe3, 0x81,
    0xc7, 0x1f, 0xf1, 0xc0, 0xe3, 0x8f, 0xf8, 0xe3,
    0x8e, 0x0, 0x0, 0x1, 0xc7, 0x0, 0x0, 0x0,
    0xe3, 0x80, 0x0, 0x3, 0x80, 0x3f, 0xff, 0xff,
    0xc0, 0x1f, 0xff, 0xff, 0xe0, 0xf, 0xff, 0xff,
    0x80,

    /* U+9053 "道" */
    0xfc, 0x1, 0xc0, 0x1c, 0x7e, 0x0, 0xe0, 0xe,
    0x3f, 0x0, 0x70, 0x7, 0x0, 0x71, 0xff, 0xff,
    0xf0, 0x38, 0xff, 0xff, 0xf8, 0x1c, 0x7f, 0xff,
    0xfc, 0x0, 0x0, 0xe0, 0x0, 0x0, 0x0, 0x70,
    0x0, 0x0, 0x0, 0x38, 0x0, 0x0, 0x0, 0xff,
    0xfe, 0x0, 0x0, 0x7f, 0xff, 0x0, 0x0, 0x3f,
    0xff, 0x8f, 0xc0, 0xe0, 0x0, 0x3f, 0xe0, 0x70,
    0x0, 0x1f, 0xf0, 0x38, 0x0, 0xe, 0x7, 0x1f,
    0xff, 0xff, 0x3, 0x8f, 0xff, 0xff, 0x81, 0xc7,
    0xff, 0xff, 0xc0, 0xe3, 0x80, 0x0, 0xe0, 0x71,
    0xc0, 0x0, 0x70, 0x38, 0xe0, 0x0, 0x38, 0x1c,
    0x70, 0x0, 0x1c, 0xe, 0x38, 0x0, 0xe, 0x7,
    0x1c, 0x0, 0x7, 0x3, 0x81, 0xff, 0xfc, 0x1,
    0xc0, 0xff, 0xfe, 0x0, 0xe0, 0x7f, 0xff, 0x3,
    0x8e, 0x0, 0x0, 0x1, 0xc7, 0x0, 0x0, 0x0,
    0xe3, 0x80, 0x0, 0x3, 0x80, 0x3f, 0xff, 0xff,
    0xc0, 0x1f, 0xff, 0xff, 0xe0, 0xf, 0xff, 0xff,
    0x80,

    /* U+9054 "達" */
    0xfc, 0x0, 0x7, 0x0, 0x7e, 0x0, 0x3, 0x80,
    0x3f, 0x0, 0x1, 0xc0, 0x0, 0x71, 0xff, 0xff,
    0xf0, 0x38, 0xff, 0xff, 0xf8, 0x1c, 0x7f, 0xff,
    0xfc, 0x0, 0x0, 0x1c, 0x0, 0x0, 0x0, 0xe,
    0x0, 0x0, 0x0, 0x7, 0x0, 0x0, 0x7, 0xff,
    0xff, 0xc0, 0x3, 0xff, 0xff, 0xe0, 0x1, 0xff,
    0xff, 0xff, 0xc0, 0x1c, 0x1, 0xc7, 0xe0, 0xe,
    0x0, 0xe3, 0xf0, 0x7, 0x0, 0x70, 0x7, 0x0,
    0x71, 0xc0, 0x3, 0x80, 0x38, 0xe0, 0x1, 0xc0,
    0x1c, 0x70, 0x0, 0xe3, 0xff, 0xff, 0xe0, 0x71,
    0xff, 0xff, 0xf0, 0x38, 0xff, 0xff, 0xf8, 0x1c,
    0x0, 0x38, 0x0, 0xe, 0x0, 0x1c, 0x0, 0x7,
    0x0, 0xe, 0x0, 0x3, 0x8f, 0xff, 0xff, 0x81,
    0xc7, 0xff, 0xff, 0xc0, 0xe3, 0xff, 0xff, 0xe3,
    0x8e, 0x0, 0xe0, 0x1, 0xc7, 0x0, 0x70, 0x0,
    0xe3, 0x80, 0x38, 0x3, 0x80, 0x3f, 0xff, 0xff,
    0xc0, 0x1f, 0xff, 0xff, 0xe0, 0xf, 0xff, 0xff,
    0x80,

    /* U+9055 "違" */
    0xfc, 0x0, 0x38, 0x0, 0x7e, 0x0, 0x1c, 0x0,
    0x3f, 0x0, 0xe, 0x0, 0x0, 0x71, 0xff, 0xfc,
    0x0, 0x38, 0xff, 0xfe, 0x0, 0x1c, 0x7f, 0xff,
    0x0, 0x0, 0x7, 0x0, 0x70, 0x0, 0x3, 0x80,
    0x38, 0x0, 0x1, 0xc0, 0x1c, 0x0, 0x3f, 0xff,
    0xff, 0xc0, 0x1f, 0xff, 0xff, 0xe0, 0xf, 0xff,
    0xff, 0xff, 0xc0, 0xe0, 0x1, 0xc7, 0xe0, 0x70,
    0x0, 0xe3, 0xf0, 0x38, 0x0, 0x70, 0x7, 0x3,
    0xff, 0xff, 0x3, 0x81, 0xff, 0xff, 0x81, 0xc0,
    0xff, 0xff, 0xc0, 0xe0, 0x70, 0x38, 0x0, 0x70,
    0x38, 0x1c, 0x0, 0x38, 0x1c, 0xe, 0x0, 0x1c,
    0xe, 0x7, 0x0, 0xe, 0x7, 0x3, 0x80, 0x7,
    0x3, 0x81, 0xc0, 0x3, 0x8f, 0xff, 0xff, 0x81,
    0xc7, 0xff, 0xff, 0xc0, 0xe3, 0xff, 0xff, 0xe3,
    0x8e, 0x0, 0x1c, 0x1, 0xc7, 0x0, 0xe, 0x0,
    0xe3, 0x80, 0x7, 0x3, 0x80, 0x3f, 0xff, 0xff,
    0xc0, 0x1f, 0xff, 0xff, 0xe0, 0xf, 0xff, 0xff,
    0x80,

    /* U+9069 "適" */
    0xfc, 0x0, 0x7, 0x0, 0x7e, 0x0, 0x3, 0x80,
    0x3f, 0x0, 0x1, 0xc0, 0x0, 0x71, 0xff, 0xff,
    0xf0, 0x38, 0xff, 0xff, 0xf8, 0x1c, 0x7f, 0xff,
    0xfc, 0x0, 0x7, 0x0, 0x70, 0x0, 0x3, 0x80,
    0x38, 0x0, 0x1, 0xc0, 0x1c, 0x0, 0x0, 0xff,
    0xfe, 0x0, 0x0, 0x7f, 0xff, 0x0, 0x0, 0x3f,
    0xff, 0x8f, 0xc0, 0xe0, 0x70, 0x3f, 0xe0, 0x70,
    0x38, 0x1f, 0xf0, 0x38, 0x1c, 0xe, 0x7, 0x1c,
    0x7f, 0xc7, 0x3, 0x8e, 0x3f, 0xe3, 0x81, 0xc7,
    0x1f, 0xf1, 0xc0, 0xe3, 0x81, 0xc0, 0xe0, 0x71,
    0xc0, 0xe0, 0x70, 0x38, 0xe0, 0x70, 0x38, 0x1c,
    0x71, 0xc7, 0x1c, 0xe, 0x38, 0xe3, 0x8e, 0x7,
    0x1c, 0x71, 0xc7, 0x3, 0x8e, 0x3f, 0xe3, 0x81,
    0xc7, 0x1f, 0xf1, 0xc0, 0xe3, 0x8f, 0xf8, 0xe3,
    0x8e, 0x0, 0x0, 0x1, 0xc7, 0x0, 0x0, 0x0,
    0xe3, 0x80, 0x0, 0x3, 0x80, 0x3f, 0xff, 0xff,
    0xc0, 0x1f, 0xff, 0xff, 0xe0, 0xf, 0xff, 0xff,
    0x80,

    /* U+9078 "選" */
    0xfc, 0xf, 0xc0, 0xfc, 0x7e, 0x7, 0xe0, 0x7e,
    0x3f, 0x3, 0xf0, 0x3f, 0x0, 0x70, 0x7, 0x0,
    0x70, 0x38, 0x3, 0x80, 0x38, 0x1c, 0x1, 0xc0,
    0x1c, 0x0, 0x3f, 0x3, 0xf0, 0x0, 0x1f, 0x81,
    0xf8, 0x0, 0xf, 0xc0, 0xfc, 0x0, 0x38, 0x3,
    0x80, 0x0, 0x1c, 0x1, 0xc0, 0x0, 0xe, 0x0,
    0xe0, 0xf, 0xc0, 0xff, 0x8f, 0xff, 0xe0, 0x7f,
    0xc7, 0xff, 0xf0, 0x3f, 0xe3, 0xfe, 0x7, 0x0,
    0x70, 0x38, 0x3, 0x80, 0x38, 0x1c, 0x1, 0xc0,
    0x1c, 0xe, 0x0, 0xe3, 0xff, 0xff, 0xe0, 0x71,
    0xff, 0xff, 0xf0, 0x38, 0xff, 0xff, 0xf8, 0x1c,
    0x1, 0xc0, 0xe0, 0xe, 0x0, 0xe0, 0x70, 0x7,
    0x0, 0x70, 0x38, 0x3, 0x8f, 0xff, 0xff, 0x81,
    0xc7, 0xff, 0xff, 0xc0, 0xe3, 0xff, 0xff, 0xe3,
    0x8e, 0x38, 0x3, 0x81, 0xc7, 0x1c, 0x1, 0xc0,
    0xe3, 0x8e, 0x0, 0xe3, 0x80, 0x3f, 0xff, 0xff,
    0xc0, 0x1f, 0xff, 0xff, 0xe0, 0xf, 0xff, 0xff,
    0x80,

    /* U+908A "邊" */
    0xfc, 0x0, 0x38, 0x0, 0x7e, 0x0, 0x1c, 0x0,
    0x3f, 0x0, 0xe, 0x0, 0x0, 0x70, 0x3f, 0xff,
    0x80, 0x38, 0x1f, 0xff, 0xc0, 0x1c, 0xf, 0xff,
    0xe0, 0x0, 0x38, 0x0, 0xe, 0x0, 0x1c, 0x0,
    0x7, 0x0, 0xe, 0x0, 0x3, 0xfe, 0x7, 0xff,
    0xff, 0xff, 0x3, 0xff, 0xff, 0xff, 0x81, 0xff,
    0xff, 0xf0, 0x38, 0xe0, 0x0, 0x38, 0x1c, 0x70,
    0x0, 0x1c, 0xe, 0x38, 0x0, 0xe, 0x0, 0xe3,
    0xff, 0xf8, 0x0, 0x71, 0xff, 0xfc, 0x0, 0x38,
    0xff, 0xfe, 0x3f, 0x1c, 0x71, 0xc7, 0x1f, 0x8e,
    0x38, 0xe3, 0x8f, 0xc7, 0x1c, 0x71, 0xc0, 0x1c,
    0x7f, 0xff, 0xfc, 0xe, 0x3f, 0xff, 0xfe, 0x7,
    0x1f, 0xff, 0xff, 0x3, 0x80, 0x38, 0x1c, 0x1,
    0xc0, 0x1c, 0xe, 0x0, 0xe0, 0xe, 0x7, 0x3,
    0x8e, 0x38, 0x1c, 0x1, 0xc7, 0x1c, 0xe, 0x0,
    0xe3, 0x8e, 0x7, 0x3, 0x80, 0x3f, 0xff, 0xff,
    0xc0, 0x1f, 0xff, 0xff, 0xe0, 0xf, 0xff, 0xff,
    0x80,

    /* U+90E8 "部" */
    0x3, 0x80, 0x7, 0xfc, 0x1, 0xc0, 0x3, 0xfe,
    0x0, 0xe0, 0x1, 0xff, 0x1f, 0xff, 0xc7, 0x0,
    0x7f, 0xff, 0xe3, 0x80, 0x3f, 0xff, 0xf1, 0xc0,
    0x1f, 0x80, 0x38, 0xe0, 0xf, 0xc0, 0x1c, 0x70,
    0x7, 0xe0, 0xe, 0x38, 0x3, 0x8e, 0x38, 0x1c,
    0xe, 0x7, 0x1c, 0xe, 0x7, 0x3, 0x8e, 0x7,
    0x3, 0x8f, 0xff, 0xe3, 0x81, 0xc7, 0xff, 0xf1,
    0xc0, 0xe3, 0xff, 0xf8, 0xe0, 0x70, 0x0, 0x0,
    0x70, 0x38, 0x0, 0x0, 0x38, 0x1c, 0x0, 0x0,
    0x1c, 0xe, 0x7, 0xfc, 0xe, 0x0, 0xe3, 0xfe,
    0x7, 0x0, 0x71, 0xff, 0x3, 0x80, 0x3f, 0x0,
    0x71, 0xc0, 0x1f, 0x80, 0x38, 0xe0, 0xf, 0xc0,
    0x1c, 0x70, 0x7, 0xe0, 0xe, 0x38, 0x3, 0xf0,
    0x7, 0x1c, 0x1, 0xf8, 0x3, 0x8e, 0x0, 0xfc,
    0x1, 0xc7, 0x1f, 0x8e, 0x0, 0xe3, 0x8f, 0xc7,
    0x0, 0x71, 0xc7, 0xe0, 0x7f, 0xc0, 0xe0, 0x0,
    0x3f, 0xe0, 0x70, 0x0, 0x1f, 0xf0, 0x38, 0x0,
    0x0,

    /* U+914D "配" */
    0xff, 0xfe, 0x3f, 0xfc, 0x7f, 0xff, 0x1f, 0xfe,
    0x3f, 0xff, 0x8f, 0xff, 0x3, 0x8e, 0x0, 0x0,
    0x71, 0xc7, 0x0, 0x0, 0x38, 0xe3, 0x80, 0x0,
    0x1c, 0x7f, 0xc0, 0x0, 0xe, 0x3f, 0xe0, 0x0,
    0x7, 0x1f, 0xf0, 0x0, 0x3, 0xf1, 0xc7, 0x0,
    0x1, 0xf8, 0xe3, 0x80, 0x0, 0xfc, 0x71, 0xc0,
    0x0, 0x7e, 0x38, 0xe0, 0x7f, 0xc7, 0x1c, 0x70,
    0x3f, 0xe3, 0x8e, 0x38, 0x1f, 0xf1, 0xf8, 0xfc,
    0x70, 0x0, 0xfc, 0x7e, 0x38, 0x0, 0x7e, 0x3f,
    0x1c, 0x0, 0x38, 0x3, 0x8e, 0x0, 0x1c, 0x1,
    0xc7, 0x0, 0xe, 0x0, 0xe3, 0x80, 0x7, 0x0,
    0x71, 0xc0, 0x1f, 0x80, 0x38, 0xe0, 0xf, 0xc0,
    0x1c, 0x70, 0x7, 0xff, 0xfe, 0x38, 0x3, 0xff,
    0xff, 0x1c, 0x1, 0xff, 0xff, 0x8e, 0x0, 0xfc,
    0x1, 0xc7, 0x0, 0x7e, 0x0, 0xe3, 0x80, 0x3f,
    0x0, 0x71, 0xc0, 0x1c, 0x7f, 0xc0, 0x1f, 0xf0,
    0x3f, 0xe0, 0xf, 0xf8, 0x1f, 0xf0, 0x7, 0xfc,
    0x0,

    /* U+91CD "重" */
    0x1f, 0xff, 0xff, 0xfc, 0xf, 0xff, 0xff, 0xfe,
    0x7, 0xff, 0xff, 0xff, 0x0, 0x0, 0x38, 0x0,
    0x0, 0x0, 0x1c, 0x0, 0x0, 0x0, 0xe, 0x0,
    0x3, 0xff, 0xff, 0xff, 0xff, 0xff, 0xff, 0xff,
    0xff, 0xff, 0xff, 0xff, 0xff, 0x8e, 0x0, 0xe0,
    0xe, 0x7, 0x0, 0x70, 0x7, 0x3, 0x80, 0x38,
    0x3, 0x81, 0xff, 0xff, 0xff, 0xc0, 0xff, 0xff,
    0xff, 0xe0, 0x7f, 0xff, 0xff, 0xf0, 0x38, 0x3,
    0x80, 0x38, 0x1c, 0x1, 0xc0, 0x1c, 0xe, 0x0,
    0xe0, 0xe, 0x0, 0xff, 0xff, 0xf8, 0x0, 0x7f,
    0xff, 0xfc, 0x0, 0x3f, 0xff, 0xfe, 0x0, 0x0,
    0xe, 0x0, 0x0, 0x0, 0x7, 0x0, 0x0, 0x0,
    0x3, 0x80, 0x0, 0x1f, 0xff, 0xff, 0xfc, 0xf,
    0xff, 0xff, 0xfe, 0x7, 0xff, 0xff, 0xff, 0x0,
    0x0, 0x38, 0x0, 0x0, 0x0, 0x1c, 0x0, 0x0,
    0x0, 0xe, 0x0, 0x3, 0xff, 0xff, 0xff, 0xff,
    0xff, 0xff, 0xff, 0xff, 0xff, 0xff, 0xff, 0xff,
    0x80,

    /* U+91CF "量" */
    0x3, 0xff, 0xff, 0xe0, 0x1, 0xff, 0xff, 0xf0,
    0x0, 0xff, 0xff, 0xf8, 0x3, 0x80, 0x0, 0x3,
    0x81, 0xc0, 0x0, 0x1, 0xc0, 0xe0, 0x0, 0x0,
    0xe0, 0x7f, 0xff, 0xff, 0xf0, 0x3f, 0xff, 0xff,
    0xf8, 0x1f, 0xff, 0xff, 0xfc, 0xe, 0x0, 0x0,
    0xe, 0x7, 0x0, 0x0, 0x7, 0x3, 0x80, 0x0,
    0x3, 0x8f, 0xff, 0xff, 0xff, 0xff, 0xff, 0xff,
    0xff, 0xff, 0xff, 0xff, 0xff, 0xfe, 0x38, 0x3,
    0x80, 0x38, 0x1c, 0x1, 0xc0, 0x1c, 0xe, 0x0,
    0xe0, 0xe, 0x7, 0xff, 0xff, 0xff, 0x3, 0xff,
    0xff, 0xff, 0x81, 0xff, 0xff, 0xff, 0xc0, 0xe0,
    0xe, 0x0, 0xe0, 0x70, 0x7, 0x0, 0x70, 0x38,
    0x3, 0x80, 0x38, 0x3, 0xff, 0xff, 0xe0, 0x1,
    0xff, 0xff, 0xf0, 0x0, 0xff, 0xff, 0xf8, 0x0,
    0x0, 0x38, 0x0, 0x0, 0x0, 0x1c, 0x0, 0x0,
    0x0, 0xe, 0x0, 0x3, 0xff, 0xff, 0xff, 0xff,
    0xff, 0xff, 0xff, 0xff, 0xff, 0xff, 0xff, 0xff,
    0x80,

    /* U+91D1 "金" */
    0x0, 0xf, 0xf8, 0x0, 0x0, 0x7, 0xfc, 0x0,
    0x0, 0x3, 0xfe, 0x0, 0x0, 0xe, 0x0, 0xe0,
    0x0, 0x7, 0x0, 0x70, 0x0, 0x3, 0x80, 0x38,
    0x0, 0xe, 0x0, 0x3, 0x80, 0x7, 0x0, 0x1,
    0xc0, 0x3, 0x80, 0x0, 0xe0, 0x7e, 0x3f, 0xff,
    0x8f, 0xff, 0x1f, 0xff, 0xc7, 0xff, 0x8f, 0xff,
    0xe3, 0xf0, 0x0, 0x1c, 0x0, 0x0, 0x0, 0xe,
    0x0, 0x0, 0x0, 0x7, 0x0, 0x0, 0x0, 0x3,
    0x80, 0x0, 0x0, 0x1, 0xc0, 0x0, 0x0, 0x0,
    0xe0, 0x0, 0x7, 0xff, 0xff, 0xff, 0x3, 0xff,
    0xff, 0xff, 0x81, 0xff, 0xff, 0xff, 0xc0, 0x0,
    0xe, 0x0, 0x0, 0x0, 0x7, 0x0, 0x0, 0x0,
    0x3, 0x80, 0x0, 0x3, 0x81, 0xc0, 0xe0, 0x1,
    0xc0, 0xe0, 0x70, 0x0, 0xe0, 0x70, 0x38, 0x0,
    0xe, 0x38, 0xe0, 0x0, 0x7, 0x1c, 0x70, 0x0,
    0x3, 0x8e, 0x38, 0x3, 0xff, 0xff, 0xff, 0xff,
    0xff, 0xff, 0xff, 0xff, 0xff, 0xff, 0xff, 0xff,
    0x80,

    /* U+932F "錯" */
    0x3, 0xf0, 0x38, 0x1c, 0x1, 0xf8, 0x1c, 0xe,
    0x0, 0xfc, 0xe, 0x7, 0x3, 0x81, 0xff, 0xff,
    0xf1, 0xc0, 0xff, 0xff, 0xf8, 0xe0, 0x7f, 0xff,
    0xff, 0x80, 0x0, 0xe0, 0x71, 0xc0, 0x0, 0x70,
    0x38, 0xe0, 0x0, 0x38, 0x1c, 0xf, 0xf8, 0x1c,
    0xe, 0x7, 0xfc, 0xe, 0x7, 0x3, 0xfe, 0x7,
    0x3, 0x80, 0x38, 0x1f, 0xff, 0xf8, 0x1c, 0xf,
    0xff, 0xfc, 0xe, 0x7, 0xff, 0xff, 0xff, 0xfc,
    0x0, 0x0, 0xff, 0xfe, 0x0, 0x0, 0x7f, 0xff,
    0x0, 0x0, 0x0, 0xe0, 0xf, 0xff, 0x0, 0x70,
    0x7, 0xff, 0x80, 0x38, 0x3, 0xff, 0xc7, 0x1f,
    0x8e, 0x0, 0x1f, 0x8f, 0xc7, 0x0, 0xf, 0xc7,
    0xe3, 0x80, 0x7, 0x1f, 0x81, 0xff, 0xff, 0x8f,
    0xc0, 0xff, 0xff, 0xc7, 0xe0, 0x7f, 0xff, 0xe0,
    0x7f, 0xf8, 0x0, 0x70, 0x3f, 0xfc, 0x0, 0x38,
    0x1f, 0xfe, 0x0, 0x1f, 0xf0, 0x0, 0xff, 0xf1,
    0xf8, 0x0, 0x7f, 0xf8, 0xfc, 0x0, 0x3f, 0xfc,
    0x0,

    /* U+9332 "録" */
    0x3, 0xf1, 0xff, 0xe0, 0x1, 0xf8, 0xff, 0xf0,
    0x0, 0xfc, 0x7f, 0xf8, 0x3, 0x81, 0xc0, 0x3,
    0x81, 0xc0, 0xe0, 0x1, 0xc0, 0xe0, 0x70, 0x0,
    0xe3, 0x80, 0x7, 0xff, 0xf1, 0xc0, 0x3, 0xff,
    0xf8, 0xe0, 0x1, 0xff, 0xfc, 0xf, 0xf8, 0x0,
    0xe, 0x7, 0xfc, 0x0, 0x7, 0x3, 0xfe, 0x0,
    0x3, 0x80, 0x38, 0xff, 0xff, 0xf8, 0x1c, 0x7f,
    0xff, 0xfc, 0xe, 0x3f, 0xff, 0xff, 0xff, 0xe0,
    0xe, 0x0, 0xff, 0xf0, 0x7, 0x0, 0x7f, 0xf8,
    0x3, 0x80, 0x0, 0xe3, 0xf1, 0xf8, 0xe0, 0x71,
    0xf8, 0xfc, 0x70, 0x38, 0xfc, 0x7e, 0x3f, 0x1f,
    0x80, 0x38, 0xe3, 0x8f, 0xc0, 0x1c, 0x71, 0xc7,
    0xe0, 0xe, 0x38, 0x1f, 0x81, 0xc7, 0x1c, 0xf,
    0xc0, 0xe3, 0x8e, 0x7, 0xe0, 0x71, 0xc7, 0x0,
    0x7f, 0xc0, 0xe0, 0x70, 0x3f, 0xe0, 0x70, 0x38,
    0x1f, 0xf0, 0x38, 0x1f, 0xf0, 0x7, 0xe0, 0x1,
    0xf8, 0x3, 0xf0, 0x0, 0xfc, 0x1, 0xf8, 0x0,
    0x0,

    /* U+9375 "鍵" */
    0x3, 0xf0, 0x0, 0xe0, 0x1, 0xf8, 0x0, 0x70,
    0x0, 0xfc, 0x0, 0x38, 0x3, 0x81, 0xf8, 0xff,
    0x81, 0xc0, 0xfc, 0x7f, 0xc0, 0xe0, 0x7e, 0x3f,
    0xe3, 0x80, 0x0, 0xe3, 0x8f, 0xc0, 0x0, 0x71,
    0xc7, 0xe0, 0x0, 0x38, 0xe3, 0x8f, 0xf8, 0xe3,
    0xff, 0xc7, 0xfc, 0x71, 0xff, 0xe3, 0xfe, 0x38,
    0xff, 0xf0, 0x38, 0x1c, 0xe, 0x38, 0x1c, 0xe,
    0x7, 0x1c, 0xe, 0x7, 0x3, 0x8f, 0xff, 0xe0,
    0x7f, 0xf8, 0xff, 0xf0, 0x3f, 0xfc, 0x7f, 0xf8,
    0x1f, 0xfe, 0x0, 0xe3, 0x8e, 0x38, 0x0, 0x71,
    0xc7, 0x1c, 0x0, 0x38, 0xe3, 0x8e, 0x7, 0x1f,
    0x8e, 0x3f, 0xff, 0x8f, 0xc7, 0x1f, 0xff, 0xc7,
    0xe3, 0x8f, 0xff, 0x1f, 0x81, 0xc0, 0xe0, 0xf,
    0xc0, 0xe0, 0x70, 0x7, 0xe0, 0x70, 0x38, 0x0,
    0x7f, 0xc7, 0x1c, 0x0, 0x3f, 0xe3, 0x8e, 0x0,
    0x1f, 0xf1, 0xc7, 0x3, 0xf0, 0x38, 0x1f, 0xff,
    0xf8, 0x1c, 0xf, 0xff, 0xfc, 0xe, 0x7, 0xff,
    0x80,

    /* U+9418 "鐘" */
    0x3, 0xf0, 0x7, 0x0, 0x1, 0xf8, 0x3, 0x80,
    0x0, 0xfc, 0x1, 0xc0, 0x3, 0x81, 0xff, 0xff,
    0xf1, 0xc0, 0xff, 0xff, 0xf8, 0xe0, 0x7f, 0xff,
    0xff, 0x80, 0x7, 0x0, 0x71, 0xc0, 0x3, 0x80,
    0x38, 0xe0, 0x1, 0xc0, 0x1c, 0xf, 0xf8, 0x1c,
    0x70, 0x7, 0xfc, 0xe, 0x38, 0x3, 0xfe, 0x7,
    0x1c, 0x0, 0x38, 0xff, 0xff, 0xf8, 0x1c, 0x7f,
    0xff, 0xfc, 0xe, 0x3f, 0xff, 0xff, 0xff, 0xe3,
    0x8e, 0x38, 0xff, 0xf1, 0xc7, 0x1c, 0x7f, 0xf8,
    0xe3, 0x8e, 0x0, 0xe0, 0x7f, 0xff, 0x0, 0x70,
    0x3f, 0xff, 0x80, 0x38, 0x1f, 0xff, 0xc7, 0x1f,
    0x8e, 0x38, 0xe3, 0x8f, 0xc7, 0x1c, 0x71, 0xc7,
    0xe3, 0x8e, 0x38, 0x1f, 0x8f, 0xff, 0xff, 0x8f,
    0xc7, 0xff, 0xff, 0xc7, 0xe3, 0xff, 0xff, 0xe0,
    0x7e, 0x0, 0xe0, 0x0, 0x3f, 0x0, 0x70, 0x0,
    0x1f, 0x80, 0x38, 0x3, 0xf0, 0x3f, 0xff, 0xff,
    0xf8, 0x1f, 0xff, 0xff, 0xfc, 0xf, 0xff, 0xff,
    0x80,

    /* U+9470 "鑰" */
    0x3, 0x80, 0x3f, 0xe0, 0x1, 0xc0, 0x1f, 0xf0,
    0x0, 0xe0, 0xf, 0xf8, 0x3, 0x8e, 0x38, 0x3,
    0x81, 0xc7, 0x1c, 0x1, 0xc0, 0xe3, 0x8e, 0x0,
    0xe3, 0x80, 0x38, 0xff, 0x8f, 0xc0, 0x1c, 0x7f,
    0xc7, 0xe0, 0xe, 0x3f, 0xe3, 0x8f, 0xf8, 0xe3,
    0x8e, 0x7, 0xfc, 0x71, 0xc7, 0x3, 0xfe, 0x38,
    0xe3, 0x80, 0x38, 0xe3, 0x8e, 0x38, 0x1c, 0x71,
    0xc7, 0x1c, 0xe, 0x38, 0xe3, 0x8f, 0xff, 0xfc,
    0x71, 0xc7, 0xff, 0xfe, 0x38, 0xe3, 0xff, 0xff,
    0x1c, 0x71, 0xc0, 0xe0, 0x7f, 0xff, 0x0, 0x70,
    0x3f, 0xff, 0x80, 0x38, 0x1f, 0xff, 0xc7, 0x1f,
    0xf1, 0xc7, 0x1f, 0x8f, 0xf8, 0xe3, 0x8f, 0xc7,
    0xfc, 0x71, 0xc7, 0x1f, 0x8f, 0xff, 0xff, 0x8f,
    0xc7, 0xff, 0xff, 0xc7, 0xe3, 0xff, 0xff, 0xe0,
    0x7f, 0xc7, 0x1c, 0x70, 0x3f, 0xe3, 0x8e, 0x38,
    0x1f, 0xf1, 0xc7, 0x1f, 0xf0, 0x38, 0xe3, 0xf1,
    0xf8, 0x1c, 0x71, 0xf8, 0xfc, 0xe, 0x38, 0xfc,
    0x0,

    /* U+9577 "長" */
    0x0, 0x7f, 0xff, 0xfc, 0x0, 0x3f, 0xff, 0xfe,
    0x0, 0x1f, 0xff, 0xff, 0x0, 0x70, 0x0, 0x0,
    0x0, 0x38, 0x0, 0x0, 0x0, 0x1c, 0x0, 0x0,
    0x0, 0xf, 0xff, 0xff, 0x80, 0x7, 0xff, 0xff,
    0xc0, 0x3, 0xff, 0xff, 0xe0, 0x1, 0xc0, 0x0,
    0x0, 0x0, 0xe0, 0x0, 0x0, 0x0, 0x70, 0x0,
    0x0, 0x0, 0x3f, 0xff, 0xfe, 0x0, 0x1f, 0xff,
    0xff, 0x0, 0xf, 0xff, 0xff, 0x80, 0x7, 0x0,
    0x0, 0x0, 0x3, 0x80, 0x0, 0x0, 0x1, 0xc0,
    0x0, 0x0, 0x3f, 0xff, 0xff, 0xff, 0xff, 0xff,
    0xff, 0xff, 0xff, 0xff, 0xff, 0xff, 0xf8, 0x1c,
    0xe, 0x0, 0x0, 0xe, 0x7, 0x0, 0x0, 0x7,
    0x3, 0x80, 0x0, 0x3, 0x80, 0x38, 0x1c, 0x1,
    0xc0, 0x1c, 0xe, 0x0, 0xe0, 0xe, 0x7, 0x0,
    0x7f, 0xc0, 0xfc, 0x0, 0x3f, 0xe0, 0x7e, 0x0,
    0x1f, 0xf0, 0x3f, 0x3, 0xf0, 0x0, 0x0, 0x7f,
    0xf8, 0x0, 0x0, 0x3f, 0xfc, 0x0, 0x0, 0x1f,
    0x80,

    /* U+9583 "閃" */
    0x1f, 0xf0, 0x7, 0xfc, 0xf, 0xf8, 0x3, 0xfe,
    0x7, 0xfc, 0x1, 0xff, 0x1c, 0x1, 0xc7, 0x0,
    0x7e, 0x0, 0xe3, 0x80, 0x3f, 0x0, 0x71, 0xc0,
    0x1f, 0xff, 0xf8, 0xff, 0xff, 0xff, 0xfc, 0x7f,
    0xff, 0xff, 0xfe, 0x3f, 0xff, 0xf0, 0x7, 0x1c,
    0x1, 0xf8, 0x3, 0x8e, 0x0, 0xfc, 0x1, 0xc7,
    0x0, 0x7f, 0xff, 0x0, 0x7f, 0xff, 0xff, 0x80,
    0x3f, 0xff, 0xff, 0xc0, 0x1f, 0xff, 0xc0, 0x3,
    0x80, 0x7, 0xe0, 0x1, 0xc0, 0x3, 0xf0, 0x0,
    0xe0, 0x1, 0xf8, 0x0, 0x70, 0x0, 0xfc, 0x0,
    0x38, 0x0, 0x7e, 0x0, 0x1c, 0x0, 0x3f, 0x0,
    0x71, 0xc0, 0x1f, 0x80, 0x38, 0xe0, 0xf, 0xc0,
    0x1c, 0x70, 0x7, 0xe3, 0xf0, 0x7, 0xe3, 0xf1,
    0xf8, 0x3, 0xf1, 0xf8, 0xfc, 0x1, 0xf8, 0xfc,
    0x0, 0x0, 0x0, 0x7e, 0x0, 0x0, 0x0, 0x3f,
    0x0, 0x0, 0x0, 0x1f, 0x80, 0x0, 0x1f, 0xf1,
    0xc0, 0x0, 0xf, 0xf8, 0xe0, 0x0, 0x7, 0xfc,
    0x0,

    /* U+9589 "閉" */
    0x1f, 0xf0, 0x7, 0xfc, 0xf, 0xf8, 0x3, 0xfe,
    0x7, 0xfc, 0x1, 0xff, 0x1c, 0x1, 0xc7, 0x0,
    0x7e, 0x0, 0xe3, 0x80, 0x3f, 0x0, 0x71, 0xc0,
    0x1f, 0xff, 0xf8, 0xff, 0xff, 0xff, 0xfc, 0x7f,
    0xff, 0xff, 0xfe, 0x3f, 0xff, 0xf0, 0x7, 0x1c,
    0x1, 0xf8, 0x3, 0x8e, 0x0, 0xfc, 0x1, 0xc7,
    0x0, 0x7f, 0xff, 0x0, 0x7f, 0xff, 0xff, 0x80,
    0x3f, 0xff, 0xff, 0xc0, 0x1f, 0xff, 0xc0, 0x0,
    0x70, 0x7, 0xe0, 0x0, 0x38, 0x3, 0xf0, 0x0,
    0x1c, 0x1, 0xf8, 0xff, 0xff, 0xf8, 0xfc, 0x7f,
    0xff, 0xfc, 0x7e, 0x3f, 0xff, 0xfe, 0x3f, 0x0,
    0xf, 0xc0, 0x1f, 0x80, 0x7, 0xe0, 0xf, 0xc0,
    0x3, 0xf0, 0x7, 0xe0, 0xe, 0x38, 0x3, 0xf0,
    0x7, 0x1c, 0x1, 0xf8, 0x3, 0x8e, 0x0, 0xfc,
    0x7e, 0x7, 0x0, 0x7e, 0x3f, 0x3, 0x80, 0x3f,
    0x1f, 0x81, 0xc0, 0x1f, 0x80, 0x3f, 0x1f, 0xf1,
    0xc0, 0x1f, 0x8f, 0xf8, 0xe0, 0xf, 0xc7, 0xfc,
    0x0,

    /* U+958B "開" */
    0x1f, 0xf0, 0x7, 0xfc, 0xf, 0xf8, 0x3, 0xfe,
    0x7, 0xfc, 0x1, 0xff, 0x1c, 0x1, 0xc7, 0x0,
    0x7e, 0x0, 0xe3, 0x80, 0x3f, 0x0, 0x71, 0xc0,
    0x1f, 0xff, 0xf8, 0xff, 0xff, 0xff, 0xfc, 0x7f,
    0xff, 0xff, 0xfe, 0x3f, 0xff, 0xf0, 0x7, 0x1c,
    0x1, 0xf8, 0x3, 0x8e, 0x0, 0xfc, 0x1, 0xc7,
    0x0, 0x7f, 0xff, 0x0, 0x7f, 0xff, 0xff, 0x80,
    0x3f, 0xff, 0xff, 0xc0, 0x1f, 0xff, 0xc0, 0x0,
    0x0, 0x7, 0xe0, 0x0, 0x0, 0x3, 0xf0, 0x0,
    0x0, 0x1, 0xf8, 0xff, 0xff, 0xc0, 0xfc, 0x7f,
    0xff, 0xe0, 0x7e, 0x3f, 0xff, 0xf0, 0x3f, 0x3,
    0x81, 0xc0, 0x1f, 0x81, 0xc0, 0xe0, 0xf, 0xc0,
    0xe0, 0x70, 0x7, 0xe3, 0xff, 0xff, 0xe3, 0xf1,
    0xff, 0xff, 0xf1, 0xf8, 0xff, 0xff, 0xf8, 0xfc,
    0xe, 0x7, 0x0, 0x7e, 0x7, 0x3, 0x80, 0x3f,
    0x3, 0x81, 0xc0, 0x1f, 0x8e, 0x0, 0xe3, 0xf1,
    0xc7, 0x0, 0x71, 0xf8, 0xe3, 0x80, 0x38, 0xfc,
    0x0,

    /* U+9593 "間" */
    0x1f, 0xf0, 0x7, 0xfc, 0xf, 0xf8, 0x3, 0xfe,
    0x7, 0xfc, 0x1, 0xff, 0x1c, 0x1, 0xc7, 0x0,
    0x7e, 0x0, 0xe3, 0x80, 0x3f, 0x0, 0x71, 0xc0,
    0x1f, 0xff, 0xf8, 0xff, 0xff, 0xff, 0xfc, 0x7f,
    0xff, 0xff, 0xfe, 0x3f, 0xff, 0xf0, 0x7, 0x1c,
    0x1, 0xf8, 0x3, 0x8e, 0x0, 0xfc, 0x1, 0xc7,
    0x0, 0x7f, 0xff, 0x0, 0x7f, 0xff, 0xff, 0x80,
    0x3f, 0xff, 0xff, 0xc0, 0x1f, 0xff, 0xc0, 0x1f,
    0xf0, 0x7, 0xe0, 0xf, 0xf8, 0x3, 0xf0, 0x7,
    0xfc, 0x1, 0xf8, 0x1c, 0x1, 0xc0, 0xfc, 0xe,
    0x0, 0xe0, 0x7e, 0x7, 0x0, 0x70, 0x3f, 0x3,
    0xff, 0xf8, 0x1f, 0x81, 0xff, 0xfc, 0xf, 0xc0,
    0xff, 0xfe, 0x7, 0xe0, 0x70, 0x7, 0x3, 0xf0,
    0x38, 0x3, 0x81, 0xf8, 0x1c, 0x1, 0xc0, 0xfc,
    0x1, 0xff, 0x0, 0x7e, 0x0, 0xff, 0x80, 0x3f,
    0x0, 0x7f, 0xc0, 0x1f, 0x80, 0x0, 0x1f, 0xf1,
    0xc0, 0x0, 0xf, 0xf8, 0xe0, 0x0, 0x7, 0xfc,
    0x0,

    /* U+95DC "關" */
    0x1f, 0xf0, 0x7, 0xfc, 0xf, 0xf8, 0x3, 0xfe,
    0x7, 0xfc, 0x1, 0xff, 0x1c, 0x1, 0xc7, 0x0,
    0x7e, 0x0, 0xe3, 0x80, 0x3f, 0x0, 0x71, 0xc0,
    0x1f, 0xff, 0xf8, 0xff, 0xff, 0xff, 0xfc, 0x7f,
    0xff, 0xff, 0xfe, 0x3f, 0xff, 0xf0, 0x7, 0x1c,
    0x1, 0xf8, 0x3, 0x8e, 0x0, 0xfc, 0x1, 0xc7,
    0x0, 0x7f, 0xff, 0x0, 0x7f, 0xff, 0xff, 0x80,
    0x3f, 0xff, 0xff, 0xc0, 0x1f, 0xff, 0xc7, 0x1c,
    0x71, 0xc7, 0xe3, 0x8e, 0x38, 0xe3, 0xf1, 0xc7,
    0x1c, 0x71, 0xf8, 0x1c, 0x1, 0xc0, 0xfc, 0xe,
    0x0, 0xe0, 0x7e, 0x7, 0x0, 0x70, 0x3f, 0x1c,
    0x71, 0xc7, 0x1f, 0x8e, 0x38, 0xe3, 0x8f, 0xc7,
    0x1c, 0x71, 0xc7, 0xe3, 0xfe, 0x3f, 0xe3, 0xf1,
    0xff, 0x1f, 0xf1, 0xf8, 0xff, 0x8f, 0xf8, 0xfc,
    0x1, 0xc7, 0x0, 0x7e, 0x0, 0xe3, 0x80, 0x3f,
    0x0, 0x71, 0xc0, 0x1f, 0x8f, 0xc0, 0xe3, 0xf1,
    0xc7, 0xe0, 0x71, 0xf8, 0xe3, 0xf0, 0x38, 0xfc,
    0x0,

    /* U+9664 "除" */
    0x1f, 0x80, 0x3f, 0xe0, 0xf, 0xc0, 0x1f, 0xf0,
    0x7, 0xe0, 0xf, 0xf8, 0x1c, 0xe, 0x38, 0x3,
    0x8e, 0x7, 0x1c, 0x1, 0xc7, 0x3, 0x8e, 0x0,
    0xe3, 0x81, 0xf8, 0x0, 0xf, 0xc0, 0xfc, 0x0,
    0x7, 0xe0, 0x7e, 0x0, 0x3, 0xf1, 0xc0, 0xff,
    0xfe, 0x38, 0xe0, 0x7f, 0xff, 0x1c, 0x70, 0x3f,
    0xff, 0x8e, 0x38, 0x0, 0x70, 0x7, 0x1c, 0x0,
    0x38, 0x3, 0x8e, 0x0, 0x1c, 0x1, 0xc7, 0x1f,
    0xff, 0xff, 0xe3, 0x8f, 0xff, 0xff, 0xf1, 0xc7,
    0xff, 0xff, 0xf8, 0x1c, 0x1, 0xc0, 0x1c, 0xe,
    0x0, 0xe0, 0xe, 0x7, 0x0, 0x70, 0x7, 0x3,
    0x8e, 0x38, 0xe3, 0x81, 0xc7, 0x1c, 0x71, 0xc0,
    0xe3, 0x8e, 0x38, 0xe0, 0x7e, 0x7, 0x3, 0xf0,
    0x3f, 0x3, 0x81, 0xf8, 0x1f, 0x81, 0xc0, 0xfc,
    0x70, 0x0, 0xe0, 0x7e, 0x38, 0x0, 0x70, 0x3f,
    0x1c, 0x0, 0x38, 0x1f, 0x80, 0x7, 0xe0, 0x1,
    0xc0, 0x3, 0xf0, 0x0, 0xe0, 0x1, 0xf8, 0x0,
    0x0,

    /* U+9694 "隔" */
    0x1f, 0x8f, 0xff, 0xff, 0x8f, 0xc7, 0xff, 0xff,
    0xc7, 0xe3, 0xff, 0xff, 0xfc, 0xe, 0x0, 0x0,
    0xe, 0x7, 0x0, 0x0, 0x7, 0x3, 0x80, 0x0,
    0x3, 0x81, 0xc7, 0xff, 0xf1, 0xc0, 0xe3, 0xff,
    0xf8, 0xe0, 0x71, 0xff, 0xfc, 0x71, 0xc7, 0x0,
    0x1, 0xf8, 0xe3, 0x80, 0x0, 0xfc, 0x71, 0xc0,
    0x0, 0x7e, 0x38, 0xe0, 0x0, 0x3f, 0x1c, 0x70,
    0x0, 0x1f, 0x8e, 0x38, 0x0, 0xf, 0xc7, 0x3,
    0xff, 0xf8, 0xe3, 0x81, 0xff, 0xfc, 0x71, 0xc0,
    0xff, 0xfe, 0x38, 0x1f, 0x8e, 0x38, 0xfc, 0xf,
    0xc7, 0x1c, 0x7e, 0x7, 0xe3, 0x8e, 0x3f, 0x3,
    0xfe, 0x0, 0xff, 0x81, 0xff, 0x0, 0x7f, 0xc0,
    0xff, 0x80, 0x3f, 0xe0, 0x7e, 0x3f, 0xe3, 0xf0,
    0x3f, 0x1f, 0xf1, 0xf8, 0x1f, 0x8f, 0xf8, 0xfc,
    0x71, 0xc0, 0xe0, 0x7e, 0x38, 0xe0, 0x70, 0x3f,
    0x1c, 0x70, 0x38, 0x1f, 0x80, 0x38, 0x1c, 0x71,
    0xc0, 0x1c, 0xe, 0x38, 0xe0, 0xe, 0x7, 0x1c,
    0x0,

    /* U+96A8 "隨" */
    0x1f, 0x8e, 0x0, 0xe0, 0xf, 0xc7, 0x0, 0x70,
    0x7, 0xe3, 0x80, 0x38, 0x1c, 0xe, 0x38, 0xff,
    0xfe, 0x7, 0x1c, 0x7f, 0xff, 0x3, 0x8e, 0x3f,
    0xff, 0x81, 0xc0, 0x3, 0x81, 0xc0, 0xe0, 0x1,
    0xc0, 0xe0, 0x70, 0x0, 0xe0, 0x71, 0xc7, 0x0,
    0x7f, 0xf8, 0xe3, 0x80, 0x3f, 0xfc, 0x71, 0xc0,
    0x1f, 0xfe, 0x38, 0x1c, 0x71, 0xc7, 0x1c, 0xe,
    0x38, 0xe3, 0x8e, 0x7, 0x1c, 0x71, 0xc7, 0x0,
    0x1, 0xff, 0xe3, 0x80, 0x0, 0xff, 0xf1, 0xc0,
    0x0, 0x7f, 0xf8, 0x1f, 0x81, 0xc0, 0xfc, 0xf,
    0xc0, 0xe0, 0x7e, 0x7, 0xe0, 0x70, 0x3f, 0x3,
    0x8e, 0x3f, 0xff, 0x81, 0xc7, 0x1f, 0xff, 0xc0,
    0xe3, 0x8f, 0xff, 0xe0, 0x71, 0xc7, 0x3, 0xf0,
    0x38, 0xe3, 0x81, 0xf8, 0x1c, 0x71, 0xc0, 0xfc,
    0x71, 0xc7, 0x0, 0xe, 0x38, 0xe3, 0x80, 0x7,
    0x1c, 0x71, 0xc0, 0x3, 0x80, 0x38, 0x1f, 0xff,
    0xc0, 0x1c, 0xf, 0xff, 0xe0, 0xe, 0x7, 0xff,
    0x80,

    /* U+96AA "險" */
    0x1f, 0x80, 0x3f, 0xe0, 0xf, 0xc0, 0x1f, 0xf0,
    0x7, 0xe0, 0xf, 0xf8, 0x1c, 0xe, 0x38, 0x3,
    0x8e, 0x7, 0x1c, 0x1, 0xc7, 0x3, 0x8e, 0x0,
    0xe3, 0x81, 0xf8, 0xff, 0x8f, 0xc0, 0xfc, 0x7f,
    0xc7, 0xe0, 0x7e, 0x3f, 0xe3, 0xf1, 0xc0, 0x0,
    0x0, 0x38, 0xe0, 0x0, 0x0, 0x1c, 0x70, 0x0,
    0x0, 0xe, 0x38, 0x1f, 0x8f, 0xc7, 0x1c, 0xf,
    0xc7, 0xe3, 0x8e, 0x7, 0xe3, 0xf1, 0xc7, 0x1c,
    0xe, 0x7, 0xe3, 0x8e, 0x7, 0x3, 0xf1, 0xc7,
    0x3, 0x81, 0xf8, 0x1f, 0x81, 0xc0, 0xfc, 0xf,
    0xc0, 0xe0, 0x7e, 0x7, 0xe0, 0x70, 0x3f, 0x3,
    0x8f, 0xc7, 0xe3, 0x81, 0xc7, 0xe3, 0xf1, 0xc0,
    0xe3, 0xf1, 0xf8, 0xe0, 0x71, 0xc0, 0x1c, 0x70,
    0x38, 0xe0, 0xe, 0x38, 0x1c, 0x70, 0x7, 0x1c,
    0x71, 0xc7, 0x1c, 0x7e, 0x38, 0xe3, 0x8e, 0x3f,
    0x1c, 0x71, 0xc7, 0x1f, 0x80, 0x38, 0x1c, 0xf,
    0xc0, 0x1c, 0xe, 0x7, 0xe0, 0xe, 0x7, 0x3,
    0x80,

    /* U+96C6 "集" */
    0x0, 0x70, 0x38, 0x0, 0x0, 0x38, 0x1c, 0x0,
    0x0, 0x1c, 0xe, 0x0, 0x0, 0x7f, 0xff, 0xff,
    0xf0, 0x3f, 0xff, 0xff, 0xf8, 0x1f, 0xff, 0xff,
    0xff, 0xf0, 0x7, 0x0, 0x1, 0xf8, 0x3, 0x80,
    0x0, 0xfc, 0x1, 0xc0, 0x0, 0xf, 0xff, 0xff,
    0xfe, 0x7, 0xff, 0xff, 0xff, 0x3, 0xff, 0xff,
    0xff, 0x81, 0xc0, 0x1c, 0x0, 0x0, 0xe0, 0xe,
    0x0, 0x0, 0x70, 0x7, 0x0, 0x0, 0x7, 0xff,
    0xff, 0xff, 0x3, 0xff, 0xff, 0xff, 0x81, 0xff,
    0xff, 0xff, 0xc0, 0x0, 0x70, 0x0, 0x0, 0x0,
    0x38, 0x0, 0x0, 0x0, 0x1c, 0x0, 0x7, 0xff,
    0xff, 0xff, 0xff, 0xff, 0xff, 0xff, 0xff, 0xff,
    0xff, 0xff, 0xff, 0x0, 0xf, 0xf8, 0x0, 0x0,
    0x7, 0xfc, 0x0, 0x0, 0x3, 0xfe, 0x0, 0x0,
    0x7e, 0x38, 0xfc, 0x0, 0x3f, 0x1c, 0x7e, 0x0,
    0x1f, 0x8e, 0x3f, 0x3, 0xf0, 0x7, 0x0, 0x7f,
    0xf8, 0x3, 0x80, 0x3f, 0xfc, 0x1, 0xc0, 0x1f,
    0x80,

    /* U+96FB "電" */
    0xff, 0xff, 0xff, 0xff, 0xff, 0xff, 0xff, 0xff,
    0xff, 0xff, 0xff, 0xff, 0xe0, 0x0, 0x38, 0x0,
    0x0, 0x0, 0x1c, 0x0, 0x0, 0x0, 0xe, 0x0,
    0x0, 0x7f, 0xff, 0xff, 0xf0, 0x3f, 0xff, 0xff,
    0xf8, 0x1f, 0xff, 0xff, 0xfc, 0x70, 0x0, 0xe0,
    0x1, 0xf8, 0x0, 0x70, 0x0, 0xfc, 0x0, 0x38,
    0x0, 0x7e, 0x3f, 0x1c, 0x7e, 0x3f, 0x1f, 0x8e,
    0x3f, 0x1f, 0x8f, 0xc7, 0x1f, 0x8e, 0x38, 0x3,
    0x80, 0x38, 0x1c, 0x1, 0xc0, 0x1c, 0xe, 0x0,
    0xe0, 0xe, 0x7, 0xff, 0xff, 0xff, 0x3, 0xff,
    0xff, 0xff, 0x81, 0xff, 0xff, 0xff, 0xc0, 0xe0,
    0xe, 0x0, 0xe0, 0x70, 0x7, 0x0, 0x70, 0x38,
    0x3, 0x80, 0x38, 0x3, 0xff, 0xff, 0xe3, 0x81,
    0xff, 0xff, 0xf1, 0xc0, 0xff, 0xff, 0xf8, 0xe0,
    0x0, 0x38, 0x0, 0x70, 0x0, 0x1c, 0x0, 0x38,
    0x0, 0xe, 0x0, 0x1c, 0x0, 0x0, 0xff, 0xf0,
    0x0, 0x0, 0x7f, 0xf8, 0x0, 0x0, 0x3f, 0xfc,
    0x0,

    /* U+9700 "需" */
    0xff, 0xff, 0xff, 0xff, 0xff, 0xff, 0xff, 0xff,
    0xff, 0xff, 0xff, 0xff, 0xe0, 0x0, 0x38, 0x0,
    0x0, 0x0, 0x1c, 0x0, 0x0, 0x0, 0xe, 0x0,
    0x0, 0x7f, 0xff, 0xff, 0xf0, 0x3f, 0xff, 0xff,
    0xf8, 0x1f, 0xff, 0xff, 0xfc, 0x70, 0x0, 0xe0,
    0x1, 0xf8, 0x0, 0x70, 0x0, 0xfc, 0x0, 0x38,
    0x0, 0x7e, 0x3f, 0x1c, 0x7e, 0x3f, 0x1f, 0x8e,
    0x3f, 0x1f, 0x8f, 0xc7, 0x1f, 0x8e, 0x0, 0x0,
    0x0, 0x0, 0x0, 0x0, 0x0, 0x0, 0x0, 0x0,
    0x0, 0x0, 0x3f, 0xff, 0xff, 0xff, 0xff, 0xff,
    0xff, 0xff, 0xff, 0xff, 0xff, 0xff, 0xf8, 0x3,
    0x80, 0x0, 0x0, 0x1, 0xc0, 0x0, 0x0, 0x0,
    0xe0, 0x0, 0x0, 0x1f, 0xff, 0xff, 0xfc, 0xf,
    0xff, 0xff, 0xfe, 0x7, 0xff, 0xff, 0xff, 0x1c,
    0xe, 0x0, 0xe0, 0x7e, 0x7, 0x0, 0x70, 0x3f,
    0x3, 0x80, 0x38, 0x1f, 0x81, 0xc0, 0x1c, 0xf,
    0xc0, 0xe0, 0xe, 0x7, 0xe0, 0x70, 0x7, 0x3,
    0x80,

    /* U+975E "非" */
    0x0, 0xe, 0x7, 0x0, 0x0, 0x7, 0x3, 0x80,
    0x0, 0x3, 0x81, 0xc0, 0x1f, 0xff, 0xc0, 0xff,
    0xff, 0xff, 0xe0, 0x7f, 0xff, 0xff, 0xf0, 0x3f,
    0xfc, 0x0, 0x38, 0x1c, 0x0, 0x0, 0x1c, 0xe,
    0x0, 0x0, 0xe, 0x7, 0x0, 0x0, 0x7, 0x3,
    0x80, 0x0, 0x3, 0x81, 0xc0, 0x0, 0x1, 0xc0,
    0xe0, 0x1, 0xff, 0xe0, 0x7f, 0xf8, 0xff, 0xf0,
    0x3f, 0xfc, 0x7f, 0xf8, 0x1f, 0xfe, 0x0, 0x1c,
    0xe, 0x0, 0x0, 0xe, 0x7, 0x0, 0x0, 0x7,
    0x3, 0x80, 0x0, 0x3, 0x81, 0xc0, 0x0, 0x1,
    0xc0, 0xe0, 0x0, 0x0, 0xe0, 0x70, 0x0, 0x1f,
    0xf0, 0x3f, 0xfc, 0xf, 0xf8, 0x1f, 0xfe, 0x7,
    0xfc, 0xf, 0xff, 0xfc, 0xe, 0x7, 0x0, 0x7e,
    0x7, 0x3, 0x80, 0x3f, 0x3, 0x81, 0xc0, 0x0,
    0xe, 0x0, 0xe0, 0x0, 0x7, 0x0, 0x70, 0x0,
    0x3, 0x80, 0x38, 0x0, 0xe, 0x0, 0x1c, 0x0,
    0x7, 0x0, 0xe, 0x0, 0x3, 0x80, 0x7, 0x0,
    0x0,

    /* U+9762 "面" */
    0xff, 0xff, 0xff, 0xff, 0xff, 0xff, 0xff, 0xff,
    0xff, 0xff, 0xff, 0xff, 0xe0, 0x0, 0x38, 0x0,
    0x0, 0x0, 0x1c, 0x0, 0x0, 0x0, 0xe, 0x0,
    0x0, 0x0, 0x38, 0x0, 0x0, 0x0, 0x1c, 0x0,
    0x0, 0x0, 0xe, 0x0, 0x0, 0xf, 0xff, 0xff,
    0xfe, 0x7, 0xff, 0xff, 0xff, 0x3, 0xff, 0xff,
    0xff, 0x8e, 0x7, 0x0, 0x70, 0x3f, 0x3, 0x80,
    0x38, 0x1f, 0x81, 0xc0, 0x1c, 0xf, 0xc0, 0xff,
    0xfe, 0x7, 0xe0, 0x7f, 0xff, 0x3, 0xf0, 0x3f,
    0xff, 0x81, 0xf8, 0x1c, 0x1, 0xc0, 0xfc, 0xe,
    0x0, 0xe0, 0x7e, 0x7, 0x0, 0x70, 0x3f, 0x3,
    0xff, 0xf8, 0x1f, 0x81, 0xff, 0xfc, 0xf, 0xc0,
    0xff, 0xfe, 0x7, 0xe0, 0x70, 0x7, 0x3, 0xf0,
    0x38, 0x3, 0x81, 0xf8, 0x1c, 0x1, 0xc0, 0xfc,
    0xe, 0x0, 0xe0, 0x7e, 0x7, 0x0, 0x70, 0x3f,
    0x3, 0x80, 0x38, 0x1c, 0x7f, 0xff, 0xff, 0xf0,
    0x3f, 0xff, 0xff, 0xf8, 0x1f, 0xff, 0xff, 0xfc,
    0x0,

    /* U+97F3 "音" */
    0x0, 0x1, 0xc0, 0x0, 0x0, 0x0, 0xe0, 0x0,
    0x0, 0x0, 0x70, 0x0, 0x1f, 0xff, 0xff, 0xff,
    0xff, 0xff, 0xff, 0xff, 0xff, 0xff, 0xff, 0xff,
    0xfc, 0xe, 0x0, 0x3, 0x80, 0x7, 0x0, 0x1,
    0xc0, 0x3, 0x80, 0x0, 0xe0, 0x0, 0x38, 0x3,
    0x80, 0x0, 0x1c, 0x1, 0xc0, 0x0, 0xe, 0x0,
    0xe0, 0xf, 0xff, 0xff, 0xff, 0xff, 0xff, 0xff,
    0xff, 0xff, 0xff, 0xff, 0xff, 0xfe, 0x0, 0x0,
    0x0, 0x0, 0x0, 0x0, 0x0, 0x0, 0x0, 0x0,
    0x0, 0x0, 0x0, 0xff, 0xff, 0xf8, 0x0, 0x7f,
    0xff, 0xfc, 0x0, 0x3f, 0xff, 0xfe, 0x0, 0xe0,
    0x0, 0x0, 0xe0, 0x70, 0x0, 0x0, 0x70, 0x38,
    0x0, 0x0, 0x38, 0x1f, 0xff, 0xff, 0xfc, 0xf,
    0xff, 0xff, 0xfe, 0x7, 0xff, 0xff, 0xff, 0x3,
    0x80, 0x0, 0x3, 0x81, 0xc0, 0x0, 0x1, 0xc0,
    0xe0, 0x0, 0x0, 0xe0, 0xf, 0xff, 0xff, 0x80,
    0x7, 0xff, 0xff, 0xc0, 0x3, 0xff, 0xff, 0xe0,
    0x0,

    /* U+9805 "項" */
    0x0, 0x1, 0xff, 0xff, 0x80, 0x0, 0xff, 0xff,
    0xc0, 0x0, 0x7f, 0xff, 0xff, 0xff, 0xc0, 0xe0,
    0xf, 0xff, 0xe0, 0x70, 0x7, 0xff, 0xf0, 0x38,
    0x0, 0xe, 0x0, 0xff, 0xf0, 0x7, 0x0, 0x7f,
    0xf8, 0x3, 0x80, 0x3f, 0xfc, 0x1, 0xc0, 0xe0,
    0x1, 0xc0, 0xe0, 0x70, 0x0, 0xe0, 0x70, 0x38,
    0x0, 0x70, 0x38, 0x1f, 0xff, 0xf8, 0x1c, 0xf,
    0xff, 0xfc, 0xe, 0x7, 0xff, 0xfe, 0x7, 0x3,
    0x80, 0x7, 0x3, 0x81, 0xc0, 0x3, 0x81, 0xc0,
    0xe0, 0x1, 0xc0, 0xe0, 0x7f, 0xff, 0xe0, 0x70,
    0x3f, 0xff, 0xf0, 0x38, 0x1f, 0xff, 0xf8, 0x1c,
    0xe, 0x0, 0x1c, 0xe, 0x7, 0x0, 0xe, 0x7,
    0x3, 0x80, 0x7, 0x3, 0xfe, 0x3f, 0xfc, 0x1,
    0xff, 0x1f, 0xfe, 0x0, 0xff, 0x8f, 0xff, 0x1f,
    0x80, 0x7, 0x0, 0x7f, 0xc0, 0x3, 0x80, 0x3f,
    0xe0, 0x1, 0xc0, 0x1c, 0x0, 0x3f, 0x0, 0xe,
    0x0, 0x1f, 0x80, 0x7, 0x0, 0xf, 0xc0, 0x3,
    0x80,

    /* U+9808 "須" */
    0x0, 0x71, 0xff, 0xff, 0x80, 0x38, 0xff, 0xff,
    0xc0, 0x1c, 0x7f, 0xff, 0xe0, 0x70, 0x0, 0xe0,
    0x0, 0x38, 0x0, 0x70, 0x0, 0x1c, 0x0, 0x38,
    0x3, 0xf0, 0x0, 0xff, 0xf1, 0xf8, 0x0, 0x7f,
    0xf8, 0xfc, 0x0, 0x3f, 0xfc, 0x0, 0x0, 0xe0,
    0x1, 0xc0, 0x0, 0x70, 0x0, 0xe0, 0x0, 0x38,
    0x0, 0x70, 0x7, 0x1f, 0xff, 0xf8, 0x3, 0x8f,
    0xff, 0xfc, 0x1, 0xc7, 0xff, 0xfe, 0x7, 0x3,
    0x80, 0x7, 0x3, 0x81, 0xc0, 0x3, 0x81, 0xc0,
    0xe0, 0x1, 0xff, 0x0, 0x7f, 0xff, 0xff, 0x80,
    0x3f, 0xff, 0xff, 0xc0, 0x1f, 0xff, 0xf8, 0x0,
    0xe, 0x0, 0x1c, 0x0, 0x7, 0x0, 0xe, 0x0,
    0x3, 0x80, 0x7, 0x0, 0x70, 0x3f, 0xfc, 0x0,
    0x38, 0x1f, 0xfe, 0x0, 0x1c, 0xf, 0xff, 0x0,
    0x70, 0x7, 0x0, 0x70, 0x38, 0x3, 0x80, 0x38,
    0x1c, 0x1, 0xc0, 0x1f, 0xf0, 0x3f, 0x0, 0xf,
    0xf8, 0x1f, 0x80, 0x7, 0xfc, 0xf, 0xc0, 0x3,
    0x80,

    /* U+9810 "預" */
    0xff, 0xf1, 0xff, 0xff, 0xff, 0xf8, 0xff, 0xff,
    0xff, 0xfc, 0x7f, 0xff, 0xe0, 0x1, 0xc0, 0xe0,
    0x0, 0x0, 0xe0, 0x70, 0x0, 0x0, 0x70, 0x38,
    0x0, 0x71, 0xc0, 0xff, 0xf0, 0x38, 0xe0, 0x7f,
    0xf8, 0x1c, 0x70, 0x3f, 0xfc, 0x1, 0xc0, 0xe0,
    0x1, 0xc0, 0xe0, 0x70, 0x0, 0xe0, 0x70, 0x38,
    0x0, 0x7f, 0xff, 0x1f, 0xff, 0xff, 0xff, 0x8f,
    0xff, 0xff, 0xff, 0xc7, 0xff, 0xfe, 0x7, 0x1f,
    0x80, 0x7, 0x3, 0x8f, 0xc0, 0x3, 0x81, 0xc7,
    0xe0, 0x1, 0xc0, 0xe3, 0xff, 0xff, 0xe0, 0x71,
    0xff, 0xff, 0xf0, 0x38, 0xff, 0xff, 0xf8, 0x1f,
    0x8e, 0x0, 0x1c, 0xf, 0xc7, 0x0, 0xe, 0x7,
    0xe3, 0x80, 0x7, 0x3, 0x80, 0x3f, 0xfc, 0x1,
    0xc0, 0x1f, 0xfe, 0x0, 0xe0, 0xf, 0xff, 0x0,
    0x70, 0x7, 0x0, 0x70, 0x38, 0x3, 0x80, 0x38,
    0x1c, 0x1, 0xc0, 0x1f, 0xf0, 0x3f, 0x0, 0xf,
    0xf8, 0x1f, 0x80, 0x7, 0xfc, 0xf, 0xc0, 0x3,
    0x80,

    /* U+983B "頻" */
    0x3, 0x81, 0xff, 0xff, 0x81, 0xc0, 0xff, 0xff,
    0xc0, 0xe0, 0x7f, 0xff, 0xfc, 0x7f, 0xc0, 0xe0,
    0xe, 0x3f, 0xe0, 0x70, 0x7, 0x1f, 0xf0, 0x38,
    0x3, 0x8e, 0x0, 0xff, 0xf1, 0xc7, 0x0, 0x7f,
    0xf8, 0xe3, 0x80, 0x3f, 0xfc, 0x7f, 0xff, 0xe0,
    0x1, 0xff, 0xff, 0xf0, 0x0, 0xff, 0xff, 0xf8,
    0x0, 0x70, 0x38, 0x1f, 0xff, 0xf8, 0x1c, 0xf,
    0xff, 0xfc, 0xe, 0x7, 0xff, 0xff, 0xc7, 0xe3,
    0x80, 0x7, 0xe3, 0xf1, 0xc0, 0x3, 0xf1, 0xf8,
    0xe0, 0x1, 0xf8, 0xe3, 0xff, 0xff, 0xfc, 0x71,
    0xff, 0xff, 0xfe, 0x38, 0xff, 0xff, 0xf8, 0x1c,
    0xe, 0x0, 0x1c, 0xe, 0x7, 0x0, 0xe, 0x7,
    0x3, 0x80, 0x7, 0xfc, 0xe, 0x3f, 0xfc, 0x7e,
    0x7, 0x1f, 0xfe, 0x3f, 0x3, 0x8f, 0xff, 0x0,
    0xe, 0x7, 0x0, 0x70, 0x7, 0x3, 0x80, 0x38,
    0x3, 0x81, 0xc0, 0x1f, 0xfe, 0x3f, 0x0, 0xf,
    0xff, 0x1f, 0x80, 0x7, 0xff, 0x8f, 0xc0, 0x3,
    0x80,

    /* U+983C "頼" */
    0x3, 0x81, 0xff, 0xff, 0x81, 0xc0, 0xff, 0xff,
    0xc0, 0xe0, 0x7f, 0xff, 0xff, 0xff, 0xc0, 0xe0,
    0xf, 0xff, 0xe0, 0x70, 0x7, 0xff, 0xf0, 0x38,
    0x0, 0xe, 0x0, 0xff, 0xf0, 0x7, 0x0, 0x7f,
    0xf8, 0x3, 0x80, 0x3f, 0xfc, 0xf, 0xf8, 0xe0,
    0x1, 0xc7, 0xfc, 0x70, 0x0, 0xe3, 0xfe, 0x38,
    0x0, 0x7e, 0x38, 0xff, 0xff, 0xff, 0x1c, 0x7f,
    0xff, 0xff, 0x8e, 0x3f, 0xff, 0xff, 0xc7, 0x1f,
    0x80, 0x7, 0xe3, 0x8f, 0xc0, 0x3, 0xf1, 0xc7,
    0xe0, 0x1, 0xc7, 0xfc, 0x7f, 0xff, 0xe3, 0xfe,
    0x3f, 0xff, 0xf1, 0xff, 0x1f, 0xff, 0xf8, 0x1c,
    0xe, 0x0, 0x1c, 0xe, 0x7, 0x0, 0xe, 0x7,
    0x3, 0x80, 0x7, 0x1f, 0xf0, 0x3f, 0xfc, 0xf,
    0xf8, 0x1f, 0xfe, 0x7, 0xfc, 0xf, 0xff, 0x1c,
    0x71, 0xc7, 0x0, 0x7e, 0x38, 0xe3, 0x80, 0x3f,
    0x1c, 0x71, 0xc0, 0x1c, 0xe, 0x7, 0x0, 0xe,
    0x7, 0x3, 0x80, 0x7, 0x3, 0x81, 0xc0, 0x3,
    0x80,

    /* U+984C "題" */
    0x1f, 0xf0, 0x3f, 0xff, 0x8f, 0xf8, 0x1f, 0xff,
    0xc7, 0xfc, 0xf, 0xff, 0xfc, 0x1, 0xc0, 0x1c,
    0xe, 0x0, 0xe0, 0xe, 0x7, 0x0, 0x70, 0x7,
    0x3, 0xff, 0xf8, 0x1f, 0xf1, 0xff, 0xfc, 0xf,
    0xf8, 0xff, 0xfe, 0x7, 0xfc, 0x70, 0x7, 0x1c,
    0x1, 0xf8, 0x3, 0x8e, 0x0, 0xfc, 0x1, 0xc7,
    0x0, 0x71, 0xff, 0x3, 0xff, 0xf8, 0xff, 0x81,
    0xff, 0xfc, 0x7f, 0xc0, 0xff, 0xfe, 0x0, 0x0,
    0x70, 0x7, 0x0, 0x0, 0x38, 0x3, 0x80, 0x0,
    0x1c, 0x1, 0xff, 0xff, 0x8f, 0xff, 0xff, 0xff,
    0xc7, 0xff, 0xff, 0xff, 0xe3, 0xff, 0xf8, 0x1c,
    0x1, 0xc0, 0x1c, 0xe, 0x0, 0xe0, 0xe, 0x7,
    0x0, 0x70, 0x7, 0xe3, 0xfe, 0x7, 0xfc, 0x71,
    0xff, 0x3, 0xfe, 0x38, 0xff, 0x81, 0xff, 0x1f,
    0xf0, 0x7, 0x0, 0x7f, 0xf8, 0x3, 0x80, 0x3f,
    0xfc, 0x1, 0xc0, 0x1f, 0x81, 0xff, 0xff, 0xff,
    0xc0, 0xff, 0xff, 0xff, 0xe0, 0x7f, 0xff, 0xff,
    0x80,

    /* U+984F "顏" */
    0x3, 0x80, 0x3f, 0xff, 0x81, 0xc0, 0x1f, 0xff,
    0xc0, 0xe0, 0xf, 0xff, 0xff, 0xff, 0xf8, 0x1c,
    0xf, 0xff, 0xfc, 0xe, 0x7, 0xff, 0xfe, 0x7,
    0x0, 0x70, 0x38, 0x1f, 0xf0, 0x38, 0x1c, 0xf,
    0xf8, 0x1c, 0xe, 0x7, 0xfc, 0x1, 0xf8, 0x1c,
    0x1, 0xc0, 0xfc, 0xe, 0x0, 0xe0, 0x7e, 0x7,
    0x0, 0x71, 0xc0, 0xe3, 0xff, 0xf8, 0xe0, 0x71,
    0xff, 0xfc, 0x70, 0x38, 0xff, 0xfe, 0x3f, 0xff,
    0xf0, 0x7, 0x1f, 0xff, 0xf8, 0x3, 0x8f, 0xff,
    0xfc, 0x1, 0xf8, 0x0, 0xf, 0xff, 0xfc, 0x0,
    0x7, 0xff, 0xfe, 0x0, 0x3, 0xff, 0xff, 0x3,
    0xf1, 0xc0, 0x1f, 0x81, 0xf8, 0xe0, 0xf, 0xc0,
    0xfc, 0x70, 0x7, 0xff, 0x80, 0x7, 0xfc, 0x7f,
    0xc0, 0x3, 0xfe, 0x3f, 0xe0, 0x1, 0xff, 0x1c,
    0xf, 0xc0, 0xe0, 0x7e, 0x7, 0xe0, 0x70, 0x3f,
    0x3, 0xf0, 0x38, 0x1f, 0xfe, 0x7, 0xe0, 0xf,
    0xff, 0x3, 0xf0, 0x7, 0xff, 0x81, 0xf8, 0x3,
    0x80,

    /* U+986F "顯" */
    0x1f, 0xfe, 0x3f, 0xff, 0x8f, 0xff, 0x1f, 0xff,
    0xc7, 0xff, 0x8f, 0xff, 0xfc, 0x0, 0x38, 0x1c,
    0xe, 0x0, 0x1c, 0xe, 0x7, 0x0, 0xe, 0x7,
    0x3, 0xff, 0xff, 0x1f, 0xf1, 0xff, 0xff, 0x8f,
    0xf8, 0xff, 0xff, 0xc7, 0xfc, 0x70, 0x0, 0xfc,
    0x1, 0xf8, 0x0, 0x7e, 0x0, 0xfc, 0x0, 0x3f,
    0x0, 0x71, 0xff, 0xe3, 0xff, 0xf8, 0xff, 0xf1,
    0xff, 0xfc, 0x7f, 0xf8, 0xff, 0xfe, 0x38, 0x1c,
    0x70, 0x7, 0x1c, 0xe, 0x38, 0x3, 0x8e, 0x7,
    0x1c, 0x1, 0xf8, 0x1c, 0xf, 0xff, 0xfc, 0xe,
    0x7, 0xff, 0xfe, 0x7, 0x3, 0xff, 0xf8, 0xe0,
    0x71, 0xc0, 0x1c, 0x70, 0x38, 0xe0, 0xe, 0x38,
    0x1c, 0x70, 0x7, 0xfc, 0x7e, 0x7, 0xfc, 0x7e,
    0x3f, 0x3, 0xfe, 0x3f, 0x1f, 0x81, 0xff, 0x0,
    0x0, 0x0, 0xe0, 0x70, 0x0, 0x0, 0x70, 0x38,
    0x0, 0x0, 0x38, 0x1f, 0x8e, 0x38, 0xe0, 0xf,
    0xc7, 0x1c, 0x70, 0x7, 0xe3, 0x8e, 0x38, 0x3,
    0x80,

    /* U+9918 "餘" */
    0x3, 0xf0, 0x7, 0xe0, 0x1, 0xf8, 0x3, 0xf0,
    0x0, 0xfc, 0x1, 0xf8, 0x3, 0x81, 0xc7, 0x3,
    0x81, 0xc0, 0xe3, 0x81, 0xc0, 0xe0, 0x71, 0xc0,
    0xe3, 0x8f, 0xc7, 0x0, 0xf, 0xc7, 0xe3, 0x80,
    0x7, 0xe3, 0xf1, 0xc0, 0x3, 0x8e, 0x7, 0x1f,
    0xfe, 0x7, 0x3, 0x8f, 0xff, 0x3, 0x81, 0xc7,
    0xff, 0x81, 0xff, 0xe0, 0x70, 0x0, 0xff, 0xf0,
    0x38, 0x0, 0x7f, 0xf8, 0x1c, 0x0, 0x38, 0x1f,
    0xff, 0xff, 0x1c, 0xf, 0xff, 0xff, 0x8e, 0x7,
    0xff, 0xff, 0xc7, 0xfc, 0x1, 0xc0, 0x3, 0xfe,
    0x0, 0xe0, 0x1, 0xff, 0x0, 0x70, 0x0, 0xe0,
    0xe, 0x38, 0xe0, 0x70, 0x7, 0x1c, 0x70, 0x38,
    0x3, 0x8e, 0x38, 0x1f, 0xf1, 0xc7, 0x3, 0x8f,
    0xf8, 0xe3, 0x81, 0xc7, 0xfc, 0x71, 0xc0, 0xe3,
    0x81, 0xc0, 0xe0, 0x71, 0xc0, 0xe0, 0x70, 0x38,
    0xe0, 0x70, 0x38, 0x1c, 0x7f, 0xc7, 0xe0, 0x0,
    0x3f, 0xe3, 0xf0, 0x0, 0x1f, 0xf1, 0xf8, 0x0,
    0x0,

    /* U+99C6 "駆" */
    0x1f, 0xfe, 0x7, 0xff, 0x8f, 0xff, 0x3, 0xff,
    0xc7, 0xff, 0x81, 0xff, 0xfc, 0x70, 0x7, 0x0,
    0xe, 0x38, 0x3, 0x80, 0x7, 0x1c, 0x1, 0xc0,
    0x3, 0xff, 0xf8, 0xfc, 0xf, 0xff, 0xfc, 0x7e,
    0x7, 0xff, 0xfe, 0x3f, 0x3, 0xf1, 0xc0, 0x1c,
    0x71, 0xf8, 0xe0, 0xe, 0x38, 0xfc, 0x70, 0x7,
    0x1c, 0x7f, 0xff, 0xe3, 0x81, 0xc7, 0xff, 0xf1,
    0xc0, 0xe3, 0xff, 0xf8, 0xe0, 0x71, 0xc7, 0x0,
    0x70, 0x38, 0xe3, 0x80, 0x38, 0x1c, 0x71, 0xc0,
    0x1c, 0xe, 0x7, 0xfc, 0xe, 0x38, 0xe3, 0xfe,
    0x7, 0x1c, 0x71, 0xff, 0x3, 0x8e, 0x38, 0x0,
    0x71, 0xc7, 0x1c, 0x0, 0x38, 0xe3, 0x8e, 0x0,
    0x1c, 0x71, 0xc7, 0xe3, 0x8e, 0x3f, 0x3, 0xf1,
    0xc7, 0x1f, 0x81, 0xf8, 0xe3, 0x8f, 0xc0, 0xfc,
    0x1, 0xc7, 0x0, 0xe, 0x0, 0xe3, 0x80, 0x7,
    0x0, 0x71, 0xc0, 0x0, 0xf, 0xc0, 0x1f, 0xfe,
    0x7, 0xe0, 0xf, 0xff, 0x3, 0xf0, 0x7, 0xff,
    0x80,

    /* U+9A13 "験" */
    0x1f, 0xfe, 0x3f, 0xe0, 0xf, 0xff, 0x1f, 0xf0,
    0x7, 0xff, 0x8f, 0xf8, 0x1c, 0x70, 0x38, 0x3,
    0x8e, 0x38, 0x1c, 0x1, 0xc7, 0x1c, 0xe, 0x0,
    0xe3, 0xff, 0xf8, 0xff, 0x8f, 0xff, 0xfc, 0x7f,
    0xc7, 0xff, 0xfe, 0x3f, 0xe3, 0xf1, 0xc0, 0x3,
    0x80, 0x38, 0xe0, 0x1, 0xc0, 0x1c, 0x70, 0x0,
    0xe0, 0xf, 0xff, 0x1f, 0xff, 0xc7, 0xff, 0x8f,
    0xff, 0xe3, 0xff, 0xc7, 0xff, 0xf1, 0xc7, 0x1c,
    0xe, 0x7, 0xe3, 0x8e, 0x7, 0x3, 0xf1, 0xc7,
    0x3, 0x81, 0xc7, 0xff, 0x81, 0xc0, 0xe3, 0xff,
    0xc0, 0xe0, 0x71, 0xff, 0xe0, 0x70, 0x38, 0x0,
    0x7f, 0xff, 0xe0, 0x0, 0x3f, 0xff, 0xf0, 0x0,
    0x1f, 0xff, 0xf8, 0xe3, 0x8e, 0x7, 0x0, 0x71,
    0xc7, 0x3, 0x80, 0x38, 0xe3, 0x81, 0xc0, 0x1c,
    0x1, 0xc7, 0x1c, 0xe, 0x0, 0xe3, 0x8e, 0x7,
    0x0, 0x71, 0xc7, 0x0, 0xf, 0xc7, 0x0, 0x7e,
    0x7, 0xe3, 0x80, 0x3f, 0x3, 0xf1, 0xc0, 0x1f,
    0x80,

    /* U+9A57 "驗" */
    0x1f, 0xfe, 0x3f, 0xe0, 0xf, 0xff, 0x1f, 0xf0,
    0x7, 0xff, 0x8f, 0xf8, 0x1c, 0x70, 0x38, 0x3,
    0x8e, 0x38, 0x1c, 0x1, 0xc7, 0x1c, 0xe, 0x0,
    0xe3, 0xff, 0xf8, 0xff, 0x8f, 0xff, 0xfc, 0x7f,
    0xc7, 0xff, 0xfe, 0x3f, 0xe3, 0xf1, 0xc0, 0x0,
    0x0, 0x38, 0xe0, 0x0, 0x0, 0x1c, 0x70, 0x0,
    0x0, 0xf, 0xff, 0x1f, 0x8f, 0xc7, 0xff, 0x8f,
    0xc7, 0xe3, 0xff, 0xc7, 0xe3, 0xf1, 0xc7, 0x1c,
    0xe, 0x7, 0xe3, 0x8e, 0x7, 0x3, 0xf1, 0xc7,
    0x3, 0x81, 0xc7, 0xff, 0x81, 0xc0, 0xe3, 0xff,
    0xc0, 0xe0, 0x71, 0xff, 0xe0, 0x70, 0x38, 0x0,
    0x7f, 0xc7, 0xe0, 0x0, 0x3f, 0xe3, 0xf0, 0x0,
    0x1f, 0xf1, 0xf8, 0xe3, 0x8f, 0xc0, 0x1c, 0x71,
    0xc7, 0xe0, 0xe, 0x38, 0xe3, 0xf0, 0x7, 0x1c,
    0x1, 0xc7, 0x1c, 0x7e, 0x0, 0xe3, 0x8e, 0x3f,
    0x0, 0x71, 0xc7, 0x1c, 0xf, 0xc0, 0x1c, 0xe,
    0x7, 0xe0, 0xe, 0x7, 0x3, 0xf0, 0x7, 0x3,
    0x80,

    /* U+9AD4 "體" */
    0x1f, 0xf0, 0x38, 0xe0, 0xf, 0xf8, 0x1c, 0x70,
    0x7, 0xfc, 0xe, 0x38, 0x1c, 0x1, 0xff, 0xff,
    0x8e, 0x0, 0xff, 0xff, 0xc7, 0x0, 0x7f, 0xff,
    0xe3, 0x8f, 0xf8, 0xe3, 0x8f, 0xc7, 0xfc, 0x71,
    0xc7, 0xe3, 0xfe, 0x38, 0xe3, 0xfe, 0x7, 0xff,
    0xff, 0xff, 0x3, 0xff, 0xff, 0xff, 0x81, 0xff,
    0xff, 0xff, 0xff, 0xe3, 0x8e, 0x3f, 0xff, 0xf1,
    0xc7, 0x1f, 0xff, 0xf8, 0xe3, 0x8f, 0xc0, 0x3,
    0xff, 0xf8, 0xe0, 0x1, 0xff, 0xfc, 0x70, 0x0,
    0xff, 0xfe, 0x7, 0xfc, 0x7e, 0x7, 0x3, 0xfe,
    0x3f, 0x3, 0x81, 0xff, 0x1f, 0x81, 0xc7, 0x0,
    0x71, 0xc0, 0xe3, 0x80, 0x38, 0xe0, 0x71, 0xc0,
    0x1c, 0x70, 0x38, 0xff, 0xff, 0xc7, 0xe3, 0xff,
    0xff, 0xe3, 0xf1, 0xff, 0xff, 0xf1, 0xf8, 0xfc,
    0x1, 0xc7, 0x3, 0x8e, 0x0, 0xe3, 0x81, 0xc7,
    0x0, 0x71, 0xc0, 0xe3, 0x8f, 0xc7, 0xff, 0xff,
    0xc7, 0xe3, 0xff, 0xff, 0xe3, 0xf1, 0xff, 0xff,
    0x80,

    /* U+9AD8 "高" */
    0x0, 0x1, 0xc0, 0x0, 0x0, 0x0, 0xe0, 0x0,
    0x0, 0x0, 0x70, 0x0, 0x1f, 0xff, 0xff, 0xff,
    0xff, 0xff, 0xff, 0xff, 0xff, 0xff, 0xff, 0xff,
    0xfc, 0xe, 0x0, 0x3, 0x80, 0x7, 0x0, 0x1,
    0xc0, 0x3, 0x80, 0x0, 0xe0, 0x1, 0xc0, 0x0,
    0x70, 0x0, 0xe0, 0x0, 0x38, 0x0, 0x70, 0x0,
    0x1c, 0x0, 0x7, 0xff, 0xf0, 0x0, 0x3, 0xff,
    0xf8, 0x0, 0x1, 0xff, 0xfc, 0x0, 0x0, 0x0,
    0x0, 0x0, 0x0, 0x0, 0x0, 0x0, 0x0, 0x0,
    0x0, 0x0, 0x7, 0xff, 0xff, 0xff, 0x3, 0xff,
    0xff, 0xff, 0x81, 0xff, 0xff, 0xff, 0xc7, 0x1c,
    0x0, 0x7, 0x1f, 0x8e, 0x0, 0x3, 0x8f, 0xc7,
    0x0, 0x1, 0xc7, 0xe3, 0x80, 0x0, 0xe3, 0xf1,
    0xc0, 0x0, 0x71, 0xf8, 0xe0, 0x0, 0x38, 0xfc,
    0xf, 0xff, 0xe0, 0x7e, 0x7, 0xff, 0xf0, 0x3f,
    0x3, 0xff, 0xf8, 0x1f, 0x80, 0x0, 0x3, 0xf1,
    0xc0, 0x0, 0x1, 0xf8, 0xe0, 0x0, 0x0, 0xfc,
    0x0,

    /* U+9B06 "鬆" */
    0x1f, 0xfe, 0x0, 0x1f, 0x8f, 0xff, 0x0, 0xf,
    0xc7, 0xff, 0x80, 0x7, 0xfc, 0x0, 0x7, 0xfc,
    0xe, 0x0, 0x3, 0xfe, 0x7, 0x0, 0x1, 0xff,
    0x3, 0xff, 0xf8, 0x0, 0x7f, 0xff, 0xfc, 0x0,
    0x3f, 0xff, 0xfe, 0x0, 0x1f, 0xf0, 0x0, 0x1f,
    0xf0, 0x38, 0x0, 0xf, 0xf8, 0x1c, 0x0, 0x7,
    0xfc, 0xf, 0xff, 0xe0, 0x1, 0xff, 0xff, 0xf0,
    0x0, 0xff, 0xff, 0xf8, 0x0, 0x7e, 0x38, 0x1c,
    0x7f, 0xc0, 0x1c, 0xe, 0x3f, 0xe0, 0xe, 0x7,
    0x1f, 0xf0, 0x3f, 0xff, 0xf0, 0x7, 0x1f, 0xff,
    0xf8, 0x3, 0x8f, 0xff, 0xfc, 0x1, 0xc0, 0x1c,
    0x0, 0x38, 0x1c, 0xe, 0x0, 0x1c, 0xe, 0x7,
    0x0, 0xe, 0x7, 0x1f, 0xf0, 0x38, 0x0, 0xf,
    0xf8, 0x1c, 0x0, 0x7, 0xfc, 0xe, 0x0, 0x1c,
    0x71, 0xf8, 0x1f, 0x8e, 0x38, 0xfc, 0xf, 0xc7,
    0x1c, 0x7e, 0x7, 0xe0, 0xe, 0x7, 0xfc, 0xe,
    0x7, 0x3, 0xfe, 0x7, 0x3, 0x81, 0xff, 0x3,
    0x80,

    /* U+9EDE "點" */
    0x1f, 0xf0, 0x7, 0x0, 0xf, 0xf8, 0x3, 0x80,
    0x7, 0xfc, 0x1, 0xc0, 0x1c, 0x71, 0xc0, 0xff,
    0xfe, 0x38, 0xe0, 0x7f, 0xff, 0x1c, 0x70, 0x3f,
    0xff, 0xff, 0xf8, 0x1c, 0x1, 0xff, 0xfc, 0xe,
    0x0, 0xff, 0xfe, 0x7, 0x0, 0x71, 0xc7, 0x3,
    0x80, 0x38, 0xe3, 0x81, 0xc0, 0x1c, 0x71, 0xc0,
    0xe0, 0x1, 0xff, 0x3, 0xff, 0xc0, 0xff, 0x81,
    0xff, 0xe0, 0x7f, 0xc0, 0xff, 0xf0, 0x7, 0x3,
    0x80, 0x7, 0x3, 0x81, 0xc0, 0x3, 0x81, 0xc0,
    0xe0, 0x1, 0xff, 0xff, 0xf0, 0x0, 0xff, 0xff,
    0xf8, 0x0, 0x7f, 0xff, 0xfc, 0x0, 0x38, 0x1c,
    0xe, 0x0, 0x1c, 0xe, 0x7, 0x0, 0xe, 0x7,
    0x3, 0x80, 0x7, 0xff, 0xff, 0xc0, 0x3, 0xff,
    0xff, 0xe0, 0x1, 0xff, 0xff, 0xf0, 0x0, 0xe0,
    0x0, 0x38, 0x0, 0x70, 0x0, 0x1c, 0x0, 0x38,
    0x0, 0xe, 0x0, 0x1f, 0x8e, 0x38, 0xff, 0xf1,
    0xc7, 0x1c, 0x7f, 0xf8, 0xe3, 0x8e, 0x3f, 0xfc,
    0x0,

    /* U+FF01 "！" */
    0xff, 0xff, 0xff, 0xff, 0xff, 0xf8, 0x0, 0x1,
    0xff, 0xff, 0x80,

    /* U+FF08 "（" */
    0x0, 0x70, 0x7, 0x0, 0x70, 0x38, 0x3, 0x80,
    0x38, 0x1c, 0x1, 0xc0, 0x1c, 0x1, 0xc0, 0x1c,
    0x1, 0xc0, 0xe0, 0xe, 0x0, 0xe0, 0xe, 0x0,
    0xe0, 0xe, 0x0, 0xe0, 0xe, 0x0, 0xe0, 0x1,
    0xc0, 0x1c, 0x1, 0xc0, 0x1c, 0x1, 0xc0, 0x1c,
    0x0, 0x38, 0x3, 0x80, 0x38, 0x0, 0x70, 0x7,
    0x0, 0x70,

    /* U+FF09 "）" */
    0xe0, 0xe, 0x0, 0xe0, 0x1, 0xc0, 0x1c, 0x1,
    0xc0, 0x3, 0x80, 0x38, 0x3, 0x80, 0x38, 0x3,
    0x80, 0x38, 0x0, 0x70, 0x7, 0x0, 0x70, 0x7,
    0x0, 0x70, 0x7, 0x0, 0x70, 0x7, 0x0, 0x70,
    0x38, 0x3, 0x80, 0x38, 0x3, 0x80, 0x38, 0x3,
    0x81, 0xc0, 0x1c, 0x1, 0xc0, 0xe0, 0xe, 0x0,
    0xe0, 0x0,

    /* U+FF0C "，" */
    0xff, 0xff, 0xc7, 0x1c, 0x7e, 0x38, 0xe0,

    /* U+FF1A "：" */
    0xff, 0xff, 0xff, 0xff, 0xf0, 0x0, 0x0, 0x0,
    0x0, 0x0, 0x0, 0x3f, 0xff, 0xff, 0xff, 0xfc,

    /* U+FF1B "；" */
    0xff, 0xff, 0xff, 0xff, 0xf0, 0x0, 0x0, 0x0,
    0x0, 0x0, 0x0, 0x0, 0x0, 0xf, 0xff, 0xfc,
    0x71, 0xc7, 0xe3, 0x8e, 0x0,

    /* U+FF1F "？" */
    0xff, 0xff, 0xc7, 0xff, 0xfe, 0x3f, 0xff, 0xf0,
    0x0, 0x0, 0x70, 0x0, 0x3, 0x80, 0x0, 0x1c,
    0x0, 0x0, 0xe0, 0x0, 0x7, 0x0, 0x0, 0x38,
    0x0, 0x7e, 0x0, 0x3, 0xf0, 0x0, 0x1f, 0x80,
    0x7, 0x0, 0x0, 0x38, 0x0, 0x1, 0xc0, 0x0,
    0xe, 0x0, 0x0, 0x70, 0x0, 0x3, 0x80, 0x0,
    0x0, 0x0, 0x0, 0x0, 0x0, 0x0, 0x0, 0x0,
    0x38, 0x0, 0x1, 0xc0, 0x0, 0xe, 0x0, 0x0,
    0x70, 0x0, 0x3, 0x80, 0x0, 0x1c, 0x0
};


/*---------------------
 *  GLYPH DESCRIPTION
 *--------------------*/

static const lv_font_fmt_txt_glyph_dsc_t glyph_dsc[] = {
    {.bitmap_index = 0, .adv_w = 0, .box_w = 0, .box_h = 0, .ofs_x = 0, .ofs_y = 0} /* id = 0 reserved */,
    {.bitmap_index = 0, .adv_w = 288, .box_w = 1, .box_h = 1, .ofs_x = 0, .ofs_y = 0},
    {.bitmap_index = 1, .adv_w = 288, .box_w = 3, .box_h = 27, .ofs_x = 6, .ofs_y = 3},
    {.bitmap_index = 12, .adv_w = 288, .box_w = 9, .box_h = 9, .ofs_x = 3, .ofs_y = 21},
    {.bitmap_index = 23, .adv_w = 288, .box_w = 15, .box_h = 27, .ofs_x = 0, .ofs_y = 3},
    {.bitmap_index = 74, .adv_w = 288, .box_w = 15, .box_h = 27, .ofs_x = 0, .ofs_y = 3},
    {.bitmap_index = 125, .adv_w = 288, .box_w = 15, .box_h = 27, .ofs_x = 0, .ofs_y = 3},
    {.bitmap_index = 176, .adv_w = 288, .box_w = 15, .box_h = 27, .ofs_x = 0, .ofs_y = 3},
    {.bitmap_index = 227, .adv_w = 288, .box_w = 3, .box_h = 9, .ofs_x = 6, .ofs_y = 21},
    {.bitmap_index = 231, .adv_w = 288, .box_w = 9, .box_h = 33, .ofs_x = 3, .ofs_y = 0},
    {.bitmap_index = 269, .adv_w = 288, .box_w = 9, .box_h = 33, .ofs_x = 3, .ofs_y = 0},
    {.bitmap_index = 307, .adv_w = 288, .box_w = 15, .box_h = 15, .ofs_x = 0, .ofs_y = 15},
    {.bitmap_index = 336, .adv_w = 288, .box_w = 15, .box_h = 15, .ofs_x = 0, .ofs_y = 9},
    {.bitmap_index = 365, .adv_w = 288, .box_w = 6, .box_h = 6, .ofs_x = 3, .ofs_y = 0},
    {.bitmap_index = 370, .adv_w = 288, .box_w = 15, .box_h = 3, .ofs_x = 0, .ofs_y = 15},
    {.bitmap_index = 376, .adv_w = 288, .box_w = 3, .box_h = 3, .ofs_x = 6, .ofs_y = 3},
    {.bitmap_index = 378, .adv_w = 288, .box_w = 15, .box_h = 30, .ofs_x = 0, .ofs_y = 0},
    {.bitmap_index = 435, .adv_w = 288, .box_w = 15, .box_h = 27, .ofs_x = 0, .ofs_y = 3},
    {.bitmap_index = 486, .adv_w = 288, .box_w = 9, .box_h = 27, .ofs_x = 0, .ofs_y = 3},
    {.bitmap_index = 517, .adv_w = 288, .box_w = 15, .box_h = 27, .ofs_x = 0, .ofs_y = 3},
    {.bitmap_index = 568, .adv_w = 288, .box_w = 15, .box_h = 27, .ofs_x = 0, .ofs_y = 3},
    {.bitmap_index = 619, .adv_w = 288, .box_w = 15, .box_h = 27, .ofs_x = 0, .ofs_y = 3},
    {.bitmap_index = 670, .adv_w = 288, .box_w = 15, .box_h = 27, .ofs_x = 0, .ofs_y = 3},
    {.bitmap_index = 721, .adv_w = 288, .box_w = 15, .box_h = 27, .ofs_x = 0, .ofs_y = 3},
    {.bitmap_index = 772, .adv_w = 288, .box_w = 15, .box_h = 27, .ofs_x = 0, .ofs_y = 3},
    {.bitmap_index = 823, .adv_w = 288, .box_w = 15, .box_h = 27, .ofs_x = 0, .ofs_y = 3},
    {.bitmap_index = 874, .adv_w = 288, .box_w = 15, .box_h = 27, .ofs_x = 0, .ofs_y = 3},
    {.bitmap_index = 925, .adv_w = 288, .box_w = 3, .box_h = 21, .ofs_x = 6, .ofs_y = 3},
    {.bitmap_index = 933, .adv_w = 288, .box_w = 6, .box_h = 24, .ofs_x = 3, .ofs_y = 0},
    {.bitmap_index = 951, .adv_w = 288, .box_w = 12, .box_h = 24, .ofs_x = 3, .ofs_y = 3},
    {.bitmap_index = 987, .adv_w = 288, .box_w = 15, .box_h = 12, .ofs_x = 0, .ofs_y = 9},
    {.bitmap_index = 1010, .adv_w = 288, .box_w = 12, .box_h = 24, .ofs_x = 0, .ofs_y = 3},
    {.bitmap_index = 1046, .adv_w = 288, .box_w = 15, .box_h = 27, .ofs_x = 0, .ofs_y = 3},
    {.bitmap_index = 1097, .adv_w = 288, .box_w = 15, .box_h = 24, .ofs_x = 0, .ofs_y = 3},
    {.bitmap_index = 1142, .adv_w = 288, .box_w = 15, .box_h = 27, .ofs_x = 0, .ofs_y = 3},
    {.bitmap_index = 1193, .adv_w = 288, .box_w = 15, .box_h = 27, .ofs_x = 0, .ofs_y = 3},
    {.bitmap_index = 1244, .adv_w = 288, .box_w = 15, .box_h = 27, .ofs_x = 0, .ofs_y = 3},
    {.bitmap_index = 1295, .adv_w = 288, .box_w = 15, .box_h = 27, .ofs_x = 0, .ofs_y = 3},
    {.bitmap_index = 1346, .adv_w = 288, .box_w = 15, .box_h = 27, .ofs_x = 0, .ofs_y = 3},
    {.bitmap_index = 1397, .adv_w = 288, .box_w = 15, .box_h = 27, .ofs_x = 0, .ofs_y = 3},
    {.bitmap_index = 1448, .adv_w = 288, .box_w = 15, .box_h = 27, .ofs_x = 0, .ofs_y = 3},
    {.bitmap_index = 1499, .adv_w = 288, .box_w = 15, .box_h = 27, .ofs_x = 0, .ofs_y = 3},
    {.bitmap_index = 1550, .adv_w = 288, .box_w = 15, .box_h = 27, .ofs_x = 0, .ofs_y = 3},
    {.bitmap_index = 1601, .adv_w = 288, .box_w = 15, .box_h = 27, .ofs_x = 0, .ofs_y = 3},
    {.bitmap_index = 1652, .adv_w = 288, .box_w = 15, .box_h = 27, .ofs_x = 0, .ofs_y = 3},
    {.bitmap_index = 1703, .adv_w = 288, .box_w = 15, .box_h = 27, .ofs_x = 0, .ofs_y = 3},
    {.bitmap_index = 1754, .adv_w = 288, .box_w = 15, .box_h = 27, .ofs_x = 0, .ofs_y = 3},
    {.bitmap_index = 1805, .adv_w = 288, .box_w = 15, .box_h = 27, .ofs_x = 0, .ofs_y = 3},
    {.bitmap_index = 1856, .adv_w = 288, .box_w = 15, .box_h = 27, .ofs_x = 0, .ofs_y = 3},
    {.bitmap_index = 1907, .adv_w = 288, .box_w = 15, .box_h = 27, .ofs_x = 0, .ofs_y = 3},
    {.bitmap_index = 1958, .adv_w = 288, .box_w = 15, .box_h = 27, .ofs_x = 0, .ofs_y = 3},
    {.bitmap_index = 2009, .adv_w = 288, .box_w = 15, .box_h = 27, .ofs_x = 0, .ofs_y = 3},
    {.bitmap_index = 2060, .adv_w = 288, .box_w = 15, .box_h = 27, .ofs_x = 0, .ofs_y = 3},
    {.bitmap_index = 2111, .adv_w = 288, .box_w = 15, .box_h = 27, .ofs_x = 0, .ofs_y = 3},
    {.bitmap_index = 2162, .adv_w = 288, .box_w = 15, .box_h = 27, .ofs_x = 0, .ofs_y = 3},
    {.bitmap_index = 2213, .adv_w = 288, .box_w = 15, .box_h = 27, .ofs_x = 0, .ofs_y = 3},
    {.bitmap_index = 2264, .adv_w = 288, .box_w = 15, .box_h = 27, .ofs_x = 0, .ofs_y = 3},
    {.bitmap_index = 2315, .adv_w = 288, .box_w = 15, .box_h = 27, .ofs_x = 0, .ofs_y = 3},
    {.bitmap_index = 2366, .adv_w = 288, .box_w = 15, .box_h = 27, .ofs_x = 0, .ofs_y = 3},
    {.bitmap_index = 2417, .adv_w = 288, .box_w = 15, .box_h = 27, .ofs_x = 0, .ofs_y = 3},
    {.bitmap_index = 2468, .adv_w = 288, .box_w = 9, .box_h = 33, .ofs_x = 3, .ofs_y = 0},
    {.bitmap_index = 2506, .adv_w = 288, .box_w = 15, .box_h = 30, .ofs_x = 0, .ofs_y = 0},
    {.bitmap_index = 2563, .adv_w = 288, .box_w = 9, .box_h = 33, .ofs_x = 3, .ofs_y = 0},
    {.bitmap_index = 2601, .adv_w = 288, .box_w = 15, .box_h = 9, .ofs_x = 0, .ofs_y = 24},
    {.bitmap_index = 2618, .adv_w = 288, .box_w = 15, .box_h = 3, .ofs_x = 0, .ofs_y = 0},
    {.bitmap_index = 2624, .adv_w = 288, .box_w = 6, .box_h = 6, .ofs_x = 3, .ofs_y = 30},
    {.bitmap_index = 2629, .adv_w = 288, .box_w = 15, .box_h = 21, .ofs_x = 0, .ofs_y = 3},
    {.bitmap_index = 2669, .adv_w = 288, .box_w = 15, .box_h = 27, .ofs_x = 0, .ofs_y = 3},
    {.bitmap_index = 2720, .adv_w = 288, .box_w = 15, .box_h = 21, .ofs_x = 0, .ofs_y = 3},
    {.bitmap_index = 2760, .adv_w = 288, .box_w = 15, .box_h = 27, .ofs_x = 0, .ofs_y = 3},
    {.bitmap_index = 2811, .adv_w = 288, .box_w = 15, .box_h = 21, .ofs_x = 0, .ofs_y = 3},
    {.bitmap_index = 2851, .adv_w = 288, .box_w = 15, .box_h = 27, .ofs_x = 0, .ofs_y = 3},
    {.bitmap_index = 2902, .adv_w = 288, .box_w = 15, .box_h = 24, .ofs_x = 0, .ofs_y = 0},
    {.bitmap_index = 2947, .adv_w = 288, .box_w = 15, .box_h = 27, .ofs_x = 0, .ofs_y = 3},
    {.bitmap_index = 2998, .adv_w = 288, .box_w = 15, .box_h = 27, .ofs_x = 0, .ofs_y = 3},
    {.bitmap_index = 3049, .adv_w = 288, .box_w = 15, .box_h = 30, .ofs_x = 0, .ofs_y = 0},
    {.bitmap_index = 3106, .adv_w = 288, .box_w = 15, .box_h = 27, .ofs_x = 0, .ofs_y = 3},
    {.bitmap_index = 3157, .adv_w = 288, .box_w = 15, .box_h = 27, .ofs_x = 0, .ofs_y = 3},
    {.bitmap_index = 3208, .adv_w = 288, .box_w = 15, .box_h = 21, .ofs_x = 0, .ofs_y = 3},
    {.bitmap_index = 3248, .adv_w = 288, .box_w = 15, .box_h = 21, .ofs_x = 0, .ofs_y = 3},
    {.bitmap_index = 3288, .adv_w = 288, .box_w = 15, .box_h = 21, .ofs_x = 0, .ofs_y = 3},
    {.bitmap_index = 3328, .adv_w = 288, .box_w = 15, .box_h = 24, .ofs_x = 0, .ofs_y = 0},
    {.bitmap_index = 3373, .adv_w = 288, .box_w = 15, .box_h = 24, .ofs_x = 0, .ofs_y = 0},
    {.bitmap_index = 3418, .adv_w = 288, .box_w = 15, .box_h = 21, .ofs_x = 0, .ofs_y = 3},
    {.bitmap_index = 3458, .adv_w = 288, .box_w = 15, .box_h = 21, .ofs_x = 0, .ofs_y = 3},
    {.bitmap_index = 3498, .adv_w = 288, .box_w = 15, .box_h = 27, .ofs_x = 0, .ofs_y = 3},
    {.bitmap_index = 3549, .adv_w = 288, .box_w = 15, .box_h = 21, .ofs_x = 0, .ofs_y = 3},
    {.bitmap_index = 3589, .adv_w = 288, .box_w = 15, .box_h = 21, .ofs_x = 0, .ofs_y = 3},
    {.bitmap_index = 3629, .adv_w = 288, .box_w = 15, .box_h = 21, .ofs_x = 0, .ofs_y = 3},
    {.bitmap_index = 3669, .adv_w = 288, .box_w = 15, .box_h = 21, .ofs_x = 0, .ofs_y = 3},
    {.bitmap_index = 3709, .adv_w = 288, .box_w = 15, .box_h = 24, .ofs_x = 0, .ofs_y = 0},
    {.bitmap_index = 3754, .adv_w = 288, .box_w = 15, .box_h = 21, .ofs_x = 0, .ofs_y = 3},
    {.bitmap_index = 3794, .adv_w = 288, .box_w = 12, .box_h = 33, .ofs_x = 0, .ofs_y = 0},
    {.bitmap_index = 3844, .adv_w = 288, .box_w = 3, .box_h = 36, .ofs_x = 6, .ofs_y = 0},
    {.bitmap_index = 3858, .adv_w = 288, .box_w = 12, .box_h = 33, .ofs_x = 3, .ofs_y = 0},
    {.bitmap_index = 3908, .adv_w = 288, .box_w = 15, .box_h = 6, .ofs_x = 0, .ofs_y = 15},
    {.bitmap_index = 3920, .adv_w = 288, .box_w = 15, .box_h = 27, .ofs_x = 0, .ofs_y = 3},
    {.bitmap_index = 3971, .adv_w = 288, .box_w = 15, .box_h = 27, .ofs_x = 0, .ofs_y = 3},
    {.bitmap_index = 4022, .adv_w = 288, .box_w = 12, .box_h = 12, .ofs_x = 3, .ofs_y = 18},
    {.bitmap_index = 4040, .adv_w = 576, .box_w = 12, .box_h = 12, .ofs_x = 12, .ofs_y = 12},
    {.bitmap_index = 4058, .adv_w = 576, .box_w = 6, .box_h = 9, .ofs_x = 3, .ofs_y = 0},
    {.bitmap_index = 4065, .adv_w = 576, .box_w = 12, .box_h = 12, .ofs_x = 3, .ofs_y = 0},
    {.bitmap_index = 4083, .adv_w = 576, .box_w = 12, .box_h = 30, .ofs_x = 18, .ofs_y = 3},
    {.bitmap_index = 4128, .adv_w = 576, .box_w = 12, .box_h = 30, .ofs_x = 3, .ofs_y = 0},
    {.bitmap_index = 4173, .adv_w = 576, .box_w = 27, .box_h = 9, .ofs_x = 3, .ofs_y = 12},
    {.bitmap_index = 4204, .adv_w = 576, .box_w = 30, .box_h = 27, .ofs_x = 3, .ofs_y = 0},
    {.bitmap_index = 4306, .adv_w = 576, .box_w = 33, .box_h = 33, .ofs_x = 0, .ofs_y = 0},
    {.bitmap_index = 4443, .adv_w = 576, .box_w = 30, .box_h = 27, .ofs_x = 3, .ofs_y = 0},
    {.bitmap_index = 4545, .adv_w = 576, .box_w = 33, .box_h = 30, .ofs_x = 0, .ofs_y = 0},
    {.bitmap_index = 4669, .adv_w = 576, .box_w = 30, .box_h = 30, .ofs_x = 3, .ofs_y = 0},
    {.bitmap_index = 4782, .adv_w = 576, .box_w = 33, .box_h = 33, .ofs_x = 0, .ofs_y = 0},
    {.bitmap_index = 4919, .adv_w = 576, .box_w = 30, .box_h = 30, .ofs_x = 3, .ofs_y = 0},
    {.bitmap_index = 5032, .adv_w = 576, .box_w = 33, .box_h = 33, .ofs_x = 0, .ofs_y = 0},
    {.bitmap_index = 5169, .adv_w = 576, .box_w = 27, .box_h = 27, .ofs_x = 3, .ofs_y = 0},
    {.bitmap_index = 5261, .adv_w = 576, .box_w = 33, .box_h = 33, .ofs_x = 0, .ofs_y = 0},
    {.bitmap_index = 5398, .adv_w = 576, .box_w = 33, .box_h = 33, .ofs_x = 0, .ofs_y = 0},
    {.bitmap_index = 5535, .adv_w = 576, .box_w = 36, .box_h = 36, .ofs_x = 0, .ofs_y = 0},
    {.bitmap_index = 5697, .adv_w = 576, .box_w = 33, .box_h = 33, .ofs_x = 0, .ofs_y = 0},
    {.bitmap_index = 5834, .adv_w = 576, .box_w = 36, .box_h = 36, .ofs_x = 0, .ofs_y = 0},
    {.bitmap_index = 5996, .adv_w = 576, .box_w = 33, .box_h = 33, .ofs_x = 0, .ofs_y = 0},
    {.bitmap_index = 6133, .adv_w = 576, .box_w = 33, .box_h = 33, .ofs_x = 0, .ofs_y = 0},
    {.bitmap_index = 6270, .adv_w = 576, .box_w = 33, .box_h = 33, .ofs_x = 0, .ofs_y = 0},
    {.bitmap_index = 6407, .adv_w = 576, .box_w = 33, .box_h = 36, .ofs_x = 3, .ofs_y = 0},
    {.bitmap_index = 6556, .adv_w = 576, .box_w = 33, .box_h = 30, .ofs_x = 0, .ofs_y = 0},
    {.bitmap_index = 6680, .adv_w = 576, .box_w = 36, .box_h = 36, .ofs_x = 0, .ofs_y = 0},
    {.bitmap_index = 6842, .adv_w = 576, .box_w = 33, .box_h = 33, .ofs_x = 0, .ofs_y = 0},
    {.bitmap_index = 6979, .adv_w = 576, .box_w = 33, .box_h = 36, .ofs_x = 0, .ofs_y = 0},
    {.bitmap_index = 7128, .adv_w = 576, .box_w = 30, .box_h = 33, .ofs_x = 3, .ofs_y = 0},
    {.bitmap_index = 7252, .adv_w = 576, .box_w = 30, .box_h = 33, .ofs_x = 3, .ofs_y = 0},
    {.bitmap_index = 7376, .adv_w = 576, .box_w = 33, .box_h = 33, .ofs_x = 0, .ofs_y = 0},
    {.bitmap_index = 7513, .adv_w = 576, .box_w = 36, .box_h = 36, .ofs_x = 0, .ofs_y = 0},
    {.bitmap_index = 7675, .adv_w = 576, .box_w = 33, .box_h = 33, .ofs_x = 0, .ofs_y = 0},
    {.bitmap_index = 7812, .adv_w = 576, .box_w = 36, .box_h = 36, .ofs_x = 0, .ofs_y = 0},
    {.bitmap_index = 7974, .adv_w = 576, .box_w = 33, .box_h = 33, .ofs_x = 0, .ofs_y = 0},
    {.bitmap_index = 8111, .adv_w = 576, .box_w = 33, .box_h = 33, .ofs_x = 0, .ofs_y = 0},
    {.bitmap_index = 8248, .adv_w = 576, .box_w = 33, .box_h = 33, .ofs_x = 0, .ofs_y = 0},
    {.bitmap_index = 8385, .adv_w = 576, .box_w = 33, .box_h = 36, .ofs_x = 0, .ofs_y = 0},
    {.bitmap_index = 8534, .adv_w = 576, .box_w = 33, .box_h = 33, .ofs_x = 0, .ofs_y = 0},
    {.bitmap_index = 8671, .adv_w = 576, .box_w = 33, .box_h = 36, .ofs_x = 0, .ofs_y = 0},
    {.bitmap_index = 8820, .adv_w = 576, .box_w = 27, .box_h = 24, .ofs_x = 3, .ofs_y = 0},
    {.bitmap_index = 8901, .adv_w = 576, .box_w = 33, .box_h = 30, .ofs_x = 0, .ofs_y = 0},
    {.bitmap_index = 9025, .adv_w = 576, .box_w = 36, .box_h = 36, .ofs_x = 0, .ofs_y = 0},
    {.bitmap_index = 9187, .adv_w = 576, .box_w = 33, .box_h = 30, .ofs_x = 0, .ofs_y = 0},
    {.bitmap_index = 9311, .adv_w = 576, .box_w = 33, .box_h = 30, .ofs_x = 0, .ofs_y = 0},
    {.bitmap_index = 9435, .adv_w = 576, .box_w = 33, .box_h = 33, .ofs_x = 0, .ofs_y = 0},
    {.bitmap_index = 9572, .adv_w = 576, .box_w = 33, .box_h = 33, .ofs_x = 0, .ofs_y = 0},
    {.bitmap_index = 9709, .adv_w = 576, .box_w = 33, .box_h = 33, .ofs_x = 0, .ofs_y = 0},
    {.bitmap_index = 9846, .adv_w = 576, .box_w = 33, .box_h = 33, .ofs_x = 0, .ofs_y = 0},
    {.bitmap_index = 9983, .adv_w = 576, .box_w = 33, .box_h = 33, .ofs_x = 0, .ofs_y = 0},
    {.bitmap_index = 10120, .adv_w = 576, .box_w = 33, .box_h = 33, .ofs_x = 0, .ofs_y = 0},
    {.bitmap_index = 10257, .adv_w = 576, .box_w = 33, .box_h = 30, .ofs_x = 0, .ofs_y = 0},
    {.bitmap_index = 10381, .adv_w = 576, .box_w = 33, .box_h = 33, .ofs_x = 0, .ofs_y = 0},
    {.bitmap_index = 10518, .adv_w = 576, .box_w = 36, .box_h = 36, .ofs_x = 0, .ofs_y = 0},
    {.bitmap_index = 10680, .adv_w = 576, .box_w = 36, .box_h = 36, .ofs_x = 0, .ofs_y = 0},
    {.bitmap_index = 10842, .adv_w = 576, .box_w = 33, .box_h = 33, .ofs_x = 0, .ofs_y = 0},
    {.bitmap_index = 10979, .adv_w = 576, .box_w = 36, .box_h = 33, .ofs_x = 0, .ofs_y = 0},
    {.bitmap_index = 11128, .adv_w = 576, .box_w = 36, .box_h = 36, .ofs_x = 0, .ofs_y = 0},
    {.bitmap_index = 11290, .adv_w = 576, .box_w = 33, .box_h = 33, .ofs_x = 0, .ofs_y = 0},
    {.bitmap_index = 11427, .adv_w = 576, .box_w = 36, .box_h = 33, .ofs_x = 0, .ofs_y = 0},
    {.bitmap_index = 11576, .adv_w = 576, .box_w = 36, .box_h = 36, .ofs_x = 0, .ofs_y = 0},
    {.bitmap_index = 11738, .adv_w = 576, .box_w = 33, .box_h = 30, .ofs_x = 0, .ofs_y = 0},
    {.bitmap_index = 11862, .adv_w = 576, .box_w = 33, .box_h = 33, .ofs_x = 0, .ofs_y = 0},
    {.bitmap_index = 11999, .adv_w = 576, .box_w = 36, .box_h = 33, .ofs_x = 0, .ofs_y = 0},
    {.bitmap_index = 12148, .adv_w = 576, .box_w = 33, .box_h = 33, .ofs_x = 0, .ofs_y = 0},
    {.bitmap_index = 12285, .adv_w = 576, .box_w = 36, .box_h = 36, .ofs_x = 0, .ofs_y = 0},
    {.bitmap_index = 12447, .adv_w = 576, .box_w = 36, .box_h = 36, .ofs_x = 0, .ofs_y = 0},
    {.bitmap_index = 12609, .adv_w = 576, .box_w = 33, .box_h = 33, .ofs_x = 0, .ofs_y = 0},
    {.bitmap_index = 12746, .adv_w = 576, .box_w = 33, .box_h = 33, .ofs_x = 0, .ofs_y = 0},
    {.bitmap_index = 12883, .adv_w = 576, .box_w = 33, .box_h = 33, .ofs_x = 0, .ofs_y = 0},
    {.bitmap_index = 13020, .adv_w = 576, .box_w = 33, .box_h = 33, .ofs_x = 0, .ofs_y = 0},
    {.bitmap_index = 13157, .adv_w = 576, .box_w = 33, .box_h = 33, .ofs_x = 0, .ofs_y = 0},
    {.bitmap_index = 13294, .adv_w = 576, .box_w = 30, .box_h = 27, .ofs_x = 3, .ofs_y = 0},
    {.bitmap_index = 13396, .adv_w = 576, .box_w = 33, .box_h = 33, .ofs_x = 0, .ofs_y = 0},
    {.bitmap_index = 13533, .adv_w = 576, .box_w = 30, .box_h = 27, .ofs_x = 3, .ofs_y = 0},
    {.bitmap_index = 13635, .adv_w = 576, .box_w = 33, .box_h = 33, .ofs_x = 0, .ofs_y = 0},
    {.bitmap_index = 13772, .adv_w = 576, .box_w = 30, .box_h = 27, .ofs_x = 3, .ofs_y = 0},
    {.bitmap_index = 13874, .adv_w = 576, .box_w = 33, .box_h = 33, .ofs_x = 0, .ofs_y = 0},
    {.bitmap_index = 14011, .adv_w = 576, .box_w = 33, .box_h = 33, .ofs_x = 0, .ofs_y = 0},
    {.bitmap_index = 14148, .adv_w = 576, .box_w = 30, .box_h = 33, .ofs_x = 3, .ofs_y = 0},
    {.bitmap_index = 14272, .adv_w = 576, .box_w = 33, .box_h = 33, .ofs_x = 0, .ofs_y = 0},
    {.bitmap_index = 14409, .adv_w = 576, .box_w = 33, .box_h = 33, .ofs_x = 0, .ofs_y = 0},
    {.bitmap_index = 14546, .adv_w = 576, .box_w = 33, .box_h = 33, .ofs_x = 0, .ofs_y = 0},
    {.bitmap_index = 14683, .adv_w = 576, .box_w = 27, .box_h = 27, .ofs_x = 3, .ofs_y = 0},
    {.bitmap_index = 14775, .adv_w = 576, .box_w = 33, .box_h = 33, .ofs_x = 0, .ofs_y = 0},
    {.bitmap_index = 14912, .adv_w = 576, .box_w = 33, .box_h = 33, .ofs_x = 0, .ofs_y = 0},
    {.bitmap_index = 15049, .adv_w = 576, .box_w = 33, .box_h = 33, .ofs_x = 0, .ofs_y = 0},
    {.bitmap_index = 15186, .adv_w = 576, .box_w = 36, .box_h = 36, .ofs_x = 0, .ofs_y = 0},
    {.bitmap_index = 15348, .adv_w = 576, .box_w = 30, .box_h = 27, .ofs_x = 3, .ofs_y = 0},
    {.bitmap_index = 15450, .adv_w = 576, .box_w = 30, .box_h = 27, .ofs_x = 3, .ofs_y = 0},
    {.bitmap_index = 15552, .adv_w = 576, .box_w = 12, .box_h = 6, .ofs_x = 0, .ofs_y = 27},
    {.bitmap_index = 15561, .adv_w = 576, .box_w = 12, .box_h = 12, .ofs_x = 0, .ofs_y = 21},
    {.bitmap_index = 15579, .adv_w = 576, .box_w = 30, .box_h = 24, .ofs_x = 3, .ofs_y = 0},
    {.bitmap_index = 15669, .adv_w = 576, .box_w = 33, .box_h = 30, .ofs_x = 0, .ofs_y = 0},
    {.bitmap_index = 15793, .adv_w = 576, .box_w = 30, .box_h = 27, .ofs_x = 3, .ofs_y = 0},
    {.bitmap_index = 15895, .adv_w = 576, .box_w = 33, .box_h = 33, .ofs_x = 0, .ofs_y = 0},
    {.bitmap_index = 16032, .adv_w = 576, .box_w = 33, .box_h = 33, .ofs_x = 0, .ofs_y = 0},
    {.bitmap_index = 16169, .adv_w = 576, .box_w = 33, .box_h = 24, .ofs_x = 0, .ofs_y = 0},
    {.bitmap_index = 16268, .adv_w = 576, .box_w = 33, .box_h = 30, .ofs_x = 0, .ofs_y = 0},
    {.bitmap_index = 16392, .adv_w = 576, .box_w = 30, .box_h = 27, .ofs_x = 3, .ofs_y = 0},
    {.bitmap_index = 16494, .adv_w = 576, .box_w = 33, .box_h = 33, .ofs_x = 0, .ofs_y = 0},
    {.bitmap_index = 16631, .adv_w = 576, .box_w = 30, .box_h = 33, .ofs_x = 0, .ofs_y = 0},
    {.bitmap_index = 16755, .adv_w = 576, .box_w = 33, .box_h = 33, .ofs_x = 0, .ofs_y = 0},
    {.bitmap_index = 16892, .adv_w = 576, .box_w = 33, .box_h = 30, .ofs_x = 0, .ofs_y = 0},
    {.bitmap_index = 17016, .adv_w = 576, .box_w = 36, .box_h = 36, .ofs_x = 0, .ofs_y = 0},
    {.bitmap_index = 17178, .adv_w = 576, .box_w = 33, .box_h = 33, .ofs_x = 0, .ofs_y = 0},
    {.bitmap_index = 17315, .adv_w = 576, .box_w = 33, .box_h = 30, .ofs_x = 0, .ofs_y = 0},
    {.bitmap_index = 17439, .adv_w = 576, .box_w = 33, .box_h = 33, .ofs_x = 0, .ofs_y = 0},
    {.bitmap_index = 17576, .adv_w = 576, .box_w = 36, .box_h = 36, .ofs_x = 0, .ofs_y = 0},
    {.bitmap_index = 17738, .adv_w = 576, .box_w = 33, .box_h = 30, .ofs_x = 0, .ofs_y = 0},
    {.bitmap_index = 17862, .adv_w = 576, .box_w = 36, .box_h = 33, .ofs_x = 0, .ofs_y = 0},
    {.bitmap_index = 18011, .adv_w = 576, .box_w = 33, .box_h = 30, .ofs_x = 0, .ofs_y = 0},
    {.bitmap_index = 18135, .adv_w = 576, .box_w = 36, .box_h = 36, .ofs_x = 0, .ofs_y = 0},
    {.bitmap_index = 18297, .adv_w = 576, .box_w = 33, .box_h = 33, .ofs_x = 0, .ofs_y = 0},
    {.bitmap_index = 18434, .adv_w = 576, .box_w = 33, .box_h = 30, .ofs_x = 0, .ofs_y = 0},
    {.bitmap_index = 18558, .adv_w = 576, .box_w = 33, .box_h = 30, .ofs_x = 0, .ofs_y = 0},
    {.bitmap_index = 18682, .adv_w = 576, .box_w = 36, .box_h = 36, .ofs_x = 0, .ofs_y = 0},
    {.bitmap_index = 18844, .adv_w = 576, .box_w = 33, .box_h = 33, .ofs_x = 0, .ofs_y = 0},
    {.bitmap_index = 18981, .adv_w = 576, .box_w = 27, .box_h = 27, .ofs_x = 3, .ofs_y = 0},
    {.bitmap_index = 19073, .adv_w = 576, .box_w = 33, .box_h = 30, .ofs_x = 0, .ofs_y = 0},
    {.bitmap_index = 19197, .adv_w = 576, .box_w = 33, .box_h = 30, .ofs_x = 0, .ofs_y = 0},
    {.bitmap_index = 19321, .adv_w = 576, .box_w = 33, .box_h = 36, .ofs_x = 0, .ofs_y = 0},
    {.bitmap_index = 19470, .adv_w = 576, .box_w = 30, .box_h = 33, .ofs_x = 3, .ofs_y = 0},
    {.bitmap_index = 19594, .adv_w = 576, .box_w = 30, .box_h = 33, .ofs_x = 3, .ofs_y = 0},
    {.bitmap_index = 19718, .adv_w = 576, .box_w = 33, .box_h = 33, .ofs_x = 0, .ofs_y = 0},
    {.bitmap_index = 19855, .adv_w = 576, .box_w = 33, .box_h = 33, .ofs_x = 0, .ofs_y = 0},
    {.bitmap_index = 19992, .adv_w = 576, .box_w = 33, .box_h = 33, .ofs_x = 0, .ofs_y = 0},
    {.bitmap_index = 20129, .adv_w = 576, .box_w = 36, .box_h = 33, .ofs_x = 0, .ofs_y = 0},
    {.bitmap_index = 20278, .adv_w = 576, .box_w = 33, .box_h = 33, .ofs_x = 0, .ofs_y = 0},
    {.bitmap_index = 20415, .adv_w = 576, .box_w = 30, .box_h = 36, .ofs_x = 3, .ofs_y = 0},
    {.bitmap_index = 20550, .adv_w = 576, .box_w = 33, .box_h = 36, .ofs_x = 3, .ofs_y = 0},
    {.bitmap_index = 20699, .adv_w = 576, .box_w = 33, .box_h = 30, .ofs_x = 0, .ofs_y = 0},
    {.bitmap_index = 20823, .adv_w = 576, .box_w = 36, .box_h = 36, .ofs_x = 0, .ofs_y = 0},
    {.bitmap_index = 20985, .adv_w = 576, .box_w = 36, .box_h = 36, .ofs_x = 0, .ofs_y = 0},
    {.bitmap_index = 21147, .adv_w = 576, .box_w = 33, .box_h = 33, .ofs_x = 0, .ofs_y = 0},
    {.bitmap_index = 21284, .adv_w = 576, .box_w = 33, .box_h = 36, .ofs_x = 0, .ofs_y = 0},
    {.bitmap_index = 21433, .adv_w = 576, .box_w = 36, .box_h = 36, .ofs_x = 0, .ofs_y = 0},
    {.bitmap_index = 21595, .adv_w = 576, .box_w = 33, .box_h = 30, .ofs_x = 0, .ofs_y = 0},
    {.bitmap_index = 21719, .adv_w = 576, .box_w = 33, .box_h = 30, .ofs_x = 0, .ofs_y = 0},
    {.bitmap_index = 21843, .adv_w = 576, .box_w = 33, .box_h = 33, .ofs_x = 0, .ofs_y = 0},
    {.bitmap_index = 21980, .adv_w = 576, .box_w = 30, .box_h = 33, .ofs_x = 0, .ofs_y = 0},
    {.bitmap_index = 22104, .adv_w = 576, .box_w = 33, .box_h = 30, .ofs_x = 0, .ofs_y = 0},
    {.bitmap_index = 22228, .adv_w = 576, .box_w = 30, .box_h = 27, .ofs_x = 3, .ofs_y = 0},
    {.bitmap_index = 22330, .adv_w = 576, .box_w = 33, .box_h = 33, .ofs_x = 0, .ofs_y = 0},
    {.bitmap_index = 22467, .adv_w = 576, .box_w = 30, .box_h = 24, .ofs_x = 3, .ofs_y = 0},
    {.bitmap_index = 22557, .adv_w = 576, .box_w = 33, .box_h = 30, .ofs_x = 0, .ofs_y = 0},
    {.bitmap_index = 22681, .adv_w = 576, .box_w = 27, .box_h = 24, .ofs_x = 3, .ofs_y = 0},
    {.bitmap_index = 22762, .adv_w = 576, .box_w = 33, .box_h = 30, .ofs_x = 0, .ofs_y = 0},
    {.bitmap_index = 22886, .adv_w = 576, .box_w = 30, .box_h = 30, .ofs_x = 3, .ofs_y = 0},
    {.bitmap_index = 22999, .adv_w = 576, .box_w = 33, .box_h = 30, .ofs_x = 0, .ofs_y = 0},
    {.bitmap_index = 23123, .adv_w = 576, .box_w = 30, .box_h = 30, .ofs_x = 3, .ofs_y = 0},
    {.bitmap_index = 23236, .adv_w = 576, .box_w = 33, .box_h = 30, .ofs_x = 0, .ofs_y = 0},
    {.bitmap_index = 23360, .adv_w = 576, .box_w = 33, .box_h = 30, .ofs_x = 0, .ofs_y = 0},
    {.bitmap_index = 23484, .adv_w = 576, .box_w = 33, .box_h = 30, .ofs_x = 0, .ofs_y = 0},
    {.bitmap_index = 23608, .adv_w = 576, .box_w = 6, .box_h = 6, .ofs_x = 15, .ofs_y = 15},
    {.bitmap_index = 23613, .adv_w = 576, .box_w = 27, .box_h = 6, .ofs_x = 3, .ofs_y = 15},
    {.bitmap_index = 23634, .adv_w = 576, .box_w = 33, .box_h = 3, .ofs_x = 0, .ofs_y = 15},
    {.bitmap_index = 23647, .adv_w = 576, .box_w = 33, .box_h = 33, .ofs_x = 0, .ofs_y = 0},
    {.bitmap_index = 23784, .adv_w = 576, .box_w = 33, .box_h = 33, .ofs_x = 0, .ofs_y = 0},
    {.bitmap_index = 23921, .adv_w = 576, .box_w = 33, .box_h = 33, .ofs_x = 0, .ofs_y = 0},
    {.bitmap_index = 24058, .adv_w = 576, .box_w = 33, .box_h = 33, .ofs_x = 0, .ofs_y = 0},
    {.bitmap_index = 24195, .adv_w = 576, .box_w = 33, .box_h = 33, .ofs_x = 0, .ofs_y = 0},
    {.bitmap_index = 24332, .adv_w = 576, .box_w = 33, .box_h = 33, .ofs_x = 0, .ofs_y = 0},
    {.bitmap_index = 24469, .adv_w = 576, .box_w = 33, .box_h = 33, .ofs_x = 0, .ofs_y = 0},
    {.bitmap_index = 24606, .adv_w = 576, .box_w = 33, .box_h = 33, .ofs_x = 0, .ofs_y = 0},
    {.bitmap_index = 24743, .adv_w = 576, .box_w = 33, .box_h = 33, .ofs_x = 0, .ofs_y = 0},
    {.bitmap_index = 24880, .adv_w = 576, .box_w = 33, .box_h = 33, .ofs_x = 0, .ofs_y = 0},
    {.bitmap_index = 25017, .adv_w = 576, .box_w = 33, .box_h = 33, .ofs_x = 0, .ofs_y = 0},
    {.bitmap_index = 25154, .adv_w = 576, .box_w = 33, .box_h = 33, .ofs_x = 0, .ofs_y = 0},
    {.bitmap_index = 25291, .adv_w = 576, .box_w = 33, .box_h = 33, .ofs_x = 0, .ofs_y = 0},
    {.bitmap_index = 25428, .adv_w = 576, .box_w = 33, .box_h = 33, .ofs_x = 0, .ofs_y = 0},
    {.bitmap_index = 25565, .adv_w = 576, .box_w = 33, .box_h = 33, .ofs_x = 0, .ofs_y = 0},
    {.bitmap_index = 25702, .adv_w = 576, .box_w = 33, .box_h = 33, .ofs_x = 0, .ofs_y = 0},
    {.bitmap_index = 25839, .adv_w = 576, .box_w = 33, .box_h = 33, .ofs_x = 0, .ofs_y = 0},
    {.bitmap_index = 25976, .adv_w = 576, .box_w = 33, .box_h = 33, .ofs_x = 0, .ofs_y = 0},
    {.bitmap_index = 26113, .adv_w = 576, .box_w = 33, .box_h = 33, .ofs_x = 0, .ofs_y = 0},
    {.bitmap_index = 26250, .adv_w = 576, .box_w = 33, .box_h = 33, .ofs_x = 0, .ofs_y = 0},
    {.bitmap_index = 26387, .adv_w = 576, .box_w = 33, .box_h = 33, .ofs_x = 0, .ofs_y = 0},
    {.bitmap_index = 26524, .adv_w = 576, .box_w = 33, .box_h = 33, .ofs_x = 0, .ofs_y = 0},
    {.bitmap_index = 26661, .adv_w = 576, .box_w = 33, .box_h = 33, .ofs_x = 0, .ofs_y = 0},
    {.bitmap_index = 26798, .adv_w = 576, .box_w = 33, .box_h = 33, .ofs_x = 0, .ofs_y = 0},
    {.bitmap_index = 26935, .adv_w = 576, .box_w = 33, .box_h = 33, .ofs_x = 0, .ofs_y = 0},
    {.bitmap_index = 27072, .adv_w = 576, .box_w = 33, .box_h = 33, .ofs_x = 0, .ofs_y = 0},
    {.bitmap_index = 27209, .adv_w = 576, .box_w = 33, .box_h = 33, .ofs_x = 0, .ofs_y = 0},
    {.bitmap_index = 27346, .adv_w = 576, .box_w = 33, .box_h = 33, .ofs_x = 0, .ofs_y = 0},
    {.bitmap_index = 27483, .adv_w = 576, .box_w = 33, .box_h = 33, .ofs_x = 0, .ofs_y = 0},
    {.bitmap_index = 27620, .adv_w = 576, .box_w = 33, .box_h = 33, .ofs_x = 0, .ofs_y = 0},
    {.bitmap_index = 27757, .adv_w = 576, .box_w = 33, .box_h = 33, .ofs_x = 0, .ofs_y = 0},
    {.bitmap_index = 27894, .adv_w = 576, .box_w = 33, .box_h = 33, .ofs_x = 0, .ofs_y = 0},
    {.bitmap_index = 28031, .adv_w = 576, .box_w = 33, .box_h = 33, .ofs_x = 0, .ofs_y = 0},
    {.bitmap_index = 28168, .adv_w = 576, .box_w = 33, .box_h = 33, .ofs_x = 0, .ofs_y = 0},
    {.bitmap_index = 28305, .adv_w = 576, .box_w = 33, .box_h = 33, .ofs_x = 0, .ofs_y = 0},
    {.bitmap_index = 28442, .adv_w = 576, .box_w = 33, .box_h = 33, .ofs_x = 0, .ofs_y = 0},
    {.bitmap_index = 28579, .adv_w = 576, .box_w = 33, .box_h = 33, .ofs_x = 0, .ofs_y = 0},
    {.bitmap_index = 28716, .adv_w = 576, .box_w = 33, .box_h = 33, .ofs_x = 0, .ofs_y = 0},
    {.bitmap_index = 28853, .adv_w = 576, .box_w = 33, .box_h = 33, .ofs_x = 0, .ofs_y = 0},
    {.bitmap_index = 28990, .adv_w = 576, .box_w = 33, .box_h = 33, .ofs_x = 0, .ofs_y = 0},
    {.bitmap_index = 29127, .adv_w = 576, .box_w = 33, .box_h = 33, .ofs_x = 0, .ofs_y = 0},
    {.bitmap_index = 29264, .adv_w = 576, .box_w = 33, .box_h = 33, .ofs_x = 0, .ofs_y = 0},
    {.bitmap_index = 29401, .adv_w = 576, .box_w = 33, .box_h = 33, .ofs_x = 0, .ofs_y = 0},
    {.bitmap_index = 29538, .adv_w = 576, .box_w = 33, .box_h = 33, .ofs_x = 0, .ofs_y = 0},
    {.bitmap_index = 29675, .adv_w = 576, .box_w = 33, .box_h = 33, .ofs_x = 0, .ofs_y = 0},
    {.bitmap_index = 29812, .adv_w = 576, .box_w = 33, .box_h = 33, .ofs_x = 0, .ofs_y = 0},
    {.bitmap_index = 29949, .adv_w = 576, .box_w = 33, .box_h = 33, .ofs_x = 0, .ofs_y = 0},
    {.bitmap_index = 30086, .adv_w = 576, .box_w = 33, .box_h = 33, .ofs_x = 0, .ofs_y = 0},
    {.bitmap_index = 30223, .adv_w = 576, .box_w = 33, .box_h = 33, .ofs_x = 0, .ofs_y = 0},
    {.bitmap_index = 30360, .adv_w = 576, .box_w = 33, .box_h = 33, .ofs_x = 0, .ofs_y = 0},
    {.bitmap_index = 30497, .adv_w = 576, .box_w = 33, .box_h = 33, .ofs_x = 0, .ofs_y = 0},
    {.bitmap_index = 30634, .adv_w = 576, .box_w = 33, .box_h = 33, .ofs_x = 0, .ofs_y = 0},
    {.bitmap_index = 30771, .adv_w = 576, .box_w = 33, .box_h = 33, .ofs_x = 0, .ofs_y = 0},
    {.bitmap_index = 30908, .adv_w = 576, .box_w = 33, .box_h = 33, .ofs_x = 0, .ofs_y = 0},
    {.bitmap_index = 31045, .adv_w = 576, .box_w = 33, .box_h = 33, .ofs_x = 0, .ofs_y = 0},
    {.bitmap_index = 31182, .adv_w = 576, .box_w = 33, .box_h = 33, .ofs_x = 0, .ofs_y = 0},
    {.bitmap_index = 31319, .adv_w = 576, .box_w = 33, .box_h = 33, .ofs_x = 0, .ofs_y = 0},
    {.bitmap_index = 31456, .adv_w = 576, .box_w = 33, .box_h = 33, .ofs_x = 0, .ofs_y = 0},
    {.bitmap_index = 31593, .adv_w = 576, .box_w = 33, .box_h = 33, .ofs_x = 0, .ofs_y = 0},
    {.bitmap_index = 31730, .adv_w = 576, .box_w = 33, .box_h = 33, .ofs_x = 0, .ofs_y = 0},
    {.bitmap_index = 31867, .adv_w = 576, .box_w = 33, .box_h = 33, .ofs_x = 0, .ofs_y = 0},
    {.bitmap_index = 32004, .adv_w = 576, .box_w = 33, .box_h = 33, .ofs_x = 0, .ofs_y = 0},
    {.bitmap_index = 32141, .adv_w = 576, .box_w = 33, .box_h = 33, .ofs_x = 0, .ofs_y = 0},
    {.bitmap_index = 32278, .adv_w = 576, .box_w = 33, .box_h = 33, .ofs_x = 0, .ofs_y = 0},
    {.bitmap_index = 32415, .adv_w = 576, .box_w = 33, .box_h = 33, .ofs_x = 0, .ofs_y = 0},
    {.bitmap_index = 32552, .adv_w = 576, .box_w = 33, .box_h = 33, .ofs_x = 0, .ofs_y = 0},
    {.bitmap_index = 32689, .adv_w = 576, .box_w = 33, .box_h = 33, .ofs_x = 0, .ofs_y = 0},
    {.bitmap_index = 32826, .adv_w = 576, .box_w = 33, .box_h = 33, .ofs_x = 0, .ofs_y = 0},
    {.bitmap_index = 32963, .adv_w = 576, .box_w = 33, .box_h = 33, .ofs_x = 0, .ofs_y = 0},
    {.bitmap_index = 33100, .adv_w = 576, .box_w = 33, .box_h = 33, .ofs_x = 0, .ofs_y = 0},
    {.bitmap_index = 33237, .adv_w = 576, .box_w = 33, .box_h = 33, .ofs_x = 0, .ofs_y = 0},
    {.bitmap_index = 33374, .adv_w = 576, .box_w = 33, .box_h = 33, .ofs_x = 0, .ofs_y = 0},
    {.bitmap_index = 33511, .adv_w = 576, .box_w = 33, .box_h = 33, .ofs_x = 0, .ofs_y = 0},
    {.bitmap_index = 33648, .adv_w = 576, .box_w = 33, .box_h = 33, .ofs_x = 0, .ofs_y = 0},
    {.bitmap_index = 33785, .adv_w = 576, .box_w = 33, .box_h = 33, .ofs_x = 0, .ofs_y = 0},
    {.bitmap_index = 33922, .adv_w = 576, .box_w = 33, .box_h = 33, .ofs_x = 0, .ofs_y = 0},
    {.bitmap_index = 34059, .adv_w = 576, .box_w = 33, .box_h = 33, .ofs_x = 0, .ofs_y = 0},
    {.bitmap_index = 34196, .adv_w = 576, .box_w = 33, .box_h = 33, .ofs_x = 0, .ofs_y = 0},
    {.bitmap_index = 34333, .adv_w = 576, .box_w = 33, .box_h = 33, .ofs_x = 0, .ofs_y = 0},
    {.bitmap_index = 34470, .adv_w = 576, .box_w = 33, .box_h = 33, .ofs_x = 0, .ofs_y = 0},
    {.bitmap_index = 34607, .adv_w = 576, .box_w = 33, .box_h = 33, .ofs_x = 0, .ofs_y = 0},
    {.bitmap_index = 34744, .adv_w = 576, .box_w = 33, .box_h = 33, .ofs_x = 0, .ofs_y = 0},
    {.bitmap_index = 34881, .adv_w = 576, .box_w = 33, .box_h = 33, .ofs_x = 0, .ofs_y = 0},
    {.bitmap_index = 35018, .adv_w = 576, .box_w = 33, .box_h = 33, .ofs_x = 0, .ofs_y = 0},
    {.bitmap_index = 35155, .adv_w = 576, .box_w = 33, .box_h = 33, .ofs_x = 0, .ofs_y = 0},
    {.bitmap_index = 35292, .adv_w = 576, .box_w = 33, .box_h = 33, .ofs_x = 0, .ofs_y = 0},
    {.bitmap_index = 35429, .adv_w = 576, .box_w = 33, .box_h = 33, .ofs_x = 0, .ofs_y = 0},
    {.bitmap_index = 35566, .adv_w = 576, .box_w = 33, .box_h = 33, .ofs_x = 0, .ofs_y = 0},
    {.bitmap_index = 35703, .adv_w = 576, .box_w = 33, .box_h = 33, .ofs_x = 0, .ofs_y = 0},
    {.bitmap_index = 35840, .adv_w = 576, .box_w = 33, .box_h = 33, .ofs_x = 0, .ofs_y = 0},
    {.bitmap_index = 35977, .adv_w = 576, .box_w = 33, .box_h = 33, .ofs_x = 0, .ofs_y = 0},
    {.bitmap_index = 36114, .adv_w = 576, .box_w = 33, .box_h = 33, .ofs_x = 0, .ofs_y = 0},
    {.bitmap_index = 36251, .adv_w = 576, .box_w = 33, .box_h = 33, .ofs_x = 0, .ofs_y = 0},
    {.bitmap_index = 36388, .adv_w = 576, .box_w = 33, .box_h = 33, .ofs_x = 0, .ofs_y = 0},
    {.bitmap_index = 36525, .adv_w = 576, .box_w = 33, .box_h = 33, .ofs_x = 0, .ofs_y = 0},
    {.bitmap_index = 36662, .adv_w = 576, .box_w = 33, .box_h = 33, .ofs_x = 0, .ofs_y = 0},
    {.bitmap_index = 36799, .adv_w = 576, .box_w = 33, .box_h = 33, .ofs_x = 0, .ofs_y = 0},
    {.bitmap_index = 36936, .adv_w = 576, .box_w = 33, .box_h = 33, .ofs_x = 0, .ofs_y = 0},
    {.bitmap_index = 37073, .adv_w = 576, .box_w = 33, .box_h = 33, .ofs_x = 0, .ofs_y = 0},
    {.bitmap_index = 37210, .adv_w = 576, .box_w = 33, .box_h = 33, .ofs_x = 0, .ofs_y = 0},
    {.bitmap_index = 37347, .adv_w = 576, .box_w = 33, .box_h = 33, .ofs_x = 0, .ofs_y = 0},
    {.bitmap_index = 37484, .adv_w = 576, .box_w = 33, .box_h = 33, .ofs_x = 0, .ofs_y = 0},
    {.bitmap_index = 37621, .adv_w = 576, .box_w = 33, .box_h = 33, .ofs_x = 0, .ofs_y = 0},
    {.bitmap_index = 37758, .adv_w = 576, .box_w = 33, .box_h = 33, .ofs_x = 0, .ofs_y = 0},
    {.bitmap_index = 37895, .adv_w = 576, .box_w = 33, .box_h = 33, .ofs_x = 0, .ofs_y = 0},
    {.bitmap_index = 38032, .adv_w = 576, .box_w = 33, .box_h = 33, .ofs_x = 0, .ofs_y = 0},
    {.bitmap_index = 38169, .adv_w = 576, .box_w = 33, .box_h = 33, .ofs_x = 0, .ofs_y = 0},
    {.bitmap_index = 38306, .adv_w = 576, .box_w = 33, .box_h = 33, .ofs_x = 0, .ofs_y = 0},
    {.bitmap_index = 38443, .adv_w = 576, .box_w = 33, .box_h = 33, .ofs_x = 0, .ofs_y = 0},
    {.bitmap_index = 38580, .adv_w = 576, .box_w = 33, .box_h = 33, .ofs_x = 0, .ofs_y = 0},
    {.bitmap_index = 38717, .adv_w = 576, .box_w = 33, .box_h = 33, .ofs_x = 0, .ofs_y = 0},
    {.bitmap_index = 38854, .adv_w = 576, .box_w = 33, .box_h = 33, .ofs_x = 0, .ofs_y = 0},
    {.bitmap_index = 38991, .adv_w = 576, .box_w = 33, .box_h = 33, .ofs_x = 0, .ofs_y = 0},
    {.bitmap_index = 39128, .adv_w = 576, .box_w = 33, .box_h = 33, .ofs_x = 0, .ofs_y = 0},
    {.bitmap_index = 39265, .adv_w = 576, .box_w = 33, .box_h = 33, .ofs_x = 0, .ofs_y = 0},
    {.bitmap_index = 39402, .adv_w = 576, .box_w = 33, .box_h = 33, .ofs_x = 0, .ofs_y = 0},
    {.bitmap_index = 39539, .adv_w = 576, .box_w = 33, .box_h = 33, .ofs_x = 0, .ofs_y = 0},
    {.bitmap_index = 39676, .adv_w = 576, .box_w = 33, .box_h = 33, .ofs_x = 0, .ofs_y = 0},
    {.bitmap_index = 39813, .adv_w = 576, .box_w = 33, .box_h = 33, .ofs_x = 0, .ofs_y = 0},
    {.bitmap_index = 39950, .adv_w = 576, .box_w = 33, .box_h = 33, .ofs_x = 0, .ofs_y = 0},
    {.bitmap_index = 40087, .adv_w = 576, .box_w = 33, .box_h = 33, .ofs_x = 0, .ofs_y = 0},
    {.bitmap_index = 40224, .adv_w = 576, .box_w = 33, .box_h = 33, .ofs_x = 0, .ofs_y = 0},
    {.bitmap_index = 40361, .adv_w = 576, .box_w = 33, .box_h = 33, .ofs_x = 0, .ofs_y = 0},
    {.bitmap_index = 40498, .adv_w = 576, .box_w = 33, .box_h = 33, .ofs_x = 0, .ofs_y = 0},
    {.bitmap_index = 40635, .adv_w = 576, .box_w = 33, .box_h = 33, .ofs_x = 0, .ofs_y = 0},
    {.bitmap_index = 40772, .adv_w = 576, .box_w = 33, .box_h = 33, .ofs_x = 0, .ofs_y = 0},
    {.bitmap_index = 40909, .adv_w = 576, .box_w = 33, .box_h = 33, .ofs_x = 0, .ofs_y = 0},
    {.bitmap_index = 41046, .adv_w = 576, .box_w = 33, .box_h = 33, .ofs_x = 0, .ofs_y = 0},
    {.bitmap_index = 41183, .adv_w = 576, .box_w = 33, .box_h = 33, .ofs_x = 0, .ofs_y = 0},
    {.bitmap_index = 41320, .adv_w = 576, .box_w = 33, .box_h = 33, .ofs_x = 0, .ofs_y = 0},
    {.bitmap_index = 41457, .adv_w = 576, .box_w = 33, .box_h = 33, .ofs_x = 0, .ofs_y = 0},
    {.bitmap_index = 41594, .adv_w = 576, .box_w = 33, .box_h = 33, .ofs_x = 0, .ofs_y = 0},
    {.bitmap_index = 41731, .adv_w = 576, .box_w = 33, .box_h = 33, .ofs_x = 0, .ofs_y = 0},
    {.bitmap_index = 41868, .adv_w = 576, .box_w = 33, .box_h = 33, .ofs_x = 0, .ofs_y = 0},
    {.bitmap_index = 42005, .adv_w = 576, .box_w = 33, .box_h = 33, .ofs_x = 0, .ofs_y = 0},
    {.bitmap_index = 42142, .adv_w = 576, .box_w = 33, .box_h = 33, .ofs_x = 0, .ofs_y = 0},
    {.bitmap_index = 42279, .adv_w = 576, .box_w = 33, .box_h = 33, .ofs_x = 0, .ofs_y = 0},
    {.bitmap_index = 42416, .adv_w = 576, .box_w = 33, .box_h = 33, .ofs_x = 0, .ofs_y = 0},
    {.bitmap_index = 42553, .adv_w = 576, .box_w = 33, .box_h = 33, .ofs_x = 0, .ofs_y = 0},
    {.bitmap_index = 42690, .adv_w = 576, .box_w = 33, .box_h = 33, .ofs_x = 0, .ofs_y = 0},
    {.bitmap_index = 42827, .adv_w = 576, .box_w = 33, .box_h = 33, .ofs_x = 0, .ofs_y = 0},
    {.bitmap_index = 42964, .adv_w = 576, .box_w = 33, .box_h = 33, .ofs_x = 0, .ofs_y = 0},
    {.bitmap_index = 43101, .adv_w = 576, .box_w = 33, .box_h = 33, .ofs_x = 0, .ofs_y = 0},
    {.bitmap_index = 43238, .adv_w = 576, .box_w = 33, .box_h = 33, .ofs_x = 0, .ofs_y = 0},
    {.bitmap_index = 43375, .adv_w = 576, .box_w = 33, .box_h = 33, .ofs_x = 0, .ofs_y = 0},
    {.bitmap_index = 43512, .adv_w = 576, .box_w = 33, .box_h = 33, .ofs_x = 0, .ofs_y = 0},
    {.bitmap_index = 43649, .adv_w = 576, .box_w = 33, .box_h = 33, .ofs_x = 0, .ofs_y = 0},
    {.bitmap_index = 43786, .adv_w = 576, .box_w = 33, .box_h = 33, .ofs_x = 0, .ofs_y = 0},
    {.bitmap_index = 43923, .adv_w = 576, .box_w = 33, .box_h = 33, .ofs_x = 0, .ofs_y = 0},
    {.bitmap_index = 44060, .adv_w = 576, .box_w = 33, .box_h = 33, .ofs_x = 0, .ofs_y = 0},
    {.bitmap_index = 44197, .adv_w = 576, .box_w = 33, .box_h = 33, .ofs_x = 0, .ofs_y = 0},
    {.bitmap_index = 44334, .adv_w = 576, .box_w = 33, .box_h = 33, .ofs_x = 0, .ofs_y = 0},
    {.bitmap_index = 44471, .adv_w = 576, .box_w = 33, .box_h = 33, .ofs_x = 0, .ofs_y = 0},
    {.bitmap_index = 44608, .adv_w = 576, .box_w = 33, .box_h = 33, .ofs_x = 0, .ofs_y = 0},
    {.bitmap_index = 44745, .adv_w = 576, .box_w = 33, .box_h = 33, .ofs_x = 0, .ofs_y = 0},
    {.bitmap_index = 44882, .adv_w = 576, .box_w = 33, .box_h = 33, .ofs_x = 0, .ofs_y = 0},
    {.bitmap_index = 45019, .adv_w = 576, .box_w = 33, .box_h = 33, .ofs_x = 0, .ofs_y = 0},
    {.bitmap_index = 45156, .adv_w = 576, .box_w = 33, .box_h = 33, .ofs_x = 0, .ofs_y = 0},
    {.bitmap_index = 45293, .adv_w = 576, .box_w = 33, .box_h = 33, .ofs_x = 0, .ofs_y = 0},
    {.bitmap_index = 45430, .adv_w = 576, .box_w = 33, .box_h = 33, .ofs_x = 0, .ofs_y = 0},
    {.bitmap_index = 45567, .adv_w = 576, .box_w = 33, .box_h = 33, .ofs_x = 0, .ofs_y = 0},
    {.bitmap_index = 45704, .adv_w = 576, .box_w = 33, .box_h = 33, .ofs_x = 0, .ofs_y = 0},
    {.bitmap_index = 45841, .adv_w = 576, .box_w = 33, .box_h = 33, .ofs_x = 0, .ofs_y = 0},
    {.bitmap_index = 45978, .adv_w = 576, .box_w = 33, .box_h = 33, .ofs_x = 0, .ofs_y = 0},
    {.bitmap_index = 46115, .adv_w = 576, .box_w = 33, .box_h = 33, .ofs_x = 0, .ofs_y = 0},
    {.bitmap_index = 46252, .adv_w = 576, .box_w = 33, .box_h = 33, .ofs_x = 0, .ofs_y = 0},
    {.bitmap_index = 46389, .adv_w = 576, .box_w = 33, .box_h = 33, .ofs_x = 0, .ofs_y = 0},
    {.bitmap_index = 46526, .adv_w = 576, .box_w = 33, .box_h = 33, .ofs_x = 0, .ofs_y = 0},
    {.bitmap_index = 46663, .adv_w = 576, .box_w = 33, .box_h = 33, .ofs_x = 0, .ofs_y = 0},
    {.bitmap_index = 46800, .adv_w = 576, .box_w = 33, .box_h = 33, .ofs_x = 0, .ofs_y = 0},
    {.bitmap_index = 46937, .adv_w = 576, .box_w = 33, .box_h = 33, .ofs_x = 0, .ofs_y = 0},
    {.bitmap_index = 47074, .adv_w = 576, .box_w = 33, .box_h = 33, .ofs_x = 0, .ofs_y = 0},
    {.bitmap_index = 47211, .adv_w = 576, .box_w = 33, .box_h = 33, .ofs_x = 0, .ofs_y = 0},
    {.bitmap_index = 47348, .adv_w = 576, .box_w = 33, .box_h = 33, .ofs_x = 0, .ofs_y = 0},
    {.bitmap_index = 47485, .adv_w = 576, .box_w = 33, .box_h = 33, .ofs_x = 0, .ofs_y = 0},
    {.bitmap_index = 47622, .adv_w = 576, .box_w = 33, .box_h = 33, .ofs_x = 0, .ofs_y = 0},
    {.bitmap_index = 47759, .adv_w = 576, .box_w = 33, .box_h = 33, .ofs_x = 0, .ofs_y = 0},
    {.bitmap_index = 47896, .adv_w = 576, .box_w = 33, .box_h = 33, .ofs_x = 0, .ofs_y = 0},
    {.bitmap_index = 48033, .adv_w = 576, .box_w = 33, .box_h = 33, .ofs_x = 0, .ofs_y = 0},
    {.bitmap_index = 48170, .adv_w = 576, .box_w = 33, .box_h = 33, .ofs_x = 0, .ofs_y = 0},
    {.bitmap_index = 48307, .adv_w = 576, .box_w = 33, .box_h = 33, .ofs_x = 0, .ofs_y = 0},
    {.bitmap_index = 48444, .adv_w = 576, .box_w = 33, .box_h = 33, .ofs_x = 0, .ofs_y = 0},
    {.bitmap_index = 48581, .adv_w = 576, .box_w = 33, .box_h = 33, .ofs_x = 0, .ofs_y = 0},
    {.bitmap_index = 48718, .adv_w = 576, .box_w = 33, .box_h = 33, .ofs_x = 0, .ofs_y = 0},
    {.bitmap_index = 48855, .adv_w = 576, .box_w = 33, .box_h = 33, .ofs_x = 0, .ofs_y = 0},
    {.bitmap_index = 48992, .adv_w = 576, .box_w = 33, .box_h = 33, .ofs_x = 0, .ofs_y = 0},
    {.bitmap_index = 49129, .adv_w = 576, .box_w = 33, .box_h = 33, .ofs_x = 0, .ofs_y = 0},
    {.bitmap_index = 49266, .adv_w = 576, .box_w = 33, .box_h = 33, .ofs_x = 0, .ofs_y = 0},
    {.bitmap_index = 49403, .adv_w = 576, .box_w = 33, .box_h = 33, .ofs_x = 0, .ofs_y = 0},
    {.bitmap_index = 49540, .adv_w = 576, .box_w = 33, .box_h = 33, .ofs_x = 0, .ofs_y = 0},
    {.bitmap_index = 49677, .adv_w = 576, .box_w = 33, .box_h = 33, .ofs_x = 0, .ofs_y = 0},
    {.bitmap_index = 49814, .adv_w = 576, .box_w = 33, .box_h = 33, .ofs_x = 0, .ofs_y = 0},
    {.bitmap_index = 49951, .adv_w = 576, .box_w = 33, .box_h = 33, .ofs_x = 0, .ofs_y = 0},
    {.bitmap_index = 50088, .adv_w = 576, .box_w = 33, .box_h = 33, .ofs_x = 0, .ofs_y = 0},
    {.bitmap_index = 50225, .adv_w = 576, .box_w = 33, .box_h = 33, .ofs_x = 0, .ofs_y = 0},
    {.bitmap_index = 50362, .adv_w = 576, .box_w = 33, .box_h = 33, .ofs_x = 0, .ofs_y = 0},
    {.bitmap_index = 50499, .adv_w = 576, .box_w = 33, .box_h = 33, .ofs_x = 0, .ofs_y = 0},
    {.bitmap_index = 50636, .adv_w = 576, .box_w = 33, .box_h = 33, .ofs_x = 0, .ofs_y = 0},
    {.bitmap_index = 50773, .adv_w = 576, .box_w = 33, .box_h = 33, .ofs_x = 0, .ofs_y = 0},
    {.bitmap_index = 50910, .adv_w = 576, .box_w = 33, .box_h = 33, .ofs_x = 0, .ofs_y = 0},
    {.bitmap_index = 51047, .adv_w = 576, .box_w = 33, .box_h = 33, .ofs_x = 0, .ofs_y = 0},
    {.bitmap_index = 51184, .adv_w = 576, .box_w = 33, .box_h = 33, .ofs_x = 0, .ofs_y = 0},
    {.bitmap_index = 51321, .adv_w = 576, .box_w = 33, .box_h = 33, .ofs_x = 0, .ofs_y = 0},
    {.bitmap_index = 51458, .adv_w = 576, .box_w = 33, .box_h = 33, .ofs_x = 0, .ofs_y = 0},
    {.bitmap_index = 51595, .adv_w = 576, .box_w = 33, .box_h = 33, .ofs_x = 0, .ofs_y = 0},
    {.bitmap_index = 51732, .adv_w = 576, .box_w = 33, .box_h = 33, .ofs_x = 0, .ofs_y = 0},
    {.bitmap_index = 51869, .adv_w = 576, .box_w = 33, .box_h = 33, .ofs_x = 0, .ofs_y = 0},
    {.bitmap_index = 52006, .adv_w = 576, .box_w = 33, .box_h = 33, .ofs_x = 0, .ofs_y = 0},
    {.bitmap_index = 52143, .adv_w = 576, .box_w = 33, .box_h = 33, .ofs_x = 0, .ofs_y = 0},
    {.bitmap_index = 52280, .adv_w = 576, .box_w = 33, .box_h = 33, .ofs_x = 0, .ofs_y = 0},
    {.bitmap_index = 52417, .adv_w = 576, .box_w = 33, .box_h = 33, .ofs_x = 0, .ofs_y = 0},
    {.bitmap_index = 52554, .adv_w = 576, .box_w = 33, .box_h = 33, .ofs_x = 0, .ofs_y = 0},
    {.bitmap_index = 52691, .adv_w = 576, .box_w = 33, .box_h = 33, .ofs_x = 0, .ofs_y = 0},
    {.bitmap_index = 52828, .adv_w = 576, .box_w = 33, .box_h = 33, .ofs_x = 0, .ofs_y = 0},
    {.bitmap_index = 52965, .adv_w = 576, .box_w = 33, .box_h = 33, .ofs_x = 0, .ofs_y = 0},
    {.bitmap_index = 53102, .adv_w = 576, .box_w = 33, .box_h = 33, .ofs_x = 0, .ofs_y = 0},
    {.bitmap_index = 53239, .adv_w = 576, .box_w = 33, .box_h = 33, .ofs_x = 0, .ofs_y = 0},
    {.bitmap_index = 53376, .adv_w = 576, .box_w = 33, .box_h = 33, .ofs_x = 0, .ofs_y = 0},
    {.bitmap_index = 53513, .adv_w = 576, .box_w = 33, .box_h = 33, .ofs_x = 0, .ofs_y = 0},
    {.bitmap_index = 53650, .adv_w = 576, .box_w = 33, .box_h = 33, .ofs_x = 0, .ofs_y = 0},
    {.bitmap_index = 53787, .adv_w = 576, .box_w = 33, .box_h = 33, .ofs_x = 0, .ofs_y = 0},
    {.bitmap_index = 53924, .adv_w = 576, .box_w = 33, .box_h = 33, .ofs_x = 0, .ofs_y = 0},
    {.bitmap_index = 54061, .adv_w = 576, .box_w = 33, .box_h = 33, .ofs_x = 0, .ofs_y = 0},
    {.bitmap_index = 54198, .adv_w = 576, .box_w = 33, .box_h = 33, .ofs_x = 0, .ofs_y = 0},
    {.bitmap_index = 54335, .adv_w = 576, .box_w = 33, .box_h = 33, .ofs_x = 0, .ofs_y = 0},
    {.bitmap_index = 54472, .adv_w = 576, .box_w = 33, .box_h = 33, .ofs_x = 0, .ofs_y = 0},
    {.bitmap_index = 54609, .adv_w = 576, .box_w = 33, .box_h = 33, .ofs_x = 0, .ofs_y = 0},
    {.bitmap_index = 54746, .adv_w = 576, .box_w = 33, .box_h = 33, .ofs_x = 0, .ofs_y = 0},
    {.bitmap_index = 54883, .adv_w = 576, .box_w = 33, .box_h = 33, .ofs_x = 0, .ofs_y = 0},
    {.bitmap_index = 55020, .adv_w = 576, .box_w = 33, .box_h = 33, .ofs_x = 0, .ofs_y = 0},
    {.bitmap_index = 55157, .adv_w = 576, .box_w = 33, .box_h = 33, .ofs_x = 0, .ofs_y = 0},
    {.bitmap_index = 55294, .adv_w = 576, .box_w = 33, .box_h = 33, .ofs_x = 0, .ofs_y = 0},
    {.bitmap_index = 55431, .adv_w = 576, .box_w = 33, .box_h = 33, .ofs_x = 0, .ofs_y = 0},
    {.bitmap_index = 55568, .adv_w = 576, .box_w = 33, .box_h = 33, .ofs_x = 0, .ofs_y = 0},
    {.bitmap_index = 55705, .adv_w = 576, .box_w = 33, .box_h = 33, .ofs_x = 0, .ofs_y = 0},
    {.bitmap_index = 55842, .adv_w = 576, .box_w = 33, .box_h = 33, .ofs_x = 0, .ofs_y = 0},
    {.bitmap_index = 55979, .adv_w = 576, .box_w = 33, .box_h = 33, .ofs_x = 0, .ofs_y = 0},
    {.bitmap_index = 56116, .adv_w = 576, .box_w = 33, .box_h = 33, .ofs_x = 0, .ofs_y = 0},
    {.bitmap_index = 56253, .adv_w = 576, .box_w = 33, .box_h = 33, .ofs_x = 0, .ofs_y = 0},
    {.bitmap_index = 56390, .adv_w = 576, .box_w = 33, .box_h = 33, .ofs_x = 0, .ofs_y = 0},
    {.bitmap_index = 56527, .adv_w = 576, .box_w = 33, .box_h = 33, .ofs_x = 0, .ofs_y = 0},
    {.bitmap_index = 56664, .adv_w = 576, .box_w = 33, .box_h = 33, .ofs_x = 0, .ofs_y = 0},
    {.bitmap_index = 56801, .adv_w = 576, .box_w = 33, .box_h = 33, .ofs_x = 0, .ofs_y = 0},
    {.bitmap_index = 56938, .adv_w = 576, .box_w = 33, .box_h = 33, .ofs_x = 0, .ofs_y = 0},
    {.bitmap_index = 57075, .adv_w = 576, .box_w = 33, .box_h = 33, .ofs_x = 0, .ofs_y = 0},
    {.bitmap_index = 57212, .adv_w = 576, .box_w = 33, .box_h = 33, .ofs_x = 0, .ofs_y = 0},
    {.bitmap_index = 57349, .adv_w = 576, .box_w = 33, .box_h = 33, .ofs_x = 0, .ofs_y = 0},
    {.bitmap_index = 57486, .adv_w = 576, .box_w = 33, .box_h = 33, .ofs_x = 0, .ofs_y = 0},
    {.bitmap_index = 57623, .adv_w = 576, .box_w = 33, .box_h = 33, .ofs_x = 0, .ofs_y = 0},
    {.bitmap_index = 57760, .adv_w = 576, .box_w = 33, .box_h = 33, .ofs_x = 0, .ofs_y = 0},
    {.bitmap_index = 57897, .adv_w = 576, .box_w = 33, .box_h = 33, .ofs_x = 0, .ofs_y = 0},
    {.bitmap_index = 58034, .adv_w = 576, .box_w = 33, .box_h = 33, .ofs_x = 0, .ofs_y = 0},
    {.bitmap_index = 58171, .adv_w = 576, .box_w = 33, .box_h = 33, .ofs_x = 0, .ofs_y = 0},
    {.bitmap_index = 58308, .adv_w = 576, .box_w = 33, .box_h = 33, .ofs_x = 0, .ofs_y = 0},
    {.bitmap_index = 58445, .adv_w = 576, .box_w = 33, .box_h = 33, .ofs_x = 0, .ofs_y = 0},
    {.bitmap_index = 58582, .adv_w = 576, .box_w = 33, .box_h = 33, .ofs_x = 0, .ofs_y = 0},
    {.bitmap_index = 58719, .adv_w = 576, .box_w = 33, .box_h = 33, .ofs_x = 0, .ofs_y = 0},
    {.bitmap_index = 58856, .adv_w = 576, .box_w = 33, .box_h = 33, .ofs_x = 0, .ofs_y = 0},
    {.bitmap_index = 58993, .adv_w = 576, .box_w = 33, .box_h = 33, .ofs_x = 0, .ofs_y = 0},
    {.bitmap_index = 59130, .adv_w = 576, .box_w = 33, .box_h = 33, .ofs_x = 0, .ofs_y = 0},
    {.bitmap_index = 59267, .adv_w = 576, .box_w = 33, .box_h = 33, .ofs_x = 0, .ofs_y = 0},
    {.bitmap_index = 59404, .adv_w = 576, .box_w = 33, .box_h = 33, .ofs_x = 0, .ofs_y = 0},
    {.bitmap_index = 59541, .adv_w = 576, .box_w = 33, .box_h = 33, .ofs_x = 0, .ofs_y = 0},
    {.bitmap_index = 59678, .adv_w = 576, .box_w = 33, .box_h = 33, .ofs_x = 0, .ofs_y = 0},
    {.bitmap_index = 59815, .adv_w = 576, .box_w = 33, .box_h = 33, .ofs_x = 0, .ofs_y = 0},
    {.bitmap_index = 59952, .adv_w = 576, .box_w = 33, .box_h = 33, .ofs_x = 0, .ofs_y = 0},
    {.bitmap_index = 60089, .adv_w = 576, .box_w = 33, .box_h = 33, .ofs_x = 0, .ofs_y = 0},
    {.bitmap_index = 60226, .adv_w = 576, .box_w = 33, .box_h = 33, .ofs_x = 0, .ofs_y = 0},
    {.bitmap_index = 60363, .adv_w = 576, .box_w = 33, .box_h = 33, .ofs_x = 0, .ofs_y = 0},
    {.bitmap_index = 60500, .adv_w = 576, .box_w = 33, .box_h = 33, .ofs_x = 0, .ofs_y = 0},
    {.bitmap_index = 60637, .adv_w = 576, .box_w = 33, .box_h = 33, .ofs_x = 0, .ofs_y = 0},
    {.bitmap_index = 60774, .adv_w = 576, .box_w = 33, .box_h = 33, .ofs_x = 0, .ofs_y = 0},
    {.bitmap_index = 60911, .adv_w = 576, .box_w = 33, .box_h = 33, .ofs_x = 0, .ofs_y = 0},
    {.bitmap_index = 61048, .adv_w = 576, .box_w = 33, .box_h = 33, .ofs_x = 0, .ofs_y = 0},
    {.bitmap_index = 61185, .adv_w = 576, .box_w = 33, .box_h = 33, .ofs_x = 0, .ofs_y = 0},
    {.bitmap_index = 61322, .adv_w = 576, .box_w = 33, .box_h = 33, .ofs_x = 0, .ofs_y = 0},
    {.bitmap_index = 61459, .adv_w = 576, .box_w = 33, .box_h = 33, .ofs_x = 0, .ofs_y = 0},
    {.bitmap_index = 61596, .adv_w = 576, .box_w = 33, .box_h = 33, .ofs_x = 0, .ofs_y = 0},
    {.bitmap_index = 61733, .adv_w = 576, .box_w = 33, .box_h = 33, .ofs_x = 0, .ofs_y = 0},
    {.bitmap_index = 61870, .adv_w = 576, .box_w = 33, .box_h = 33, .ofs_x = 0, .ofs_y = 0},
    {.bitmap_index = 62007, .adv_w = 576, .box_w = 33, .box_h = 33, .ofs_x = 0, .ofs_y = 0},
    {.bitmap_index = 62144, .adv_w = 576, .box_w = 33, .box_h = 33, .ofs_x = 0, .ofs_y = 0},
    {.bitmap_index = 62281, .adv_w = 576, .box_w = 33, .box_h = 33, .ofs_x = 0, .ofs_y = 0},
    {.bitmap_index = 62418, .adv_w = 576, .box_w = 33, .box_h = 33, .ofs_x = 0, .ofs_y = 0},
    {.bitmap_index = 62555, .adv_w = 576, .box_w = 33, .box_h = 33, .ofs_x = 0, .ofs_y = 0},
    {.bitmap_index = 62692, .adv_w = 576, .box_w = 33, .box_h = 33, .ofs_x = 0, .ofs_y = 0},
    {.bitmap_index = 62829, .adv_w = 576, .box_w = 33, .box_h = 33, .ofs_x = 0, .ofs_y = 0},
    {.bitmap_index = 62966, .adv_w = 576, .box_w = 33, .box_h = 33, .ofs_x = 0, .ofs_y = 0},
    {.bitmap_index = 63103, .adv_w = 576, .box_w = 33, .box_h = 33, .ofs_x = 0, .ofs_y = 0},
    {.bitmap_index = 63240, .adv_w = 576, .box_w = 33, .box_h = 33, .ofs_x = 0, .ofs_y = 0},
    {.bitmap_index = 63377, .adv_w = 576, .box_w = 33, .box_h = 33, .ofs_x = 0, .ofs_y = 0},
    {.bitmap_index = 63514, .adv_w = 576, .box_w = 33, .box_h = 33, .ofs_x = 0, .ofs_y = 0},
    {.bitmap_index = 63651, .adv_w = 576, .box_w = 33, .box_h = 33, .ofs_x = 0, .ofs_y = 0},
    {.bitmap_index = 63788, .adv_w = 576, .box_w = 33, .box_h = 33, .ofs_x = 0, .ofs_y = 0},
    {.bitmap_index = 63925, .adv_w = 576, .box_w = 33, .box_h = 33, .ofs_x = 0, .ofs_y = 0},
    {.bitmap_index = 64062, .adv_w = 576, .box_w = 33, .box_h = 33, .ofs_x = 0, .ofs_y = 0},
    {.bitmap_index = 64199, .adv_w = 576, .box_w = 33, .box_h = 33, .ofs_x = 0, .ofs_y = 0},
    {.bitmap_index = 64336, .adv_w = 576, .box_w = 33, .box_h = 33, .ofs_x = 0, .ofs_y = 0},
    {.bitmap_index = 64473, .adv_w = 576, .box_w = 33, .box_h = 33, .ofs_x = 0, .ofs_y = 0},
    {.bitmap_index = 64610, .adv_w = 576, .box_w = 33, .box_h = 33, .ofs_x = 0, .ofs_y = 0},
    {.bitmap_index = 64747, .adv_w = 576, .box_w = 33, .box_h = 33, .ofs_x = 0, .ofs_y = 0},
    {.bitmap_index = 64884, .adv_w = 576, .box_w = 33, .box_h = 33, .ofs_x = 0, .ofs_y = 0},
    {.bitmap_index = 65021, .adv_w = 576, .box_w = 33, .box_h = 33, .ofs_x = 0, .ofs_y = 0},
    {.bitmap_index = 65158, .adv_w = 576, .box_w = 33, .box_h = 33, .ofs_x = 0, .ofs_y = 0},
    {.bitmap_index = 65295, .adv_w = 576, .box_w = 33, .box_h = 33, .ofs_x = 0, .ofs_y = 0},
    {.bitmap_index = 65432, .adv_w = 576, .box_w = 33, .box_h = 33, .ofs_x = 0, .ofs_y = 0},
    {.bitmap_index = 65569, .adv_w = 576, .box_w = 33, .box_h = 33, .ofs_x = 0, .ofs_y = 0},
    {.bitmap_index = 65706, .adv_w = 576, .box_w = 33, .box_h = 33, .ofs_x = 0, .ofs_y = 0},
    {.bitmap_index = 65843, .adv_w = 576, .box_w = 33, .box_h = 33, .ofs_x = 0, .ofs_y = 0},
    {.bitmap_index = 65980, .adv_w = 576, .box_w = 33, .box_h = 33, .ofs_x = 0, .ofs_y = 0},
    {.bitmap_index = 66117, .adv_w = 576, .box_w = 33, .box_h = 33, .ofs_x = 0, .ofs_y = 0},
    {.bitmap_index = 66254, .adv_w = 576, .box_w = 33, .box_h = 33, .ofs_x = 0, .ofs_y = 0},
    {.bitmap_index = 66391, .adv_w = 576, .box_w = 33, .box_h = 33, .ofs_x = 0, .ofs_y = 0},
    {.bitmap_index = 66528, .adv_w = 576, .box_w = 33, .box_h = 33, .ofs_x = 0, .ofs_y = 0},
    {.bitmap_index = 66665, .adv_w = 576, .box_w = 33, .box_h = 33, .ofs_x = 0, .ofs_y = 0},
    {.bitmap_index = 66802, .adv_w = 576, .box_w = 33, .box_h = 33, .ofs_x = 0, .ofs_y = 0},
    {.bitmap_index = 66939, .adv_w = 576, .box_w = 33, .box_h = 33, .ofs_x = 0, .ofs_y = 0},
    {.bitmap_index = 67076, .adv_w = 576, .box_w = 33, .box_h = 33, .ofs_x = 0, .ofs_y = 0},
    {.bitmap_index = 67213, .adv_w = 576, .box_w = 33, .box_h = 33, .ofs_x = 0, .ofs_y = 0},
    {.bitmap_index = 67350, .adv_w = 576, .box_w = 33, .box_h = 33, .ofs_x = 0, .ofs_y = 0},
    {.bitmap_index = 67487, .adv_w = 576, .box_w = 33, .box_h = 33, .ofs_x = 0, .ofs_y = 0},
    {.bitmap_index = 67624, .adv_w = 576, .box_w = 33, .box_h = 33, .ofs_x = 0, .ofs_y = 0},
    {.bitmap_index = 67761, .adv_w = 576, .box_w = 33, .box_h = 33, .ofs_x = 0, .ofs_y = 0},
    {.bitmap_index = 67898, .adv_w = 576, .box_w = 33, .box_h = 33, .ofs_x = 0, .ofs_y = 0},
    {.bitmap_index = 68035, .adv_w = 576, .box_w = 33, .box_h = 33, .ofs_x = 0, .ofs_y = 0},
    {.bitmap_index = 68172, .adv_w = 576, .box_w = 33, .box_h = 33, .ofs_x = 0, .ofs_y = 0},
    {.bitmap_index = 68309, .adv_w = 576, .box_w = 33, .box_h = 33, .ofs_x = 0, .ofs_y = 0},
    {.bitmap_index = 68446, .adv_w = 576, .box_w = 33, .box_h = 33, .ofs_x = 0, .ofs_y = 0},
    {.bitmap_index = 68583, .adv_w = 576, .box_w = 33, .box_h = 33, .ofs_x = 0, .ofs_y = 0},
    {.bitmap_index = 68720, .adv_w = 576, .box_w = 33, .box_h = 33, .ofs_x = 0, .ofs_y = 0},
    {.bitmap_index = 68857, .adv_w = 576, .box_w = 33, .box_h = 33, .ofs_x = 0, .ofs_y = 0},
    {.bitmap_index = 68994, .adv_w = 576, .box_w = 33, .box_h = 33, .ofs_x = 0, .ofs_y = 0},
    {.bitmap_index = 69131, .adv_w = 576, .box_w = 33, .box_h = 33, .ofs_x = 0, .ofs_y = 0},
    {.bitmap_index = 69268, .adv_w = 576, .box_w = 33, .box_h = 33, .ofs_x = 0, .ofs_y = 0},
    {.bitmap_index = 69405, .adv_w = 576, .box_w = 33, .box_h = 33, .ofs_x = 0, .ofs_y = 0},
    {.bitmap_index = 69542, .adv_w = 576, .box_w = 33, .box_h = 33, .ofs_x = 0, .ofs_y = 0},
    {.bitmap_index = 69679, .adv_w = 576, .box_w = 33, .box_h = 33, .ofs_x = 0, .ofs_y = 0},
    {.bitmap_index = 69816, .adv_w = 576, .box_w = 33, .box_h = 33, .ofs_x = 0, .ofs_y = 0},
    {.bitmap_index = 69953, .adv_w = 576, .box_w = 33, .box_h = 33, .ofs_x = 0, .ofs_y = 0},
    {.bitmap_index = 70090, .adv_w = 576, .box_w = 33, .box_h = 33, .ofs_x = 0, .ofs_y = 0},
    {.bitmap_index = 70227, .adv_w = 576, .box_w = 33, .box_h = 33, .ofs_x = 0, .ofs_y = 0},
    {.bitmap_index = 70364, .adv_w = 576, .box_w = 33, .box_h = 33, .ofs_x = 0, .ofs_y = 0},
    {.bitmap_index = 70501, .adv_w = 576, .box_w = 33, .box_h = 33, .ofs_x = 0, .ofs_y = 0},
    {.bitmap_index = 70638, .adv_w = 576, .box_w = 33, .box_h = 33, .ofs_x = 0, .ofs_y = 0},
    {.bitmap_index = 70775, .adv_w = 576, .box_w = 33, .box_h = 33, .ofs_x = 0, .ofs_y = 0},
    {.bitmap_index = 70912, .adv_w = 576, .box_w = 33, .box_h = 33, .ofs_x = 0, .ofs_y = 0},
    {.bitmap_index = 71049, .adv_w = 576, .box_w = 33, .box_h = 33, .ofs_x = 0, .ofs_y = 0},
    {.bitmap_index = 71186, .adv_w = 576, .box_w = 33, .box_h = 33, .ofs_x = 0, .ofs_y = 0},
    {.bitmap_index = 71323, .adv_w = 576, .box_w = 33, .box_h = 33, .ofs_x = 0, .ofs_y = 0},
    {.bitmap_index = 71460, .adv_w = 576, .box_w = 33, .box_h = 33, .ofs_x = 0, .ofs_y = 0},
    {.bitmap_index = 71597, .adv_w = 576, .box_w = 33, .box_h = 33, .ofs_x = 0, .ofs_y = 0},
    {.bitmap_index = 71734, .adv_w = 576, .box_w = 33, .box_h = 33, .ofs_x = 0, .ofs_y = 0},
    {.bitmap_index = 71871, .adv_w = 576, .box_w = 33, .box_h = 33, .ofs_x = 0, .ofs_y = 0},
    {.bitmap_index = 72008, .adv_w = 576, .box_w = 33, .box_h = 33, .ofs_x = 0, .ofs_y = 0},
    {.bitmap_index = 72145, .adv_w = 576, .box_w = 33, .box_h = 33, .ofs_x = 0, .ofs_y = 0},
    {.bitmap_index = 72282, .adv_w = 576, .box_w = 33, .box_h = 33, .ofs_x = 0, .ofs_y = 0},
    {.bitmap_index = 72419, .adv_w = 576, .box_w = 33, .box_h = 33, .ofs_x = 0, .ofs_y = 0},
    {.bitmap_index = 72556, .adv_w = 576, .box_w = 33, .box_h = 33, .ofs_x = 0, .ofs_y = 0},
    {.bitmap_index = 72693, .adv_w = 576, .box_w = 33, .box_h = 33, .ofs_x = 0, .ofs_y = 0},
    {.bitmap_index = 72830, .adv_w = 576, .box_w = 33, .box_h = 33, .ofs_x = 0, .ofs_y = 0},
    {.bitmap_index = 72967, .adv_w = 576, .box_w = 33, .box_h = 33, .ofs_x = 0, .ofs_y = 0},
    {.bitmap_index = 73104, .adv_w = 576, .box_w = 33, .box_h = 33, .ofs_x = 0, .ofs_y = 0},
    {.bitmap_index = 73241, .adv_w = 576, .box_w = 33, .box_h = 33, .ofs_x = 0, .ofs_y = 0},
    {.bitmap_index = 73378, .adv_w = 576, .box_w = 33, .box_h = 33, .ofs_x = 0, .ofs_y = 0},
    {.bitmap_index = 73515, .adv_w = 576, .box_w = 33, .box_h = 33, .ofs_x = 0, .ofs_y = 0},
    {.bitmap_index = 73652, .adv_w = 576, .box_w = 33, .box_h = 33, .ofs_x = 0, .ofs_y = 0},
    {.bitmap_index = 73789, .adv_w = 576, .box_w = 33, .box_h = 33, .ofs_x = 0, .ofs_y = 0},
    {.bitmap_index = 73926, .adv_w = 576, .box_w = 33, .box_h = 33, .ofs_x = 0, .ofs_y = 0},
    {.bitmap_index = 74063, .adv_w = 576, .box_w = 33, .box_h = 33, .ofs_x = 0, .ofs_y = 0},
    {.bitmap_index = 74200, .adv_w = 576, .box_w = 33, .box_h = 33, .ofs_x = 0, .ofs_y = 0},
    {.bitmap_index = 74337, .adv_w = 576, .box_w = 33, .box_h = 33, .ofs_x = 0, .ofs_y = 0},
    {.bitmap_index = 74474, .adv_w = 576, .box_w = 33, .box_h = 33, .ofs_x = 0, .ofs_y = 0},
    {.bitmap_index = 74611, .adv_w = 576, .box_w = 33, .box_h = 33, .ofs_x = 0, .ofs_y = 0},
    {.bitmap_index = 74748, .adv_w = 576, .box_w = 33, .box_h = 33, .ofs_x = 0, .ofs_y = 0},
    {.bitmap_index = 74885, .adv_w = 576, .box_w = 33, .box_h = 33, .ofs_x = 0, .ofs_y = 0},
    {.bitmap_index = 75022, .adv_w = 576, .box_w = 33, .box_h = 33, .ofs_x = 0, .ofs_y = 0},
    {.bitmap_index = 75159, .adv_w = 576, .box_w = 33, .box_h = 33, .ofs_x = 0, .ofs_y = 0},
    {.bitmap_index = 75296, .adv_w = 576, .box_w = 33, .box_h = 33, .ofs_x = 0, .ofs_y = 0},
    {.bitmap_index = 75433, .adv_w = 576, .box_w = 33, .box_h = 33, .ofs_x = 0, .ofs_y = 0},
    {.bitmap_index = 75570, .adv_w = 576, .box_w = 33, .box_h = 33, .ofs_x = 0, .ofs_y = 0},
    {.bitmap_index = 75707, .adv_w = 576, .box_w = 33, .box_h = 33, .ofs_x = 0, .ofs_y = 0},
    {.bitmap_index = 75844, .adv_w = 576, .box_w = 33, .box_h = 33, .ofs_x = 0, .ofs_y = 0},
    {.bitmap_index = 75981, .adv_w = 576, .box_w = 33, .box_h = 33, .ofs_x = 0, .ofs_y = 0},
    {.bitmap_index = 76118, .adv_w = 576, .box_w = 33, .box_h = 33, .ofs_x = 0, .ofs_y = 0},
    {.bitmap_index = 76255, .adv_w = 576, .box_w = 33, .box_h = 33, .ofs_x = 0, .ofs_y = 0},
    {.bitmap_index = 76392, .adv_w = 576, .box_w = 33, .box_h = 33, .ofs_x = 0, .ofs_y = 0},
    {.bitmap_index = 76529, .adv_w = 576, .box_w = 33, .box_h = 33, .ofs_x = 0, .ofs_y = 0},
    {.bitmap_index = 76666, .adv_w = 576, .box_w = 33, .box_h = 33, .ofs_x = 0, .ofs_y = 0},
    {.bitmap_index = 76803, .adv_w = 576, .box_w = 33, .box_h = 33, .ofs_x = 0, .ofs_y = 0},
    {.bitmap_index = 76940, .adv_w = 576, .box_w = 33, .box_h = 33, .ofs_x = 0, .ofs_y = 0},
    {.bitmap_index = 77077, .adv_w = 576, .box_w = 33, .box_h = 33, .ofs_x = 0, .ofs_y = 0},
    {.bitmap_index = 77214, .adv_w = 576, .box_w = 33, .box_h = 33, .ofs_x = 0, .ofs_y = 0},
    {.bitmap_index = 77351, .adv_w = 576, .box_w = 33, .box_h = 33, .ofs_x = 0, .ofs_y = 0},
    {.bitmap_index = 77488, .adv_w = 576, .box_w = 33, .box_h = 33, .ofs_x = 0, .ofs_y = 0},
    {.bitmap_index = 77625, .adv_w = 576, .box_w = 33, .box_h = 33, .ofs_x = 0, .ofs_y = 0},
    {.bitmap_index = 77762, .adv_w = 576, .box_w = 33, .box_h = 33, .ofs_x = 0, .ofs_y = 0},
    {.bitmap_index = 77899, .adv_w = 576, .box_w = 33, .box_h = 33, .ofs_x = 0, .ofs_y = 0},
    {.bitmap_index = 78036, .adv_w = 576, .box_w = 33, .box_h = 33, .ofs_x = 0, .ofs_y = 0},
    {.bitmap_index = 78173, .adv_w = 576, .box_w = 33, .box_h = 33, .ofs_x = 0, .ofs_y = 0},
    {.bitmap_index = 78310, .adv_w = 576, .box_w = 33, .box_h = 33, .ofs_x = 0, .ofs_y = 0},
    {.bitmap_index = 78447, .adv_w = 576, .box_w = 33, .box_h = 33, .ofs_x = 0, .ofs_y = 0},
    {.bitmap_index = 78584, .adv_w = 576, .box_w = 33, .box_h = 33, .ofs_x = 0, .ofs_y = 0},
    {.bitmap_index = 78721, .adv_w = 576, .box_w = 33, .box_h = 33, .ofs_x = 0, .ofs_y = 0},
    {.bitmap_index = 78858, .adv_w = 576, .box_w = 33, .box_h = 33, .ofs_x = 0, .ofs_y = 0},
    {.bitmap_index = 78995, .adv_w = 576, .box_w = 33, .box_h = 33, .ofs_x = 0, .ofs_y = 0},
    {.bitmap_index = 79132, .adv_w = 576, .box_w = 33, .box_h = 33, .ofs_x = 0, .ofs_y = 0},
    {.bitmap_index = 79269, .adv_w = 576, .box_w = 33, .box_h = 33, .ofs_x = 0, .ofs_y = 0},
    {.bitmap_index = 79406, .adv_w = 576, .box_w = 33, .box_h = 33, .ofs_x = 0, .ofs_y = 0},
    {.bitmap_index = 79543, .adv_w = 576, .box_w = 33, .box_h = 33, .ofs_x = 0, .ofs_y = 0},
    {.bitmap_index = 79680, .adv_w = 576, .box_w = 33, .box_h = 33, .ofs_x = 0, .ofs_y = 0},
    {.bitmap_index = 79817, .adv_w = 576, .box_w = 33, .box_h = 33, .ofs_x = 0, .ofs_y = 0},
    {.bitmap_index = 79954, .adv_w = 576, .box_w = 33, .box_h = 33, .ofs_x = 0, .ofs_y = 0},
    {.bitmap_index = 80091, .adv_w = 576, .box_w = 33, .box_h = 33, .ofs_x = 0, .ofs_y = 0},
    {.bitmap_index = 80228, .adv_w = 576, .box_w = 33, .box_h = 33, .ofs_x = 0, .ofs_y = 0},
    {.bitmap_index = 80365, .adv_w = 576, .box_w = 33, .box_h = 33, .ofs_x = 0, .ofs_y = 0},
    {.bitmap_index = 80502, .adv_w = 576, .box_w = 33, .box_h = 33, .ofs_x = 0, .ofs_y = 0},
    {.bitmap_index = 80639, .adv_w = 576, .box_w = 33, .box_h = 33, .ofs_x = 0, .ofs_y = 0},
    {.bitmap_index = 80776, .adv_w = 576, .box_w = 33, .box_h = 33, .ofs_x = 0, .ofs_y = 0},
    {.bitmap_index = 80913, .adv_w = 576, .box_w = 33, .box_h = 33, .ofs_x = 0, .ofs_y = 0},
    {.bitmap_index = 81050, .adv_w = 576, .box_w = 33, .box_h = 33, .ofs_x = 0, .ofs_y = 0},
    {.bitmap_index = 81187, .adv_w = 576, .box_w = 33, .box_h = 33, .ofs_x = 0, .ofs_y = 0},
    {.bitmap_index = 81324, .adv_w = 576, .box_w = 33, .box_h = 33, .ofs_x = 0, .ofs_y = 0},
    {.bitmap_index = 81461, .adv_w = 576, .box_w = 33, .box_h = 33, .ofs_x = 0, .ofs_y = 0},
    {.bitmap_index = 81598, .adv_w = 576, .box_w = 33, .box_h = 33, .ofs_x = 0, .ofs_y = 0},
    {.bitmap_index = 81735, .adv_w = 576, .box_w = 33, .box_h = 33, .ofs_x = 0, .ofs_y = 0},
    {.bitmap_index = 81872, .adv_w = 576, .box_w = 33, .box_h = 33, .ofs_x = 0, .ofs_y = 0},
    {.bitmap_index = 82009, .adv_w = 576, .box_w = 33, .box_h = 33, .ofs_x = 0, .ofs_y = 0},
    {.bitmap_index = 82146, .adv_w = 576, .box_w = 33, .box_h = 33, .ofs_x = 0, .ofs_y = 0},
    {.bitmap_index = 82283, .adv_w = 576, .box_w = 33, .box_h = 33, .ofs_x = 0, .ofs_y = 0},
    {.bitmap_index = 82420, .adv_w = 576, .box_w = 33, .box_h = 33, .ofs_x = 0, .ofs_y = 0},
    {.bitmap_index = 82557, .adv_w = 576, .box_w = 33, .box_h = 33, .ofs_x = 0, .ofs_y = 0},
    {.bitmap_index = 82694, .adv_w = 576, .box_w = 33, .box_h = 33, .ofs_x = 0, .ofs_y = 0},
    {.bitmap_index = 82831, .adv_w = 576, .box_w = 33, .box_h = 33, .ofs_x = 0, .ofs_y = 0},
    {.bitmap_index = 82968, .adv_w = 576, .box_w = 33, .box_h = 33, .ofs_x = 0, .ofs_y = 0},
    {.bitmap_index = 83105, .adv_w = 576, .box_w = 33, .box_h = 33, .ofs_x = 0, .ofs_y = 0},
    {.bitmap_index = 83242, .adv_w = 576, .box_w = 33, .box_h = 33, .ofs_x = 0, .ofs_y = 0},
    {.bitmap_index = 83379, .adv_w = 576, .box_w = 33, .box_h = 33, .ofs_x = 0, .ofs_y = 0},
    {.bitmap_index = 83516, .adv_w = 576, .box_w = 33, .box_h = 33, .ofs_x = 0, .ofs_y = 0},
    {.bitmap_index = 83653, .adv_w = 576, .box_w = 33, .box_h = 33, .ofs_x = 0, .ofs_y = 0},
    {.bitmap_index = 83790, .adv_w = 576, .box_w = 33, .box_h = 33, .ofs_x = 0, .ofs_y = 0},
    {.bitmap_index = 83927, .adv_w = 576, .box_w = 33, .box_h = 33, .ofs_x = 0, .ofs_y = 0},
    {.bitmap_index = 84064, .adv_w = 576, .box_w = 33, .box_h = 33, .ofs_x = 0, .ofs_y = 0},
    {.bitmap_index = 84201, .adv_w = 576, .box_w = 33, .box_h = 33, .ofs_x = 0, .ofs_y = 0},
    {.bitmap_index = 84338, .adv_w = 576, .box_w = 33, .box_h = 33, .ofs_x = 0, .ofs_y = 0},
    {.bitmap_index = 84475, .adv_w = 576, .box_w = 33, .box_h = 33, .ofs_x = 0, .ofs_y = 0},
    {.bitmap_index = 84612, .adv_w = 576, .box_w = 33, .box_h = 33, .ofs_x = 0, .ofs_y = 0},
    {.bitmap_index = 84749, .adv_w = 576, .box_w = 33, .box_h = 33, .ofs_x = 0, .ofs_y = 0},
    {.bitmap_index = 84886, .adv_w = 576, .box_w = 33, .box_h = 33, .ofs_x = 0, .ofs_y = 0},
    {.bitmap_index = 85023, .adv_w = 576, .box_w = 33, .box_h = 33, .ofs_x = 0, .ofs_y = 0},
    {.bitmap_index = 85160, .adv_w = 576, .box_w = 33, .box_h = 33, .ofs_x = 0, .ofs_y = 0},
    {.bitmap_index = 85297, .adv_w = 576, .box_w = 33, .box_h = 33, .ofs_x = 0, .ofs_y = 0},
    {.bitmap_index = 85434, .adv_w = 576, .box_w = 33, .box_h = 33, .ofs_x = 0, .ofs_y = 0},
    {.bitmap_index = 85571, .adv_w = 576, .box_w = 33, .box_h = 33, .ofs_x = 0, .ofs_y = 0},
    {.bitmap_index = 85708, .adv_w = 576, .box_w = 33, .box_h = 33, .ofs_x = 0, .ofs_y = 0},
    {.bitmap_index = 85845, .adv_w = 576, .box_w = 33, .box_h = 33, .ofs_x = 0, .ofs_y = 0},
    {.bitmap_index = 85982, .adv_w = 576, .box_w = 33, .box_h = 33, .ofs_x = 0, .ofs_y = 0},
    {.bitmap_index = 86119, .adv_w = 576, .box_w = 33, .box_h = 33, .ofs_x = 0, .ofs_y = 0},
    {.bitmap_index = 86256, .adv_w = 576, .box_w = 33, .box_h = 33, .ofs_x = 0, .ofs_y = 0},
    {.bitmap_index = 86393, .adv_w = 576, .box_w = 33, .box_h = 33, .ofs_x = 0, .ofs_y = 0},
    {.bitmap_index = 86530, .adv_w = 576, .box_w = 33, .box_h = 33, .ofs_x = 0, .ofs_y = 0},
    {.bitmap_index = 86667, .adv_w = 576, .box_w = 33, .box_h = 33, .ofs_x = 0, .ofs_y = 0},
    {.bitmap_index = 86804, .adv_w = 576, .box_w = 33, .box_h = 33, .ofs_x = 0, .ofs_y = 0},
    {.bitmap_index = 86941, .adv_w = 576, .box_w = 33, .box_h = 33, .ofs_x = 0, .ofs_y = 0},
    {.bitmap_index = 87078, .adv_w = 576, .box_w = 33, .box_h = 33, .ofs_x = 0, .ofs_y = 0},
    {.bitmap_index = 87215, .adv_w = 576, .box_w = 33, .box_h = 33, .ofs_x = 0, .ofs_y = 0},
    {.bitmap_index = 87352, .adv_w = 576, .box_w = 33, .box_h = 33, .ofs_x = 0, .ofs_y = 0},
    {.bitmap_index = 87489, .adv_w = 576, .box_w = 33, .box_h = 33, .ofs_x = 0, .ofs_y = 0},
    {.bitmap_index = 87626, .adv_w = 576, .box_w = 33, .box_h = 33, .ofs_x = 0, .ofs_y = 0},
    {.bitmap_index = 87763, .adv_w = 576, .box_w = 33, .box_h = 33, .ofs_x = 0, .ofs_y = 0},
    {.bitmap_index = 87900, .adv_w = 576, .box_w = 33, .box_h = 33, .ofs_x = 0, .ofs_y = 0},
    {.bitmap_index = 88037, .adv_w = 576, .box_w = 33, .box_h = 33, .ofs_x = 0, .ofs_y = 0},
    {.bitmap_index = 88174, .adv_w = 576, .box_w = 33, .box_h = 33, .ofs_x = 0, .ofs_y = 0},
    {.bitmap_index = 88311, .adv_w = 576, .box_w = 33, .box_h = 33, .ofs_x = 0, .ofs_y = 0},
    {.bitmap_index = 88448, .adv_w = 576, .box_w = 33, .box_h = 33, .ofs_x = 0, .ofs_y = 0},
    {.bitmap_index = 88585, .adv_w = 576, .box_w = 33, .box_h = 33, .ofs_x = 0, .ofs_y = 0},
    {.bitmap_index = 88722, .adv_w = 576, .box_w = 33, .box_h = 33, .ofs_x = 0, .ofs_y = 0},
    {.bitmap_index = 88859, .adv_w = 576, .box_w = 33, .box_h = 33, .ofs_x = 0, .ofs_y = 0},
    {.bitmap_index = 88996, .adv_w = 576, .box_w = 33, .box_h = 33, .ofs_x = 0, .ofs_y = 0},
    {.bitmap_index = 89133, .adv_w = 576, .box_w = 33, .box_h = 33, .ofs_x = 0, .ofs_y = 0},
    {.bitmap_index = 89270, .adv_w = 576, .box_w = 33, .box_h = 33, .ofs_x = 0, .ofs_y = 0},
    {.bitmap_index = 89407, .adv_w = 576, .box_w = 33, .box_h = 33, .ofs_x = 0, .ofs_y = 0},
    {.bitmap_index = 89544, .adv_w = 576, .box_w = 33, .box_h = 33, .ofs_x = 0, .ofs_y = 0},
    {.bitmap_index = 89681, .adv_w = 576, .box_w = 33, .box_h = 33, .ofs_x = 0, .ofs_y = 0},
    {.bitmap_index = 89818, .adv_w = 576, .box_w = 33, .box_h = 33, .ofs_x = 0, .ofs_y = 0},
    {.bitmap_index = 89955, .adv_w = 576, .box_w = 33, .box_h = 33, .ofs_x = 0, .ofs_y = 0},
    {.bitmap_index = 90092, .adv_w = 576, .box_w = 33, .box_h = 33, .ofs_x = 0, .ofs_y = 0},
    {.bitmap_index = 90229, .adv_w = 576, .box_w = 33, .box_h = 33, .ofs_x = 0, .ofs_y = 0},
    {.bitmap_index = 90366, .adv_w = 576, .box_w = 33, .box_h = 33, .ofs_x = 0, .ofs_y = 0},
    {.bitmap_index = 90503, .adv_w = 576, .box_w = 33, .box_h = 33, .ofs_x = 0, .ofs_y = 0},
    {.bitmap_index = 90640, .adv_w = 576, .box_w = 33, .box_h = 33, .ofs_x = 0, .ofs_y = 0},
    {.bitmap_index = 90777, .adv_w = 576, .box_w = 33, .box_h = 33, .ofs_x = 0, .ofs_y = 0},
    {.bitmap_index = 90914, .adv_w = 576, .box_w = 33, .box_h = 33, .ofs_x = 0, .ofs_y = 0},
    {.bitmap_index = 91051, .adv_w = 576, .box_w = 33, .box_h = 33, .ofs_x = 0, .ofs_y = 0},
    {.bitmap_index = 91188, .adv_w = 576, .box_w = 33, .box_h = 33, .ofs_x = 0, .ofs_y = 0},
    {.bitmap_index = 91325, .adv_w = 576, .box_w = 33, .box_h = 33, .ofs_x = 0, .ofs_y = 0},
    {.bitmap_index = 91462, .adv_w = 576, .box_w = 33, .box_h = 33, .ofs_x = 0, .ofs_y = 0},
    {.bitmap_index = 91599, .adv_w = 576, .box_w = 33, .box_h = 33, .ofs_x = 0, .ofs_y = 0},
    {.bitmap_index = 91736, .adv_w = 576, .box_w = 33, .box_h = 33, .ofs_x = 0, .ofs_y = 0},
    {.bitmap_index = 91873, .adv_w = 576, .box_w = 33, .box_h = 33, .ofs_x = 0, .ofs_y = 0},
    {.bitmap_index = 92010, .adv_w = 576, .box_w = 33, .box_h = 33, .ofs_x = 0, .ofs_y = 0},
    {.bitmap_index = 92147, .adv_w = 576, .box_w = 33, .box_h = 33, .ofs_x = 0, .ofs_y = 0},
    {.bitmap_index = 92284, .adv_w = 576, .box_w = 3, .box_h = 27, .ofs_x = 15, .ofs_y = 3},
    {.bitmap_index = 92295, .adv_w = 576, .box_w = 12, .box_h = 33, .ofs_x = 18, .ofs_y = 0},
    {.bitmap_index = 92345, .adv_w = 576, .box_w = 12, .box_h = 33, .ofs_x = 3, .ofs_y = 0},
    {.bitmap_index = 92395, .adv_w = 576, .box_w = 6, .box_h = 9, .ofs_x = 12, .ofs_y = 0},
    {.bitmap_index = 92402, .adv_w = 576, .box_w = 6, .box_h = 21, .ofs_x = 12, .ofs_y = 6},
    {.bitmap_index = 92418, .adv_w = 576, .box_w = 6, .box_h = 27, .ofs_x = 12, .ofs_y = 0},
    {.bitmap_index = 92439, .adv_w = 576, .box_w = 21, .box_h = 27, .ofs_x = 6, .ofs_y = 3}
};

/*---------------------
 *  CHARACTER MAPPING
 *--------------------*/

static const uint16_t unicode_list_1[] = {
    0x0, 0x2, 0xd, 0x1f7f, 0x2f5e, 0x2f5f, 0x2f69, 0x2f6a,
    0x2f79
};

static const uint8_t glyph_id_ofs_list_3[] = {
    0, 1, 2, 3, 4, 0, 0, 0,
    0, 5, 6, 0, 0, 0, 0, 7,
    8, 9, 10, 0, 11, 12, 13, 14,
    15, 16, 0, 17, 0, 18, 19, 20,
    0, 21, 0, 22, 23, 24, 25, 26,
    27, 28, 0, 29, 0, 30, 31, 32,
    0, 33, 34, 0, 35, 36, 37, 38,
    39, 0, 0, 40, 41, 0, 42, 43,
    0, 44, 45, 46, 47, 48, 0, 0,
    0, 49, 50, 51, 52, 53, 54, 55,
    56, 57, 58, 59, 60, 61, 0, 62,
    63, 64, 65, 66
};

static const uint16_t unicode_list_4[] = {
    0x0, 0x4, 0xc, 0xd, 0x1d11, 0x1d1a, 0x1d1b, 0x1d1c,
    0x1d1e, 0x1d37, 0x1d3b, 0x1d3e, 0x1d43, 0x1d49, 0x1d4c, 0x1d97,
    0x1d9f, 0x1dbf, 0x1ddb, 0x1ddf, 0x1de9, 0x1df6, 0x1e07, 0x1e0c,
    0x1e2b, 0x1e4b, 0x1e5e, 0x1e60, 0x1e64, 0x1e66, 0x1e6a, 0x1e6d,
    0x1e90, 0x1eac, 0x1eee, 0x1ef2, 0x1f1c, 0x1f2a, 0x1f58, 0x1f60,
    0x1f6d, 0x1f85, 0x1f86, 0x1faa, 0x1fc4, 0x1fd6, 0x1fde, 0x1fe0,
    0x2043, 0x2054, 0x2056, 0x2059, 0x205a, 0x2076, 0x2079, 0x207d,
    0x2088, 0x2089, 0x2096, 0x209e, 0x20aa, 0x20d7, 0x210b, 0x2117,
    0x2118, 0x2128, 0x213a, 0x213b, 0x2141, 0x2147, 0x2148, 0x214c,
    0x215b, 0x215e, 0x217a, 0x217b, 0x21ac, 0x21b0, 0x21b1, 0x21ba,
    0x21ca, 0x21e6, 0x2216, 0x2227, 0x2240, 0x2258, 0x2271, 0x2282,
    0x2284, 0x22b0, 0x22c4, 0x22cc, 0x22d3, 0x22e7, 0x22f4, 0x2300,
    0x2304, 0x2308, 0x2319, 0x231d, 0x231e, 0x231f, 0x2322, 0x2337,
    0x233c, 0x235b, 0x2379, 0x238e, 0x239d, 0x2460, 0x24bf, 0x2528,
    0x2579, 0x25c5, 0x25ef, 0x25f1, 0x260b, 0x260e, 0x2624, 0x2627,
    0x2639, 0x2641, 0x2651, 0x2660, 0x269c, 0x26f1, 0x2742, 0x2745,
    0x275b, 0x277c, 0x27d2, 0x27e4, 0x27ef, 0x281a, 0x2827, 0x282b,
    0x2838, 0x2842, 0x284f, 0x2868, 0x28dc, 0x2a68, 0x2a69, 0x2a9a,
    0x2a9d, 0x2aa9, 0x2aab, 0x2ab0, 0x2ab3, 0x2aca, 0x2ad7, 0x2af7,
    0x2afc, 0x2b17, 0x2b18, 0x2b1e, 0x2b20, 0x2b2b, 0x2b51, 0x2b60,
    0x2cf6, 0x2cf7, 0x2d03, 0x2d14, 0x2d49, 0x2d66, 0x2d84, 0x2d85,
    0x2d87, 0x2d94, 0x2da0, 0x2da6, 0x2db7, 0x2e0b, 0x2e20, 0x2e48,
    0x2e64, 0x2e73, 0x2e95, 0x2e96, 0x2e9d, 0x2ea2, 0x2eaf, 0x2eb2,
    0x2eba, 0x2ed6, 0x2ee9, 0x2efc, 0x2f38, 0x2f73, 0x2f80, 0x2fd6,
    0x305c, 0x30c7, 0x3121, 0x3127, 0x313b, 0x314c, 0x3151, 0x315c,
    0x3164, 0x318f, 0x31af, 0x31cd, 0x3212, 0x3213, 0x3218, 0x321a,
    0x327f, 0x3288, 0x3294, 0x32ac, 0x32b6, 0x32b8, 0x32e0, 0x32ec,
    0x331e, 0x3394, 0x33b5, 0x33be, 0x33d8, 0x33de, 0x3447, 0x344a,
    0x344c, 0x344f, 0x3468, 0x3481, 0x3489, 0x3498, 0x34aa, 0x34be,
    0x34c1, 0x34c8, 0x34ca, 0x34cd, 0x34dc, 0x34f1, 0x34f6, 0x351f,
    0x3540, 0x3553, 0x3580, 0x3587, 0x35a8, 0x35bc, 0x3605, 0x3609,
    0x3610, 0x3611, 0x3614, 0x361a, 0x361e, 0x3630, 0x363b, 0x363c,
    0x363d, 0x364b, 0x368f, 0x3690, 0x36a1, 0x370c, 0x3732, 0x374d,
    0x3759, 0x382d, 0x388e, 0x3913, 0x392a, 0x3932, 0x3970, 0x39b3,
    0x3a32, 0x3a73, 0x3a74, 0x3a75, 0x3a9c, 0x3ade, 0x3ae5, 0x3b28,
    0x3b53, 0x3b71, 0x3b8b, 0x3ba3, 0x3bb2, 0x3be6, 0x3bf3, 0x3c52,
    0x3c99, 0x3d0c, 0x3d16, 0x3d19, 0x3d3d, 0x3d49, 0x3d5b, 0x3d91,
    0x3da1, 0x3da7, 0x3dd6, 0x3de2, 0x3f80, 0x3fca, 0x3fcb, 0x4032,
    0x40d9, 0x40e3, 0x411e, 0x4158, 0x4159, 0x417a, 0x41c7, 0x41fd,
    0x41fe, 0x4279, 0x430f, 0x4317, 0x4430, 0x4439, 0x4442, 0x444c,
    0x446a, 0x447c, 0x4487, 0x458b, 0x458c, 0x458d, 0x458e, 0x4595,
    0x45f5, 0x45ff, 0x4605, 0x461c, 0x46f6, 0x4745, 0x47cb, 0x47cd,
    0x47d2, 0x47eb, 0x484b, 0x4892, 0x48d2, 0x48e9, 0x4901, 0x490c,
    0x491e, 0x4942, 0x494d, 0x497a, 0x498b, 0x49dc, 0x4a00, 0x4a5a,
    0x4ab2, 0x4ad1, 0x4b50, 0x4ba9, 0x4c0c, 0x4c2a, 0x4c2b, 0x4c33,
    0x4c53, 0x4c5d, 0x4c77, 0x4c82, 0x4ca4, 0x4caa, 0x4cab, 0x4cc3,
    0x4cdb, 0x4ceb, 0x4cf9, 0x4d37, 0x4d4e, 0x4d52, 0x4d8d, 0x4d9d,
    0x4e62, 0x4e7f, 0x4f16, 0x4f28, 0x4fdd, 0x500e, 0x5077, 0x50fb,
    0x5118, 0x5183, 0x51c0, 0x5202, 0x5446, 0x54e0, 0x5570, 0x56b3,
    0x575d, 0x5779, 0x57d6, 0x57ed, 0x57ee, 0x580e, 0x5818, 0x5892,
    0x58a0, 0x58a7, 0x58b8, 0x58c4, 0x58d1, 0x58e3, 0x58f4, 0x5911,
    0x5913, 0x5919, 0x591b, 0x5929, 0x593e, 0x594d, 0x596f, 0x5973,
    0x5977, 0x5982, 0x599e, 0x59af, 0x59b5, 0x59be, 0x59d0, 0x59dc,
    0x5a5a, 0x5a77, 0x5a88, 0x5a91, 0x5a9b, 0x5b5f, 0x5bcc, 0x5bcd,
    0x5bd8, 0x5c81, 0x5c88, 0x5cc4, 0x5cee, 0x5d00, 0x5d04, 0x5dbc,
    0x5df0, 0x5df3, 0x5e1a, 0x5e40, 0x5e49, 0x5e5a, 0x5eaf, 0x5ecb,
    0x5ecd, 0x5ee5, 0x5f0e, 0x5f11, 0x5f20, 0x5f2b, 0x5f34, 0x5f43,
    0x5f5c, 0x5f5f, 0x5f64, 0x5f65, 0x5f66, 0x5f7a, 0x5f89, 0x5f9b,
    0x5ff9, 0x605e, 0x60de, 0x60e0, 0x60e2, 0x6240, 0x6243, 0x6286,
    0x6329, 0x6381, 0x6488, 0x6494, 0x649a, 0x649c, 0x64a4, 0x64ed,
    0x6575, 0x65a5, 0x65b9, 0x65bb, 0x65d7, 0x660c, 0x6611, 0x666f,
    0x6673, 0x6704, 0x6716, 0x6719, 0x6721, 0x674c, 0x674d, 0x675d,
    0x6760, 0x6780, 0x6829, 0x68d7, 0x6924, 0x6968, 0x69e5, 0x69e9,
    0x6a17, 0x6def, 0xce12, 0xce19, 0xce1a, 0xce1d, 0xce2b, 0xce2c,
    0xce30
};

/*Collect the unicode lists and glyph_id offsets*/
static const lv_font_fmt_txt_cmap_t cmaps[] =
{
    {
        .range_start = 32, .range_length = 95, .glyph_id_start = 1,
        .unicode_list = NULL, .glyph_id_ofs_list = NULL, .list_length = 0, .type = LV_FONT_FMT_TXT_CMAP_FORMAT0_TINY
    },
    {
        .range_start = 163, .range_length = 12154, .glyph_id_start = 96,
        .unicode_list = unicode_list_1, .glyph_id_ofs_list = NULL, .list_length = 9, .type = LV_FONT_FMT_TXT_CMAP_SPARSE_TINY
    },
    {
        .range_start = 12353, .range_length = 79, .glyph_id_start = 105,
        .unicode_list = NULL, .glyph_id_ofs_list = NULL, .list_length = 0, .type = LV_FONT_FMT_TXT_CMAP_FORMAT0_TINY
    },
    {
        .range_start = 12434, .range_length = 92, .glyph_id_start = 184,
        .unicode_list = NULL, .glyph_id_ofs_list = glyph_id_ofs_list_3, .list_length = 92, .type = LV_FONT_FMT_TXT_CMAP_FORMAT0_FULL
    },
    {
        .range_start = 12527, .range_length = 52785, .glyph_id_start = 251,
        .unicode_list = unicode_list_4, .glyph_id_ofs_list = NULL, .list_length = 513, .type = LV_FONT_FMT_TXT_CMAP_SPARSE_TINY
    }
};



/*--------------------
 *  ALL CUSTOM DATA
 *--------------------*/

#if LVGL_VERSION_MAJOR == 8
/*Store all the custom data of the font*/
static  lv_font_fmt_txt_glyph_cache_t cache;
#endif

#if LVGL_VERSION_MAJOR >= 8
static const lv_font_fmt_txt_dsc_t font_dsc = {
#else
static lv_font_fmt_txt_dsc_t font_dsc = {
#endif
    .glyph_bitmap = glyph_bitmap,
    .glyph_dsc = glyph_dsc,
    .cmaps = cmaps,
    .kern_dsc = NULL,
    .kern_scale = 0,
    .cmap_num = 5,
    .bpp = 1,
    .kern_classes = 0,
    .bitmap_format = 0,
#if LVGL_VERSION_MAJOR == 8
    .cache = &cache
#endif
};



/*-----------------
 *  PUBLIC FONT
 *----------------*/

/*Initialize a public general font descriptor*/
#if LVGL_VERSION_MAJOR >= 8
const lv_font_t font_px36b = {
#else
lv_font_t font_px36b = {
#endif
    .get_glyph_dsc = lv_font_get_glyph_dsc_fmt_txt,    /*Function pointer to get glyph's data*/
    .get_glyph_bitmap = lv_font_get_bitmap_fmt_txt,    /*Function pointer to get glyph's bitmap*/
    .line_height = 36,          /*The maximum line height required by the font*/
    .base_line = 0,             /*Baseline measured from the bottom of the line*/
#if !(LVGL_VERSION_MAJOR == 6 && LVGL_VERSION_MINOR == 0)
    .subpx = LV_FONT_SUBPX_NONE,
#endif
#if LV_VERSION_CHECK(7, 4, 0) || LVGL_VERSION_MAJOR >= 8
    .underline_position = -3,
    .underline_thickness = 3,
#endif
    .dsc = &font_dsc,          /*The custom font data. Will be accessed by `get_glyph_bitmap/dsc` */
#if LV_VERSION_CHECK(8, 2, 0) || LVGL_VERSION_MAJOR >= 9
    .fallback = NULL,
#endif
    .user_data = NULL,
};



#endif /*#if FONT_PX36B*/

