ISO-10303-21;
HEADER;
/* Generated by software containing ST-Developer
 * from STEP Tools, Inc. (www.steptools.com) 
 */

FILE_DESCRIPTION(
/* description */ (''),
/* implementation_level */ '2;1');

FILE_NAME(
/* name */ 'Tab5_battery_case.step',
/* time_stamp */ '2026-09-28T19:23:44+09:00',
/* author */ (''),
/* organization */ (''),
/* preprocessor_version */ 'ST-DEVELOPER v20.2',
/* originating_system */ 'Autodesk Translation Framework v15.15.0.0',
/* authorisation */ '');

FILE_SCHEMA (('AUTOMOTIVE_DESIGN { 1 0 10303 214 3 1 1 }'));
ENDSEC;

DATA;
#10=MECHANICAL_DESIGN_GEOMETRIC_PRESENTATION_REPRESENTATION('',(#13),#3933);
#11=SHAPE_REPRESENTATION_RELATIONSHIP('SRR','None',#3940,#12);
#12=ADVANCED_BREP_SHAPE_REPRESENTATION('',(#14),#3932);
#13=STYLED_ITEM('',(#3949),#14);
#14=MANIFOLD_SOLID_BREP('Tab5_battery_case',#2067);
#15=B_SPLINE_SURFACE_WITH_KNOTS('',3,3,((#3480,#3481,#3482,#3483,#3484,
#3485,#3486,#3487,#3488,#3489,#3490,#3491,#3492,#3493,#3494,#3495,#3496,
#3497,#3498,#3499,#3500,#3501,#3502,#3503,#3504,#3505,#3506),(#3507,#3508,
#3509,#3510,#3511,#3512,#3513,#3514,#3515,#3516,#3517,#3518,#3519,#3520,
#3521,#3522,#3523,#3524,#3525,#3526,#3527,#3528,#3529,#3530,#3531,#3532,
#3533),(#3534,#3535,#3536,#3537,#3538,#3539,#3540,#3541,#3542,#3543,#3544,
#3545,#3546,#3547,#3548,#3549,#3550,#3551,#3552,#3553,#3554,#3555,#3556,
#3557,#3558,#3559,#3560),(#3561,#3562,#3563,#3564,#3565,#3566,#3567,#3568,
#3569,#3570,#3571,#3572,#3573,#3574,#3575,#3576,#3577,#3578,#3579,#3580,
#3581,#3582,#3583,#3584,#3585,#3586,#3587),(#3588,#3589,#3590,#3591,#3592,
#3593,#3594,#3595,#3596,#3597,#3598,#3599,#3600,#3601,#3602,#3603,#3604,
#3605,#3606,#3607,#3608,#3609,#3610,#3611,#3612,#3613,#3614)),
 .UNSPECIFIED.,.F.,.F.,.F.,(4,1,4),(4,1,1,1,1,1,1,1,1,1,1,1,1,1,1,1,1,1,
1,1,1,1,2,4),(0.,0.571428571428571,1.),(-0.623231240378689,-0.56090811634082,
-0.498584992302951,-0.467423430284017,-0.436261868265082,-0.373938744227213,
-0.358357963217746,-0.342777182208279,-0.311615620189344,-0.28045405817041,
-0.249292496151476,-0.207743746792896,-0.186969372113607,-0.166194997434317,
-0.152345414314791,-0.124646248075738,-0.0934846860568033,-0.0623231240378689,
-0.0467423430284017,-0.0311615620189344,-0.0155807810094672,-0.00779039050473361,
0.,0.000582652436550898),.UNSPECIFIED.);
#16=B_SPLINE_SURFACE_WITH_KNOTS('',3,3,((#3644,#3645,#3646,#3647,#3648,
#3649,#3650,#3651,#3652,#3653,#3654,#3655,#3656,#3657,#3658,#3659,#3660,
#3661,#3662,#3663,#3664,#3665,#3666,#3667,#3668,#3669,#3670),(#3671,#3672,
#3673,#3674,#3675,#3676,#3677,#3678,#3679,#3680,#3681,#3682,#3683,#3684,
#3685,#3686,#3687,#3688,#3689,#3690,#3691,#3692,#3693,#3694,#3695,#3696,
#3697),(#3698,#3699,#3700,#3701,#3702,#3703,#3704,#3705,#3706,#3707,#3708,
#3709,#3710,#3711,#3712,#3713,#3714,#3715,#3716,#3717,#3718,#3719,#3720,
#3721,#3722,#3723,#3724),(#3725,#3726,#3727,#3728,#3729,#3730,#3731,#3732,
#3733,#3734,#3735,#3736,#3737,#3738,#3739,#3740,#3741,#3742,#3743,#3744,
#3745,#3746,#3747,#3748,#3749,#3750,#3751),(#3752,#3753,#3754,#3755,#3756,
#3757,#3758,#3759,#3760,#3761,#3762,#3763,#3764,#3765,#3766,#3767,#3768,
#3769,#3770,#3771,#3772,#3773,#3774,#3775,#3776,#3777,#3778)),
 .UNSPECIFIED.,.F.,.F.,.F.,(4,1,4),(4,2,1,1,1,1,1,1,1,1,1,1,1,1,1,1,1,1,
1,1,1,1,1,4),(0.,0.571428571428571,1.),(-2.4926678237227,-2.49208517128615,
-2.48429478078141,-2.47650439027668,-2.46092360926721,-2.44534282825775,
-2.42976204724828,-2.39860048522934,-2.36743892321041,-2.32589017385183,
-2.30511579917254,-2.29472861183289,-2.28434142449325,-2.24279267513467,
-2.21163111311574,-2.1804695510968,-2.14930798907787,-2.1337272080684,-2.11814642705893,
-2.05582330302106,-2.02466174100213,-1.99350017898319,-1.93117705494532,
-1.86885393090745),.UNSPECIFIED.);
#17=(
BOUNDED_SURFACE()
B_SPLINE_SURFACE(2,2,((#3454,#3455,#3456),(#3457,#3458,#3459),(#3460,#3461,
#3462),(#3463,#3464,#3465),(#3466,#3467,#3468)),.UNSPECIFIED.,.F.,.F.,.F.)
B_SPLINE_SURFACE_WITH_KNOTS((3,2,3),(3,3),(0.,0.785398312409084,1.57079662481817),
(-5.79473668270424E-15,1.5707963267949),.UNSPECIFIED.)
GEOMETRIC_REPRESENTATION_ITEM()
RATIONAL_B_SPLINE_SURFACE(((1.,0.707106781186545,1.),(0.923879503999246,
0.653281462277129,0.923879503999246),(1.,0.707106781186545,1.),(0.92387950399926,
0.653281462277139,0.92387950399926),(1.,0.707106781186545,1.)))
REPRESENTATION_ITEM('')
SURFACE()
);
#18=(
BOUNDED_SURFACE()
B_SPLINE_SURFACE(2,2,((#3815,#3816,#3817),(#3818,#3819,#3820),(#3821,#3822,
#3823)),.UNSPECIFIED.,.F.,.F.,.F.)
B_SPLINE_SURFACE_WITH_KNOTS((3,3),(3,3),(-1.5707963267949,0.),(-3.14159265358979,
-1.5707963267949),.UNSPECIFIED.)
GEOMETRIC_REPRESENTATION_ITEM()
RATIONAL_B_SPLINE_SURFACE(((1.,0.707106781186547,1.),(0.707106781186621,
0.500000000000052,0.707106781186621),(1.,0.707106781186547,1.)))
REPRESENTATION_ITEM('')
SURFACE()
);
#19=(
BOUNDED_SURFACE()
B_SPLINE_SURFACE(2,2,((#3833,#3834,#3835),(#3836,#3837,#3838),(#3839,#3840,
#3841)),.UNSPECIFIED.,.F.,.F.,.F.)
B_SPLINE_SURFACE_WITH_KNOTS((3,3),(3,3),(-1.57079632679491,1.39587712638921E-14),
(-1.57079632679492,3.32419926719818E-16),.UNSPECIFIED.)
GEOMETRIC_REPRESENTATION_ITEM()
RATIONAL_B_SPLINE_SURFACE(((1.,0.70710678118654,1.),(0.707106781186511,
0.499999999999969,0.707106781186511),(1.,0.70710678118654,1.)))
REPRESENTATION_ITEM('')
SURFACE()
);
#20=(
BOUNDED_SURFACE()
B_SPLINE_SURFACE(2,2,((#3855,#3856,#3857),(#3858,#3859,#3860),(#3861,#3862,
#3863),(#3864,#3865,#3866),(#3867,#3868,#3869)),.UNSPECIFIED.,.F.,.F.,.F.)
B_SPLINE_SURFACE_WITH_KNOTS((3,2,3),(3,3),(-7.10542735760096E-14,0.785398312409004,
1.57079662481808),(1.5707963267949,3.1415926535898),.UNSPECIFIED.)
GEOMETRIC_REPRESENTATION_ITEM()
RATIONAL_B_SPLINE_SURFACE(((1.,0.707106781186545,1.),(0.923879503999498,
0.653281462277307,0.923879503999498),(1.,0.707106781186545,1.),(0.923879503999817,
0.653281462277533,0.923879503999817),(1.,0.707106781186545,1.)))
REPRESENTATION_ITEM('')
SURFACE()
);
#21=(
BOUNDED_SURFACE()
B_SPLINE_SURFACE(2,2,((#3875,#3876,#3877),(#3878,#3879,#3880),(#3881,#3882,
#3883)),.UNSPECIFIED.,.F.,.F.,.F.)
B_SPLINE_SURFACE_WITH_KNOTS((3,3),(3,3),(-1.5707963267949,0.),(-1.5707963267949,
-5.68641619785749E-15),.UNSPECIFIED.)
GEOMETRIC_REPRESENTATION_ITEM()
RATIONAL_B_SPLINE_SURFACE(((1.,0.70710678118655,1.),(0.707106781186621,
0.500000000000053,0.707106781186621),(1.,0.70710678118655,1.)))
REPRESENTATION_ITEM('')
SURFACE()
);
#22=(
BOUNDED_SURFACE()
B_SPLINE_SURFACE(2,2,((#3896,#3897,#3898),(#3899,#3900,#3901),(#3902,#3903,
#3904)),.UNSPECIFIED.,.F.,.F.,.F.)
B_SPLINE_SURFACE_WITH_KNOTS((3,3),(3,3),(-1.5707963267949,0.),(-3.14159265358979,
-1.5707963267949),.UNSPECIFIED.)
GEOMETRIC_REPRESENTATION_ITEM()
RATIONAL_B_SPLINE_SURFACE(((1.,0.70710678118655,1.),(0.707106781186517,
0.49999999999998,0.707106781186517),(1.,0.70710678118655,1.)))
REPRESENTATION_ITEM('')
SURFACE()
);
#23=B_SPLINE_CURVE_WITH_KNOTS('',3,(#3210,#3211,#3212,#3213,#3214,#3215,
#3216,#3217),.UNSPECIFIED.,.F.,.F.,(4,2,2,4),(0.945479427180829,0.979111502273843,
1.05302115933697,1.12480310232855),.UNSPECIFIED.);
#24=B_SPLINE_CURVE_WITH_KNOTS('',3,(#3224,#3225,#3226,#3227,#3228,#3229,
#3230,#3231,#3232,#3233),.UNSPECIFIED.,.F.,.F.,(4,2,2,2,4),(2.4964222022205,
2.50101102554425,2.57434083343809,2.64498544082572,2.67541997688779),
 .UNSPECIFIED.);
#25=B_SPLINE_CURVE_WITH_KNOTS('',3,(#3345,#3346,#3347,#3348,#3349,#3350),
 .UNSPECIFIED.,.F.,.F.,(4,2,4),(-1.0927228213258,-1.06936713876614,-1.05396858985355),
 .UNSPECIFIED.);
#26=B_SPLINE_CURVE_WITH_KNOTS('',3,(#3352,#3353,#3354,#3355,#3356,#3357,
#3358,#3359,#3360,#3361,#3362,#3363,#3364,#3365,#3366,#3367,#3368,#3369,
#3370,#3371),.UNSPECIFIED.,.F.,.F.,(4,2,2,2,2,2,2,2,2,4),(0.0205718457177681,
0.0692261710215629,0.138452342043126,0.276904684086252,0.44885962809896,
0.620814572111669,0.751948556295091,0.883082540478512,1.00308229259517,
1.10327313571045),.UNSPECIFIED.);
#27=B_SPLINE_CURVE_WITH_KNOTS('',3,(#3372,#3373,#3374,#3375,#3376,#3377,
#3378,#3379,#3380,#3381,#3382,#3383,#3384,#3385,#3386,#3387,#3388,#3389,
#3390,#3391,#3392,#3393),.UNSPECIFIED.,.F.,.F.,(4,2,2,2,2,2,2,2,2,2,4),
(-2.15368425169545,-2.06523857237435,-1.97287051142114,-1.8382899735854,
-1.7011737292058,-1.60204939222202,-1.52821739115836,-1.46310624224791,
-1.38695509870733,-1.28524510661948,-1.26818056142774),.UNSPECIFIED.);
#28=B_SPLINE_CURVE_WITH_KNOTS('',3,(#3396,#3397,#3398,#3399,#3400,#3401,
#3402,#3403,#3404,#3405,#3406,#3407,#3408,#3409,#3410,#3411,#3412,#3413,
#3414,#3415,#3416,#3417),.UNSPECIFIED.,.F.,.F.,(4,2,2,2,2,2,2,2,2,2,4),
(-2.11143386989604,-2.01149903394217,-1.91378085062974,-1.83762500712688,
-1.75604355837836,-1.64879979764357,-1.49775865889903,-1.34418397699015,
-1.22913024450678,-1.12986141696305,-1.10010009737718),.UNSPECIFIED.);
#29=B_SPLINE_CURVE_WITH_KNOTS('',3,(#3419,#3420,#3421,#3422,#3423,#3424,
#3425,#3426,#3427,#3428,#3429,#3430,#3431,#3432,#3433,#3434,#3435,#3436,
#3437,#3438),.UNSPECIFIED.,.F.,.F.,(4,2,2,2,2,2,2,2,2,4),(1.14289095371363,
1.24308179682846,1.36308154894512,1.49421553312853,1.62534951731195,1.79730446132465,
1.96925940533735,2.10771174738048,2.17693791840204,2.22559224370533),
 .UNSPECIFIED.);
#30=B_SPLINE_CURVE_WITH_KNOTS('',3,(#3439,#3440,#3441,#3442),
 .UNSPECIFIED.,.F.,.F.,(4,4),(-2.34699083699162,-2.30467690731329),
 .UNSPECIFIED.);
#31=B_SPLINE_CURVE_WITH_KNOTS('',3,(#3617,#3618,#3619,#3620,#3621,#3622,
#3623,#3624,#3625,#3626,#3627,#3628,#3629,#3630,#3631,#3632,#3633,#3634,
#3635,#3636,#3637,#3638,#3639,#3640,#3641,#3642,#3643),.UNSPECIFIED.,.F.,
 .F.,(4,2,1,1,1,1,1,1,1,1,1,1,1,1,1,1,1,1,1,1,1,1,1,4),(-0.000582652436550898,
0.,0.00779039050473361,0.0155807810094672,0.0311615620189344,0.0467423430284017,
0.0623231240378689,0.0934846860568033,0.124646248075738,0.152345414314791,
0.166194997434317,0.186969372113607,0.207743746792896,0.249292496151476,
0.28045405817041,0.311615620189344,0.342777182208279,0.358357963217746,
0.373938744227213,0.436261868265082,0.467423430284017,0.498584992302951,
0.56090811634082,0.623231240378689),.UNSPECIFIED.);
#32=B_SPLINE_CURVE_WITH_KNOTS('',3,(#3780,#3781,#3782,#3783,#3784,#3785,
#3786,#3787,#3788,#3789,#3790,#3791,#3792,#3793,#3794,#3795,#3796,#3797,
#3798,#3799,#3800,#3801,#3802,#3803,#3804,#3805,#3806),.UNSPECIFIED.,.F.,
 .F.,(4,1,1,1,1,1,1,1,1,1,1,1,1,1,1,1,1,1,1,1,1,1,2,4),(1.86885393090745,
1.93117705494532,1.99350017898319,2.02466174100213,2.05582330302106,2.11814642705893,
2.1337272080684,2.14930798907787,2.1804695510968,2.21163111311574,2.24279267513467,
2.28434142449325,2.29472861183289,2.30511579917254,2.32589017385183,2.36743892321041,
2.39860048522934,2.42976204724828,2.44534282825775,2.46092360926721,2.47650439027668,
2.48429478078141,2.49208517128615,2.4926678237227),.UNSPECIFIED.);
#33=ELLIPSE('',#2144,5.65685424949158,4.);
#34=FACE_BOUND('',#287,.T.);
#35=FACE_BOUND('',#288,.T.);
#36=FACE_BOUND('',#291,.T.);
#37=FACE_BOUND('',#292,.T.);
#38=FACE_BOUND('',#310,.T.);
#39=FACE_BOUND('',#311,.T.);
#40=FACE_BOUND('',#312,.T.);
#41=FACE_BOUND('',#313,.T.);
#42=FACE_BOUND('',#314,.T.);
#43=FACE_BOUND('',#315,.T.);
#44=FACE_BOUND('',#316,.T.);
#45=FACE_BOUND('',#338,.T.);
#46=FACE_BOUND('',#340,.T.);
#47=FACE_BOUND('',#346,.T.);
#48=FACE_BOUND('',#348,.T.);
#49=FACE_BOUND('',#398,.T.);
#50=FACE_BOUND('',#399,.T.);
#51=FACE_BOUND('',#416,.T.);
#52=CYLINDRICAL_SURFACE('',#2085,4.);
#53=CYLINDRICAL_SURFACE('',#2142,4.);
#54=CYLINDRICAL_SURFACE('',#2184,4.);
#55=CYLINDRICAL_SURFACE('',#2186,4.);
#56=CYLINDRICAL_SURFACE('',#2196,2.89999999988801);
#57=CYLINDRICAL_SURFACE('',#2199,2.89999999999987);
#58=CYLINDRICAL_SURFACE('',#2202,2.89999999999999);
#59=CYLINDRICAL_SURFACE('',#2205,2.9000000000003);
#60=CYLINDRICAL_SURFACE('',#2209,0.900000000000034);
#61=CYLINDRICAL_SURFACE('',#2213,0.900000000000034);
#62=CYLINDRICAL_SURFACE('',#2216,3.20000000000011);
#63=CYLINDRICAL_SURFACE('',#2217,3.19999999999997);
#64=CYLINDRICAL_SURFACE('',#2218,7.99999999999997);
#65=CYLINDRICAL_SURFACE('',#2225,3.99);
#66=CYLINDRICAL_SURFACE('',#2236,4.);
#67=CYLINDRICAL_SURFACE('',#2241,4.);
#68=CYLINDRICAL_SURFACE('',#2242,5.5);
#69=CYLINDRICAL_SURFACE('',#2244,4.);
#70=CYLINDRICAL_SURFACE('',#2247,4.);
#71=CYLINDRICAL_SURFACE('',#2251,5.5);
#72=CYLINDRICAL_SURFACE('',#2254,4.);
#73=CYLINDRICAL_SURFACE('',#2255,4.);
#74=CYLINDRICAL_SURFACE('',#2259,9.44999999999999);
#75=CYLINDRICAL_SURFACE('',#2260,2.99999999999997);
#76=CYLINDRICAL_SURFACE('',#2261,3.00000000000011);
#77=CYLINDRICAL_SURFACE('',#2262,1.84999999999997);
#78=CYLINDRICAL_SURFACE('',#2263,1.79999999999997);
#79=CYLINDRICAL_SURFACE('',#2264,1.84999999999997);
#80=CYLINDRICAL_SURFACE('',#2265,1.79999999999997);
#81=CYLINDRICAL_SURFACE('',#2269,27.1000000000001);
#82=CYLINDRICAL_SURFACE('',#2270,22.9000000000001);
#83=CIRCLE('',#2083,3.49999999999995);
#84=CIRCLE('',#2084,4.);
#85=CIRCLE('',#2086,4.00000000000006);
#86=CIRCLE('',#2087,4.);
#87=CIRCLE('',#2088,4.);
#88=CIRCLE('',#2090,0.900000000000034);
#89=CIRCLE('',#2093,3.50000000000006);
#90=CIRCLE('',#2094,3.50000000000009);
#91=CIRCLE('',#2095,4.);
#92=CIRCLE('',#2096,4.);
#93=CIRCLE('',#2097,4.);
#94=CIRCLE('',#2098,3.00000000000011);
#95=CIRCLE('',#2099,2.99999999999997);
#96=CIRCLE('',#2110,1.5);
#97=CIRCLE('',#2111,3.99999999999997);
#98=CIRCLE('',#2119,4.);
#99=CIRCLE('',#2120,4.);
#100=CIRCLE('',#2121,4.);
#101=CIRCLE('',#2122,4.);
#102=CIRCLE('',#2123,1.84999999999997);
#103=CIRCLE('',#2124,27.1000000000001);
#104=CIRCLE('',#2125,1.79999999999997);
#105=CIRCLE('',#2126,1.79999999999997);
#106=CIRCLE('',#2127,1.84999999999997);
#107=CIRCLE('',#2128,2.9000000000003);
#108=CIRCLE('',#2129,2.89999999999999);
#109=CIRCLE('',#2130,2.89999999999987);
#110=CIRCLE('',#2131,2.89999999988801);
#111=CIRCLE('',#2141,4.);
#112=CIRCLE('',#2143,3.99999999999999);
#113=CIRCLE('',#2145,4.);
#114=CIRCLE('',#2147,3.99999999999997);
#115=CIRCLE('',#2148,1.5);
#116=CIRCLE('',#2158,22.9000000000001);
#117=CIRCLE('',#2160,3.20000000000011);
#118=CIRCLE('',#2161,1.84999999999997);
#119=CIRCLE('',#2163,3.19999999999997);
#120=CIRCLE('',#2164,1.84999999999997);
#121=CIRCLE('',#2167,9.44999999999999);
#122=CIRCLE('',#2170,9.44999999999999);
#123=CIRCLE('',#2172,2.99999999999997);
#124=CIRCLE('',#2173,1.79999999999997);
#125=CIRCLE('',#2175,3.00000000000011);
#126=CIRCLE('',#2176,1.79999999999997);
#127=CIRCLE('',#2178,4.);
#128=CIRCLE('',#2181,4.);
#129=CIRCLE('',#2197,2.89999999988801);
#130=CIRCLE('',#2200,2.89999999999987);
#131=CIRCLE('',#2203,2.89999999999999);
#132=CIRCLE('',#2206,2.9000000000003);
#133=CIRCLE('',#2210,0.900000000000034);
#134=CIRCLE('',#2211,0.900000000000034);
#135=CIRCLE('',#2214,0.900000000000034);
#136=CIRCLE('',#2219,7.99999999999997);
#137=CIRCLE('',#2220,7.99999999999997);
#138=CIRCLE('',#2221,7.99999999999997);
#139=CIRCLE('',#2222,7.99999999999997);
#140=CIRCLE('',#2223,4.00000000000006);
#141=CIRCLE('',#2224,4.00000000000006);
#142=CIRCLE('',#2226,3.99000000000001);
#143=CIRCLE('',#2227,3.98999999999993);
#144=CIRCLE('',#2228,4.);
#145=CIRCLE('',#2229,4.);
#146=CIRCLE('',#2231,4.);
#147=CIRCLE('',#2232,4.);
#148=CIRCLE('',#2233,1.5);
#149=CIRCLE('',#2234,4.00000000000006);
#150=CIRCLE('',#2235,5.5);
#151=CIRCLE('',#2238,5.5);
#152=CIRCLE('',#2239,3.99999999999999);
#153=CIRCLE('',#2240,1.5);
#154=CIRCLE('',#2243,5.5);
#155=CIRCLE('',#2245,4.00000119209309);
#156=CIRCLE('',#2246,4.00000000000006);
#157=CIRCLE('',#2248,3.99999999999999);
#158=CIRCLE('',#2249,5.5);
#159=CIRCLE('',#2256,4.00000000000006);
#160=CIRCLE('',#2267,27.1000000000001);
#161=CIRCLE('',#2268,22.9000000000001);
#162=CONICAL_SURFACE('',#2082,3.74999999999997,0.785398163397528);
#163=CONICAL_SURFACE('',#2177,3.75000000000003,0.785398163397421);
#164=CONICAL_SURFACE('',#2180,3.75000000000004,0.78539816339739);
#165=FACE_OUTER_BOUND('',#283,.T.);
#166=FACE_OUTER_BOUND('',#284,.T.);
#167=FACE_OUTER_BOUND('',#285,.T.);
#168=FACE_OUTER_BOUND('',#286,.T.);
#169=FACE_OUTER_BOUND('',#289,.T.);
#170=FACE_OUTER_BOUND('',#290,.T.);
#171=FACE_OUTER_BOUND('',#293,.T.);
#172=FACE_OUTER_BOUND('',#294,.T.);
#173=FACE_OUTER_BOUND('',#295,.T.);
#174=FACE_OUTER_BOUND('',#296,.T.);
#175=FACE_OUTER_BOUND('',#297,.T.);
#176=FACE_OUTER_BOUND('',#298,.T.);
#177=FACE_OUTER_BOUND('',#299,.T.);
#178=FACE_OUTER_BOUND('',#300,.T.);
#179=FACE_OUTER_BOUND('',#301,.T.);
#180=FACE_OUTER_BOUND('',#302,.T.);
#181=FACE_OUTER_BOUND('',#303,.T.);
#182=FACE_OUTER_BOUND('',#304,.T.);
#183=FACE_OUTER_BOUND('',#305,.T.);
#184=FACE_OUTER_BOUND('',#306,.T.);
#185=FACE_OUTER_BOUND('',#307,.T.);
#186=FACE_OUTER_BOUND('',#308,.T.);
#187=FACE_OUTER_BOUND('',#309,.T.);
#188=FACE_OUTER_BOUND('',#317,.T.);
#189=FACE_OUTER_BOUND('',#318,.T.);
#190=FACE_OUTER_BOUND('',#319,.T.);
#191=FACE_OUTER_BOUND('',#320,.T.);
#192=FACE_OUTER_BOUND('',#321,.T.);
#193=FACE_OUTER_BOUND('',#322,.T.);
#194=FACE_OUTER_BOUND('',#323,.T.);
#195=FACE_OUTER_BOUND('',#324,.T.);
#196=FACE_OUTER_BOUND('',#325,.T.);
#197=FACE_OUTER_BOUND('',#326,.T.);
#198=FACE_OUTER_BOUND('',#327,.T.);
#199=FACE_OUTER_BOUND('',#328,.T.);
#200=FACE_OUTER_BOUND('',#329,.T.);
#201=FACE_OUTER_BOUND('',#330,.T.);
#202=FACE_OUTER_BOUND('',#331,.T.);
#203=FACE_OUTER_BOUND('',#332,.T.);
#204=FACE_OUTER_BOUND('',#333,.T.);
#205=FACE_OUTER_BOUND('',#334,.T.);
#206=FACE_OUTER_BOUND('',#335,.T.);
#207=FACE_OUTER_BOUND('',#336,.T.);
#208=FACE_OUTER_BOUND('',#337,.T.);
#209=FACE_OUTER_BOUND('',#339,.T.);
#210=FACE_OUTER_BOUND('',#341,.T.);
#211=FACE_OUTER_BOUND('',#342,.T.);
#212=FACE_OUTER_BOUND('',#343,.T.);
#213=FACE_OUTER_BOUND('',#344,.T.);
#214=FACE_OUTER_BOUND('',#345,.T.);
#215=FACE_OUTER_BOUND('',#347,.T.);
#216=FACE_OUTER_BOUND('',#349,.T.);
#217=FACE_OUTER_BOUND('',#350,.T.);
#218=FACE_OUTER_BOUND('',#351,.T.);
#219=FACE_OUTER_BOUND('',#352,.T.);
#220=FACE_OUTER_BOUND('',#353,.T.);
#221=FACE_OUTER_BOUND('',#354,.T.);
#222=FACE_OUTER_BOUND('',#355,.T.);
#223=FACE_OUTER_BOUND('',#356,.T.);
#224=FACE_OUTER_BOUND('',#357,.T.);
#225=FACE_OUTER_BOUND('',#358,.T.);
#226=FACE_OUTER_BOUND('',#359,.T.);
#227=FACE_OUTER_BOUND('',#360,.T.);
#228=FACE_OUTER_BOUND('',#361,.T.);
#229=FACE_OUTER_BOUND('',#362,.T.);
#230=FACE_OUTER_BOUND('',#363,.T.);
#231=FACE_OUTER_BOUND('',#364,.T.);
#232=FACE_OUTER_BOUND('',#365,.T.);
#233=FACE_OUTER_BOUND('',#366,.T.);
#234=FACE_OUTER_BOUND('',#367,.T.);
#235=FACE_OUTER_BOUND('',#368,.T.);
#236=FACE_OUTER_BOUND('',#369,.T.);
#237=FACE_OUTER_BOUND('',#370,.T.);
#238=FACE_OUTER_BOUND('',#371,.T.);
#239=FACE_OUTER_BOUND('',#372,.T.);
#240=FACE_OUTER_BOUND('',#373,.T.);
#241=FACE_OUTER_BOUND('',#374,.T.);
#242=FACE_OUTER_BOUND('',#375,.T.);
#243=FACE_OUTER_BOUND('',#376,.T.);
#244=FACE_OUTER_BOUND('',#377,.T.);
#245=FACE_OUTER_BOUND('',#378,.T.);
#246=FACE_OUTER_BOUND('',#379,.T.);
#247=FACE_OUTER_BOUND('',#380,.T.);
#248=FACE_OUTER_BOUND('',#381,.T.);
#249=FACE_OUTER_BOUND('',#382,.T.);
#250=FACE_OUTER_BOUND('',#383,.T.);
#251=FACE_OUTER_BOUND('',#384,.T.);
#252=FACE_OUTER_BOUND('',#385,.T.);
#253=FACE_OUTER_BOUND('',#386,.T.);
#254=FACE_OUTER_BOUND('',#387,.T.);
#255=FACE_OUTER_BOUND('',#388,.T.);
#256=FACE_OUTER_BOUND('',#389,.T.);
#257=FACE_OUTER_BOUND('',#390,.T.);
#258=FACE_OUTER_BOUND('',#391,.T.);
#259=FACE_OUTER_BOUND('',#392,.T.);
#260=FACE_OUTER_BOUND('',#393,.T.);
#261=FACE_OUTER_BOUND('',#394,.T.);
#262=FACE_OUTER_BOUND('',#395,.T.);
#263=FACE_OUTER_BOUND('',#396,.T.);
#264=FACE_OUTER_BOUND('',#397,.T.);
#265=FACE_OUTER_BOUND('',#400,.T.);
#266=FACE_OUTER_BOUND('',#401,.T.);
#267=FACE_OUTER_BOUND('',#402,.T.);
#268=FACE_OUTER_BOUND('',#403,.T.);
#269=FACE_OUTER_BOUND('',#404,.T.);
#270=FACE_OUTER_BOUND('',#405,.T.);
#271=FACE_OUTER_BOUND('',#406,.T.);
#272=FACE_OUTER_BOUND('',#407,.T.);
#273=FACE_OUTER_BOUND('',#408,.T.);
#274=FACE_OUTER_BOUND('',#409,.T.);
#275=FACE_OUTER_BOUND('',#410,.T.);
#276=FACE_OUTER_BOUND('',#411,.T.);
#277=FACE_OUTER_BOUND('',#412,.T.);
#278=FACE_OUTER_BOUND('',#413,.T.);
#279=FACE_OUTER_BOUND('',#414,.T.);
#280=FACE_OUTER_BOUND('',#415,.T.);
#281=FACE_OUTER_BOUND('',#417,.T.);
#282=FACE_OUTER_BOUND('',#418,.T.);
#283=EDGE_LOOP('',(#1293,#1294,#1295,#1296,#1297));
#284=EDGE_LOOP('',(#1298,#1299,#1300,#1301));
#285=EDGE_LOOP('',(#1302,#1303,#1304,#1305,#1306,#1307,#1308,#1309));
#286=EDGE_LOOP('',(#1310,#1311,#1312,#1313,#1314));
#287=EDGE_LOOP('',(#1315));
#288=EDGE_LOOP('',(#1316,#1317,#1318,#1319));
#289=EDGE_LOOP('',(#1320,#1321,#1322,#1323,#1324));
#290=EDGE_LOOP('',(#1325,#1326,#1327,#1328,#1329,#1330,#1331,#1332,#1333,
#1334,#1335,#1336,#1337,#1338,#1339,#1340,#1341));
#291=EDGE_LOOP('',(#1342));
#292=EDGE_LOOP('',(#1343));
#293=EDGE_LOOP('',(#1344,#1345,#1346,#1347,#1348,#1349));
#294=EDGE_LOOP('',(#1350,#1351,#1352,#1353,#1354,#1355,#1356));
#295=EDGE_LOOP('',(#1357,#1358,#1359,#1360));
#296=EDGE_LOOP('',(#1361,#1362,#1363,#1364));
#297=EDGE_LOOP('',(#1365,#1366,#1367,#1368));
#298=EDGE_LOOP('',(#1369,#1370,#1371,#1372));
#299=EDGE_LOOP('',(#1373,#1374,#1375,#1376));
#300=EDGE_LOOP('',(#1377,#1378,#1379,#1380));
#301=EDGE_LOOP('',(#1381,#1382,#1383,#1384));
#302=EDGE_LOOP('',(#1385,#1386,#1387,#1388,#1389,#1390,#1391,#1392,#1393,
#1394,#1395,#1396,#1397));
#303=EDGE_LOOP('',(#1398,#1399,#1400,#1401));
#304=EDGE_LOOP('',(#1402,#1403,#1404,#1405));
#305=EDGE_LOOP('',(#1406,#1407,#1408,#1409));
#306=EDGE_LOOP('',(#1410,#1411,#1412,#1413));
#307=EDGE_LOOP('',(#1414,#1415,#1416,#1417));
#308=EDGE_LOOP('',(#1418,#1419,#1420,#1421));
#309=EDGE_LOOP('',(#1422,#1423,#1424,#1425,#1426,#1427,#1428,#1429,#1430,
#1431,#1432,#1433,#1434,#1435,#1436,#1437,#1438));
#310=EDGE_LOOP('',(#1439,#1440,#1441,#1442));
#311=EDGE_LOOP('',(#1443));
#312=EDGE_LOOP('',(#1444));
#313=EDGE_LOOP('',(#1445));
#314=EDGE_LOOP('',(#1446));
#315=EDGE_LOOP('',(#1447));
#316=EDGE_LOOP('',(#1448,#1449,#1450,#1451,#1452,#1453,#1454,#1455));
#317=EDGE_LOOP('',(#1456,#1457,#1458,#1459));
#318=EDGE_LOOP('',(#1460,#1461,#1462,#1463));
#319=EDGE_LOOP('',(#1464,#1465,#1466,#1467));
#320=EDGE_LOOP('',(#1468,#1469,#1470,#1471));
#321=EDGE_LOOP('',(#1472,#1473,#1474,#1475));
#322=EDGE_LOOP('',(#1476,#1477,#1478,#1479));
#323=EDGE_LOOP('',(#1480,#1481,#1482,#1483));
#324=EDGE_LOOP('',(#1484,#1485,#1486,#1487));
#325=EDGE_LOOP('',(#1488,#1489,#1490,#1491,#1492,#1493));
#326=EDGE_LOOP('',(#1494,#1495,#1496,#1497,#1498,#1499,#1500,#1501,#1502));
#327=EDGE_LOOP('',(#1503,#1504,#1505,#1506,#1507,#1508,#1509,#1510,#1511,
#1512,#1513,#1514));
#328=EDGE_LOOP('',(#1515,#1516,#1517,#1518,#1519,#1520));
#329=EDGE_LOOP('',(#1521,#1522,#1523,#1524,#1525,#1526));
#330=EDGE_LOOP('',(#1527,#1528,#1529,#1530,#1531,#1532));
#331=EDGE_LOOP('',(#1533,#1534,#1535,#1536));
#332=EDGE_LOOP('',(#1537,#1538,#1539,#1540));
#333=EDGE_LOOP('',(#1541,#1542,#1543,#1544));
#334=EDGE_LOOP('',(#1545,#1546,#1547,#1548));
#335=EDGE_LOOP('',(#1549,#1550,#1551,#1552,#1553,#1554));
#336=EDGE_LOOP('',(#1555));
#337=EDGE_LOOP('',(#1556,#1557));
#338=EDGE_LOOP('',(#1558));
#339=EDGE_LOOP('',(#1559,#1560));
#340=EDGE_LOOP('',(#1561));
#341=EDGE_LOOP('',(#1562,#1563,#1564,#1565,#1566));
#342=EDGE_LOOP('',(#1567,#1568,#1569,#1570));
#343=EDGE_LOOP('',(#1571,#1572,#1573,#1574,#1575));
#344=EDGE_LOOP('',(#1576,#1577,#1578,#1579));
#345=EDGE_LOOP('',(#1580));
#346=EDGE_LOOP('',(#1581));
#347=EDGE_LOOP('',(#1582));
#348=EDGE_LOOP('',(#1583));
#349=EDGE_LOOP('',(#1584,#1585,#1586,#1587));
#350=EDGE_LOOP('',(#1588,#1589,#1590,#1591));
#351=EDGE_LOOP('',(#1592,#1593,#1594,#1595));
#352=EDGE_LOOP('',(#1596,#1597,#1598,#1599));
#353=EDGE_LOOP('',(#1600,#1601,#1602,#1603));
#354=EDGE_LOOP('',(#1604,#1605,#1606,#1607));
#355=EDGE_LOOP('',(#1608,#1609,#1610,#1611));
#356=EDGE_LOOP('',(#1612,#1613,#1614,#1615));
#357=EDGE_LOOP('',(#1616,#1617,#1618,#1619));
#358=EDGE_LOOP('',(#1620,#1621,#1622,#1623));
#359=EDGE_LOOP('',(#1624,#1625,#1626,#1627));
#360=EDGE_LOOP('',(#1628,#1629,#1630,#1631));
#361=EDGE_LOOP('',(#1632,#1633,#1634,#1635));
#362=EDGE_LOOP('',(#1636,#1637,#1638,#1639));
#363=EDGE_LOOP('',(#1640,#1641,#1642,#1643));
#364=EDGE_LOOP('',(#1644,#1645,#1646,#1647));
#365=EDGE_LOOP('',(#1648,#1649,#1650,#1651));
#366=EDGE_LOOP('',(#1652,#1653,#1654,#1655));
#367=EDGE_LOOP('',(#1656,#1657,#1658,#1659));
#368=EDGE_LOOP('',(#1660,#1661,#1662,#1663));
#369=EDGE_LOOP('',(#1664,#1665,#1666,#1667));
#370=EDGE_LOOP('',(#1668,#1669,#1670,#1671));
#371=EDGE_LOOP('',(#1672,#1673,#1674,#1675));
#372=EDGE_LOOP('',(#1676,#1677,#1678,#1679));
#373=EDGE_LOOP('',(#1680,#1681,#1682,#1683,#1684,#1685,#1686,#1687));
#374=EDGE_LOOP('',(#1688,#1689,#1690,#1691));
#375=EDGE_LOOP('',(#1692,#1693,#1694,#1695));
#376=EDGE_LOOP('',(#1696));
#377=EDGE_LOOP('',(#1697,#1698,#1699,#1700));
#378=EDGE_LOOP('',(#1701));
#379=EDGE_LOOP('',(#1702,#1703,#1704,#1705));
#380=EDGE_LOOP('',(#1706,#1707,#1708,#1709));
#381=EDGE_LOOP('',(#1710,#1711,#1712,#1713,#1714,#1715,#1716,#1717));
#382=EDGE_LOOP('',(#1718,#1719,#1720,#1721,#1722,#1723,#1724,#1725));
#383=EDGE_LOOP('',(#1726,#1727,#1728,#1729));
#384=EDGE_LOOP('',(#1730,#1731,#1732));
#385=EDGE_LOOP('',(#1733,#1734,#1735));
#386=EDGE_LOOP('',(#1736,#1737,#1738,#1739,#1740,#1741));
#387=EDGE_LOOP('',(#1742,#1743,#1744,#1745,#1746));
#388=EDGE_LOOP('',(#1747,#1748,#1749,#1750));
#389=EDGE_LOOP('',(#1751,#1752,#1753,#1754));
#390=EDGE_LOOP('',(#1755,#1756,#1757,#1758,#1759));
#391=EDGE_LOOP('',(#1760,#1761,#1762,#1763));
#392=EDGE_LOOP('',(#1764,#1765,#1766,#1767));
#393=EDGE_LOOP('',(#1768,#1769,#1770,#1771));
#394=EDGE_LOOP('',(#1772,#1773,#1774,#1775,#1776,#1777,#1778,#1779));
#395=EDGE_LOOP('',(#1780,#1781,#1782,#1783));
#396=EDGE_LOOP('',(#1784,#1785,#1786,#1787));
#397=EDGE_LOOP('',(#1788,#1789,#1790,#1791));
#398=EDGE_LOOP('',(#1792,#1793,#1794,#1795));
#399=EDGE_LOOP('',(#1796));
#400=EDGE_LOOP('',(#1797,#1798,#1799,#1800));
#401=EDGE_LOOP('',(#1801,#1802,#1803,#1804,#1805,#1806,#1807,#1808));
#402=EDGE_LOOP('',(#1809,#1810,#1811,#1812));
#403=EDGE_LOOP('',(#1813,#1814,#1815,#1816));
#404=EDGE_LOOP('',(#1817,#1818,#1819,#1820));
#405=EDGE_LOOP('',(#1821,#1822,#1823,#1824));
#406=EDGE_LOOP('',(#1825,#1826,#1827,#1828));
#407=EDGE_LOOP('',(#1829,#1830,#1831,#1832,#1833,#1834));
#408=EDGE_LOOP('',(#1835,#1836,#1837,#1838));
#409=EDGE_LOOP('',(#1839,#1840,#1841,#1842));
#410=EDGE_LOOP('',(#1843,#1844,#1845,#1846));
#411=EDGE_LOOP('',(#1847,#1848,#1849,#1850));
#412=EDGE_LOOP('',(#1851,#1852,#1853,#1854));
#413=EDGE_LOOP('',(#1855,#1856,#1857,#1858));
#414=EDGE_LOOP('',(#1859,#1860,#1861,#1862));
#415=EDGE_LOOP('',(#1863));
#416=EDGE_LOOP('',(#1864));
#417=EDGE_LOOP('',(#1865,#1866,#1867,#1868));
#418=EDGE_LOOP('',(#1869,#1870,#1871,#1872));
#419=LINE('',#2857,#619);
#420=LINE('',#2859,#620);
#421=LINE('',#2861,#621);
#422=LINE('',#2863,#622);
#423=LINE('',#2864,#623);
#424=LINE('',#2868,#624);
#425=LINE('',#2873,#625);
#426=LINE('',#2877,#626);
#427=LINE('',#2881,#627);
#428=LINE('',#2884,#628);
#429=LINE('',#2887,#629);
#430=LINE('',#2889,#630);
#431=LINE('',#2890,#631);
#432=LINE('',#2895,#632);
#433=LINE('',#2897,#633);
#434=LINE('',#2899,#634);
#435=LINE('',#2900,#635);
#436=LINE('',#2904,#636);
#437=LINE('',#2905,#637);
#438=LINE('',#2907,#638);
#439=LINE('',#2908,#639);
#440=LINE('',#2911,#640);
#441=LINE('',#2913,#641);
#442=LINE('',#2915,#642);
#443=LINE('',#2917,#643);
#444=LINE('',#2921,#644);
#445=LINE('',#2925,#645);
#446=LINE('',#2929,#646);
#447=LINE('',#2933,#647);
#448=LINE('',#2935,#648);
#449=LINE('',#2937,#649);
#450=LINE('',#2945,#650);
#451=LINE('',#2947,#651);
#452=LINE('',#2949,#652);
#453=LINE('',#2950,#653);
#454=LINE('',#2953,#654);
#455=LINE('',#2955,#655);
#456=LINE('',#2957,#656);
#457=LINE('',#2958,#657);
#458=LINE('',#2961,#658);
#459=LINE('',#2962,#659);
#460=LINE('',#2965,#660);
#461=LINE('',#2966,#661);
#462=LINE('',#2969,#662);
#463=LINE('',#2971,#663);
#464=LINE('',#2972,#664);
#465=LINE('',#2975,#665);
#466=LINE('',#2977,#666);
#467=LINE('',#2978,#667);
#468=LINE('',#2980,#668);
#469=LINE('',#2983,#669);
#470=LINE('',#2984,#670);
#471=LINE('',#2986,#671);
#472=LINE('',#2989,#672);
#473=LINE('',#2991,#673);
#474=LINE('',#2992,#674);
#475=LINE('',#2996,#675);
#476=LINE('',#3000,#676);
#477=LINE('',#3001,#677);
#478=LINE('',#3004,#678);
#479=LINE('',#3006,#679);
#480=LINE('',#3007,#680);
#481=LINE('',#3010,#681);
#482=LINE('',#3011,#682);
#483=LINE('',#3014,#683);
#484=LINE('',#3016,#684);
#485=LINE('',#3017,#685);
#486=LINE('',#3020,#686);
#487=LINE('',#3021,#687);
#488=LINE('',#3024,#688);
#489=LINE('',#3025,#689);
#490=LINE('',#3028,#690);
#491=LINE('',#3029,#691);
#492=LINE('',#3034,#692);
#493=LINE('',#3038,#693);
#494=LINE('',#3042,#694);
#495=LINE('',#3045,#695);
#496=LINE('',#3046,#696);
#497=LINE('',#3049,#697);
#498=LINE('',#3051,#698);
#499=LINE('',#3053,#699);
#500=LINE('',#3054,#700);
#501=LINE('',#3067,#701);
#502=LINE('',#3071,#702);
#503=LINE('',#3075,#703);
#504=LINE('',#3079,#704);
#505=LINE('',#3084,#705);
#506=LINE('',#3085,#706);
#507=LINE('',#3086,#707);
#508=LINE('',#3089,#708);
#509=LINE('',#3090,#709);
#510=LINE('',#3093,#710);
#511=LINE('',#3094,#711);
#512=LINE('',#3096,#712);
#513=LINE('',#3101,#713);
#514=LINE('',#3103,#714);
#515=LINE('',#3105,#715);
#516=LINE('',#3106,#716);
#517=LINE('',#3109,#717);
#518=LINE('',#3111,#718);
#519=LINE('',#3112,#719);
#520=LINE('',#3115,#720);
#521=LINE('',#3116,#721);
#522=LINE('',#3120,#722);
#523=LINE('',#3124,#723);
#524=LINE('',#3126,#724);
#525=LINE('',#3128,#725);
#526=LINE('',#3129,#726);
#527=LINE('',#3132,#727);
#528=LINE('',#3134,#728);
#529=LINE('',#3137,#729);
#530=LINE('',#3141,#730);
#531=LINE('',#3145,#731);
#532=LINE('',#3146,#732);
#533=LINE('',#3148,#733);
#534=LINE('',#3149,#734);
#535=LINE('',#3151,#735);
#536=LINE('',#3155,#736);
#537=LINE('',#3159,#737);
#538=LINE('',#3161,#738);
#539=LINE('',#3163,#739);
#540=LINE('',#3164,#740);
#541=LINE('',#3167,#741);
#542=LINE('',#3169,#742);
#543=LINE('',#3171,#743);
#544=LINE('',#3172,#744);
#545=LINE('',#3175,#745);
#546=LINE('',#3177,#746);
#547=LINE('',#3179,#747);
#548=LINE('',#3180,#748);
#549=LINE('',#3182,#749);
#550=LINE('',#3183,#750);
#551=LINE('',#3186,#751);
#552=LINE('',#3187,#752);
#553=LINE('',#3190,#753);
#554=LINE('',#3192,#754);
#555=LINE('',#3193,#755);
#556=LINE('',#3196,#756);
#557=LINE('',#3198,#757);
#558=LINE('',#3200,#758);
#559=LINE('',#3202,#759);
#560=LINE('',#3203,#760);
#561=LINE('',#3239,#761);
#562=LINE('',#3240,#762);
#563=LINE('',#3244,#763);
#564=LINE('',#3247,#764);
#565=LINE('',#3248,#765);
#566=LINE('',#3251,#766);
#567=LINE('',#3265,#767);
#568=LINE('',#3269,#768);
#569=LINE('',#3270,#769);
#570=LINE('',#3272,#770);
#571=LINE('',#3276,#771);
#572=LINE('',#3278,#772);
#573=LINE('',#3280,#773);
#574=LINE('',#3282,#774);
#575=LINE('',#3286,#775);
#576=LINE('',#3290,#776);
#577=LINE('',#3291,#777);
#578=LINE('',#3294,#778);
#579=LINE('',#3298,#779);
#580=LINE('',#3300,#780);
#581=LINE('',#3301,#781);
#582=LINE('',#3304,#782);
#583=LINE('',#3308,#783);
#584=LINE('',#3309,#784);
#585=LINE('',#3312,#785);
#586=LINE('',#3316,#786);
#587=LINE('',#3317,#787);
#588=LINE('',#3320,#788);
#589=LINE('',#3324,#789);
#590=LINE('',#3325,#790);
#591=LINE('',#3330,#791);
#592=LINE('',#3335,#792);
#593=LINE('',#3340,#793);
#594=LINE('',#3447,#794);
#595=LINE('',#3452,#795);
#596=LINE('',#3476,#796);
#597=LINE('',#3479,#797);
#598=LINE('',#3811,#798);
#599=LINE('',#3813,#799);
#600=LINE('',#3830,#800);
#601=LINE('',#3831,#801);
#602=LINE('',#3847,#802);
#603=LINE('',#3850,#803);
#604=LINE('',#3853,#804);
#605=LINE('',#3874,#805);
#606=LINE('',#3886,#806);
#607=LINE('',#3888,#807);
#608=LINE('',#3890,#808);
#609=LINE('',#3892,#809);
#610=LINE('',#3907,#810);
#611=LINE('',#3910,#811);
#612=LINE('',#3912,#812);
#613=LINE('',#3914,#813);
#614=LINE('',#3916,#814);
#615=LINE('',#3918,#815);
#616=LINE('',#3920,#816);
#617=LINE('',#3927,#817);
#618=LINE('',#3929,#818);
#619=VECTOR('',#2275,10.);
#620=VECTOR('',#2276,10.);
#621=VECTOR('',#2277,10.);
#622=VECTOR('',#2278,10.);
#623=VECTOR('',#2279,10.);
#624=VECTOR('',#2282,10.);
#625=VECTOR('',#2289,10.);
#626=VECTOR('',#2292,10.);
#627=VECTOR('',#2295,10.);
#628=VECTOR('',#2298,10.);
#629=VECTOR('',#2301,10.);
#630=VECTOR('',#2302,10.);
#631=VECTOR('',#2303,10.);
#632=VECTOR('',#2306,10.);
#633=VECTOR('',#2307,10.);
#634=VECTOR('',#2308,10.);
#635=VECTOR('',#2309,10.);
#636=VECTOR('',#2312,10.);
#637=VECTOR('',#2313,10.);
#638=VECTOR('',#2314,10.);
#639=VECTOR('',#2315,10.);
#640=VECTOR('',#2318,10.);
#641=VECTOR('',#2319,10.);
#642=VECTOR('',#2320,10.);
#643=VECTOR('',#2321,10.);
#644=VECTOR('',#2324,10.);
#645=VECTOR('',#2327,10.);
#646=VECTOR('',#2330,10.);
#647=VECTOR('',#2333,10.);
#648=VECTOR('',#2334,10.);
#649=VECTOR('',#2335,10.);
#650=VECTOR('',#2344,10.);
#651=VECTOR('',#2345,10.);
#652=VECTOR('',#2346,10.);
#653=VECTOR('',#2347,10.);
#654=VECTOR('',#2350,10.);
#655=VECTOR('',#2351,10.);
#656=VECTOR('',#2352,10.);
#657=VECTOR('',#2353,10.);
#658=VECTOR('',#2356,10.);
#659=VECTOR('',#2357,10.);
#660=VECTOR('',#2360,10.);
#661=VECTOR('',#2361,10.);
#662=VECTOR('',#2364,10.);
#663=VECTOR('',#2365,10.);
#664=VECTOR('',#2366,10.);
#665=VECTOR('',#2369,10.);
#666=VECTOR('',#2370,10.);
#667=VECTOR('',#2371,10.);
#668=VECTOR('',#2374,10.);
#669=VECTOR('',#2377,10.);
#670=VECTOR('',#2378,10.);
#671=VECTOR('',#2381,10.);
#672=VECTOR('',#2384,10.);
#673=VECTOR('',#2385,10.);
#674=VECTOR('',#2386,10.);
#675=VECTOR('',#2389,10.);
#676=VECTOR('',#2392,10.);
#677=VECTOR('',#2393,10.);
#678=VECTOR('',#2396,10.);
#679=VECTOR('',#2397,10.);
#680=VECTOR('',#2398,10.);
#681=VECTOR('',#2401,10.);
#682=VECTOR('',#2402,10.);
#683=VECTOR('',#2405,10.);
#684=VECTOR('',#2406,10.);
#685=VECTOR('',#2407,10.);
#686=VECTOR('',#2410,10.);
#687=VECTOR('',#2411,10.);
#688=VECTOR('',#2414,10.);
#689=VECTOR('',#2415,10.);
#690=VECTOR('',#2418,10.);
#691=VECTOR('',#2419,10.);
#692=VECTOR('',#2424,10.);
#693=VECTOR('',#2427,10.);
#694=VECTOR('',#2430,10.);
#695=VECTOR('',#2433,10.);
#696=VECTOR('',#2434,10.);
#697=VECTOR('',#2435,10.);
#698=VECTOR('',#2436,10.);
#699=VECTOR('',#2437,10.);
#700=VECTOR('',#2438,10.);
#701=VECTOR('',#2449,10.);
#702=VECTOR('',#2452,10.);
#703=VECTOR('',#2455,10.);
#704=VECTOR('',#2458,10.);
#705=VECTOR('',#2463,10.);
#706=VECTOR('',#2464,10.);
#707=VECTOR('',#2465,10.);
#708=VECTOR('',#2468,10.);
#709=VECTOR('',#2469,10.);
#710=VECTOR('',#2472,10.);
#711=VECTOR('',#2473,10.);
#712=VECTOR('',#2476,10.);
#713=VECTOR('',#2481,10.);
#714=VECTOR('',#2482,10.);
#715=VECTOR('',#2483,10.);
#716=VECTOR('',#2484,10.);
#717=VECTOR('',#2487,10.);
#718=VECTOR('',#2488,10.);
#719=VECTOR('',#2489,10.);
#720=VECTOR('',#2492,10.);
#721=VECTOR('',#2493,10.);
#722=VECTOR('',#2496,10.);
#723=VECTOR('',#2499,10.);
#724=VECTOR('',#2500,10.);
#725=VECTOR('',#2501,10.);
#726=VECTOR('',#2502,10.);
#727=VECTOR('',#2505,10.);
#728=VECTOR('',#2506,10.);
#729=VECTOR('',#2509,10.);
#730=VECTOR('',#2512,10.);
#731=VECTOR('',#2517,10.);
#732=VECTOR('',#2518,10.);
#733=VECTOR('',#2519,10.);
#734=VECTOR('',#2520,10.);
#735=VECTOR('',#2521,10.);
#736=VECTOR('',#2524,10.);
#737=VECTOR('',#2529,10.);
#738=VECTOR('',#2530,10.);
#739=VECTOR('',#2531,10.);
#740=VECTOR('',#2532,10.);
#741=VECTOR('',#2535,10.);
#742=VECTOR('',#2536,10.);
#743=VECTOR('',#2537,10.);
#744=VECTOR('',#2538,10.);
#745=VECTOR('',#2541,10.);
#746=VECTOR('',#2542,10.);
#747=VECTOR('',#2543,10.);
#748=VECTOR('',#2544,10.);
#749=VECTOR('',#2547,10.);
#750=VECTOR('',#2548,10.);
#751=VECTOR('',#2553,10.);
#752=VECTOR('',#2554,10.);
#753=VECTOR('',#2557,10.);
#754=VECTOR('',#2558,10.);
#755=VECTOR('',#2559,10.);
#756=VECTOR('',#2562,10.);
#757=VECTOR('',#2563,10.);
#758=VECTOR('',#2564,10.);
#759=VECTOR('',#2565,10.);
#760=VECTOR('',#2566,10.);
#761=VECTOR('',#2585,10.);
#762=VECTOR('',#2586,10.);
#763=VECTOR('',#2591,10.);
#764=VECTOR('',#2594,10.);
#765=VECTOR('',#2595,10.);
#766=VECTOR('',#2598,10.);
#767=VECTOR('',#2615,10.);
#768=VECTOR('',#2620,10.);
#769=VECTOR('',#2621,10.);
#770=VECTOR('',#2624,10.);
#771=VECTOR('',#2631,10.);
#772=VECTOR('',#2634,10.);
#773=VECTOR('',#2637,10.);
#774=VECTOR('',#2640,10.);
#775=VECTOR('',#2647,10.);
#776=VECTOR('',#2652,10.);
#777=VECTOR('',#2653,10.);
#778=VECTOR('',#2658,10.);
#779=VECTOR('',#2663,10.);
#780=VECTOR('',#2664,10.);
#781=VECTOR('',#2665,10.);
#782=VECTOR('',#2668,10.);
#783=VECTOR('',#2673,10.);
#784=VECTOR('',#2674,10.);
#785=VECTOR('',#2677,10.);
#786=VECTOR('',#2682,10.);
#787=VECTOR('',#2683,10.);
#788=VECTOR('',#2686,10.);
#789=VECTOR('',#2691,10.);
#790=VECTOR('',#2692,10.);
#791=VECTOR('',#2701,10.);
#792=VECTOR('',#2706,0.900000000000034);
#793=VECTOR('',#2713,0.900000000000034);
#794=VECTOR('',#2726,10.);
#795=VECTOR('',#2731,10.);
#796=VECTOR('',#2742,10.);
#797=VECTOR('',#2745,10.);
#798=VECTOR('',#2754,10.);
#799=VECTOR('',#2755,10.);
#800=VECTOR('',#2766,10.);
#801=VECTOR('',#2767,10.);
#802=VECTOR('',#2778,10.);
#803=VECTOR('',#2781,10.);
#804=VECTOR('',#2786,10.);
#805=VECTOR('',#2795,10.);
#806=VECTOR('',#2800,10.);
#807=VECTOR('',#2803,10.);
#808=VECTOR('',#2806,10.);
#809=VECTOR('',#2809,10.);
#810=VECTOR('',#2820,10.);
#811=VECTOR('',#2825,2.99999999999997);
#812=VECTOR('',#2828,3.00000000000011);
#813=VECTOR('',#2831,1.59999999999997);
#814=VECTOR('',#2834,1.59999999999997);
#815=VECTOR('',#2837,1.59999999999997);
#816=VECTOR('',#2840,1.59999999999997);
#817=VECTOR('',#2849,27.1000000000001);
#818=VECTOR('',#2852,22.9000000000001);
#819=VERTEX_POINT('',#2855);
#820=VERTEX_POINT('',#2856);
#821=VERTEX_POINT('',#2858);
#822=VERTEX_POINT('',#2860);
#823=VERTEX_POINT('',#2862);
#824=VERTEX_POINT('',#2866);
#825=VERTEX_POINT('',#2867);
#826=VERTEX_POINT('',#2872);
#827=VERTEX_POINT('',#2874);
#828=VERTEX_POINT('',#2876);
#829=VERTEX_POINT('',#2878);
#830=VERTEX_POINT('',#2880);
#831=VERTEX_POINT('',#2882);
#832=VERTEX_POINT('',#2886);
#833=VERTEX_POINT('',#2888);
#834=VERTEX_POINT('',#2891);
#835=VERTEX_POINT('',#2893);
#836=VERTEX_POINT('',#2894);
#837=VERTEX_POINT('',#2896);
#838=VERTEX_POINT('',#2898);
#839=VERTEX_POINT('',#2902);
#840=VERTEX_POINT('',#2903);
#841=VERTEX_POINT('',#2906);
#842=VERTEX_POINT('',#2910);
#843=VERTEX_POINT('',#2912);
#844=VERTEX_POINT('',#2914);
#845=VERTEX_POINT('',#2916);
#846=VERTEX_POINT('',#2918);
#847=VERTEX_POINT('',#2920);
#848=VERTEX_POINT('',#2922);
#849=VERTEX_POINT('',#2924);
#850=VERTEX_POINT('',#2926);
#851=VERTEX_POINT('',#2928);
#852=VERTEX_POINT('',#2930);
#853=VERTEX_POINT('',#2932);
#854=VERTEX_POINT('',#2934);
#855=VERTEX_POINT('',#2936);
#856=VERTEX_POINT('',#2939);
#857=VERTEX_POINT('',#2941);
#858=VERTEX_POINT('',#2944);
#859=VERTEX_POINT('',#2946);
#860=VERTEX_POINT('',#2948);
#861=VERTEX_POINT('',#2952);
#862=VERTEX_POINT('',#2954);
#863=VERTEX_POINT('',#2956);
#864=VERTEX_POINT('',#2960);
#865=VERTEX_POINT('',#2964);
#866=VERTEX_POINT('',#2968);
#867=VERTEX_POINT('',#2970);
#868=VERTEX_POINT('',#2974);
#869=VERTEX_POINT('',#2976);
#870=VERTEX_POINT('',#2982);
#871=VERTEX_POINT('',#2988);
#872=VERTEX_POINT('',#2990);
#873=VERTEX_POINT('',#2993);
#874=VERTEX_POINT('',#2995);
#875=VERTEX_POINT('',#2997);
#876=VERTEX_POINT('',#2999);
#877=VERTEX_POINT('',#3003);
#878=VERTEX_POINT('',#3005);
#879=VERTEX_POINT('',#3009);
#880=VERTEX_POINT('',#3013);
#881=VERTEX_POINT('',#3015);
#882=VERTEX_POINT('',#3019);
#883=VERTEX_POINT('',#3023);
#884=VERTEX_POINT('',#3027);
#885=VERTEX_POINT('',#3031);
#886=VERTEX_POINT('',#3033);
#887=VERTEX_POINT('',#3035);
#888=VERTEX_POINT('',#3037);
#889=VERTEX_POINT('',#3039);
#890=VERTEX_POINT('',#3041);
#891=VERTEX_POINT('',#3043);
#892=VERTEX_POINT('',#3047);
#893=VERTEX_POINT('',#3048);
#894=VERTEX_POINT('',#3050);
#895=VERTEX_POINT('',#3052);
#896=VERTEX_POINT('',#3055);
#897=VERTEX_POINT('',#3057);
#898=VERTEX_POINT('',#3059);
#899=VERTEX_POINT('',#3061);
#900=VERTEX_POINT('',#3063);
#901=VERTEX_POINT('',#3065);
#902=VERTEX_POINT('',#3066);
#903=VERTEX_POINT('',#3068);
#904=VERTEX_POINT('',#3070);
#905=VERTEX_POINT('',#3072);
#906=VERTEX_POINT('',#3074);
#907=VERTEX_POINT('',#3076);
#908=VERTEX_POINT('',#3078);
#909=VERTEX_POINT('',#3082);
#910=VERTEX_POINT('',#3083);
#911=VERTEX_POINT('',#3088);
#912=VERTEX_POINT('',#3092);
#913=VERTEX_POINT('',#3099);
#914=VERTEX_POINT('',#3100);
#915=VERTEX_POINT('',#3102);
#916=VERTEX_POINT('',#3104);
#917=VERTEX_POINT('',#3108);
#918=VERTEX_POINT('',#3110);
#919=VERTEX_POINT('',#3114);
#920=VERTEX_POINT('',#3118);
#921=VERTEX_POINT('',#3119);
#922=VERTEX_POINT('',#3121);
#923=VERTEX_POINT('',#3123);
#924=VERTEX_POINT('',#3125);
#925=VERTEX_POINT('',#3127);
#926=VERTEX_POINT('',#3131);
#927=VERTEX_POINT('',#3133);
#928=VERTEX_POINT('',#3135);
#929=VERTEX_POINT('',#3138);
#930=VERTEX_POINT('',#3140);
#931=VERTEX_POINT('',#3144);
#932=VERTEX_POINT('',#3147);
#933=VERTEX_POINT('',#3150);
#934=VERTEX_POINT('',#3152);
#935=VERTEX_POINT('',#3154);
#936=VERTEX_POINT('',#3158);
#937=VERTEX_POINT('',#3160);
#938=VERTEX_POINT('',#3162);
#939=VERTEX_POINT('',#3166);
#940=VERTEX_POINT('',#3168);
#941=VERTEX_POINT('',#3170);
#942=VERTEX_POINT('',#3174);
#943=VERTEX_POINT('',#3176);
#944=VERTEX_POINT('',#3178);
#945=VERTEX_POINT('',#3189);
#946=VERTEX_POINT('',#3191);
#947=VERTEX_POINT('',#3195);
#948=VERTEX_POINT('',#3197);
#949=VERTEX_POINT('',#3199);
#950=VERTEX_POINT('',#3201);
#951=VERTEX_POINT('',#3205);
#952=VERTEX_POINT('',#3208);
#953=VERTEX_POINT('',#3209);
#954=VERTEX_POINT('',#3219);
#955=VERTEX_POINT('',#3222);
#956=VERTEX_POINT('',#3223);
#957=VERTEX_POINT('',#3235);
#958=VERTEX_POINT('',#3238);
#959=VERTEX_POINT('',#3242);
#960=VERTEX_POINT('',#3246);
#961=VERTEX_POINT('',#3250);
#962=VERTEX_POINT('',#3254);
#963=VERTEX_POINT('',#3256);
#964=VERTEX_POINT('',#3259);
#965=VERTEX_POINT('',#3261);
#966=VERTEX_POINT('',#3264);
#967=VERTEX_POINT('',#3268);
#968=VERTEX_POINT('',#3289);
#969=VERTEX_POINT('',#3297);
#970=VERTEX_POINT('',#3299);
#971=VERTEX_POINT('',#3303);
#972=VERTEX_POINT('',#3307);
#973=VERTEX_POINT('',#3311);
#974=VERTEX_POINT('',#3315);
#975=VERTEX_POINT('',#3319);
#976=VERTEX_POINT('',#3323);
#977=VERTEX_POINT('',#3332);
#978=VERTEX_POINT('',#3334);
#979=VERTEX_POINT('',#3339);
#980=VERTEX_POINT('',#3344);
#981=VERTEX_POINT('',#3351);
#982=VERTEX_POINT('',#3395);
#983=VERTEX_POINT('',#3418);
#984=VERTEX_POINT('',#3444);
#985=VERTEX_POINT('',#3446);
#986=VERTEX_POINT('',#3449);
#987=VERTEX_POINT('',#3451);
#988=VERTEX_POINT('',#3472);
#989=VERTEX_POINT('',#3473);
#990=VERTEX_POINT('',#3475);
#991=VERTEX_POINT('',#3477);
#992=VERTEX_POINT('',#3615);
#993=VERTEX_POINT('',#3779);
#994=VERTEX_POINT('',#3809);
#995=VERTEX_POINT('',#3812);
#996=VERTEX_POINT('',#3824);
#997=VERTEX_POINT('',#3826);
#998=VERTEX_POINT('',#3843);
#999=VERTEX_POINT('',#3849);
#1000=VERTEX_POINT('',#3872);
#1001=VERTEX_POINT('',#3922);
#1002=VERTEX_POINT('',#3924);
#1003=EDGE_CURVE('',#819,#820,#419,.T.);
#1004=EDGE_CURVE('',#819,#821,#420,.T.);
#1005=EDGE_CURVE('',#821,#822,#421,.T.);
#1006=EDGE_CURVE('',#822,#823,#422,.T.);
#1007=EDGE_CURVE('',#820,#823,#423,.T.);
#1008=EDGE_CURVE('',#824,#825,#424,.T.);
#1009=EDGE_CURVE('',#825,#822,#83,.T.);
#1010=EDGE_CURVE('',#821,#824,#84,.T.);
#1011=EDGE_CURVE('',#826,#821,#425,.T.);
#1012=EDGE_CURVE('',#827,#826,#85,.T.);
#1013=EDGE_CURVE('',#827,#828,#426,.T.);
#1014=EDGE_CURVE('',#828,#829,#86,.T.);
#1015=EDGE_CURVE('',#829,#830,#427,.T.);
#1016=EDGE_CURVE('',#830,#831,#87,.T.);
#1017=EDGE_CURVE('',#831,#824,#428,.T.);
#1018=EDGE_CURVE('',#832,#819,#429,.T.);
#1019=EDGE_CURVE('',#833,#832,#430,.T.);
#1020=EDGE_CURVE('',#826,#833,#431,.T.);
#1021=EDGE_CURVE('',#834,#834,#88,.T.);
#1022=EDGE_CURVE('',#835,#836,#432,.T.);
#1023=EDGE_CURVE('',#836,#837,#433,.T.);
#1024=EDGE_CURVE('',#837,#838,#434,.T.);
#1025=EDGE_CURVE('',#838,#835,#435,.T.);
#1026=EDGE_CURVE('',#839,#840,#436,.F.);
#1027=EDGE_CURVE('',#840,#819,#437,.T.);
#1028=EDGE_CURVE('',#820,#841,#438,.T.);
#1029=EDGE_CURVE('',#841,#839,#439,.T.);
#1030=EDGE_CURVE('',#842,#840,#440,.T.);
#1031=EDGE_CURVE('',#843,#842,#441,.T.);
#1032=EDGE_CURVE('',#844,#843,#442,.T.);
#1033=EDGE_CURVE('',#845,#844,#443,.T.);
#1034=EDGE_CURVE('',#846,#845,#89,.T.);
#1035=EDGE_CURVE('',#847,#846,#444,.T.);
#1036=EDGE_CURVE('',#848,#847,#90,.T.);
#1037=EDGE_CURVE('',#849,#848,#445,.T.);
#1038=EDGE_CURVE('',#850,#849,#91,.F.);
#1039=EDGE_CURVE('',#851,#850,#446,.T.);
#1040=EDGE_CURVE('',#852,#851,#92,.F.);
#1041=EDGE_CURVE('',#852,#853,#447,.T.);
#1042=EDGE_CURVE('',#853,#854,#448,.T.);
#1043=EDGE_CURVE('',#854,#855,#449,.T.);
#1044=EDGE_CURVE('',#832,#855,#93,.F.);
#1045=EDGE_CURVE('',#856,#856,#94,.T.);
#1046=EDGE_CURVE('',#857,#857,#95,.T.);
#1047=EDGE_CURVE('',#858,#825,#450,.T.);
#1048=EDGE_CURVE('',#859,#858,#451,.T.);
#1049=EDGE_CURVE('',#860,#859,#452,.T.);
#1050=EDGE_CURVE('',#823,#860,#453,.T.);
#1051=EDGE_CURVE('',#860,#861,#454,.T.);
#1052=EDGE_CURVE('',#862,#861,#455,.T.);
#1053=EDGE_CURVE('',#863,#862,#456,.T.);
#1054=EDGE_CURVE('',#863,#841,#457,.T.);
#1055=EDGE_CURVE('',#859,#864,#458,.T.);
#1056=EDGE_CURVE('',#864,#861,#459,.T.);
#1057=EDGE_CURVE('',#824,#865,#460,.T.);
#1058=EDGE_CURVE('',#865,#858,#461,.T.);
#1059=EDGE_CURVE('',#866,#858,#462,.T.);
#1060=EDGE_CURVE('',#865,#867,#463,.T.);
#1061=EDGE_CURVE('',#867,#866,#464,.T.);
#1062=EDGE_CURVE('',#867,#868,#465,.T.);
#1063=EDGE_CURVE('',#868,#869,#466,.T.);
#1064=EDGE_CURVE('',#869,#866,#467,.T.);
#1065=EDGE_CURVE('',#866,#864,#468,.T.);
#1066=EDGE_CURVE('',#870,#864,#469,.T.);
#1067=EDGE_CURVE('',#862,#870,#470,.T.);
#1068=EDGE_CURVE('',#870,#869,#471,.T.);
#1069=EDGE_CURVE('',#831,#871,#472,.T.);
#1070=EDGE_CURVE('',#871,#872,#473,.T.);
#1071=EDGE_CURVE('',#872,#828,#474,.T.);
#1072=EDGE_CURVE('',#873,#827,#96,.T.);
#1073=EDGE_CURVE('',#874,#873,#475,.T.);
#1074=EDGE_CURVE('',#875,#874,#97,.T.);
#1075=EDGE_CURVE('',#875,#876,#476,.T.);
#1076=EDGE_CURVE('',#868,#876,#477,.T.);
#1077=EDGE_CURVE('',#877,#844,#478,.T.);
#1078=EDGE_CURVE('',#843,#878,#479,.T.);
#1079=EDGE_CURVE('',#878,#877,#480,.T.);
#1080=EDGE_CURVE('',#877,#879,#481,.T.);
#1081=EDGE_CURVE('',#879,#845,#482,.T.);
#1082=EDGE_CURVE('',#878,#880,#483,.T.);
#1083=EDGE_CURVE('',#881,#880,#484,.T.);
#1084=EDGE_CURVE('',#877,#881,#485,.T.);
#1085=EDGE_CURVE('',#842,#882,#486,.F.);
#1086=EDGE_CURVE('',#882,#878,#487,.T.);
#1087=EDGE_CURVE('',#882,#883,#488,.F.);
#1088=EDGE_CURVE('',#880,#883,#489,.T.);
#1089=EDGE_CURVE('',#884,#863,#490,.T.);
#1090=EDGE_CURVE('',#839,#884,#491,.T.);
#1091=EDGE_CURVE('',#876,#885,#98,.T.);
#1092=EDGE_CURVE('',#885,#886,#492,.T.);
#1093=EDGE_CURVE('',#886,#887,#99,.T.);
#1094=EDGE_CURVE('',#887,#888,#493,.T.);
#1095=EDGE_CURVE('',#888,#889,#100,.T.);
#1096=EDGE_CURVE('',#889,#890,#494,.T.);
#1097=EDGE_CURVE('',#890,#891,#101,.T.);
#1098=EDGE_CURVE('',#891,#881,#495,.T.);
#1099=EDGE_CURVE('',#883,#884,#496,.T.);
#1100=EDGE_CURVE('',#892,#893,#497,.T.);
#1101=EDGE_CURVE('',#894,#892,#498,.T.);
#1102=EDGE_CURVE('',#895,#894,#499,.T.);
#1103=EDGE_CURVE('',#895,#893,#500,.T.);
#1104=EDGE_CURVE('',#896,#896,#102,.T.);
#1105=EDGE_CURVE('',#897,#897,#103,.T.);
#1106=EDGE_CURVE('',#898,#898,#104,.T.);
#1107=EDGE_CURVE('',#899,#899,#105,.T.);
#1108=EDGE_CURVE('',#900,#900,#106,.T.);
#1109=EDGE_CURVE('',#901,#902,#501,.T.);
#1110=EDGE_CURVE('',#902,#903,#107,.T.);
#1111=EDGE_CURVE('',#903,#904,#502,.T.);
#1112=EDGE_CURVE('',#904,#905,#108,.T.);
#1113=EDGE_CURVE('',#905,#906,#503,.T.);
#1114=EDGE_CURVE('',#906,#907,#109,.T.);
#1115=EDGE_CURVE('',#907,#908,#504,.T.);
#1116=EDGE_CURVE('',#908,#901,#110,.T.);
#1117=EDGE_CURVE('',#909,#910,#505,.T.);
#1118=EDGE_CURVE('',#836,#910,#506,.T.);
#1119=EDGE_CURVE('',#835,#909,#507,.T.);
#1120=EDGE_CURVE('',#911,#909,#508,.T.);
#1121=EDGE_CURVE('',#838,#911,#509,.T.);
#1122=EDGE_CURVE('',#912,#911,#510,.T.);
#1123=EDGE_CURVE('',#837,#912,#511,.T.);
#1124=EDGE_CURVE('',#910,#912,#512,.T.);
#1125=EDGE_CURVE('',#913,#914,#513,.T.);
#1126=EDGE_CURVE('',#915,#914,#514,.T.);
#1127=EDGE_CURVE('',#916,#915,#515,.T.);
#1128=EDGE_CURVE('',#913,#916,#516,.T.);
#1129=EDGE_CURVE('',#916,#917,#517,.T.);
#1130=EDGE_CURVE('',#918,#917,#518,.T.);
#1131=EDGE_CURVE('',#913,#918,#519,.T.);
#1132=EDGE_CURVE('',#915,#919,#520,.T.);
#1133=EDGE_CURVE('',#917,#919,#521,.T.);
#1134=EDGE_CURVE('',#920,#921,#522,.T.);
#1135=EDGE_CURVE('',#922,#920,#111,.T.);
#1136=EDGE_CURVE('',#923,#922,#523,.T.);
#1137=EDGE_CURVE('',#924,#923,#524,.T.);
#1138=EDGE_CURVE('',#925,#924,#525,.T.);
#1139=EDGE_CURVE('',#921,#925,#526,.T.);
#1140=EDGE_CURVE('',#926,#922,#527,.T.);
#1141=EDGE_CURVE('',#920,#927,#528,.T.);
#1142=EDGE_CURVE('',#928,#927,#112,.T.);
#1143=EDGE_CURVE('',#928,#850,#529,.T.);
#1144=EDGE_CURVE('',#929,#849,#33,.F.);
#1145=EDGE_CURVE('',#929,#930,#530,.T.);
#1146=EDGE_CURVE('',#930,#926,#113,.T.);
#1147=EDGE_CURVE('',#921,#931,#531,.T.);
#1148=EDGE_CURVE('',#931,#930,#532,.T.);
#1149=EDGE_CURVE('',#932,#929,#533,.T.);
#1150=EDGE_CURVE('',#932,#888,#534,.T.);
#1151=EDGE_CURVE('',#933,#887,#535,.T.);
#1152=EDGE_CURVE('',#934,#933,#114,.T.);
#1153=EDGE_CURVE('',#935,#934,#536,.T.);
#1154=EDGE_CURVE('',#927,#935,#115,.T.);
#1155=EDGE_CURVE('',#926,#936,#537,.T.);
#1156=EDGE_CURVE('',#937,#931,#538,.T.);
#1157=EDGE_CURVE('',#938,#937,#539,.T.);
#1158=EDGE_CURVE('',#936,#938,#540,.T.);
#1159=EDGE_CURVE('',#939,#830,#541,.T.);
#1160=EDGE_CURVE('',#940,#939,#542,.T.);
#1161=EDGE_CURVE('',#941,#940,#543,.T.);
#1162=EDGE_CURVE('',#871,#941,#544,.T.);
#1163=EDGE_CURVE('',#829,#942,#545,.T.);
#1164=EDGE_CURVE('',#943,#872,#546,.T.);
#1165=EDGE_CURVE('',#944,#943,#547,.T.);
#1166=EDGE_CURVE('',#942,#944,#548,.T.);
#1167=EDGE_CURVE('',#942,#939,#549,.T.);
#1168=EDGE_CURVE('',#940,#944,#550,.T.);
#1169=EDGE_CURVE('',#924,#938,#551,.T.);
#1170=EDGE_CURVE('',#936,#923,#552,.T.);
#1171=EDGE_CURVE('',#892,#945,#553,.F.);
#1172=EDGE_CURVE('',#945,#946,#554,.T.);
#1173=EDGE_CURVE('',#946,#894,#555,.F.);
#1174=EDGE_CURVE('',#947,#945,#556,.F.);
#1175=EDGE_CURVE('',#947,#948,#557,.T.);
#1176=EDGE_CURVE('',#948,#949,#558,.T.);
#1177=EDGE_CURVE('',#949,#950,#559,.T.);
#1178=EDGE_CURVE('',#946,#950,#560,.F.);
#1179=EDGE_CURVE('',#951,#951,#116,.T.);
#1180=EDGE_CURVE('',#952,#953,#23,.T.);
#1181=EDGE_CURVE('',#953,#952,#117,.T.);
#1182=EDGE_CURVE('',#954,#954,#118,.F.);
#1183=EDGE_CURVE('',#955,#956,#24,.T.);
#1184=EDGE_CURVE('',#956,#955,#119,.T.);
#1185=EDGE_CURVE('',#957,#957,#120,.F.);
#1186=EDGE_CURVE('',#950,#958,#561,.T.);
#1187=EDGE_CURVE('',#958,#895,#562,.F.);
#1188=EDGE_CURVE('',#959,#949,#121,.T.);
#1189=EDGE_CURVE('',#958,#959,#563,.T.);
#1190=EDGE_CURVE('',#893,#960,#564,.F.);
#1191=EDGE_CURVE('',#960,#947,#565,.T.);
#1192=EDGE_CURVE('',#961,#960,#566,.T.);
#1193=EDGE_CURVE('',#948,#961,#122,.T.);
#1194=EDGE_CURVE('',#962,#962,#123,.T.);
#1195=EDGE_CURVE('',#963,#963,#124,.F.);
#1196=EDGE_CURVE('',#964,#964,#125,.T.);
#1197=EDGE_CURVE('',#965,#965,#126,.F.);
#1198=EDGE_CURVE('',#966,#846,#567,.T.);
#1199=EDGE_CURVE('',#879,#966,#127,.T.);
#1200=EDGE_CURVE('',#967,#847,#568,.T.);
#1201=EDGE_CURVE('',#966,#967,#569,.T.);
#1202=EDGE_CURVE('',#932,#848,#570,.T.);
#1203=EDGE_CURVE('',#967,#932,#128,.T.);
#1204=EDGE_CURVE('',#839,#882,#571,.T.);
#1205=EDGE_CURVE('',#967,#889,#572,.T.);
#1206=EDGE_CURVE('',#966,#890,#573,.T.);
#1207=EDGE_CURVE('',#879,#891,#574,.T.);
#1208=EDGE_CURVE('',#941,#943,#575,.T.);
#1209=EDGE_CURVE('',#968,#914,#576,.T.);
#1210=EDGE_CURVE('',#919,#968,#577,.T.);
#1211=EDGE_CURVE('',#925,#937,#578,.T.);
#1212=EDGE_CURVE('',#901,#969,#579,.T.);
#1213=EDGE_CURVE('',#969,#970,#580,.F.);
#1214=EDGE_CURVE('',#970,#902,#581,.T.);
#1215=EDGE_CURVE('',#908,#971,#582,.T.);
#1216=EDGE_CURVE('',#971,#969,#129,.F.);
#1217=EDGE_CURVE('',#907,#972,#583,.T.);
#1218=EDGE_CURVE('',#972,#971,#584,.F.);
#1219=EDGE_CURVE('',#906,#973,#585,.T.);
#1220=EDGE_CURVE('',#973,#972,#130,.F.);
#1221=EDGE_CURVE('',#905,#974,#586,.T.);
#1222=EDGE_CURVE('',#974,#973,#587,.F.);
#1223=EDGE_CURVE('',#904,#975,#588,.T.);
#1224=EDGE_CURVE('',#975,#974,#131,.F.);
#1225=EDGE_CURVE('',#903,#976,#589,.T.);
#1226=EDGE_CURVE('',#976,#975,#590,.F.);
#1227=EDGE_CURVE('',#970,#976,#132,.F.);
#1228=EDGE_CURVE('',#918,#968,#591,.T.);
#1229=EDGE_CURVE('',#977,#977,#133,.T.);
#1230=EDGE_CURVE('',#977,#978,#592,.T.);
#1231=EDGE_CURVE('',#978,#978,#134,.T.);
#1232=EDGE_CURVE('',#834,#979,#593,.T.);
#1233=EDGE_CURVE('',#979,#979,#135,.T.);
#1234=EDGE_CURVE('',#980,#952,#25,.F.);
#1235=EDGE_CURVE('',#981,#980,#26,.F.);
#1236=EDGE_CURVE('',#953,#981,#27,.F.);
#1237=EDGE_CURVE('',#982,#955,#28,.F.);
#1238=EDGE_CURVE('',#983,#982,#29,.F.);
#1239=EDGE_CURVE('',#956,#983,#30,.F.);
#1240=EDGE_CURVE('',#984,#980,#136,.T.);
#1241=EDGE_CURVE('',#985,#984,#594,.T.);
#1242=EDGE_CURVE('',#983,#985,#137,.T.);
#1243=EDGE_CURVE('',#986,#982,#138,.T.);
#1244=EDGE_CURVE('',#986,#987,#595,.T.);
#1245=EDGE_CURVE('',#981,#987,#139,.T.);
#1246=EDGE_CURVE('',#875,#985,#140,.T.);
#1247=EDGE_CURVE('',#874,#986,#141,.T.);
#1248=EDGE_CURVE('',#988,#989,#142,.T.);
#1249=EDGE_CURVE('',#989,#990,#596,.T.);
#1250=EDGE_CURVE('',#990,#991,#143,.T.);
#1251=EDGE_CURVE('',#991,#988,#597,.T.);
#1252=EDGE_CURVE('',#992,#990,#144,.F.);
#1253=EDGE_CURVE('',#992,#991,#31,.T.);
#1254=EDGE_CURVE('',#988,#993,#32,.T.);
#1255=EDGE_CURVE('',#993,#989,#145,.T.);
#1256=EDGE_CURVE('',#989,#994,#146,.T.);
#1257=EDGE_CURVE('',#854,#994,#598,.T.);
#1258=EDGE_CURVE('',#853,#995,#599,.T.);
#1259=EDGE_CURVE('',#990,#995,#147,.F.);
#1260=EDGE_CURVE('',#995,#996,#148,.T.);
#1261=EDGE_CURVE('',#996,#997,#149,.T.);
#1262=EDGE_CURVE('',#997,#992,#150,.T.);
#1263=EDGE_CURVE('',#851,#997,#600,.T.);
#1264=EDGE_CURVE('',#996,#852,#601,.T.);
#1265=EDGE_CURVE('',#993,#833,#151,.T.);
#1266=EDGE_CURVE('',#833,#998,#152,.T.);
#1267=EDGE_CURVE('',#998,#994,#153,.T.);
#1268=EDGE_CURVE('',#855,#998,#602,.T.);
#1269=EDGE_CURVE('',#993,#999,#603,.T.);
#1270=EDGE_CURVE('',#826,#999,#154,.T.);
#1271=EDGE_CURVE('',#886,#984,#604,.T.);
#1272=EDGE_CURVE('',#984,#933,#155,.T.);
#1273=EDGE_CURVE('',#987,#934,#156,.T.);
#1274=EDGE_CURVE('',#1000,#935,#157,.T.);
#1275=EDGE_CURVE('',#987,#1000,#605,.T.);
#1276=EDGE_CURVE('',#1000,#928,#158,.T.);
#1277=EDGE_CURVE('',#997,#928,#606,.T.);
#1278=EDGE_CURVE('',#1000,#992,#607,.T.);
#1279=EDGE_CURVE('',#999,#986,#608,.T.);
#1280=EDGE_CURVE('',#985,#885,#609,.T.);
#1281=EDGE_CURVE('',#873,#999,#159,.T.);
#1282=EDGE_CURVE('',#961,#959,#610,.T.);
#1283=EDGE_CURVE('',#857,#962,#611,.T.);
#1284=EDGE_CURVE('',#856,#964,#612,.T.);
#1285=EDGE_CURVE('',#896,#954,#613,.T.);
#1286=EDGE_CURVE('',#899,#965,#614,.T.);
#1287=EDGE_CURVE('',#900,#957,#615,.T.);
#1288=EDGE_CURVE('',#898,#963,#616,.T.);
#1289=EDGE_CURVE('',#1001,#1001,#160,.T.);
#1290=EDGE_CURVE('',#1002,#1002,#161,.T.);
#1291=EDGE_CURVE('',#897,#1001,#617,.T.);
#1292=EDGE_CURVE('',#951,#1002,#618,.T.);
#1293=ORIENTED_EDGE('',*,*,#1003,.F.);
#1294=ORIENTED_EDGE('',*,*,#1004,.T.);
#1295=ORIENTED_EDGE('',*,*,#1005,.T.);
#1296=ORIENTED_EDGE('',*,*,#1006,.T.);
#1297=ORIENTED_EDGE('',*,*,#1007,.F.);
#1298=ORIENTED_EDGE('',*,*,#1008,.T.);
#1299=ORIENTED_EDGE('',*,*,#1009,.T.);
#1300=ORIENTED_EDGE('',*,*,#1005,.F.);
#1301=ORIENTED_EDGE('',*,*,#1010,.T.);
#1302=ORIENTED_EDGE('',*,*,#1010,.F.);
#1303=ORIENTED_EDGE('',*,*,#1011,.F.);
#1304=ORIENTED_EDGE('',*,*,#1012,.F.);
#1305=ORIENTED_EDGE('',*,*,#1013,.T.);
#1306=ORIENTED_EDGE('',*,*,#1014,.T.);
#1307=ORIENTED_EDGE('',*,*,#1015,.T.);
#1308=ORIENTED_EDGE('',*,*,#1016,.T.);
#1309=ORIENTED_EDGE('',*,*,#1017,.T.);
#1310=ORIENTED_EDGE('',*,*,#1004,.F.);
#1311=ORIENTED_EDGE('',*,*,#1018,.F.);
#1312=ORIENTED_EDGE('',*,*,#1019,.F.);
#1313=ORIENTED_EDGE('',*,*,#1020,.F.);
#1314=ORIENTED_EDGE('',*,*,#1011,.T.);
#1315=ORIENTED_EDGE('',*,*,#1021,.T.);
#1316=ORIENTED_EDGE('',*,*,#1022,.T.);
#1317=ORIENTED_EDGE('',*,*,#1023,.T.);
#1318=ORIENTED_EDGE('',*,*,#1024,.T.);
#1319=ORIENTED_EDGE('',*,*,#1025,.T.);
#1320=ORIENTED_EDGE('',*,*,#1026,.T.);
#1321=ORIENTED_EDGE('',*,*,#1027,.T.);
#1322=ORIENTED_EDGE('',*,*,#1003,.T.);
#1323=ORIENTED_EDGE('',*,*,#1028,.T.);
#1324=ORIENTED_EDGE('',*,*,#1029,.T.);
#1325=ORIENTED_EDGE('',*,*,#1027,.F.);
#1326=ORIENTED_EDGE('',*,*,#1030,.F.);
#1327=ORIENTED_EDGE('',*,*,#1031,.F.);
#1328=ORIENTED_EDGE('',*,*,#1032,.F.);
#1329=ORIENTED_EDGE('',*,*,#1033,.F.);
#1330=ORIENTED_EDGE('',*,*,#1034,.F.);
#1331=ORIENTED_EDGE('',*,*,#1035,.F.);
#1332=ORIENTED_EDGE('',*,*,#1036,.F.);
#1333=ORIENTED_EDGE('',*,*,#1037,.F.);
#1334=ORIENTED_EDGE('',*,*,#1038,.F.);
#1335=ORIENTED_EDGE('',*,*,#1039,.F.);
#1336=ORIENTED_EDGE('',*,*,#1040,.F.);
#1337=ORIENTED_EDGE('',*,*,#1041,.T.);
#1338=ORIENTED_EDGE('',*,*,#1042,.T.);
#1339=ORIENTED_EDGE('',*,*,#1043,.T.);
#1340=ORIENTED_EDGE('',*,*,#1044,.F.);
#1341=ORIENTED_EDGE('',*,*,#1018,.T.);
#1342=ORIENTED_EDGE('',*,*,#1045,.T.);
#1343=ORIENTED_EDGE('',*,*,#1046,.T.);
#1344=ORIENTED_EDGE('',*,*,#1009,.F.);
#1345=ORIENTED_EDGE('',*,*,#1047,.F.);
#1346=ORIENTED_EDGE('',*,*,#1048,.F.);
#1347=ORIENTED_EDGE('',*,*,#1049,.F.);
#1348=ORIENTED_EDGE('',*,*,#1050,.F.);
#1349=ORIENTED_EDGE('',*,*,#1006,.F.);
#1350=ORIENTED_EDGE('',*,*,#1050,.T.);
#1351=ORIENTED_EDGE('',*,*,#1051,.T.);
#1352=ORIENTED_EDGE('',*,*,#1052,.F.);
#1353=ORIENTED_EDGE('',*,*,#1053,.F.);
#1354=ORIENTED_EDGE('',*,*,#1054,.T.);
#1355=ORIENTED_EDGE('',*,*,#1028,.F.);
#1356=ORIENTED_EDGE('',*,*,#1007,.T.);
#1357=ORIENTED_EDGE('',*,*,#1049,.T.);
#1358=ORIENTED_EDGE('',*,*,#1055,.T.);
#1359=ORIENTED_EDGE('',*,*,#1056,.T.);
#1360=ORIENTED_EDGE('',*,*,#1051,.F.);
#1361=ORIENTED_EDGE('',*,*,#1008,.F.);
#1362=ORIENTED_EDGE('',*,*,#1057,.T.);
#1363=ORIENTED_EDGE('',*,*,#1058,.T.);
#1364=ORIENTED_EDGE('',*,*,#1047,.T.);
#1365=ORIENTED_EDGE('',*,*,#1059,.T.);
#1366=ORIENTED_EDGE('',*,*,#1058,.F.);
#1367=ORIENTED_EDGE('',*,*,#1060,.T.);
#1368=ORIENTED_EDGE('',*,*,#1061,.T.);
#1369=ORIENTED_EDGE('',*,*,#1062,.T.);
#1370=ORIENTED_EDGE('',*,*,#1063,.T.);
#1371=ORIENTED_EDGE('',*,*,#1064,.T.);
#1372=ORIENTED_EDGE('',*,*,#1061,.F.);
#1373=ORIENTED_EDGE('',*,*,#1059,.F.);
#1374=ORIENTED_EDGE('',*,*,#1065,.T.);
#1375=ORIENTED_EDGE('',*,*,#1055,.F.);
#1376=ORIENTED_EDGE('',*,*,#1048,.T.);
#1377=ORIENTED_EDGE('',*,*,#1056,.F.);
#1378=ORIENTED_EDGE('',*,*,#1066,.F.);
#1379=ORIENTED_EDGE('',*,*,#1067,.F.);
#1380=ORIENTED_EDGE('',*,*,#1052,.T.);
#1381=ORIENTED_EDGE('',*,*,#1064,.F.);
#1382=ORIENTED_EDGE('',*,*,#1068,.F.);
#1383=ORIENTED_EDGE('',*,*,#1066,.T.);
#1384=ORIENTED_EDGE('',*,*,#1065,.F.);
#1385=ORIENTED_EDGE('',*,*,#1057,.F.);
#1386=ORIENTED_EDGE('',*,*,#1017,.F.);
#1387=ORIENTED_EDGE('',*,*,#1069,.T.);
#1388=ORIENTED_EDGE('',*,*,#1070,.T.);
#1389=ORIENTED_EDGE('',*,*,#1071,.T.);
#1390=ORIENTED_EDGE('',*,*,#1013,.F.);
#1391=ORIENTED_EDGE('',*,*,#1072,.F.);
#1392=ORIENTED_EDGE('',*,*,#1073,.F.);
#1393=ORIENTED_EDGE('',*,*,#1074,.F.);
#1394=ORIENTED_EDGE('',*,*,#1075,.T.);
#1395=ORIENTED_EDGE('',*,*,#1076,.F.);
#1396=ORIENTED_EDGE('',*,*,#1062,.F.);
#1397=ORIENTED_EDGE('',*,*,#1060,.F.);
#1398=ORIENTED_EDGE('',*,*,#1077,.T.);
#1399=ORIENTED_EDGE('',*,*,#1032,.T.);
#1400=ORIENTED_EDGE('',*,*,#1078,.T.);
#1401=ORIENTED_EDGE('',*,*,#1079,.T.);
#1402=ORIENTED_EDGE('',*,*,#1077,.F.);
#1403=ORIENTED_EDGE('',*,*,#1080,.T.);
#1404=ORIENTED_EDGE('',*,*,#1081,.T.);
#1405=ORIENTED_EDGE('',*,*,#1033,.T.);
#1406=ORIENTED_EDGE('',*,*,#1079,.F.);
#1407=ORIENTED_EDGE('',*,*,#1082,.T.);
#1408=ORIENTED_EDGE('',*,*,#1083,.F.);
#1409=ORIENTED_EDGE('',*,*,#1084,.F.);
#1410=ORIENTED_EDGE('',*,*,#1078,.F.);
#1411=ORIENTED_EDGE('',*,*,#1031,.T.);
#1412=ORIENTED_EDGE('',*,*,#1085,.T.);
#1413=ORIENTED_EDGE('',*,*,#1086,.T.);
#1414=ORIENTED_EDGE('',*,*,#1086,.F.);
#1415=ORIENTED_EDGE('',*,*,#1087,.T.);
#1416=ORIENTED_EDGE('',*,*,#1088,.F.);
#1417=ORIENTED_EDGE('',*,*,#1082,.F.);
#1418=ORIENTED_EDGE('',*,*,#1029,.F.);
#1419=ORIENTED_EDGE('',*,*,#1054,.F.);
#1420=ORIENTED_EDGE('',*,*,#1089,.F.);
#1421=ORIENTED_EDGE('',*,*,#1090,.F.);
#1422=ORIENTED_EDGE('',*,*,#1063,.F.);
#1423=ORIENTED_EDGE('',*,*,#1076,.T.);
#1424=ORIENTED_EDGE('',*,*,#1091,.T.);
#1425=ORIENTED_EDGE('',*,*,#1092,.T.);
#1426=ORIENTED_EDGE('',*,*,#1093,.T.);
#1427=ORIENTED_EDGE('',*,*,#1094,.T.);
#1428=ORIENTED_EDGE('',*,*,#1095,.T.);
#1429=ORIENTED_EDGE('',*,*,#1096,.T.);
#1430=ORIENTED_EDGE('',*,*,#1097,.T.);
#1431=ORIENTED_EDGE('',*,*,#1098,.T.);
#1432=ORIENTED_EDGE('',*,*,#1083,.T.);
#1433=ORIENTED_EDGE('',*,*,#1088,.T.);
#1434=ORIENTED_EDGE('',*,*,#1099,.T.);
#1435=ORIENTED_EDGE('',*,*,#1089,.T.);
#1436=ORIENTED_EDGE('',*,*,#1053,.T.);
#1437=ORIENTED_EDGE('',*,*,#1067,.T.);
#1438=ORIENTED_EDGE('',*,*,#1068,.T.);
#1439=ORIENTED_EDGE('',*,*,#1100,.F.);
#1440=ORIENTED_EDGE('',*,*,#1101,.F.);
#1441=ORIENTED_EDGE('',*,*,#1102,.F.);
#1442=ORIENTED_EDGE('',*,*,#1103,.T.);
#1443=ORIENTED_EDGE('',*,*,#1104,.T.);
#1444=ORIENTED_EDGE('',*,*,#1105,.T.);
#1445=ORIENTED_EDGE('',*,*,#1106,.T.);
#1446=ORIENTED_EDGE('',*,*,#1107,.T.);
#1447=ORIENTED_EDGE('',*,*,#1108,.T.);
#1448=ORIENTED_EDGE('',*,*,#1109,.T.);
#1449=ORIENTED_EDGE('',*,*,#1110,.T.);
#1450=ORIENTED_EDGE('',*,*,#1111,.T.);
#1451=ORIENTED_EDGE('',*,*,#1112,.T.);
#1452=ORIENTED_EDGE('',*,*,#1113,.T.);
#1453=ORIENTED_EDGE('',*,*,#1114,.T.);
#1454=ORIENTED_EDGE('',*,*,#1115,.T.);
#1455=ORIENTED_EDGE('',*,*,#1116,.T.);
#1456=ORIENTED_EDGE('',*,*,#1117,.T.);
#1457=ORIENTED_EDGE('',*,*,#1118,.F.);
#1458=ORIENTED_EDGE('',*,*,#1022,.F.);
#1459=ORIENTED_EDGE('',*,*,#1119,.T.);
#1460=ORIENTED_EDGE('',*,*,#1120,.T.);
#1461=ORIENTED_EDGE('',*,*,#1119,.F.);
#1462=ORIENTED_EDGE('',*,*,#1025,.F.);
#1463=ORIENTED_EDGE('',*,*,#1121,.T.);
#1464=ORIENTED_EDGE('',*,*,#1122,.T.);
#1465=ORIENTED_EDGE('',*,*,#1121,.F.);
#1466=ORIENTED_EDGE('',*,*,#1024,.F.);
#1467=ORIENTED_EDGE('',*,*,#1123,.T.);
#1468=ORIENTED_EDGE('',*,*,#1124,.T.);
#1469=ORIENTED_EDGE('',*,*,#1123,.F.);
#1470=ORIENTED_EDGE('',*,*,#1023,.F.);
#1471=ORIENTED_EDGE('',*,*,#1118,.T.);
#1472=ORIENTED_EDGE('',*,*,#1120,.F.);
#1473=ORIENTED_EDGE('',*,*,#1122,.F.);
#1474=ORIENTED_EDGE('',*,*,#1124,.F.);
#1475=ORIENTED_EDGE('',*,*,#1117,.F.);
#1476=ORIENTED_EDGE('',*,*,#1125,.T.);
#1477=ORIENTED_EDGE('',*,*,#1126,.F.);
#1478=ORIENTED_EDGE('',*,*,#1127,.F.);
#1479=ORIENTED_EDGE('',*,*,#1128,.F.);
#1480=ORIENTED_EDGE('',*,*,#1128,.T.);
#1481=ORIENTED_EDGE('',*,*,#1129,.T.);
#1482=ORIENTED_EDGE('',*,*,#1130,.F.);
#1483=ORIENTED_EDGE('',*,*,#1131,.F.);
#1484=ORIENTED_EDGE('',*,*,#1127,.T.);
#1485=ORIENTED_EDGE('',*,*,#1132,.T.);
#1486=ORIENTED_EDGE('',*,*,#1133,.F.);
#1487=ORIENTED_EDGE('',*,*,#1129,.F.);
#1488=ORIENTED_EDGE('',*,*,#1134,.F.);
#1489=ORIENTED_EDGE('',*,*,#1135,.F.);
#1490=ORIENTED_EDGE('',*,*,#1136,.F.);
#1491=ORIENTED_EDGE('',*,*,#1137,.F.);
#1492=ORIENTED_EDGE('',*,*,#1138,.F.);
#1493=ORIENTED_EDGE('',*,*,#1139,.F.);
#1494=ORIENTED_EDGE('',*,*,#1140,.T.);
#1495=ORIENTED_EDGE('',*,*,#1135,.T.);
#1496=ORIENTED_EDGE('',*,*,#1141,.T.);
#1497=ORIENTED_EDGE('',*,*,#1142,.F.);
#1498=ORIENTED_EDGE('',*,*,#1143,.T.);
#1499=ORIENTED_EDGE('',*,*,#1038,.T.);
#1500=ORIENTED_EDGE('',*,*,#1144,.F.);
#1501=ORIENTED_EDGE('',*,*,#1145,.T.);
#1502=ORIENTED_EDGE('',*,*,#1146,.T.);
#1503=ORIENTED_EDGE('',*,*,#1134,.T.);
#1504=ORIENTED_EDGE('',*,*,#1147,.T.);
#1505=ORIENTED_EDGE('',*,*,#1148,.T.);
#1506=ORIENTED_EDGE('',*,*,#1145,.F.);
#1507=ORIENTED_EDGE('',*,*,#1149,.F.);
#1508=ORIENTED_EDGE('',*,*,#1150,.T.);
#1509=ORIENTED_EDGE('',*,*,#1094,.F.);
#1510=ORIENTED_EDGE('',*,*,#1151,.F.);
#1511=ORIENTED_EDGE('',*,*,#1152,.F.);
#1512=ORIENTED_EDGE('',*,*,#1153,.F.);
#1513=ORIENTED_EDGE('',*,*,#1154,.F.);
#1514=ORIENTED_EDGE('',*,*,#1141,.F.);
#1515=ORIENTED_EDGE('',*,*,#1155,.F.);
#1516=ORIENTED_EDGE('',*,*,#1146,.F.);
#1517=ORIENTED_EDGE('',*,*,#1148,.F.);
#1518=ORIENTED_EDGE('',*,*,#1156,.F.);
#1519=ORIENTED_EDGE('',*,*,#1157,.F.);
#1520=ORIENTED_EDGE('',*,*,#1158,.F.);
#1521=ORIENTED_EDGE('',*,*,#1069,.F.);
#1522=ORIENTED_EDGE('',*,*,#1016,.F.);
#1523=ORIENTED_EDGE('',*,*,#1159,.F.);
#1524=ORIENTED_EDGE('',*,*,#1160,.F.);
#1525=ORIENTED_EDGE('',*,*,#1161,.F.);
#1526=ORIENTED_EDGE('',*,*,#1162,.F.);
#1527=ORIENTED_EDGE('',*,*,#1163,.F.);
#1528=ORIENTED_EDGE('',*,*,#1014,.F.);
#1529=ORIENTED_EDGE('',*,*,#1071,.F.);
#1530=ORIENTED_EDGE('',*,*,#1164,.F.);
#1531=ORIENTED_EDGE('',*,*,#1165,.F.);
#1532=ORIENTED_EDGE('',*,*,#1166,.F.);
#1533=ORIENTED_EDGE('',*,*,#1167,.F.);
#1534=ORIENTED_EDGE('',*,*,#1166,.T.);
#1535=ORIENTED_EDGE('',*,*,#1168,.F.);
#1536=ORIENTED_EDGE('',*,*,#1160,.T.);
#1537=ORIENTED_EDGE('',*,*,#1167,.T.);
#1538=ORIENTED_EDGE('',*,*,#1159,.T.);
#1539=ORIENTED_EDGE('',*,*,#1015,.F.);
#1540=ORIENTED_EDGE('',*,*,#1163,.T.);
#1541=ORIENTED_EDGE('',*,*,#1169,.F.);
#1542=ORIENTED_EDGE('',*,*,#1137,.T.);
#1543=ORIENTED_EDGE('',*,*,#1170,.F.);
#1544=ORIENTED_EDGE('',*,*,#1158,.T.);
#1545=ORIENTED_EDGE('',*,*,#1171,.T.);
#1546=ORIENTED_EDGE('',*,*,#1172,.T.);
#1547=ORIENTED_EDGE('',*,*,#1173,.T.);
#1548=ORIENTED_EDGE('',*,*,#1101,.T.);
#1549=ORIENTED_EDGE('',*,*,#1172,.F.);
#1550=ORIENTED_EDGE('',*,*,#1174,.F.);
#1551=ORIENTED_EDGE('',*,*,#1175,.T.);
#1552=ORIENTED_EDGE('',*,*,#1176,.T.);
#1553=ORIENTED_EDGE('',*,*,#1177,.T.);
#1554=ORIENTED_EDGE('',*,*,#1178,.F.);
#1555=ORIENTED_EDGE('',*,*,#1179,.T.);
#1556=ORIENTED_EDGE('',*,*,#1180,.F.);
#1557=ORIENTED_EDGE('',*,*,#1181,.F.);
#1558=ORIENTED_EDGE('',*,*,#1182,.F.);
#1559=ORIENTED_EDGE('',*,*,#1183,.F.);
#1560=ORIENTED_EDGE('',*,*,#1184,.F.);
#1561=ORIENTED_EDGE('',*,*,#1185,.F.);
#1562=ORIENTED_EDGE('',*,*,#1178,.T.);
#1563=ORIENTED_EDGE('',*,*,#1186,.T.);
#1564=ORIENTED_EDGE('',*,*,#1187,.T.);
#1565=ORIENTED_EDGE('',*,*,#1102,.T.);
#1566=ORIENTED_EDGE('',*,*,#1173,.F.);
#1567=ORIENTED_EDGE('',*,*,#1186,.F.);
#1568=ORIENTED_EDGE('',*,*,#1177,.F.);
#1569=ORIENTED_EDGE('',*,*,#1188,.F.);
#1570=ORIENTED_EDGE('',*,*,#1189,.F.);
#1571=ORIENTED_EDGE('',*,*,#1190,.T.);
#1572=ORIENTED_EDGE('',*,*,#1191,.T.);
#1573=ORIENTED_EDGE('',*,*,#1174,.T.);
#1574=ORIENTED_EDGE('',*,*,#1171,.F.);
#1575=ORIENTED_EDGE('',*,*,#1100,.T.);
#1576=ORIENTED_EDGE('',*,*,#1191,.F.);
#1577=ORIENTED_EDGE('',*,*,#1192,.F.);
#1578=ORIENTED_EDGE('',*,*,#1193,.F.);
#1579=ORIENTED_EDGE('',*,*,#1175,.F.);
#1580=ORIENTED_EDGE('',*,*,#1194,.F.);
#1581=ORIENTED_EDGE('',*,*,#1195,.F.);
#1582=ORIENTED_EDGE('',*,*,#1196,.F.);
#1583=ORIENTED_EDGE('',*,*,#1197,.F.);
#1584=ORIENTED_EDGE('',*,*,#1198,.T.);
#1585=ORIENTED_EDGE('',*,*,#1034,.T.);
#1586=ORIENTED_EDGE('',*,*,#1081,.F.);
#1587=ORIENTED_EDGE('',*,*,#1199,.T.);
#1588=ORIENTED_EDGE('',*,*,#1200,.T.);
#1589=ORIENTED_EDGE('',*,*,#1035,.T.);
#1590=ORIENTED_EDGE('',*,*,#1198,.F.);
#1591=ORIENTED_EDGE('',*,*,#1201,.T.);
#1592=ORIENTED_EDGE('',*,*,#1202,.T.);
#1593=ORIENTED_EDGE('',*,*,#1036,.T.);
#1594=ORIENTED_EDGE('',*,*,#1200,.F.);
#1595=ORIENTED_EDGE('',*,*,#1203,.T.);
#1596=ORIENTED_EDGE('',*,*,#1144,.T.);
#1597=ORIENTED_EDGE('',*,*,#1037,.T.);
#1598=ORIENTED_EDGE('',*,*,#1202,.F.);
#1599=ORIENTED_EDGE('',*,*,#1149,.T.);
#1600=ORIENTED_EDGE('',*,*,#1204,.T.);
#1601=ORIENTED_EDGE('',*,*,#1085,.F.);
#1602=ORIENTED_EDGE('',*,*,#1030,.T.);
#1603=ORIENTED_EDGE('',*,*,#1026,.F.);
#1604=ORIENTED_EDGE('',*,*,#1203,.F.);
#1605=ORIENTED_EDGE('',*,*,#1205,.T.);
#1606=ORIENTED_EDGE('',*,*,#1095,.F.);
#1607=ORIENTED_EDGE('',*,*,#1150,.F.);
#1608=ORIENTED_EDGE('',*,*,#1201,.F.);
#1609=ORIENTED_EDGE('',*,*,#1206,.T.);
#1610=ORIENTED_EDGE('',*,*,#1096,.F.);
#1611=ORIENTED_EDGE('',*,*,#1205,.F.);
#1612=ORIENTED_EDGE('',*,*,#1199,.F.);
#1613=ORIENTED_EDGE('',*,*,#1207,.T.);
#1614=ORIENTED_EDGE('',*,*,#1097,.F.);
#1615=ORIENTED_EDGE('',*,*,#1206,.F.);
#1616=ORIENTED_EDGE('',*,*,#1080,.F.);
#1617=ORIENTED_EDGE('',*,*,#1084,.T.);
#1618=ORIENTED_EDGE('',*,*,#1098,.F.);
#1619=ORIENTED_EDGE('',*,*,#1207,.F.);
#1620=ORIENTED_EDGE('',*,*,#1204,.F.);
#1621=ORIENTED_EDGE('',*,*,#1090,.T.);
#1622=ORIENTED_EDGE('',*,*,#1099,.F.);
#1623=ORIENTED_EDGE('',*,*,#1087,.F.);
#1624=ORIENTED_EDGE('',*,*,#1208,.T.);
#1625=ORIENTED_EDGE('',*,*,#1164,.T.);
#1626=ORIENTED_EDGE('',*,*,#1070,.F.);
#1627=ORIENTED_EDGE('',*,*,#1162,.T.);
#1628=ORIENTED_EDGE('',*,*,#1168,.T.);
#1629=ORIENTED_EDGE('',*,*,#1165,.T.);
#1630=ORIENTED_EDGE('',*,*,#1208,.F.);
#1631=ORIENTED_EDGE('',*,*,#1161,.T.);
#1632=ORIENTED_EDGE('',*,*,#1126,.T.);
#1633=ORIENTED_EDGE('',*,*,#1209,.F.);
#1634=ORIENTED_EDGE('',*,*,#1210,.F.);
#1635=ORIENTED_EDGE('',*,*,#1132,.F.);
#1636=ORIENTED_EDGE('',*,*,#1170,.T.);
#1637=ORIENTED_EDGE('',*,*,#1136,.T.);
#1638=ORIENTED_EDGE('',*,*,#1140,.F.);
#1639=ORIENTED_EDGE('',*,*,#1155,.T.);
#1640=ORIENTED_EDGE('',*,*,#1211,.F.);
#1641=ORIENTED_EDGE('',*,*,#1138,.T.);
#1642=ORIENTED_EDGE('',*,*,#1169,.T.);
#1643=ORIENTED_EDGE('',*,*,#1157,.T.);
#1644=ORIENTED_EDGE('',*,*,#1147,.F.);
#1645=ORIENTED_EDGE('',*,*,#1139,.T.);
#1646=ORIENTED_EDGE('',*,*,#1211,.T.);
#1647=ORIENTED_EDGE('',*,*,#1156,.T.);
#1648=ORIENTED_EDGE('',*,*,#1212,.T.);
#1649=ORIENTED_EDGE('',*,*,#1213,.T.);
#1650=ORIENTED_EDGE('',*,*,#1214,.T.);
#1651=ORIENTED_EDGE('',*,*,#1109,.F.);
#1652=ORIENTED_EDGE('',*,*,#1215,.T.);
#1653=ORIENTED_EDGE('',*,*,#1216,.T.);
#1654=ORIENTED_EDGE('',*,*,#1212,.F.);
#1655=ORIENTED_EDGE('',*,*,#1116,.F.);
#1656=ORIENTED_EDGE('',*,*,#1217,.T.);
#1657=ORIENTED_EDGE('',*,*,#1218,.T.);
#1658=ORIENTED_EDGE('',*,*,#1215,.F.);
#1659=ORIENTED_EDGE('',*,*,#1115,.F.);
#1660=ORIENTED_EDGE('',*,*,#1219,.T.);
#1661=ORIENTED_EDGE('',*,*,#1220,.T.);
#1662=ORIENTED_EDGE('',*,*,#1217,.F.);
#1663=ORIENTED_EDGE('',*,*,#1114,.F.);
#1664=ORIENTED_EDGE('',*,*,#1221,.T.);
#1665=ORIENTED_EDGE('',*,*,#1222,.T.);
#1666=ORIENTED_EDGE('',*,*,#1219,.F.);
#1667=ORIENTED_EDGE('',*,*,#1113,.F.);
#1668=ORIENTED_EDGE('',*,*,#1223,.T.);
#1669=ORIENTED_EDGE('',*,*,#1224,.T.);
#1670=ORIENTED_EDGE('',*,*,#1221,.F.);
#1671=ORIENTED_EDGE('',*,*,#1112,.F.);
#1672=ORIENTED_EDGE('',*,*,#1225,.T.);
#1673=ORIENTED_EDGE('',*,*,#1226,.T.);
#1674=ORIENTED_EDGE('',*,*,#1223,.F.);
#1675=ORIENTED_EDGE('',*,*,#1111,.F.);
#1676=ORIENTED_EDGE('',*,*,#1214,.F.);
#1677=ORIENTED_EDGE('',*,*,#1227,.T.);
#1678=ORIENTED_EDGE('',*,*,#1225,.F.);
#1679=ORIENTED_EDGE('',*,*,#1110,.F.);
#1680=ORIENTED_EDGE('',*,*,#1227,.F.);
#1681=ORIENTED_EDGE('',*,*,#1213,.F.);
#1682=ORIENTED_EDGE('',*,*,#1216,.F.);
#1683=ORIENTED_EDGE('',*,*,#1218,.F.);
#1684=ORIENTED_EDGE('',*,*,#1220,.F.);
#1685=ORIENTED_EDGE('',*,*,#1222,.F.);
#1686=ORIENTED_EDGE('',*,*,#1224,.F.);
#1687=ORIENTED_EDGE('',*,*,#1226,.F.);
#1688=ORIENTED_EDGE('',*,*,#1228,.F.);
#1689=ORIENTED_EDGE('',*,*,#1130,.T.);
#1690=ORIENTED_EDGE('',*,*,#1133,.T.);
#1691=ORIENTED_EDGE('',*,*,#1210,.T.);
#1692=ORIENTED_EDGE('',*,*,#1229,.F.);
#1693=ORIENTED_EDGE('',*,*,#1230,.T.);
#1694=ORIENTED_EDGE('',*,*,#1231,.T.);
#1695=ORIENTED_EDGE('',*,*,#1230,.F.);
#1696=ORIENTED_EDGE('',*,*,#1231,.F.);
#1697=ORIENTED_EDGE('',*,*,#1021,.F.);
#1698=ORIENTED_EDGE('',*,*,#1232,.T.);
#1699=ORIENTED_EDGE('',*,*,#1233,.T.);
#1700=ORIENTED_EDGE('',*,*,#1232,.F.);
#1701=ORIENTED_EDGE('',*,*,#1233,.F.);
#1702=ORIENTED_EDGE('',*,*,#1181,.T.);
#1703=ORIENTED_EDGE('',*,*,#1234,.F.);
#1704=ORIENTED_EDGE('',*,*,#1235,.F.);
#1705=ORIENTED_EDGE('',*,*,#1236,.F.);
#1706=ORIENTED_EDGE('',*,*,#1184,.T.);
#1707=ORIENTED_EDGE('',*,*,#1237,.F.);
#1708=ORIENTED_EDGE('',*,*,#1238,.F.);
#1709=ORIENTED_EDGE('',*,*,#1239,.F.);
#1710=ORIENTED_EDGE('',*,*,#1235,.T.);
#1711=ORIENTED_EDGE('',*,*,#1240,.F.);
#1712=ORIENTED_EDGE('',*,*,#1241,.F.);
#1713=ORIENTED_EDGE('',*,*,#1242,.F.);
#1714=ORIENTED_EDGE('',*,*,#1238,.T.);
#1715=ORIENTED_EDGE('',*,*,#1243,.F.);
#1716=ORIENTED_EDGE('',*,*,#1244,.T.);
#1717=ORIENTED_EDGE('',*,*,#1245,.F.);
#1718=ORIENTED_EDGE('',*,*,#1242,.T.);
#1719=ORIENTED_EDGE('',*,*,#1246,.F.);
#1720=ORIENTED_EDGE('',*,*,#1074,.T.);
#1721=ORIENTED_EDGE('',*,*,#1247,.T.);
#1722=ORIENTED_EDGE('',*,*,#1243,.T.);
#1723=ORIENTED_EDGE('',*,*,#1237,.T.);
#1724=ORIENTED_EDGE('',*,*,#1183,.T.);
#1725=ORIENTED_EDGE('',*,*,#1239,.T.);
#1726=ORIENTED_EDGE('',*,*,#1248,.T.);
#1727=ORIENTED_EDGE('',*,*,#1249,.T.);
#1728=ORIENTED_EDGE('',*,*,#1250,.T.);
#1729=ORIENTED_EDGE('',*,*,#1251,.T.);
#1730=ORIENTED_EDGE('',*,*,#1250,.F.);
#1731=ORIENTED_EDGE('',*,*,#1252,.F.);
#1732=ORIENTED_EDGE('',*,*,#1253,.T.);
#1733=ORIENTED_EDGE('',*,*,#1254,.T.);
#1734=ORIENTED_EDGE('',*,*,#1255,.T.);
#1735=ORIENTED_EDGE('',*,*,#1248,.F.);
#1736=ORIENTED_EDGE('',*,*,#1249,.F.);
#1737=ORIENTED_EDGE('',*,*,#1256,.T.);
#1738=ORIENTED_EDGE('',*,*,#1257,.F.);
#1739=ORIENTED_EDGE('',*,*,#1042,.F.);
#1740=ORIENTED_EDGE('',*,*,#1258,.T.);
#1741=ORIENTED_EDGE('',*,*,#1259,.F.);
#1742=ORIENTED_EDGE('',*,*,#1252,.T.);
#1743=ORIENTED_EDGE('',*,*,#1259,.T.);
#1744=ORIENTED_EDGE('',*,*,#1260,.T.);
#1745=ORIENTED_EDGE('',*,*,#1261,.T.);
#1746=ORIENTED_EDGE('',*,*,#1262,.T.);
#1747=ORIENTED_EDGE('',*,*,#1040,.T.);
#1748=ORIENTED_EDGE('',*,*,#1263,.T.);
#1749=ORIENTED_EDGE('',*,*,#1261,.F.);
#1750=ORIENTED_EDGE('',*,*,#1264,.T.);
#1751=ORIENTED_EDGE('',*,*,#1264,.F.);
#1752=ORIENTED_EDGE('',*,*,#1260,.F.);
#1753=ORIENTED_EDGE('',*,*,#1258,.F.);
#1754=ORIENTED_EDGE('',*,*,#1041,.F.);
#1755=ORIENTED_EDGE('',*,*,#1255,.F.);
#1756=ORIENTED_EDGE('',*,*,#1265,.T.);
#1757=ORIENTED_EDGE('',*,*,#1266,.T.);
#1758=ORIENTED_EDGE('',*,*,#1267,.T.);
#1759=ORIENTED_EDGE('',*,*,#1256,.F.);
#1760=ORIENTED_EDGE('',*,*,#1044,.T.);
#1761=ORIENTED_EDGE('',*,*,#1268,.T.);
#1762=ORIENTED_EDGE('',*,*,#1266,.F.);
#1763=ORIENTED_EDGE('',*,*,#1019,.T.);
#1764=ORIENTED_EDGE('',*,*,#1265,.F.);
#1765=ORIENTED_EDGE('',*,*,#1269,.T.);
#1766=ORIENTED_EDGE('',*,*,#1270,.F.);
#1767=ORIENTED_EDGE('',*,*,#1020,.T.);
#1768=ORIENTED_EDGE('',*,*,#1271,.T.);
#1769=ORIENTED_EDGE('',*,*,#1272,.T.);
#1770=ORIENTED_EDGE('',*,*,#1151,.T.);
#1771=ORIENTED_EDGE('',*,*,#1093,.F.);
#1772=ORIENTED_EDGE('',*,*,#1152,.T.);
#1773=ORIENTED_EDGE('',*,*,#1272,.F.);
#1774=ORIENTED_EDGE('',*,*,#1240,.T.);
#1775=ORIENTED_EDGE('',*,*,#1234,.T.);
#1776=ORIENTED_EDGE('',*,*,#1180,.T.);
#1777=ORIENTED_EDGE('',*,*,#1236,.T.);
#1778=ORIENTED_EDGE('',*,*,#1245,.T.);
#1779=ORIENTED_EDGE('',*,*,#1273,.T.);
#1780=ORIENTED_EDGE('',*,*,#1274,.T.);
#1781=ORIENTED_EDGE('',*,*,#1153,.T.);
#1782=ORIENTED_EDGE('',*,*,#1273,.F.);
#1783=ORIENTED_EDGE('',*,*,#1275,.T.);
#1784=ORIENTED_EDGE('',*,*,#1142,.T.);
#1785=ORIENTED_EDGE('',*,*,#1154,.T.);
#1786=ORIENTED_EDGE('',*,*,#1274,.F.);
#1787=ORIENTED_EDGE('',*,*,#1276,.T.);
#1788=ORIENTED_EDGE('',*,*,#1263,.F.);
#1789=ORIENTED_EDGE('',*,*,#1039,.T.);
#1790=ORIENTED_EDGE('',*,*,#1143,.F.);
#1791=ORIENTED_EDGE('',*,*,#1277,.F.);
#1792=ORIENTED_EDGE('',*,*,#1131,.T.);
#1793=ORIENTED_EDGE('',*,*,#1228,.T.);
#1794=ORIENTED_EDGE('',*,*,#1209,.T.);
#1795=ORIENTED_EDGE('',*,*,#1125,.F.);
#1796=ORIENTED_EDGE('',*,*,#1229,.T.);
#1797=ORIENTED_EDGE('',*,*,#1262,.F.);
#1798=ORIENTED_EDGE('',*,*,#1277,.T.);
#1799=ORIENTED_EDGE('',*,*,#1276,.F.);
#1800=ORIENTED_EDGE('',*,*,#1278,.T.);
#1801=ORIENTED_EDGE('',*,*,#1253,.F.);
#1802=ORIENTED_EDGE('',*,*,#1278,.F.);
#1803=ORIENTED_EDGE('',*,*,#1275,.F.);
#1804=ORIENTED_EDGE('',*,*,#1244,.F.);
#1805=ORIENTED_EDGE('',*,*,#1279,.F.);
#1806=ORIENTED_EDGE('',*,*,#1269,.F.);
#1807=ORIENTED_EDGE('',*,*,#1254,.F.);
#1808=ORIENTED_EDGE('',*,*,#1251,.F.);
#1809=ORIENTED_EDGE('',*,*,#1271,.F.);
#1810=ORIENTED_EDGE('',*,*,#1092,.F.);
#1811=ORIENTED_EDGE('',*,*,#1280,.F.);
#1812=ORIENTED_EDGE('',*,*,#1241,.T.);
#1813=ORIENTED_EDGE('',*,*,#1075,.F.);
#1814=ORIENTED_EDGE('',*,*,#1246,.T.);
#1815=ORIENTED_EDGE('',*,*,#1280,.T.);
#1816=ORIENTED_EDGE('',*,*,#1091,.F.);
#1817=ORIENTED_EDGE('',*,*,#1281,.T.);
#1818=ORIENTED_EDGE('',*,*,#1279,.T.);
#1819=ORIENTED_EDGE('',*,*,#1247,.F.);
#1820=ORIENTED_EDGE('',*,*,#1073,.T.);
#1821=ORIENTED_EDGE('',*,*,#1012,.T.);
#1822=ORIENTED_EDGE('',*,*,#1270,.T.);
#1823=ORIENTED_EDGE('',*,*,#1281,.F.);
#1824=ORIENTED_EDGE('',*,*,#1072,.T.);
#1825=ORIENTED_EDGE('',*,*,#1268,.F.);
#1826=ORIENTED_EDGE('',*,*,#1043,.F.);
#1827=ORIENTED_EDGE('',*,*,#1257,.T.);
#1828=ORIENTED_EDGE('',*,*,#1267,.F.);
#1829=ORIENTED_EDGE('',*,*,#1192,.T.);
#1830=ORIENTED_EDGE('',*,*,#1190,.F.);
#1831=ORIENTED_EDGE('',*,*,#1103,.F.);
#1832=ORIENTED_EDGE('',*,*,#1187,.F.);
#1833=ORIENTED_EDGE('',*,*,#1189,.T.);
#1834=ORIENTED_EDGE('',*,*,#1282,.F.);
#1835=ORIENTED_EDGE('',*,*,#1193,.T.);
#1836=ORIENTED_EDGE('',*,*,#1282,.T.);
#1837=ORIENTED_EDGE('',*,*,#1188,.T.);
#1838=ORIENTED_EDGE('',*,*,#1176,.F.);
#1839=ORIENTED_EDGE('',*,*,#1046,.F.);
#1840=ORIENTED_EDGE('',*,*,#1283,.T.);
#1841=ORIENTED_EDGE('',*,*,#1194,.T.);
#1842=ORIENTED_EDGE('',*,*,#1283,.F.);
#1843=ORIENTED_EDGE('',*,*,#1045,.F.);
#1844=ORIENTED_EDGE('',*,*,#1284,.T.);
#1845=ORIENTED_EDGE('',*,*,#1196,.T.);
#1846=ORIENTED_EDGE('',*,*,#1284,.F.);
#1847=ORIENTED_EDGE('',*,*,#1104,.F.);
#1848=ORIENTED_EDGE('',*,*,#1285,.T.);
#1849=ORIENTED_EDGE('',*,*,#1182,.T.);
#1850=ORIENTED_EDGE('',*,*,#1285,.F.);
#1851=ORIENTED_EDGE('',*,*,#1107,.F.);
#1852=ORIENTED_EDGE('',*,*,#1286,.T.);
#1853=ORIENTED_EDGE('',*,*,#1197,.T.);
#1854=ORIENTED_EDGE('',*,*,#1286,.F.);
#1855=ORIENTED_EDGE('',*,*,#1108,.F.);
#1856=ORIENTED_EDGE('',*,*,#1287,.T.);
#1857=ORIENTED_EDGE('',*,*,#1185,.T.);
#1858=ORIENTED_EDGE('',*,*,#1287,.F.);
#1859=ORIENTED_EDGE('',*,*,#1106,.F.);
#1860=ORIENTED_EDGE('',*,*,#1288,.T.);
#1861=ORIENTED_EDGE('',*,*,#1195,.T.);
#1862=ORIENTED_EDGE('',*,*,#1288,.F.);
#1863=ORIENTED_EDGE('',*,*,#1289,.F.);
#1864=ORIENTED_EDGE('',*,*,#1290,.F.);
#1865=ORIENTED_EDGE('',*,*,#1105,.F.);
#1866=ORIENTED_EDGE('',*,*,#1291,.T.);
#1867=ORIENTED_EDGE('',*,*,#1289,.T.);
#1868=ORIENTED_EDGE('',*,*,#1291,.F.);
#1869=ORIENTED_EDGE('',*,*,#1179,.F.);
#1870=ORIENTED_EDGE('',*,*,#1292,.T.);
#1871=ORIENTED_EDGE('',*,*,#1290,.T.);
#1872=ORIENTED_EDGE('',*,*,#1292,.F.);
#1873=PLANE('',#2081);
#1874=PLANE('',#2089);
#1875=PLANE('',#2091);
#1876=PLANE('',#2092);
#1877=PLANE('',#2100);
#1878=PLANE('',#2101);
#1879=PLANE('',#2102);
#1880=PLANE('',#2103);
#1881=PLANE('',#2104);
#1882=PLANE('',#2105);
#1883=PLANE('',#2106);
#1884=PLANE('',#2107);
#1885=PLANE('',#2108);
#1886=PLANE('',#2109);
#1887=PLANE('',#2112);
#1888=PLANE('',#2113);
#1889=PLANE('',#2114);
#1890=PLANE('',#2115);
#1891=PLANE('',#2116);
#1892=PLANE('',#2117);
#1893=PLANE('',#2118);
#1894=PLANE('',#2132);
#1895=PLANE('',#2133);
#1896=PLANE('',#2134);
#1897=PLANE('',#2135);
#1898=PLANE('',#2136);
#1899=PLANE('',#2137);
#1900=PLANE('',#2138);
#1901=PLANE('',#2139);
#1902=PLANE('',#2140);
#1903=PLANE('',#2146);
#1904=PLANE('',#2149);
#1905=PLANE('',#2150);
#1906=PLANE('',#2151);
#1907=PLANE('',#2152);
#1908=PLANE('',#2153);
#1909=PLANE('',#2154);
#1910=PLANE('',#2155);
#1911=PLANE('',#2156);
#1912=PLANE('',#2157);
#1913=PLANE('',#2159);
#1914=PLANE('',#2162);
#1915=PLANE('',#2165);
#1916=PLANE('',#2166);
#1917=PLANE('',#2168);
#1918=PLANE('',#2169);
#1919=PLANE('',#2171);
#1920=PLANE('',#2174);
#1921=PLANE('',#2179);
#1922=PLANE('',#2182);
#1923=PLANE('',#2183);
#1924=PLANE('',#2185);
#1925=PLANE('',#2187);
#1926=PLANE('',#2188);
#1927=PLANE('',#2189);
#1928=PLANE('',#2190);
#1929=PLANE('',#2191);
#1930=PLANE('',#2192);
#1931=PLANE('',#2193);
#1932=PLANE('',#2194);
#1933=PLANE('',#2195);
#1934=PLANE('',#2198);
#1935=PLANE('',#2201);
#1936=PLANE('',#2204);
#1937=PLANE('',#2207);
#1938=PLANE('',#2208);
#1939=PLANE('',#2212);
#1940=PLANE('',#2215);
#1941=PLANE('',#2230);
#1942=PLANE('',#2237);
#1943=PLANE('',#2250);
#1944=PLANE('',#2252);
#1945=PLANE('',#2253);
#1946=PLANE('',#2257);
#1947=PLANE('',#2258);
#1948=PLANE('',#2266);
#1949=ADVANCED_FACE('',(#165),#1873,.T.);
#1950=ADVANCED_FACE('',(#166),#162,.T.);
#1951=ADVANCED_FACE('',(#167),#52,.T.);
#1952=ADVANCED_FACE('',(#168,#34,#35),#1874,.T.);
#1953=ADVANCED_FACE('',(#169),#1875,.T.);
#1954=ADVANCED_FACE('',(#170,#36,#37),#1876,.T.);
#1955=ADVANCED_FACE('',(#171),#1877,.T.);
#1956=ADVANCED_FACE('',(#172),#1878,.F.);
#1957=ADVANCED_FACE('',(#173),#1879,.T.);
#1958=ADVANCED_FACE('',(#174),#1880,.T.);
#1959=ADVANCED_FACE('',(#175),#1881,.T.);
#1960=ADVANCED_FACE('',(#176),#1882,.T.);
#1961=ADVANCED_FACE('',(#177),#1883,.T.);
#1962=ADVANCED_FACE('',(#178),#1884,.F.);
#1963=ADVANCED_FACE('',(#179),#1885,.F.);
#1964=ADVANCED_FACE('',(#180),#1886,.T.);
#1965=ADVANCED_FACE('',(#181),#1887,.T.);
#1966=ADVANCED_FACE('',(#182),#1888,.T.);
#1967=ADVANCED_FACE('',(#183),#1889,.F.);
#1968=ADVANCED_FACE('',(#184),#1890,.T.);
#1969=ADVANCED_FACE('',(#185),#1891,.F.);
#1970=ADVANCED_FACE('',(#186),#1892,.F.);
#1971=ADVANCED_FACE('',(#187,#38,#39,#40,#41,#42,#43,#44),#1893,.T.);
#1972=ADVANCED_FACE('',(#188),#1894,.F.);
#1973=ADVANCED_FACE('',(#189),#1895,.F.);
#1974=ADVANCED_FACE('',(#190),#1896,.F.);
#1975=ADVANCED_FACE('',(#191),#1897,.F.);
#1976=ADVANCED_FACE('',(#192),#1898,.T.);
#1977=ADVANCED_FACE('',(#193),#1899,.T.);
#1978=ADVANCED_FACE('',(#194),#1900,.F.);
#1979=ADVANCED_FACE('',(#195),#1901,.F.);
#1980=ADVANCED_FACE('',(#196),#1902,.F.);
#1981=ADVANCED_FACE('',(#197),#53,.T.);
#1982=ADVANCED_FACE('',(#198),#1903,.F.);
#1983=ADVANCED_FACE('',(#199),#1904,.F.);
#1984=ADVANCED_FACE('',(#200),#1905,.F.);
#1985=ADVANCED_FACE('',(#201),#1906,.F.);
#1986=ADVANCED_FACE('',(#202),#1907,.F.);
#1987=ADVANCED_FACE('',(#203),#1908,.F.);
#1988=ADVANCED_FACE('',(#204),#1909,.F.);
#1989=ADVANCED_FACE('',(#205),#1910,.T.);
#1990=ADVANCED_FACE('',(#206),#1911,.T.);
#1991=ADVANCED_FACE('',(#207),#1912,.T.);
#1992=ADVANCED_FACE('',(#208,#45),#1913,.T.);
#1993=ADVANCED_FACE('',(#209,#46),#1914,.T.);
#1994=ADVANCED_FACE('',(#210),#1915,.T.);
#1995=ADVANCED_FACE('',(#211),#1916,.T.);
#1996=ADVANCED_FACE('',(#212),#1917,.T.);
#1997=ADVANCED_FACE('',(#213),#1918,.T.);
#1998=ADVANCED_FACE('',(#214,#47),#1919,.T.);
#1999=ADVANCED_FACE('',(#215,#48),#1920,.T.);
#2000=ADVANCED_FACE('',(#216),#163,.T.);
#2001=ADVANCED_FACE('',(#217),#1921,.T.);
#2002=ADVANCED_FACE('',(#218),#164,.T.);
#2003=ADVANCED_FACE('',(#219),#1922,.T.);
#2004=ADVANCED_FACE('',(#220),#1923,.T.);
#2005=ADVANCED_FACE('',(#221),#54,.T.);
#2006=ADVANCED_FACE('',(#222),#1924,.T.);
#2007=ADVANCED_FACE('',(#223),#55,.T.);
#2008=ADVANCED_FACE('',(#224),#1925,.T.);
#2009=ADVANCED_FACE('',(#225),#1926,.F.);
#2010=ADVANCED_FACE('',(#226),#1927,.F.);
#2011=ADVANCED_FACE('',(#227),#1928,.F.);
#2012=ADVANCED_FACE('',(#228),#1929,.F.);
#2013=ADVANCED_FACE('',(#229),#1930,.F.);
#2014=ADVANCED_FACE('',(#230),#1931,.F.);
#2015=ADVANCED_FACE('',(#231),#1932,.F.);
#2016=ADVANCED_FACE('',(#232),#1933,.F.);
#2017=ADVANCED_FACE('',(#233),#56,.F.);
#2018=ADVANCED_FACE('',(#234),#1934,.F.);
#2019=ADVANCED_FACE('',(#235),#57,.F.);
#2020=ADVANCED_FACE('',(#236),#1935,.F.);
#2021=ADVANCED_FACE('',(#237),#58,.F.);
#2022=ADVANCED_FACE('',(#238),#1936,.F.);
#2023=ADVANCED_FACE('',(#239),#59,.F.);
#2024=ADVANCED_FACE('',(#240),#1937,.F.);
#2025=ADVANCED_FACE('',(#241),#1938,.F.);
#2026=ADVANCED_FACE('',(#242),#60,.F.);
#2027=ADVANCED_FACE('',(#243),#1939,.T.);
#2028=ADVANCED_FACE('',(#244),#61,.F.);
#2029=ADVANCED_FACE('',(#245),#1940,.T.);
#2030=ADVANCED_FACE('',(#246),#62,.F.);
#2031=ADVANCED_FACE('',(#247),#63,.F.);
#2032=ADVANCED_FACE('',(#248),#64,.T.);
#2033=ADVANCED_FACE('',(#249),#17,.F.);
#2034=ADVANCED_FACE('',(#250),#65,.T.);
#2035=ADVANCED_FACE('',(#251),#15,.F.);
#2036=ADVANCED_FACE('',(#252),#16,.F.);
#2037=ADVANCED_FACE('',(#253),#1941,.T.);
#2038=ADVANCED_FACE('',(#254),#18,.F.);
#2039=ADVANCED_FACE('',(#255),#66,.T.);
#2040=ADVANCED_FACE('',(#256),#1942,.T.);
#2041=ADVANCED_FACE('',(#257),#19,.F.);
#2042=ADVANCED_FACE('',(#258),#67,.T.);
#2043=ADVANCED_FACE('',(#259),#68,.T.);
#2044=ADVANCED_FACE('',(#260),#69,.T.);
#2045=ADVANCED_FACE('',(#261),#20,.F.);
#2046=ADVANCED_FACE('',(#262),#70,.T.);
#2047=ADVANCED_FACE('',(#263),#21,.F.);
#2048=ADVANCED_FACE('',(#264,#49,#50),#1943,.T.);
#2049=ADVANCED_FACE('',(#265),#71,.T.);
#2050=ADVANCED_FACE('',(#266),#1944,.T.);
#2051=ADVANCED_FACE('',(#267),#1945,.T.);
#2052=ADVANCED_FACE('',(#268),#72,.T.);
#2053=ADVANCED_FACE('',(#269),#73,.T.);
#2054=ADVANCED_FACE('',(#270),#22,.F.);
#2055=ADVANCED_FACE('',(#271),#1946,.T.);
#2056=ADVANCED_FACE('',(#272),#1947,.T.);
#2057=ADVANCED_FACE('',(#273),#74,.F.);
#2058=ADVANCED_FACE('',(#274),#75,.F.);
#2059=ADVANCED_FACE('',(#275),#76,.F.);
#2060=ADVANCED_FACE('',(#276),#77,.F.);
#2061=ADVANCED_FACE('',(#277),#78,.F.);
#2062=ADVANCED_FACE('',(#278),#79,.F.);
#2063=ADVANCED_FACE('',(#279),#80,.F.);
#2064=ADVANCED_FACE('',(#280,#51),#1948,.F.);
#2065=ADVANCED_FACE('',(#281),#81,.F.);
#2066=ADVANCED_FACE('',(#282),#82,.T.);
#2067=CLOSED_SHELL('',(#1949,#1950,#1951,#1952,#1953,#1954,#1955,#1956,
#1957,#1958,#1959,#1960,#1961,#1962,#1963,#1964,#1965,#1966,#1967,#1968,
#1969,#1970,#1971,#1972,#1973,#1974,#1975,#1976,#1977,#1978,#1979,#1980,
#1981,#1982,#1983,#1984,#1985,#1986,#1987,#1988,#1989,#1990,#1991,#1992,
#1993,#1994,#1995,#1996,#1997,#1998,#1999,#2000,#2001,#2002,#2003,#2004,
#2005,#2006,#2007,#2008,#2009,#2010,#2011,#2012,#2013,#2014,#2015,#2016,
#2017,#2018,#2019,#2020,#2021,#2022,#2023,#2024,#2025,#2026,#2027,#2028,
#2029,#2030,#2031,#2032,#2033,#2034,#2035,#2036,#2037,#2038,#2039,#2040,
#2041,#2042,#2043,#2044,#2045,#2046,#2047,#2048,#2049,#2050,#2051,#2052,
#2053,#2054,#2055,#2056,#2057,#2058,#2059,#2060,#2061,#2062,#2063,#2064,
#2065,#2066));
#2068=DERIVED_UNIT_ELEMENT(#2070,1.);
#2069=DERIVED_UNIT_ELEMENT(#3935,-3.);
#2070=(
MASS_UNIT()
NAMED_UNIT(*)
SI_UNIT(.KILO.,.GRAM.)
);
#2071=DERIVED_UNIT((#2068,#2069));
#2072=MEASURE_REPRESENTATION_ITEM('density measure',
POSITIVE_RATIO_MEASURE(7850.),#2071);
#2073=PROPERTY_DEFINITION_REPRESENTATION(#2078,#2075);
#2074=PROPERTY_DEFINITION_REPRESENTATION(#2079,#2076);
#2075=REPRESENTATION('material name',(#2077),#3932);
#2076=REPRESENTATION('density',(#2072),#3932);
#2077=DESCRIPTIVE_REPRESENTATION_ITEM('\X2\92FC\X0\','\X2\92FC\X0\');
#2078=PROPERTY_DEFINITION('material property','material name',#3942);
#2079=PROPERTY_DEFINITION('material property','density of part',#3942);
#2080=AXIS2_PLACEMENT_3D('',#2853,#2271,#2272);
#2081=AXIS2_PLACEMENT_3D('',#2854,#2273,#2274);
#2082=AXIS2_PLACEMENT_3D('',#2865,#2280,#2281);
#2083=AXIS2_PLACEMENT_3D('',#2869,#2283,#2284);
#2084=AXIS2_PLACEMENT_3D('',#2870,#2285,#2286);
#2085=AXIS2_PLACEMENT_3D('',#2871,#2287,#2288);
#2086=AXIS2_PLACEMENT_3D('',#2875,#2290,#2291);
#2087=AXIS2_PLACEMENT_3D('',#2879,#2293,#2294);
#2088=AXIS2_PLACEMENT_3D('',#2883,#2296,#2297);
#2089=AXIS2_PLACEMENT_3D('',#2885,#2299,#2300);
#2090=AXIS2_PLACEMENT_3D('',#2892,#2304,#2305);
#2091=AXIS2_PLACEMENT_3D('',#2901,#2310,#2311);
#2092=AXIS2_PLACEMENT_3D('',#2909,#2316,#2317);
#2093=AXIS2_PLACEMENT_3D('',#2919,#2322,#2323);
#2094=AXIS2_PLACEMENT_3D('',#2923,#2325,#2326);
#2095=AXIS2_PLACEMENT_3D('',#2927,#2328,#2329);
#2096=AXIS2_PLACEMENT_3D('',#2931,#2331,#2332);
#2097=AXIS2_PLACEMENT_3D('',#2938,#2336,#2337);
#2098=AXIS2_PLACEMENT_3D('',#2940,#2338,#2339);
#2099=AXIS2_PLACEMENT_3D('',#2942,#2340,#2341);
#2100=AXIS2_PLACEMENT_3D('',#2943,#2342,#2343);
#2101=AXIS2_PLACEMENT_3D('',#2951,#2348,#2349);
#2102=AXIS2_PLACEMENT_3D('',#2959,#2354,#2355);
#2103=AXIS2_PLACEMENT_3D('',#2963,#2358,#2359);
#2104=AXIS2_PLACEMENT_3D('',#2967,#2362,#2363);
#2105=AXIS2_PLACEMENT_3D('',#2973,#2367,#2368);
#2106=AXIS2_PLACEMENT_3D('',#2979,#2372,#2373);
#2107=AXIS2_PLACEMENT_3D('',#2981,#2375,#2376);
#2108=AXIS2_PLACEMENT_3D('',#2985,#2379,#2380);
#2109=AXIS2_PLACEMENT_3D('',#2987,#2382,#2383);
#2110=AXIS2_PLACEMENT_3D('',#2994,#2387,#2388);
#2111=AXIS2_PLACEMENT_3D('',#2998,#2390,#2391);
#2112=AXIS2_PLACEMENT_3D('',#3002,#2394,#2395);
#2113=AXIS2_PLACEMENT_3D('',#3008,#2399,#2400);
#2114=AXIS2_PLACEMENT_3D('',#3012,#2403,#2404);
#2115=AXIS2_PLACEMENT_3D('',#3018,#2408,#2409);
#2116=AXIS2_PLACEMENT_3D('',#3022,#2412,#2413);
#2117=AXIS2_PLACEMENT_3D('',#3026,#2416,#2417);
#2118=AXIS2_PLACEMENT_3D('',#3030,#2420,#2421);
#2119=AXIS2_PLACEMENT_3D('',#3032,#2422,#2423);
#2120=AXIS2_PLACEMENT_3D('',#3036,#2425,#2426);
#2121=AXIS2_PLACEMENT_3D('',#3040,#2428,#2429);
#2122=AXIS2_PLACEMENT_3D('',#3044,#2431,#2432);
#2123=AXIS2_PLACEMENT_3D('',#3056,#2439,#2440);
#2124=AXIS2_PLACEMENT_3D('',#3058,#2441,#2442);
#2125=AXIS2_PLACEMENT_3D('',#3060,#2443,#2444);
#2126=AXIS2_PLACEMENT_3D('',#3062,#2445,#2446);
#2127=AXIS2_PLACEMENT_3D('',#3064,#2447,#2448);
#2128=AXIS2_PLACEMENT_3D('',#3069,#2450,#2451);
#2129=AXIS2_PLACEMENT_3D('',#3073,#2453,#2454);
#2130=AXIS2_PLACEMENT_3D('',#3077,#2456,#2457);
#2131=AXIS2_PLACEMENT_3D('',#3080,#2459,#2460);
#2132=AXIS2_PLACEMENT_3D('',#3081,#2461,#2462);
#2133=AXIS2_PLACEMENT_3D('',#3087,#2466,#2467);
#2134=AXIS2_PLACEMENT_3D('',#3091,#2470,#2471);
#2135=AXIS2_PLACEMENT_3D('',#3095,#2474,#2475);
#2136=AXIS2_PLACEMENT_3D('',#3097,#2477,#2478);
#2137=AXIS2_PLACEMENT_3D('',#3098,#2479,#2480);
#2138=AXIS2_PLACEMENT_3D('',#3107,#2485,#2486);
#2139=AXIS2_PLACEMENT_3D('',#3113,#2490,#2491);
#2140=AXIS2_PLACEMENT_3D('',#3117,#2494,#2495);
#2141=AXIS2_PLACEMENT_3D('',#3122,#2497,#2498);
#2142=AXIS2_PLACEMENT_3D('',#3130,#2503,#2504);
#2143=AXIS2_PLACEMENT_3D('',#3136,#2507,#2508);
#2144=AXIS2_PLACEMENT_3D('',#3139,#2510,#2511);
#2145=AXIS2_PLACEMENT_3D('',#3142,#2513,#2514);
#2146=AXIS2_PLACEMENT_3D('',#3143,#2515,#2516);
#2147=AXIS2_PLACEMENT_3D('',#3153,#2522,#2523);
#2148=AXIS2_PLACEMENT_3D('',#3156,#2525,#2526);
#2149=AXIS2_PLACEMENT_3D('',#3157,#2527,#2528);
#2150=AXIS2_PLACEMENT_3D('',#3165,#2533,#2534);
#2151=AXIS2_PLACEMENT_3D('',#3173,#2539,#2540);
#2152=AXIS2_PLACEMENT_3D('',#3181,#2545,#2546);
#2153=AXIS2_PLACEMENT_3D('',#3184,#2549,#2550);
#2154=AXIS2_PLACEMENT_3D('',#3185,#2551,#2552);
#2155=AXIS2_PLACEMENT_3D('',#3188,#2555,#2556);
#2156=AXIS2_PLACEMENT_3D('',#3194,#2560,#2561);
#2157=AXIS2_PLACEMENT_3D('',#3204,#2567,#2568);
#2158=AXIS2_PLACEMENT_3D('',#3206,#2569,#2570);
#2159=AXIS2_PLACEMENT_3D('',#3207,#2571,#2572);
#2160=AXIS2_PLACEMENT_3D('',#3218,#2573,#2574);
#2161=AXIS2_PLACEMENT_3D('',#3220,#2575,#2576);
#2162=AXIS2_PLACEMENT_3D('',#3221,#2577,#2578);
#2163=AXIS2_PLACEMENT_3D('',#3234,#2579,#2580);
#2164=AXIS2_PLACEMENT_3D('',#3236,#2581,#2582);
#2165=AXIS2_PLACEMENT_3D('',#3237,#2583,#2584);
#2166=AXIS2_PLACEMENT_3D('',#3241,#2587,#2588);
#2167=AXIS2_PLACEMENT_3D('',#3243,#2589,#2590);
#2168=AXIS2_PLACEMENT_3D('',#3245,#2592,#2593);
#2169=AXIS2_PLACEMENT_3D('',#3249,#2596,#2597);
#2170=AXIS2_PLACEMENT_3D('',#3252,#2599,#2600);
#2171=AXIS2_PLACEMENT_3D('',#3253,#2601,#2602);
#2172=AXIS2_PLACEMENT_3D('',#3255,#2603,#2604);
#2173=AXIS2_PLACEMENT_3D('',#3257,#2605,#2606);
#2174=AXIS2_PLACEMENT_3D('',#3258,#2607,#2608);
#2175=AXIS2_PLACEMENT_3D('',#3260,#2609,#2610);
#2176=AXIS2_PLACEMENT_3D('',#3262,#2611,#2612);
#2177=AXIS2_PLACEMENT_3D('',#3263,#2613,#2614);
#2178=AXIS2_PLACEMENT_3D('',#3266,#2616,#2617);
#2179=AXIS2_PLACEMENT_3D('',#3267,#2618,#2619);
#2180=AXIS2_PLACEMENT_3D('',#3271,#2622,#2623);
#2181=AXIS2_PLACEMENT_3D('',#3273,#2625,#2626);
#2182=AXIS2_PLACEMENT_3D('',#3274,#2627,#2628);
#2183=AXIS2_PLACEMENT_3D('',#3275,#2629,#2630);
#2184=AXIS2_PLACEMENT_3D('',#3277,#2632,#2633);
#2185=AXIS2_PLACEMENT_3D('',#3279,#2635,#2636);
#2186=AXIS2_PLACEMENT_3D('',#3281,#2638,#2639);
#2187=AXIS2_PLACEMENT_3D('',#3283,#2641,#2642);
#2188=AXIS2_PLACEMENT_3D('',#3284,#2643,#2644);
#2189=AXIS2_PLACEMENT_3D('',#3285,#2645,#2646);
#2190=AXIS2_PLACEMENT_3D('',#3287,#2648,#2649);
#2191=AXIS2_PLACEMENT_3D('',#3288,#2650,#2651);
#2192=AXIS2_PLACEMENT_3D('',#3292,#2654,#2655);
#2193=AXIS2_PLACEMENT_3D('',#3293,#2656,#2657);
#2194=AXIS2_PLACEMENT_3D('',#3295,#2659,#2660);
#2195=AXIS2_PLACEMENT_3D('',#3296,#2661,#2662);
#2196=AXIS2_PLACEMENT_3D('',#3302,#2666,#2667);
#2197=AXIS2_PLACEMENT_3D('',#3305,#2669,#2670);
#2198=AXIS2_PLACEMENT_3D('',#3306,#2671,#2672);
#2199=AXIS2_PLACEMENT_3D('',#3310,#2675,#2676);
#2200=AXIS2_PLACEMENT_3D('',#3313,#2678,#2679);
#2201=AXIS2_PLACEMENT_3D('',#3314,#2680,#2681);
#2202=AXIS2_PLACEMENT_3D('',#3318,#2684,#2685);
#2203=AXIS2_PLACEMENT_3D('',#3321,#2687,#2688);
#2204=AXIS2_PLACEMENT_3D('',#3322,#2689,#2690);
#2205=AXIS2_PLACEMENT_3D('',#3326,#2693,#2694);
#2206=AXIS2_PLACEMENT_3D('',#3327,#2695,#2696);
#2207=AXIS2_PLACEMENT_3D('',#3328,#2697,#2698);
#2208=AXIS2_PLACEMENT_3D('',#3329,#2699,#2700);
#2209=AXIS2_PLACEMENT_3D('',#3331,#2702,#2703);
#2210=AXIS2_PLACEMENT_3D('',#3333,#2704,#2705);
#2211=AXIS2_PLACEMENT_3D('',#3336,#2707,#2708);
#2212=AXIS2_PLACEMENT_3D('',#3337,#2709,#2710);
#2213=AXIS2_PLACEMENT_3D('',#3338,#2711,#2712);
#2214=AXIS2_PLACEMENT_3D('',#3341,#2714,#2715);
#2215=AXIS2_PLACEMENT_3D('',#3342,#2716,#2717);
#2216=AXIS2_PLACEMENT_3D('',#3343,#2718,#2719);
#2217=AXIS2_PLACEMENT_3D('',#3394,#2720,#2721);
#2218=AXIS2_PLACEMENT_3D('',#3443,#2722,#2723);
#2219=AXIS2_PLACEMENT_3D('',#3445,#2724,#2725);
#2220=AXIS2_PLACEMENT_3D('',#3448,#2727,#2728);
#2221=AXIS2_PLACEMENT_3D('',#3450,#2729,#2730);
#2222=AXIS2_PLACEMENT_3D('',#3453,#2732,#2733);
#2223=AXIS2_PLACEMENT_3D('',#3469,#2734,#2735);
#2224=AXIS2_PLACEMENT_3D('',#3470,#2736,#2737);
#2225=AXIS2_PLACEMENT_3D('',#3471,#2738,#2739);
#2226=AXIS2_PLACEMENT_3D('',#3474,#2740,#2741);
#2227=AXIS2_PLACEMENT_3D('',#3478,#2743,#2744);
#2228=AXIS2_PLACEMENT_3D('',#3616,#2746,#2747);
#2229=AXIS2_PLACEMENT_3D('',#3807,#2748,#2749);
#2230=AXIS2_PLACEMENT_3D('',#3808,#2750,#2751);
#2231=AXIS2_PLACEMENT_3D('',#3810,#2752,#2753);
#2232=AXIS2_PLACEMENT_3D('',#3814,#2756,#2757);
#2233=AXIS2_PLACEMENT_3D('',#3825,#2758,#2759);
#2234=AXIS2_PLACEMENT_3D('',#3827,#2760,#2761);
#2235=AXIS2_PLACEMENT_3D('',#3828,#2762,#2763);
#2236=AXIS2_PLACEMENT_3D('',#3829,#2764,#2765);
#2237=AXIS2_PLACEMENT_3D('',#3832,#2768,#2769);
#2238=AXIS2_PLACEMENT_3D('',#3842,#2770,#2771);
#2239=AXIS2_PLACEMENT_3D('',#3844,#2772,#2773);
#2240=AXIS2_PLACEMENT_3D('',#3845,#2774,#2775);
#2241=AXIS2_PLACEMENT_3D('',#3846,#2776,#2777);
#2242=AXIS2_PLACEMENT_3D('',#3848,#2779,#2780);
#2243=AXIS2_PLACEMENT_3D('',#3851,#2782,#2783);
#2244=AXIS2_PLACEMENT_3D('',#3852,#2784,#2785);
#2245=AXIS2_PLACEMENT_3D('',#3854,#2787,#2788);
#2246=AXIS2_PLACEMENT_3D('',#3870,#2789,#2790);
#2247=AXIS2_PLACEMENT_3D('',#3871,#2791,#2792);
#2248=AXIS2_PLACEMENT_3D('',#3873,#2793,#2794);
#2249=AXIS2_PLACEMENT_3D('',#3884,#2796,#2797);
#2250=AXIS2_PLACEMENT_3D('',#3885,#2798,#2799);
#2251=AXIS2_PLACEMENT_3D('',#3887,#2801,#2802);
#2252=AXIS2_PLACEMENT_3D('',#3889,#2804,#2805);
#2253=AXIS2_PLACEMENT_3D('',#3891,#2807,#2808);
#2254=AXIS2_PLACEMENT_3D('',#3893,#2810,#2811);
#2255=AXIS2_PLACEMENT_3D('',#3894,#2812,#2813);
#2256=AXIS2_PLACEMENT_3D('',#3895,#2814,#2815);
#2257=AXIS2_PLACEMENT_3D('',#3905,#2816,#2817);
#2258=AXIS2_PLACEMENT_3D('',#3906,#2818,#2819);
#2259=AXIS2_PLACEMENT_3D('',#3908,#2821,#2822);
#2260=AXIS2_PLACEMENT_3D('',#3909,#2823,#2824);
#2261=AXIS2_PLACEMENT_3D('',#3911,#2826,#2827);
#2262=AXIS2_PLACEMENT_3D('',#3913,#2829,#2830);
#2263=AXIS2_PLACEMENT_3D('',#3915,#2832,#2833);
#2264=AXIS2_PLACEMENT_3D('',#3917,#2835,#2836);
#2265=AXIS2_PLACEMENT_3D('',#3919,#2838,#2839);
#2266=AXIS2_PLACEMENT_3D('',#3921,#2841,#2842);
#2267=AXIS2_PLACEMENT_3D('',#3923,#2843,#2844);
#2268=AXIS2_PLACEMENT_3D('',#3925,#2845,#2846);
#2269=AXIS2_PLACEMENT_3D('',#3926,#2847,#2848);
#2270=AXIS2_PLACEMENT_3D('',#3928,#2850,#2851);
#2271=DIRECTION('axis',(0.,0.,1.));
#2272=DIRECTION('refdir',(1.,0.,0.));
#2273=DIRECTION('center_axis',(-2.09345661157814E-16,-0.707106781186472,
0.707106781186623));
#2274=DIRECTION('ref_axis',(1.,0.,2.96059473233312E-16));
#2275=DIRECTION('',(0.581401675279868,0.575313867372369,0.575313867372247));
#2276=DIRECTION('',(1.,-2.96059473233375E-16,0.));
#2277=DIRECTION('',(0.,0.707106781186623,0.707106781186472));
#2278=DIRECTION('',(-1.,2.96059473233375E-16,0.));
#2279=DIRECTION('',(0.,0.707106781186623,0.707106781186472));
#2280=DIRECTION('center_axis',(0.,0.,-1.));
#2281=DIRECTION('ref_axis',(0.707106781186551,-0.707106781186544,0.));
#2282=DIRECTION('',(-0.70710678118654,0.,0.707106781186556));
#2283=DIRECTION('center_axis',(0.,0.,-1.));
#2284=DIRECTION('ref_axis',(0.707106781186551,-0.707106781186544,0.));
#2285=DIRECTION('center_axis',(0.,0.,1.));
#2286=DIRECTION('ref_axis',(0.707106781186551,-0.707106781186544,0.));
#2287=DIRECTION('center_axis',(0.,0.,1.));
#2288=DIRECTION('ref_axis',(0.707106781186551,-0.707106781186544,0.));
#2289=DIRECTION('',(0.,0.,1.));
#2290=DIRECTION('center_axis',(0.,0.,-1.));
#2291=DIRECTION('ref_axis',(1.,0.,0.));
#2292=DIRECTION('',(0.,0.,1.));
#2293=DIRECTION('center_axis',(0.,0.,-1.));
#2294=DIRECTION('ref_axis',(0.707106781186551,-0.707106781186544,0.));
#2295=DIRECTION('',(0.,0.,1.));
#2296=DIRECTION('center_axis',(0.,0.,1.));
#2297=DIRECTION('ref_axis',(0.707106781186551,-0.707106781186544,0.));
#2298=DIRECTION('',(0.,0.,1.));
#2299=DIRECTION('center_axis',(-2.96059473233375E-16,-1.,0.));
#2300=DIRECTION('ref_axis',(-1.,2.96059473233375E-16,6.98296267768628E-15));
#2301=DIRECTION('',(1.,-2.96059473233375E-16,0.));
#2302=DIRECTION('',(1.01506105108586E-14,-3.00518440084195E-30,1.));
#2303=DIRECTION('',(-1.,2.96059473233375E-16,-1.75302423382447E-30));
#2304=DIRECTION('center_axis',(2.96059473233375E-16,1.,0.));
#2305=DIRECTION('ref_axis',(1.,0.,0.));
#2306=DIRECTION('',(3.84077154464914E-14,-1.13709680031856E-29,-1.));
#2307=DIRECTION('',(-1.,2.96059473233375E-16,-6.40128590774857E-15));
#2308=DIRECTION('',(-3.84077154464914E-14,1.13709680031856E-29,1.));
#2309=DIRECTION('',(1.,-2.96059473233375E-16,6.40128590774857E-15));
#2310=DIRECTION('center_axis',(0.707067609550878,-0.00744281694270639,-0.707106781186522));
#2311=DIRECTION('ref_axis',(-0.707126367275611,0.,-0.707087194554956));
#2312=DIRECTION('',(0.681139057126912,0.27585763916368,0.678197720264011));
#2313=DIRECTION('',(0.0105257326626353,0.99994460294154,0.));
#2314=DIRECTION('',(0.,-0.999944609078529,0.0105251496326047));
#2315=DIRECTION('',(-0.0105257326626353,-0.99994460294154,0.));
#2316=DIRECTION('center_axis',(0.,0.,-1.));
#2317=DIRECTION('ref_axis',(0.,-1.,0.));
#2318=DIRECTION('',(-0.703375528198593,0.710818448221028,0.));
#2319=DIRECTION('',(-1.,0.,0.));
#2320=DIRECTION('',(-0.707106781186546,0.707106781186549,0.));
#2321=DIRECTION('',(0.,1.,0.));
#2322=DIRECTION('center_axis',(0.,0.,1.));
#2323=DIRECTION('ref_axis',(0.707106781186553,-0.707106781186542,0.));
#2324=DIRECTION('',(1.,0.,0.));
#2325=DIRECTION('center_axis',(0.,0.,1.));
#2326=DIRECTION('ref_axis',(-0.707106781186578,-0.707106781186517,0.));
#2327=DIRECTION('',(0.,-1.,0.));
#2328=DIRECTION('center_axis',(0.,0.,1.));
#2329=DIRECTION('ref_axis',(-0.707106781186577,-0.707106781186518,0.));
#2330=DIRECTION('',(-1.,2.96059473233375E-16,0.));
#2331=DIRECTION('center_axis',(0.,0.,1.));
#2332=DIRECTION('ref_axis',(0.707106781186577,-0.707106781186518,0.));
#2333=DIRECTION('',(9.69080743107826E-31,1.,0.));
#2334=DIRECTION('',(1.,0.,0.));
#2335=DIRECTION('',(4.39599444786325E-31,-1.,0.));
#2336=DIRECTION('center_axis',(0.,0.,1.));
#2337=DIRECTION('ref_axis',(-0.707106781186552,-0.707106781186543,2.51214793389402E-14));
#2338=DIRECTION('center_axis',(0.,-2.11758236813575E-22,1.));
#2339=DIRECTION('ref_axis',(1.,-1.76196498746909E-30,-3.73110599073706E-52));
#2340=DIRECTION('center_axis',(0.,0.,1.));
#2341=DIRECTION('ref_axis',(1.,-1.76196498746909E-30,0.));
#2342=DIRECTION('center_axis',(0.,0.,1.));
#2343=DIRECTION('ref_axis',(-1.,0.,0.));
#2344=DIRECTION('',(0.,-1.,0.));
#2345=DIRECTION('',(1.,0.,0.));
#2346=DIRECTION('',(0.707106781186542,0.707106781186553,0.));
#2347=DIRECTION('',(0.,1.,0.));
#2348=DIRECTION('center_axis',(-1.,0.,0.));
#2349=DIRECTION('ref_axis',(0.,1.,0.));
#2350=DIRECTION('',(0.,0.816496580927663,0.577350269189714));
#2351=DIRECTION('',(0.,0.,-1.));
#2352=DIRECTION('',(0.,1.,0.));
#2353=DIRECTION('',(0.,0.,-1.));
#2354=DIRECTION('center_axis',(0.500000000000063,-0.500000000000056,0.707106781186463));
#2355=DIRECTION('ref_axis',(0.816496580927659,0.,-0.57735026918972));
#2356=DIRECTION('',(-0.28108463771471,0.67859834454584,0.6785983445459));
#2357=DIRECTION('',(-0.707106781186542,-0.707106781186553,0.));
#2358=DIRECTION('center_axis',(0.707106781186548,0.,0.707106781186548));
#2359=DIRECTION('ref_axis',(0.707106781186548,0.,-0.707106781186548));
#2360=DIRECTION('',(0.,1.,0.));
#2361=DIRECTION('',(-0.678598344545805,-0.281084637715024,0.678598344545805));
#2362=DIRECTION('center_axis',(0.707106781186603,-0.499999999999983,0.499999999999939));
#2363=DIRECTION('ref_axis',(0.577350269189549,0.,-0.81649658092778));
#2364=DIRECTION('',(0.,-0.707106781186516,-0.707106781186579));
#2365=DIRECTION('',(0.,0.707106781186516,0.707106781186579));
#2366=DIRECTION('',(-0.678598344545793,-0.678598344545829,0.281084637714995));
#2367=DIRECTION('center_axis',(0.707106781186365,-0.70710678118673,0.));
#2368=DIRECTION('ref_axis',(0.,0.,-1.));
#2369=DIRECTION('',(0.,0.,1.));
#2370=DIRECTION('',(-0.70710678118673,-0.707106781186365,0.));
#2371=DIRECTION('',(0.,0.,-1.));
#2372=DIRECTION('center_axis',(0.,-0.707106781186579,0.707106781186516));
#2373=DIRECTION('ref_axis',(1.,0.,0.));
#2374=DIRECTION('',(-1.,0.,0.));
#2375=DIRECTION('center_axis',(-0.707106781186553,0.707106781186542,0.));
#2376=DIRECTION('ref_axis',(0.707106781186542,0.707106781186553,0.));
#2377=DIRECTION('',(0.,0.,-1.));
#2378=DIRECTION('',(0.707106781186542,0.707106781186553,0.));
#2379=DIRECTION('center_axis',(0.,1.,0.));
#2380=DIRECTION('ref_axis',(1.,0.,0.));
#2381=DIRECTION('',(1.,0.,0.));
#2382=DIRECTION('center_axis',(1.,0.,0.));
#2383=DIRECTION('ref_axis',(0.,1.,0.));
#2384=DIRECTION('',(0.,1.,0.));
#2385=DIRECTION('',(0.,0.,-1.));
#2386=DIRECTION('',(0.,-1.,0.));
#2387=DIRECTION('center_axis',(-1.,0.,0.));
#2388=DIRECTION('ref_axis',(0.,-0.707106781186552,-0.707106781186543));
#2389=DIRECTION('',(0.,-1.,5.9211894646675E-15));
#2390=DIRECTION('center_axis',(-1.,0.,0.));
#2391=DIRECTION('ref_axis',(0.,0.707106781186545,-0.70710678118655));
#2392=DIRECTION('',(0.,0.,1.));
#2393=DIRECTION('',(0.,1.,0.));
#2394=DIRECTION('center_axis',(0.500000000000061,0.500000000000059,-0.707106781186463));
#2395=DIRECTION('ref_axis',(-0.816496580927661,0.,-0.577350269189718));
#2396=DIRECTION('',(-0.678598344545891,-0.281084637714609,-0.678598344545891));
#2397=DIRECTION('',(0.28108463771457,0.678598344545917,0.678598344545881));
#2398=DIRECTION('',(0.707106781186546,-0.707106781186549,0.));
#2399=DIRECTION('center_axis',(0.707106781186548,0.,-0.707106781186548));
#2400=DIRECTION('ref_axis',(-0.707106781186548,0.,-0.707106781186548));
#2401=DIRECTION('',(0.,-1.,0.));
#2402=DIRECTION('',(-0.707106781186547,0.,-0.707106781186547));
#2403=DIRECTION('center_axis',(-0.707106781186549,-0.707106781186546,0.));
#2404=DIRECTION('ref_axis',(0.707106781186546,-0.707106781186549,0.));
#2405=DIRECTION('',(0.,0.,1.));
#2406=DIRECTION('',(-0.707106781186546,0.707106781186549,0.));
#2407=DIRECTION('',(0.,0.,1.));
#2408=DIRECTION('center_axis',(0.,0.707106781186529,-0.707106781186566));
#2409=DIRECTION('ref_axis',(-1.,0.,0.));
#2410=DIRECTION('',(-0.283011845083244,-0.67819772026402,-0.678197720263983));
#2411=DIRECTION('',(1.,0.,0.));
#2412=DIRECTION('center_axis',(0.,-1.,0.));
#2413=DIRECTION('ref_axis',(1.,0.,0.));
#2414=DIRECTION('',(0.,0.,-1.));
#2415=DIRECTION('',(-1.,0.,0.));
#2416=DIRECTION('center_axis',(-0.99994460294154,0.0105257326626353,0.));
#2417=DIRECTION('ref_axis',(-0.0105257326626353,-0.99994460294154,0.));
#2418=DIRECTION('',(0.0105257326626353,0.99994460294154,0.));
#2419=DIRECTION('',(0.,0.,1.));
#2420=DIRECTION('center_axis',(0.,0.,1.));
#2421=DIRECTION('ref_axis',(0.,1.,0.));
#2422=DIRECTION('center_axis',(0.,0.,1.));
#2423=DIRECTION('ref_axis',(0.707106781186552,0.707106781186543,0.));
#2424=DIRECTION('',(-1.,0.,0.));
#2425=DIRECTION('center_axis',(0.,0.,1.));
#2426=DIRECTION('ref_axis',(-0.707106781186577,0.707106781186518,0.));
#2427=DIRECTION('',(0.,-1.,0.));
#2428=DIRECTION('center_axis',(0.,0.,1.));
#2429=DIRECTION('ref_axis',(-0.707106781186578,-0.707106781186517,0.));
#2430=DIRECTION('',(1.,0.,0.));
#2431=DIRECTION('center_axis',(0.,0.,1.));
#2432=DIRECTION('ref_axis',(0.707106781186553,-0.707106781186542,0.));
#2433=DIRECTION('',(0.,1.,0.));
#2434=DIRECTION('',(-0.703375528198593,0.710818448221028,0.));
#2435=DIRECTION('',(2.38653979014568E-31,1.,0.));
#2436=DIRECTION('',(1.,0.,0.));
#2437=DIRECTION('',(4.91772785078702E-31,-1.,0.));
#2438=DIRECTION('',(1.,0.,0.));
#2439=DIRECTION('center_axis',(0.,0.,-1.));
#2440=DIRECTION('ref_axis',(1.,0.,0.));
#2441=DIRECTION('center_axis',(0.,0.,-1.));
#2442=DIRECTION('ref_axis',(1.,0.,0.));
#2443=DIRECTION('center_axis',(0.,0.,-1.));
#2444=DIRECTION('ref_axis',(1.,3.76799524102702E-31,-1.01506105108586E-14));
#2445=DIRECTION('center_axis',(0.,0.,-1.));
#2446=DIRECTION('ref_axis',(1.,-8.30640636949869E-31,-1.75894996706209E-52));
#2447=DIRECTION('center_axis',(0.,0.,-1.));
#2448=DIRECTION('ref_axis',(1.,0.,-1.01506105108586E-14));
#2449=DIRECTION('',(-9.69080743107839E-31,-1.,0.));
#2450=DIRECTION('center_axis',(0.,0.,-1.));
#2451=DIRECTION('ref_axis',(1.,0.,0.));
#2452=DIRECTION('',(-1.,2.27053129848157E-14,0.));
#2453=DIRECTION('center_axis',(0.,0.,-1.));
#2454=DIRECTION('ref_axis',(-9.69080743107839E-31,-1.,0.));
#2455=DIRECTION('',(9.69080743107839E-31,1.,0.));
#2456=DIRECTION('center_axis',(0.,0.,-1.));
#2457=DIRECTION('ref_axis',(-1.,0.,0.));
#2458=DIRECTION('',(1.,1.66950830769293E-15,0.));
#2459=DIRECTION('center_axis',(0.,0.,-1.));
#2460=DIRECTION('ref_axis',(9.6908074310784E-31,1.,0.));
#2461=DIRECTION('center_axis',(1.,0.,3.84077154464914E-14));
#2462=DIRECTION('ref_axis',(3.84077154464914E-14,-1.13709680031856E-29,
-1.));
#2463=DIRECTION('',(3.84077154464914E-14,0.,-1.));
#2464=DIRECTION('',(0.,1.,0.));
#2465=DIRECTION('',(0.,1.,0.));
#2466=DIRECTION('center_axis',(-6.40128590774857E-15,0.,1.));
#2467=DIRECTION('ref_axis',(1.,-2.96059473233375E-16,6.40128590774857E-15));
#2468=DIRECTION('',(1.,0.,6.40128590774857E-15));
#2469=DIRECTION('',(0.,1.,0.));
#2470=DIRECTION('center_axis',(-1.,0.,-3.84077154464914E-14));
#2471=DIRECTION('ref_axis',(-3.84077154464914E-14,1.13709680031856E-29,
1.));
#2472=DIRECTION('',(-3.84077154464914E-14,0.,1.));
#2473=DIRECTION('',(0.,1.,0.));
#2474=DIRECTION('center_axis',(6.40128590774857E-15,0.,-1.));
#2475=DIRECTION('ref_axis',(-1.,2.96059473233375E-16,-6.40128590774857E-15));
#2476=DIRECTION('',(-1.,0.,-6.40128590774857E-15));
#2477=DIRECTION('center_axis',(0.,-1.,0.));
#2478=DIRECTION('ref_axis',(0.,0.,-1.));
#2479=DIRECTION('center_axis',(0.,0.,1.));
#2480=DIRECTION('ref_axis',(1.,0.,0.));
#2481=DIRECTION('',(1.,-2.96059473233375E-16,0.));
#2482=DIRECTION('',(0.,-1.,0.));
#2483=DIRECTION('',(1.,0.,0.));
#2484=DIRECTION('',(0.,1.,0.));
#2485=DIRECTION('center_axis',(-1.,0.,0.));
#2486=DIRECTION('ref_axis',(0.,0.,1.));
#2487=DIRECTION('',(0.,0.,1.));
#2488=DIRECTION('',(0.,1.,0.));
#2489=DIRECTION('',(0.,0.,1.));
#2490=DIRECTION('center_axis',(0.,1.,0.));
#2491=DIRECTION('ref_axis',(0.,0.,1.));
#2492=DIRECTION('',(0.,0.,1.));
#2493=DIRECTION('',(1.,0.,0.));
#2494=DIRECTION('center_axis',(0.,0.,-1.));
#2495=DIRECTION('ref_axis',(0.,1.,0.));
#2496=DIRECTION('',(0.,1.,0.));
#2497=DIRECTION('center_axis',(0.,0.,-1.));
#2498=DIRECTION('ref_axis',(-0.707106781186577,-0.707106781186518,0.));
#2499=DIRECTION('',(0.,-1.,0.));
#2500=DIRECTION('',(-1.,0.,0.));
#2501=DIRECTION('',(0.,-1.,0.));
#2502=DIRECTION('',(1.,0.,0.));
#2503=DIRECTION('center_axis',(0.,0.,1.));
#2504=DIRECTION('ref_axis',(-0.707106781186577,-0.707106781186518,0.));
#2505=DIRECTION('',(0.,0.,-1.));
#2506=DIRECTION('',(0.,0.,-1.));
#2507=DIRECTION('center_axis',(0.,0.,-1.));
#2508=DIRECTION('ref_axis',(0.,-1.,0.));
#2509=DIRECTION('',(0.,0.,1.));
#2510=DIRECTION('center_axis',(-0.707106781186447,0.,-0.707106781186648));
#2511=DIRECTION('ref_axis',(-0.707106781186648,4.90653893338749E-17,0.707106781186447));
#2512=DIRECTION('',(0.,0.,-1.));
#2513=DIRECTION('center_axis',(0.,0.,1.));
#2514=DIRECTION('ref_axis',(-0.707106781186577,-0.707106781186518,0.));
#2515=DIRECTION('center_axis',(1.,0.,0.));
#2516=DIRECTION('ref_axis',(0.,1.,0.));
#2517=DIRECTION('',(0.,0.,1.));
#2518=DIRECTION('',(0.,-1.,0.));
#2519=DIRECTION('',(0.,1.,0.));
#2520=DIRECTION('',(0.,0.,1.));
#2521=DIRECTION('',(0.,0.,1.));
#2522=DIRECTION('center_axis',(1.,0.,0.));
#2523=DIRECTION('ref_axis',(0.,0.707106781186545,-0.70710678118655));
#2524=DIRECTION('',(0.,1.,-5.9211894646675E-15));
#2525=DIRECTION('center_axis',(1.,0.,0.));
#2526=DIRECTION('ref_axis',(0.,-0.707106781186551,-0.707106781186544));
#2527=DIRECTION('center_axis',(0.,0.,1.));
#2528=DIRECTION('ref_axis',(0.,-1.,0.));
#2529=DIRECTION('',(0.,1.,0.));
#2530=DIRECTION('',(-1.,0.,0.));
#2531=DIRECTION('',(0.,1.,0.));
#2532=DIRECTION('',(1.,0.,0.));
#2533=DIRECTION('center_axis',(0.,0.,1.));
#2534=DIRECTION('ref_axis',(0.,1.,0.));
#2535=DIRECTION('',(0.,-1.,0.));
#2536=DIRECTION('',(1.,0.,0.));
#2537=DIRECTION('',(0.,-1.,0.));
#2538=DIRECTION('',(-1.,0.,0.));
#2539=DIRECTION('center_axis',(0.,0.,-1.));
#2540=DIRECTION('ref_axis',(0.,-1.,0.));
#2541=DIRECTION('',(0.,1.,0.));
#2542=DIRECTION('',(1.,0.,0.));
#2543=DIRECTION('',(0.,1.,0.));
#2544=DIRECTION('',(-1.,0.,0.));
#2545=DIRECTION('center_axis',(0.,-1.,0.));
#2546=DIRECTION('ref_axis',(0.,0.,-1.));
#2547=DIRECTION('',(0.,0.,1.));
#2548=DIRECTION('',(0.,0.,-1.));
#2549=DIRECTION('center_axis',(-1.,0.,0.));
#2550=DIRECTION('ref_axis',(0.,0.,1.));
#2551=DIRECTION('center_axis',(0.,-1.,0.));
#2552=DIRECTION('ref_axis',(0.,0.,-1.));
#2553=DIRECTION('',(0.,0.,1.));
#2554=DIRECTION('',(0.,0.,-1.));
#2555=DIRECTION('center_axis',(0.,0.707106781186552,0.707106781186543));
#2556=DIRECTION('ref_axis',(1.,0.,0.));
#2557=DIRECTION('',(0.577350269189628,-0.577350269189621,0.577350269189628));
#2558=DIRECTION('',(-1.,0.,0.));
#2559=DIRECTION('',(0.577350269189647,0.577350269189612,-0.577350269189619));
#2560=DIRECTION('center_axis',(0.,1.,9.60192886162301E-16));
#2561=DIRECTION('ref_axis',(0.,9.60192886162301E-16,-1.));
#2562=DIRECTION('',(-0.707106781186548,6.78958901052445E-16,-0.707106781186548));
#2563=DIRECTION('',(-5.26327952414888E-15,9.60192886162301E-16,-1.));
#2564=DIRECTION('',(-1.,0.,0.));
#2565=DIRECTION('',(1.05265590482978E-14,-9.60192886162301E-16,1.));
#2566=DIRECTION('',(-0.707106781186564,-6.78958901052429E-16,0.707106781186531));
#2567=DIRECTION('center_axis',(0.,0.,1.));
#2568=DIRECTION('ref_axis',(0.,1.,0.));
#2569=DIRECTION('center_axis',(0.,0.,1.));
#2570=DIRECTION('ref_axis',(1.,0.,0.));
#2571=DIRECTION('center_axis',(0.,-5.9211894646675E-15,-1.));
#2572=DIRECTION('ref_axis',(-1.,0.,0.));
#2573=DIRECTION('center_axis',(0.,5.92118925290926E-15,1.));
#2574=DIRECTION('ref_axis',(1.,0.,0.));
#2575=DIRECTION('center_axis',(0.,5.9211894646675E-15,1.));
#2576=DIRECTION('ref_axis',(1.,0.,0.));
#2577=DIRECTION('center_axis',(0.,-5.9211894646675E-15,-1.));
#2578=DIRECTION('ref_axis',(-1.,0.,0.));
#2579=DIRECTION('center_axis',(0.,5.9211894646675E-15,1.));
#2580=DIRECTION('ref_axis',(1.,0.,0.));
#2581=DIRECTION('center_axis',(0.,5.9211894646675E-15,1.));
#2582=DIRECTION('ref_axis',(1.,0.,-1.01506105108586E-14));
#2583=DIRECTION('center_axis',(0.707106781186531,3.47735871132137E-31,0.707106781186564));
#2584=DIRECTION('ref_axis',(0.707106781186564,0.,-0.707106781186531));
#2585=DIRECTION('',(-4.91772785078702E-31,1.,0.));
#2586=DIRECTION('',(0.707106781186564,-6.78958901052455E-16,-0.707106781186531));
#2587=DIRECTION('center_axis',(1.,4.91772785078702E-31,-1.05265590482978E-14));
#2588=DIRECTION('ref_axis',(-9.69080743107835E-31,-1.,-1.38777878078095E-16));
#2589=DIRECTION('center_axis',(-1.,-4.91772785078702E-31,1.05265590482978E-14));
#2590=DIRECTION('ref_axis',(0.,-1.,0.));
#2591=DIRECTION('',(-1.05265590482978E-14,-9.60192886162337E-16,-1.));
#2592=DIRECTION('center_axis',(-0.707106781186548,1.68753846918353E-31,
0.707106781186548));
#2593=DIRECTION('ref_axis',(0.707106781186548,0.,0.707106781186548));
#2594=DIRECTION('',(0.707106781186548,6.78958901052471E-16,0.707106781186548));
#2595=DIRECTION('',(-2.38653979014568E-31,-1.,0.));
#2596=DIRECTION('center_axis',(-1.,2.38653979014568E-31,5.26327952414888E-15));
#2597=DIRECTION('ref_axis',(9.69080743107841E-31,1.,1.38777878078096E-16));
#2598=DIRECTION('',(5.26327952414888E-15,9.60192886162337E-16,1.));
#2599=DIRECTION('center_axis',(1.,-2.38653979014568E-31,-5.26327952414888E-15));
#2600=DIRECTION('ref_axis',(0.,-1.,0.));
#2601=DIRECTION('center_axis',(0.,0.,-1.));
#2602=DIRECTION('ref_axis',(-1.,0.,0.));
#2603=DIRECTION('center_axis',(0.,0.,1.));
#2604=DIRECTION('ref_axis',(1.,-1.76196498746909E-30,0.));
#2605=DIRECTION('center_axis',(0.,0.,1.));
#2606=DIRECTION('ref_axis',(1.,3.76799524102702E-31,-1.01506105108586E-14));
#2607=DIRECTION('center_axis',(0.,0.,-1.));
#2608=DIRECTION('ref_axis',(-1.,0.,0.));
#2609=DIRECTION('center_axis',(0.,-2.11758236813575E-22,1.));
#2610=DIRECTION('ref_axis',(1.,-1.76196498746909E-30,-3.73110599073706E-52));
#2611=DIRECTION('center_axis',(0.,0.,1.));
#2612=DIRECTION('ref_axis',(1.,-8.30640636949869E-31,-1.75894996706209E-52));
#2613=DIRECTION('center_axis',(0.,0.,1.));
#2614=DIRECTION('ref_axis',(0.707106781186553,-0.707106781186542,0.));
#2615=DIRECTION('',(0.,0.707106781186527,-0.707106781186568));
#2616=DIRECTION('center_axis',(0.,0.,-1.));
#2617=DIRECTION('ref_axis',(0.707106781186553,-0.707106781186542,0.));
#2618=DIRECTION('center_axis',(0.,-0.707106781186478,-0.707106781186617));
#2619=DIRECTION('ref_axis',(-1.,0.,0.));
#2620=DIRECTION('',(0.,0.707106781186617,-0.707106781186478));
#2621=DIRECTION('',(-1.,0.,0.));
#2622=DIRECTION('center_axis',(0.,0.,1.));
#2623=DIRECTION('ref_axis',(-0.707106781186578,-0.707106781186517,0.));
#2624=DIRECTION('',(0.707106781186648,7.85046229341821E-16,-0.707106781186447));
#2625=DIRECTION('center_axis',(0.,0.,-1.));
#2626=DIRECTION('ref_axis',(-0.707106781186578,-0.707106781186517,0.));
#2627=DIRECTION('center_axis',(-0.707106781186447,0.,-0.707106781186648));
#2628=DIRECTION('ref_axis',(-0.707106781186648,0.,0.707106781186447));
#2629=DIRECTION('center_axis',(0.502624544929571,0.497361605709878,-0.707106781186571));
#2630=DIRECTION('ref_axis',(-0.815067968340586,0.,-0.579365348450483));
#2631=DIRECTION('',(0.703375528198593,-0.710818448221028,0.));
#2632=DIRECTION('center_axis',(0.,0.,1.));
#2633=DIRECTION('ref_axis',(-0.707106781186578,-0.707106781186517,0.));
#2634=DIRECTION('',(0.,0.,1.));
#2635=DIRECTION('center_axis',(0.,-1.,0.));
#2636=DIRECTION('ref_axis',(0.,0.,1.));
#2637=DIRECTION('',(0.,0.,1.));
#2638=DIRECTION('center_axis',(0.,0.,-1.));
#2639=DIRECTION('ref_axis',(0.707106781186553,-0.707106781186542,0.));
#2640=DIRECTION('',(0.,0.,1.));
#2641=DIRECTION('center_axis',(1.,0.,0.));
#2642=DIRECTION('ref_axis',(0.,1.,0.));
#2643=DIRECTION('center_axis',(-0.710818448221028,-0.703375528198593,0.));
#2644=DIRECTION('ref_axis',(0.703375528198593,-0.710818448221028,0.));
#2645=DIRECTION('center_axis',(0.,1.,0.));
#2646=DIRECTION('ref_axis',(0.,0.,-1.));
#2647=DIRECTION('',(0.,0.,-1.));
#2648=DIRECTION('center_axis',(-1.,0.,0.));
#2649=DIRECTION('ref_axis',(0.,0.,1.));
#2650=DIRECTION('center_axis',(1.,0.,0.));
#2651=DIRECTION('ref_axis',(0.,0.,-1.));
#2652=DIRECTION('',(0.,0.,-1.));
#2653=DIRECTION('',(0.,-1.,0.));
#2654=DIRECTION('center_axis',(1.,0.,0.));
#2655=DIRECTION('ref_axis',(0.,0.,-1.));
#2656=DIRECTION('center_axis',(1.,0.,0.));
#2657=DIRECTION('ref_axis',(0.,0.,-1.));
#2658=DIRECTION('',(0.,0.,1.));
#2659=DIRECTION('center_axis',(0.,1.,0.));
#2660=DIRECTION('ref_axis',(0.,0.,1.));
#2661=DIRECTION('center_axis',(1.,-9.69080743107839E-31,0.));
#2662=DIRECTION('ref_axis',(-9.69080743107839E-31,-1.,-1.38777878078096E-16));
#2663=DIRECTION('',(0.,0.,-1.));
#2664=DIRECTION('',(9.69080743107839E-31,1.,1.38777878078096E-16));
#2665=DIRECTION('',(0.,0.,1.));
#2666=DIRECTION('center_axis',(0.,0.,-1.));
#2667=DIRECTION('ref_axis',(9.6908074310784E-31,1.,0.));
#2668=DIRECTION('',(0.,0.,-1.));
#2669=DIRECTION('center_axis',(6.98296267768628E-15,-1.38777878078096E-16,
1.));
#2670=DIRECTION('ref_axis',(9.6908074310784E-31,1.,0.));
#2671=DIRECTION('center_axis',(-1.66950830769293E-15,1.,0.));
#2672=DIRECTION('ref_axis',(1.,1.66950830769293E-15,-6.98296267768628E-15));
#2673=DIRECTION('',(0.,0.,-1.));
#2674=DIRECTION('',(-1.,-1.66950830769293E-15,6.98296267768628E-15));
#2675=DIRECTION('center_axis',(0.,0.,-1.));
#2676=DIRECTION('ref_axis',(-1.,0.,0.));
#2677=DIRECTION('',(0.,0.,-1.));
#2678=DIRECTION('center_axis',(6.98296267768628E-15,-1.38777878078096E-16,
1.));
#2679=DIRECTION('ref_axis',(-1.,0.,0.));
#2680=DIRECTION('center_axis',(-1.,9.69080743107839E-31,0.));
#2681=DIRECTION('ref_axis',(9.69080743107839E-31,1.,1.38777878078096E-16));
#2682=DIRECTION('',(0.,0.,-1.));
#2683=DIRECTION('',(-9.69080743107839E-31,-1.,-1.38777878078096E-16));
#2684=DIRECTION('center_axis',(0.,0.,-1.));
#2685=DIRECTION('ref_axis',(-9.69080743107839E-31,-1.,0.));
#2686=DIRECTION('',(0.,0.,-1.));
#2687=DIRECTION('center_axis',(6.98296267768628E-15,-1.38777878078096E-16,
1.));
#2688=DIRECTION('ref_axis',(-9.69080743107839E-31,-1.,0.));
#2689=DIRECTION('center_axis',(-2.27053129848157E-14,-1.,0.));
#2690=DIRECTION('ref_axis',(-1.,2.27053129848157E-14,6.98296267768628E-15));
#2691=DIRECTION('',(0.,0.,-1.));
#2692=DIRECTION('',(1.,-2.27053129848157E-14,-6.98296267768628E-15));
#2693=DIRECTION('center_axis',(0.,0.,-1.));
#2694=DIRECTION('ref_axis',(1.,0.,0.));
#2695=DIRECTION('center_axis',(6.98296267768628E-15,-1.38777878078096E-16,
1.));
#2696=DIRECTION('ref_axis',(1.,0.,0.));
#2697=DIRECTION('center_axis',(-6.98296267768628E-15,1.38777878078096E-16,
-1.));
#2698=DIRECTION('ref_axis',(1.,0.,-6.98296267768628E-15));
#2699=DIRECTION('center_axis',(0.,0.,1.));
#2700=DIRECTION('ref_axis',(1.,0.,0.));
#2701=DIRECTION('',(1.,-2.96059473233375E-16,0.));
#2702=DIRECTION('center_axis',(0.,1.,0.));
#2703=DIRECTION('ref_axis',(1.,0.,0.));
#2704=DIRECTION('center_axis',(2.96059473233375E-16,1.,0.));
#2705=DIRECTION('ref_axis',(1.,0.,0.));
#2706=DIRECTION('',(0.,1.,0.));
#2707=DIRECTION('center_axis',(0.,1.,0.));
#2708=DIRECTION('ref_axis',(1.,0.,0.));
#2709=DIRECTION('center_axis',(0.,-1.,0.));
#2710=DIRECTION('ref_axis',(1.,0.,0.));
#2711=DIRECTION('center_axis',(0.,1.,0.));
#2712=DIRECTION('ref_axis',(1.,0.,0.));
#2713=DIRECTION('',(0.,1.,0.));
#2714=DIRECTION('center_axis',(0.,1.,0.));
#2715=DIRECTION('ref_axis',(1.,0.,0.));
#2716=DIRECTION('center_axis',(0.,-1.,0.));
#2717=DIRECTION('ref_axis',(1.,0.,0.));
#2718=DIRECTION('center_axis',(0.,-2.11758236813575E-22,1.));
#2719=DIRECTION('ref_axis',(0.359200527486441,-0.933260403667413,-1.97625577568537E-22));
#2720=DIRECTION('center_axis',(0.,0.,1.));
#2721=DIRECTION('ref_axis',(-0.359200527492342,-0.933260403665142,0.));
#2722=DIRECTION('center_axis',(-1.,0.,0.));
#2723=DIRECTION('ref_axis',(0.,-5.5511151231258E-15,-1.));
#2724=DIRECTION('center_axis',(-1.,0.,0.));
#2725=DIRECTION('ref_axis',(0.,0.707106781186545,-0.70710678118655));
#2726=DIRECTION('',(-1.,0.,0.));
#2727=DIRECTION('center_axis',(1.,0.,0.));
#2728=DIRECTION('ref_axis',(0.,0.707106781186545,-0.70710678118655));
#2729=DIRECTION('center_axis',(1.,0.,0.));
#2730=DIRECTION('ref_axis',(0.,0.707106781186545,-0.70710678118655));
#2731=DIRECTION('',(-1.,0.,0.));
#2732=DIRECTION('center_axis',(-1.,0.,0.));
#2733=DIRECTION('ref_axis',(0.,0.707106781186545,-0.70710678118655));
#2734=DIRECTION('center_axis',(0.,0.,1.));
#2735=DIRECTION('ref_axis',(1.,0.,0.));
#2736=DIRECTION('center_axis',(0.,1.,-6.66133814775084E-15));
#2737=DIRECTION('ref_axis',(1.,0.,0.));
#2738=DIRECTION('center_axis',(1.,0.,0.));
#2739=DIRECTION('ref_axis',(0.,-0.707106781186549,-0.707106781186546));
#2740=DIRECTION('center_axis',(-1.,0.,0.));
#2741=DIRECTION('ref_axis',(0.,-6.67803323082799E-15,-1.));
#2742=DIRECTION('',(-1.,0.,0.));
#2743=DIRECTION('center_axis',(1.,0.,0.));
#2744=DIRECTION('ref_axis',(0.,-1.,0.));
#2745=DIRECTION('',(1.,0.,0.));
#2746=DIRECTION('center_axis',(0.,1.,9.60192886162301E-16));
#2747=DIRECTION('ref_axis',(9.3050443564901E-46,9.60192886162301E-16,-1.));
#2748=DIRECTION('center_axis',(0.,1.,9.60192886162301E-16));
#2749=DIRECTION('ref_axis',(-1.01506105108586E-14,9.60192886162301E-16,
-1.));
#2750=DIRECTION('center_axis',(0.,-1.,-9.60192886162301E-16));
#2751=DIRECTION('ref_axis',(0.,-9.60192886162301E-16,1.));
#2752=DIRECTION('center_axis',(0.,1.,9.60192886162301E-16));
#2753=DIRECTION('ref_axis',(-1.01506105108586E-14,9.60192886162301E-16,
-1.));
#2754=DIRECTION('',(0.,0.,-1.));
#2755=DIRECTION('',(0.,0.,-1.));
#2756=DIRECTION('center_axis',(0.,1.,9.60192886162301E-16));
#2757=DIRECTION('ref_axis',(9.3050443564901E-46,9.60192886162301E-16,-1.));
#2758=DIRECTION('center_axis',(-1.,9.69080743107826E-31,0.));
#2759=DIRECTION('ref_axis',(-6.85243564968847E-31,-0.707106781186552,-0.707106781186543));
#2760=DIRECTION('center_axis',(0.,0.,-1.));
#2761=DIRECTION('ref_axis',(1.,0.,0.));
#2762=DIRECTION('center_axis',(1.,-9.69080743107826E-31,0.));
#2763=DIRECTION('ref_axis',(0.,-0.707106781186552,-0.707106781186543));
#2764=DIRECTION('center_axis',(0.,0.,1.));
#2765=DIRECTION('ref_axis',(0.707106781186577,-0.707106781186518,0.));
#2766=DIRECTION('',(0.,0.,-1.));
#2767=DIRECTION('',(0.,0.,1.));
#2768=DIRECTION('center_axis',(1.,-9.69080743107826E-31,0.));
#2769=DIRECTION('ref_axis',(-9.69080743107826E-31,-1.,-1.38777878078094E-16));
#2770=DIRECTION('center_axis',(-1.,-4.39599444786325E-31,1.01506105108586E-14));
#2771=DIRECTION('ref_axis',(-7.16598497712598E-15,-0.707106781186548,-0.707106781186547));
#2772=DIRECTION('center_axis',(-1.77635683940016E-14,0.,-1.));
#2773=DIRECTION('ref_axis',(0.,-1.,0.));
#2774=DIRECTION('center_axis',(1.,4.39599444786325E-31,-1.01506105108586E-14));
#2775=DIRECTION('ref_axis',(-7.17756552541155E-15,-0.707106781186548,-0.707106781186547));
#2776=DIRECTION('center_axis',(1.01506105108586E-14,-3.00518440084195E-30,
1.));
#2777=DIRECTION('ref_axis',(-0.707106781186552,-0.707106781186543,2.51214793389402E-14));
#2778=DIRECTION('',(-1.01506105108586E-14,3.00518440084195E-30,-1.));
#2779=DIRECTION('center_axis',(1.,-2.96059473233375E-16,1.75302423382447E-30));
#2780=DIRECTION('ref_axis',(0.,-0.707106781186551,-0.707106781186544));
#2781=DIRECTION('',(1.,-2.96059473233375E-16,1.75302423382447E-30));
#2782=DIRECTION('center_axis',(1.,0.,0.));
#2783=DIRECTION('ref_axis',(0.,-0.707106781186551,-0.707106781186543));
#2784=DIRECTION('center_axis',(0.,-9.60192886162337E-16,-1.));
#2785=DIRECTION('ref_axis',(-0.707106781186577,0.707106781186518,0.));
#2786=DIRECTION('',(0.,-9.60192886162337E-16,-1.));
#2787=DIRECTION('center_axis',(0.,0.,1.));
#2788=DIRECTION('ref_axis',(0.,1.,0.));
#2789=DIRECTION('center_axis',(0.,1.,-6.66133814775084E-15));
#2790=DIRECTION('ref_axis',(0.,-6.66133814775084E-15,-1.));
#2791=DIRECTION('center_axis',(0.,-1.,5.9211894646675E-15));
#2792=DIRECTION('ref_axis',(-0.707106781186585,-6.2803698347349E-15,-0.70710678118651));
#2793=DIRECTION('center_axis',(0.,1.,-6.66133814775096E-15));
#2794=DIRECTION('ref_axis',(0.,-6.66133814775096E-15,-1.));
#2795=DIRECTION('',(0.,-1.,5.9211894646675E-15));
#2796=DIRECTION('center_axis',(-1.,0.,0.));
#2797=DIRECTION('ref_axis',(0.,-0.707106781186551,-0.707106781186544));
#2798=DIRECTION('center_axis',(-2.96059473233375E-16,-1.,0.));
#2799=DIRECTION('ref_axis',(-1.,2.96059473233375E-16,6.98296267768628E-15));
#2800=DIRECTION('',(-1.,2.96059473233375E-16,-1.75302423382447E-30));
#2801=DIRECTION('center_axis',(1.,-2.96059473233375E-16,1.75302423382447E-30));
#2802=DIRECTION('ref_axis',(0.,-0.707106781186551,-0.707106781186544));
#2803=DIRECTION('',(1.,-2.96059473233375E-16,1.75302423382447E-30));
#2804=DIRECTION('center_axis',(0.,-5.9211894646675E-15,-1.));
#2805=DIRECTION('ref_axis',(0.,-1.,5.9211894646675E-15));
#2806=DIRECTION('',(0.,1.,-5.9211894646675E-15));
#2807=DIRECTION('center_axis',(0.,1.,-9.60192886162337E-16));
#2808=DIRECTION('ref_axis',(0.,-9.60192886162337E-16,-1.));
#2809=DIRECTION('',(0.,9.60192886162337E-16,1.));
#2810=DIRECTION('center_axis',(0.,-9.60192886162337E-16,-1.));
#2811=DIRECTION('ref_axis',(0.707106781186552,0.707106781186543,0.));
#2812=DIRECTION('center_axis',(0.,1.,-5.9211894646675E-15));
#2813=DIRECTION('ref_axis',(0.70710678118656,-6.28036983473512E-15,-0.707106781186535));
#2814=DIRECTION('center_axis',(0.,1.,-6.66133814775096E-15));
#2815=DIRECTION('ref_axis',(1.,0.,0.));
#2816=DIRECTION('center_axis',(-1.,-4.39599444786325E-31,1.01506105108586E-14));
#2817=DIRECTION('ref_axis',(9.69080743107826E-31,1.,1.38777878078094E-16));
#2818=DIRECTION('center_axis',(0.,-1.,9.60192886162337E-16));
#2819=DIRECTION('ref_axis',(0.,9.60192886162337E-16,1.));
#2820=DIRECTION('',(-1.,0.,0.));
#2821=DIRECTION('center_axis',(-1.,0.,0.));
#2822=DIRECTION('ref_axis',(0.,-1.,0.));
#2823=DIRECTION('center_axis',(0.,0.,1.));
#2824=DIRECTION('ref_axis',(1.,-1.76196498746909E-30,0.));
#2825=DIRECTION('',(0.,0.,1.));
#2826=DIRECTION('center_axis',(0.,-2.11758236813575E-22,1.));
#2827=DIRECTION('ref_axis',(1.,-1.76196498746909E-30,-3.73110599073706E-52));
#2828=DIRECTION('',(0.,-2.11758236813575E-22,1.));
#2829=DIRECTION('center_axis',(0.,2.11758236813575E-22,-1.));
#2830=DIRECTION('ref_axis',(1.,0.,0.));
#2831=DIRECTION('',(0.,2.11758236813575E-22,-1.));
#2832=DIRECTION('center_axis',(0.,1.18952678682361E-16,-1.));
#2833=DIRECTION('ref_axis',(1.,-8.30640636949869E-31,-1.75894996706209E-52));
#2834=DIRECTION('',(0.,1.18952678682361E-16,-1.));
#2835=DIRECTION('center_axis',(-1.01506105108586E-14,0.,-1.));
#2836=DIRECTION('ref_axis',(1.,0.,-1.01506105108586E-14));
#2837=DIRECTION('',(-1.01506105108586E-14,0.,-1.));
#2838=DIRECTION('center_axis',(-1.01506105108586E-14,1.18952466924124E-16,
-1.));
#2839=DIRECTION('ref_axis',(1.,3.76799524102702E-31,-1.01506105108586E-14));
#2840=DIRECTION('',(-1.01506105108586E-14,1.18952466924124E-16,-1.));
#2841=DIRECTION('center_axis',(-6.98296267768628E-15,1.38777878078096E-16,
-1.));
#2842=DIRECTION('ref_axis',(1.,0.,-6.98296267768628E-15));
#2843=DIRECTION('center_axis',(-6.98296267768628E-15,1.38777878078096E-16,
-1.));
#2844=DIRECTION('ref_axis',(1.,0.,-6.98296267768628E-15));
#2845=DIRECTION('center_axis',(6.98296267768628E-15,-1.38777878078096E-16,
1.));
#2846=DIRECTION('ref_axis',(1.,0.,-6.98296267768627E-15));
#2847=DIRECTION('center_axis',(0.,0.,-1.));
#2848=DIRECTION('ref_axis',(1.,0.,0.));
#2849=DIRECTION('',(0.,0.,-1.));
#2850=DIRECTION('center_axis',(0.,0.,-1.));
#2851=DIRECTION('ref_axis',(1.,0.,0.));
#2852=DIRECTION('',(0.,0.,-1.));
#2853=CARTESIAN_POINT('',(0.,0.,0.));
#2854=CARTESIAN_POINT('Origin',(-1247.33499363664,52.2499999999999,351.626600662399));
#2855=CARTESIAN_POINT('',(-1206.80388110337,51.9999999999999,351.376600662399));
#2856=CARTESIAN_POINT('',(-1206.3038534033,52.4947919521875,351.871392614586));
#2857=CARTESIAN_POINT('',(-1213.09878824111,45.7710063039906,345.147606966391));
#2858=CARTESIAN_POINT('',(-1202.4038534033,51.9999999999999,351.376600662399));
#2859=CARTESIAN_POINT('',(-1247.33499363664,51.9999999999999,351.376600662399));
#2860=CARTESIAN_POINT('',(-1202.4038534033,52.4999999999999,351.876600662399));
#2861=CARTESIAN_POINT('',(-1202.4038534033,51.9999999999999,351.376600662399));
#2862=CARTESIAN_POINT('',(-1206.3038534033,52.4999999999999,351.876600662399));
#2863=CARTESIAN_POINT('',(-1247.33499363664,52.4999999999999,351.876600662399));
#2864=CARTESIAN_POINT('',(-1206.3038534033,52.7449999999999,352.121600662399));
#2865=CARTESIAN_POINT('Origin',(-1202.4038534033,55.9999999999999,351.626600662399));
#2866=CARTESIAN_POINT('',(-1198.4038534033,55.9999999999999,351.376600662399));
#2867=CARTESIAN_POINT('',(-1198.9038534033,55.9999999999999,351.876600662399));
#2868=CARTESIAN_POINT('',(-1198.6538534033,55.9999999999999,351.626600662399));
#2869=CARTESIAN_POINT('Origin',(-1202.4038534033,55.9999999999999,351.876600662399));
#2870=CARTESIAN_POINT('Origin',(-1202.4038534033,55.9999999999999,351.376600662399));
#2871=CARTESIAN_POINT('Origin',(-1202.4038534033,55.9999999999999,348.231600662399));
#2872=CARTESIAN_POINT('',(-1202.4038534033,51.9999999999999,338.356600662399));
#2873=CARTESIAN_POINT('',(-1202.4038534033,51.9999999999999,353.356600662399));
#2874=CARTESIAN_POINT('',(-1198.4038534033,55.9999999999999,338.356600662399));
#2875=CARTESIAN_POINT('Origin',(-1202.4038534033,55.9999999999999,338.356600662399));
#2876=CARTESIAN_POINT('',(-1198.4038534033,55.9999999999999,340.756600662399));
#2877=CARTESIAN_POINT('',(-1198.4038534033,55.9999999999999,348.231600662399));
#2878=CARTESIAN_POINT('',(-1199.6038534033,53.1434286285828,340.756600662399));
#2879=CARTESIAN_POINT('Origin',(-1202.4038534033,55.9999999999999,340.756600662399));
#2880=CARTESIAN_POINT('',(-1199.6038534033,53.1434286285828,347.256600662399));
#2881=CARTESIAN_POINT('',(-1199.6038534033,53.1434286285828,348.231600662399));
#2882=CARTESIAN_POINT('',(-1198.4038534033,55.9999999999999,347.256600662399));
#2883=CARTESIAN_POINT('Origin',(-1202.4038534033,55.9999999999999,347.256600662399));
#2884=CARTESIAN_POINT('',(-1198.4038534033,55.9999999999999,348.231600662399));
#2885=CARTESIAN_POINT('Origin',(-1292.31613386997,51.9999999999999,353.3566006624));
#2886=CARTESIAN_POINT('',(-1232.40286975045,51.9999999999999,351.376600662399));
#2887=CARTESIAN_POINT('',(-1200.4038534033,51.9999999999999,351.376600662399));
#2888=CARTESIAN_POINT('',(-1232.40286975045,51.9999999999999,338.356600662399));
#2889=CARTESIAN_POINT('',(-1232.40286975045,51.9999999999999,353.356600662399));
#2890=CARTESIAN_POINT('',(-1245.35999363664,51.9999999999999,338.356600662399));
#2891=CARTESIAN_POINT('',(-1206.3038534033,52.,344.206600662416));
#2892=CARTESIAN_POINT('Origin',(-1205.4038534033,51.9999999999999,344.206600662416));
#2893=CARTESIAN_POINT('',(-1218.7038534033,51.9999999999999,349.156600662416));
#2894=CARTESIAN_POINT('',(-1218.7038534033,51.9999999999999,345.456600662416));
#2895=CARTESIAN_POINT('',(-1218.7038534033,51.9999999999999,351.256600662409));
#2896=CARTESIAN_POINT('',(-1229.8038534033,51.9999999999999,345.456600662416));
#2897=CARTESIAN_POINT('',(-1255.50999363664,51.9999999999999,345.456600662416));
#2898=CARTESIAN_POINT('',(-1229.8038534033,51.9999999999999,349.156600662416));
#2899=CARTESIAN_POINT('',(-1229.8038534033,51.9999999999999,349.406600662409));
#2900=CARTESIAN_POINT('',(-1261.05999363664,51.9999999999999,349.156600662416));
#2901=CARTESIAN_POINT('Origin',(-1206.52972063442,54.2939287971062,351.626600662399));
#2902=CARTESIAN_POINT('',(-1206.38280193798,44.499889205883,351.876600662399));
#2903=CARTESIAN_POINT('',(-1206.88497043308,44.2965136776842,351.376600662399));
#2904=CARTESIAN_POINT('',(-1205.84484409594,44.7177592262876,352.412235461567));
#2905=CARTESIAN_POINT('',(-1206.77970678515,54.2965602302718,351.376600662399));
#2906=CARTESIAN_POINT('',(-1206.3038534033,51.9999999999999,351.876600662399));
#2907=CARTESIAN_POINT('',(-1206.3038534033,53.1377335891031,351.864625182799));
#2908=CARTESIAN_POINT('',(-1206.27973448368,54.2912973639405,351.876600662399));
#2909=CARTESIAN_POINT('Origin',(-1198.4038534033,57.4999999999999,351.376600662399));
#2910=CARTESIAN_POINT('',(-1203.12820972992,40.5,351.376600662399));
#2911=CARTESIAN_POINT('',(-1208.01431775478,45.437811431915,351.376600662399));
#2912=CARTESIAN_POINT('',(-1200.52517374686,40.5,351.376600662399));
#2913=CARTESIAN_POINT('',(-1201.4038534033,40.5,351.376600662399));
#2914=CARTESIAN_POINT('',(-1198.9038534033,38.8786796564404,351.376600662399));
#2915=CARTESIAN_POINT('',(-1204.71451357508,44.6893398282202,351.376600662399));
#2916=CARTESIAN_POINT('',(-1198.9038534033,3.99999999999999,351.376600662399));
#2917=CARTESIAN_POINT('',(-1198.9038534033,48.7499999999999,351.376600662399));
#2918=CARTESIAN_POINT('',(-1202.4038534033,0.499999999999943,351.376600662399));
#2919=CARTESIAN_POINT('Origin',(-1202.4038534033,4.,351.376600662399));
#2920=CARTESIAN_POINT('',(-1322.4038534033,0.499999999999998,351.376600662399));
#2921=CARTESIAN_POINT('',(-1198.4038534033,0.499999999999998,351.376600662399));
#2922=CARTESIAN_POINT('',(-1325.9038534033,4.,351.376600662399));
#2923=CARTESIAN_POINT('Origin',(-1322.4038534033,4.,351.376600662399));
#2924=CARTESIAN_POINT('',(-1325.9038534033,54.0635083268967,351.376600662399));
#2925=CARTESIAN_POINT('',(-1325.9038534033,48.7499999999999,351.376600662399));
#2926=CARTESIAN_POINT('',(-1322.4038534033,52.,351.376600662399));
#2927=CARTESIAN_POINT('Origin',(-1322.4038534033,56.,351.376600662399));
#2928=CARTESIAN_POINT('',(-1292.40483705615,51.9999999999999,351.376600662399));
#2929=CARTESIAN_POINT('',(-1245.35999363664,51.9999999999999,351.376600662399));
#2930=CARTESIAN_POINT('',(-1288.40483705615,55.9999999999999,351.376600662399));
#2931=CARTESIAN_POINT('Origin',(-1292.40483705615,55.9999999999999,351.376600662399));
#2932=CARTESIAN_POINT('',(-1288.40483705615,57.4999999999999,351.376600662399));
#2933=CARTESIAN_POINT('',(-1288.40483705615,58.4999999999999,351.376600662399));
#2934=CARTESIAN_POINT('',(-1236.40286975045,57.4999999999999,351.376600662399));
#2935=CARTESIAN_POINT('',(-1198.4038534033,57.4999999999999,351.376600662399));
#2936=CARTESIAN_POINT('',(-1236.40286975045,55.9999999999999,351.376600662399));
#2937=CARTESIAN_POINT('',(-1236.40286975045,56.7495081735741,351.376600662399));
#2938=CARTESIAN_POINT('Origin',(-1232.40286975045,55.9999999999999,351.376600662399));
#2939=CARTESIAN_POINT('',(-1325.6038534033,3.80000000000022,351.376600662399));
#2940=CARTESIAN_POINT('Origin',(-1322.6038534033,3.80000000000022,351.376600662399));
#2941=CARTESIAN_POINT('',(-1205.2038534033,3.79999999999997,351.376600662399));
#2942=CARTESIAN_POINT('Origin',(-1202.2038534033,3.79999999999997,351.376600662399));
#2943=CARTESIAN_POINT('Origin',(-1202.3538534033,55.7499999999999,351.876600662399));
#2944=CARTESIAN_POINT('',(-1198.9038534033,58.9999999999999,351.876600662399));
#2945=CARTESIAN_POINT('',(-1198.9038534033,47.8749999999999,351.876600662399));
#2946=CARTESIAN_POINT('',(-1202.59674662212,58.9999999999999,351.876600662399));
#2947=CARTESIAN_POINT('',(-1202.5788534033,58.9999999999999,351.876600662399));
#2948=CARTESIAN_POINT('',(-1206.3038534033,55.2928932188135,351.876600662399));
#2949=CARTESIAN_POINT('',(-1205.02530001271,56.5714466094066,351.876600662399));
#2950=CARTESIAN_POINT('',(-1206.3038534033,53.8749999999999,351.876600662399));
#2951=CARTESIAN_POINT('Origin',(-1206.3038534033,51.9999999999999,353.856600662399));
#2952=CARTESIAN_POINT('',(-1206.3038534033,55.9999999999999,352.376600662399));
#2953=CARTESIAN_POINT('',(-1206.3038534033,55.2059882151877,351.815149545016));
#2954=CARTESIAN_POINT('',(-1206.3038534033,55.9999999999999,353.856600662399));
#2955=CARTESIAN_POINT('',(-1206.3038534033,55.9999999999999,353.856600662399));
#2956=CARTESIAN_POINT('',(-1206.3038534033,51.9999999999999,353.856600662399));
#2957=CARTESIAN_POINT('',(-1206.3038534033,26.,353.856600662399));
#2958=CARTESIAN_POINT('',(-1206.3038534033,51.9999999999999,353.606600662399));
#2959=CARTESIAN_POINT('Origin',(-1205.20207670801,56.7482233047032,352.126600662399));
#2960=CARTESIAN_POINT('',(-1202.8038534033,59.4999999999999,352.376600662399));
#2961=CARTESIAN_POINT('',(-1202.59674662212,58.9999999999999,351.876600662399));
#2962=CARTESIAN_POINT('',(-1205.3788534033,56.9249999999998,352.376600662399));
#2963=CARTESIAN_POINT('Origin',(-1198.6538534033,47.8749999999999,351.626600662399));
#2964=CARTESIAN_POINT('',(-1198.4038534033,59.2071067811866,351.376600662399));
#2965=CARTESIAN_POINT('',(-1198.4038534033,47.8749999999999,351.376600662399));
#2966=CARTESIAN_POINT('',(-1198.4038534033,59.2071067811866,351.376600662399));
#2967=CARTESIAN_POINT('Origin',(-1198.6538534033,52.359276695297,344.882323967102));
#2968=CARTESIAN_POINT('',(-1198.9038534033,59.4999999999999,352.376600662399));
#2969=CARTESIAN_POINT('',(-1198.9038534033,52.1825000000003,345.059100662399));
#2970=CARTESIAN_POINT('',(-1198.4038534033,59.9999999999999,352.169493881212));
#2971=CARTESIAN_POINT('',(-1198.4038534033,52.5360533905937,344.705547271805));
#2972=CARTESIAN_POINT('',(-1198.4038534033,59.9999999999999,352.169493881212));
#2973=CARTESIAN_POINT('Origin',(-1198.6538534033,59.7499999999999,348.481600662399));
#2974=CARTESIAN_POINT('',(-1198.4038534033,59.9999999999999,353.856600662399));
#2975=CARTESIAN_POINT('',(-1198.4038534033,59.9999999999999,348.481600662399));
#2976=CARTESIAN_POINT('',(-1198.9038534033,59.4999999999999,353.856600662399));
#2977=CARTESIAN_POINT('',(-1213.5288534033,44.8750000000077,353.856600662399));
#2978=CARTESIAN_POINT('',(-1198.9038534033,59.4999999999999,348.481600662399));
#2979=CARTESIAN_POINT('Origin',(-1202.5788534033,59.2499999999999,352.126600662399));
#2980=CARTESIAN_POINT('',(-1202.5788534033,59.4999999999999,352.376600662399));
#2981=CARTESIAN_POINT('Origin',(-1206.3038534033,55.9999999999999,353.856600662399));
#2982=CARTESIAN_POINT('',(-1202.8038534033,59.4999999999999,353.856600662399));
#2983=CARTESIAN_POINT('',(-1202.8038534033,59.4999999999999,353.856600662399));
#2984=CARTESIAN_POINT('',(-1218.3288534033,43.9749999999995,353.856600662399));
#2985=CARTESIAN_POINT('Origin',(-1202.8038534033,59.4999999999999,353.856600662399));
#2986=CARTESIAN_POINT('',(-1200.6038534033,59.4999999999999,353.856600662399));
#2987=CARTESIAN_POINT('Origin',(-1198.4038534033,39.9999999999999,343.106600662399));
#2988=CARTESIAN_POINT('',(-1198.4038534033,59.4999999999999,347.256600662399));
#2989=CARTESIAN_POINT('',(-1198.4038534033,45.9999999999999,347.256600662399));
#2990=CARTESIAN_POINT('',(-1198.4038534033,59.4999999999999,340.756600662399));
#2991=CARTESIAN_POINT('',(-1198.4038534033,59.4999999999999,342.231600662399));
#2992=CARTESIAN_POINT('',(-1198.4038534033,49.7499999999999,340.756600662399));
#2993=CARTESIAN_POINT('',(-1198.4038534033,57.4999999999999,336.856600662399));
#2994=CARTESIAN_POINT('Origin',(-1198.4038534033,57.4999999999999,338.356600662399));
#2995=CARTESIAN_POINT('',(-1198.4038534033,72.0000011920929,336.856600662399));
#2996=CARTESIAN_POINT('',(-1198.4038534033,56.0000005960464,336.856600662399));
#2997=CARTESIAN_POINT('',(-1198.4038534033,75.9999999999998,340.856600662399));
#2998=CARTESIAN_POINT('Origin',(-1198.4038534033,72.0000011920929,340.856600662399));
#2999=CARTESIAN_POINT('',(-1198.4038534033,75.9999999999998,353.856600662399));
#3000=CARTESIAN_POINT('',(-1198.4038534033,75.9999999999998,353.356600662399));
#3001=CARTESIAN_POINT('',(-1198.4038534033,57.4999999999999,353.856600662399));
#3002=CARTESIAN_POINT('Origin',(-1204.53773687979,44.8661165235168,351.626600662399));
#3003=CARTESIAN_POINT('',(-1198.4038534033,39.0857864376269,351.876600662399));
#3004=CARTESIAN_POINT('',(-1198.51587912398,39.0393838647869,351.76457494172));
#3005=CARTESIAN_POINT('',(-1200.31806696568,41.,351.876600662399));
#3006=CARTESIAN_POINT('',(-1200.23046564004,41.2114883084326,352.088088970832));
#3007=CARTESIAN_POINT('',(-1204.36096018449,45.0428932188134,351.876600662399));
#3008=CARTESIAN_POINT('Origin',(-1198.6538534033,48.7499999999999,351.626600662399));
#3009=CARTESIAN_POINT('',(-1198.4038534033,3.99999999999999,351.876600662399));
#3010=CARTESIAN_POINT('',(-1198.4038534033,48.7499999999999,351.876600662399));
#3011=CARTESIAN_POINT('',(-1198.4038534033,3.99999999999999,351.876600662399));
#3012=CARTESIAN_POINT('Origin',(-1201.11096018449,41.7928932188134,351.356600662399));
#3013=CARTESIAN_POINT('',(-1200.31806696568,41.,353.856600662399));
#3014=CARTESIAN_POINT('',(-1200.31806696568,41.,351.356600662399));
#3015=CARTESIAN_POINT('',(-1198.4038534033,39.0857864376269,353.856600662399));
#3016=CARTESIAN_POINT('',(-1189.98596018449,30.6678932188133,353.856600662399));
#3017=CARTESIAN_POINT('',(-1198.4038534033,39.0857864376269,347.231600662399));
#3018=CARTESIAN_POINT('Origin',(-1201.4038534033,40.75,351.626600662399));
#3019=CARTESIAN_POINT('',(-1202.9195597768,41.,351.876600662399));
#3020=CARTESIAN_POINT('',(-1202.68498530461,41.562124430601,352.438725093));
#3021=CARTESIAN_POINT('',(-1201.4038534033,41.,351.876600662399));
#3022=CARTESIAN_POINT('Origin',(-1204.4038534033,41.,351.356600662399));
#3023=CARTESIAN_POINT('',(-1202.9195597768,41.,353.856600662399));
#3024=CARTESIAN_POINT('',(-1202.9195597768,40.9999999999999,351.356600662399));
#3025=CARTESIAN_POINT('',(-1201.4038534033,41.,353.856600662399));
#3026=CARTESIAN_POINT('Origin',(-1206.31437913597,51.0000553970584,351.356600662399));
#3027=CARTESIAN_POINT('',(-1206.38280193798,44.499889205883,353.856600662399));
#3028=CARTESIAN_POINT('',(-1206.58233253376,25.544482606573,353.856600662399));
#3029=CARTESIAN_POINT('',(-1206.38280193798,44.499889205883,353.356600662399));
#3030=CARTESIAN_POINT('Origin',(-1198.4038534033,0.,353.856600662399));
#3031=CARTESIAN_POINT('',(-1202.4038534033,79.9999999999998,353.856600662399));
#3032=CARTESIAN_POINT('Origin',(-1202.4038534033,75.9999999999998,353.856600662399));
#3033=CARTESIAN_POINT('',(-1322.4038534033,79.9999999999998,353.856600662399));
#3034=CARTESIAN_POINT('',(-1198.4038534033,79.9999999999998,353.856600662399));
#3035=CARTESIAN_POINT('',(-1326.4038534033,75.9999999999998,353.856600662399));
#3036=CARTESIAN_POINT('Origin',(-1322.4038534033,75.9999999999998,353.856600662399));
#3037=CARTESIAN_POINT('',(-1326.4038534033,3.99999999999999,353.856600662399));
#3038=CARTESIAN_POINT('',(-1326.4038534033,57.4999999999999,353.856600662399));
#3039=CARTESIAN_POINT('',(-1322.4038534033,0.,353.856600662399));
#3040=CARTESIAN_POINT('Origin',(-1322.4038534033,4.,353.856600662399));
#3041=CARTESIAN_POINT('',(-1202.4038534033,0.,353.856600662399));
#3042=CARTESIAN_POINT('',(-1198.4038534033,0.,353.856600662399));
#3043=CARTESIAN_POINT('',(-1198.4038534033,3.99999999999999,353.856600662399));
#3044=CARTESIAN_POINT('Origin',(-1202.4038534033,4.,353.856600662399));
#3045=CARTESIAN_POINT('',(-1198.4038534033,57.4999999999999,353.856600662399));
#3046=CARTESIAN_POINT('',(-1193.28470486338,31.263191788988,353.856600662399));
#3047=CARTESIAN_POINT('',(-1209.3038534033,57.2999999999999,353.856600662399));
#3048=CARTESIAN_POINT('',(-1209.3038534033,78.1999999999998,353.856600662399));
#3049=CARTESIAN_POINT('',(-1209.3038534033,28.7499999999999,353.856600662399));
#3050=CARTESIAN_POINT('',(-1315.5038534033,57.2999999999999,353.856600662399));
#3051=CARTESIAN_POINT('',(-1198.4038534033,57.2999999999999,353.856600662399));
#3052=CARTESIAN_POINT('',(-1315.5038534033,78.1999999999998,353.856600662399));
#3053=CARTESIAN_POINT('',(-1315.5038534033,39.9999999947887,353.856600662399));
#3054=CARTESIAN_POINT('',(-1198.4038534033,78.1999999999998,353.856600662399));
#3055=CARTESIAN_POINT('',(-1324.4538534033,76.1999999999997,353.856600662399));
#3056=CARTESIAN_POINT('Origin',(-1322.6038534033,76.1999999999997,353.856600662399));
#3057=CARTESIAN_POINT('',(-1289.50385340331,28.6045024301337,353.8566006624));
#3058=CARTESIAN_POINT('Origin',(-1262.4038534033,28.6045024301336,353.856600662399));
#3059=CARTESIAN_POINT('',(-1204.0038534033,3.79999999999997,353.856600662399));
#3060=CARTESIAN_POINT('Origin',(-1202.2038534033,3.79999999999997,353.856600662399));
#3061=CARTESIAN_POINT('',(-1324.4038534033,3.80000000000022,353.856600662399));
#3062=CARTESIAN_POINT('Origin',(-1322.6038534033,3.80000000000022,353.856600662399));
#3063=CARTESIAN_POINT('',(-1204.0538534033,76.1999999999999,353.856600662399));
#3064=CARTESIAN_POINT('Origin',(-1202.2038534033,76.1999999999999,353.856600662399));
#3065=CARTESIAN_POINT('',(-1212.30385340331,28.6627094427462,353.856600662399));
#3066=CARTESIAN_POINT('',(-1212.30385340331,28.5627094424981,353.856600662399));
#3067=CARTESIAN_POINT('',(-1212.30385340331,14.3313547213731,353.856600662399));
#3068=CARTESIAN_POINT('',(-1215.20385340331,25.6627094424978,353.856600662399));
#3069=CARTESIAN_POINT('Origin',(-1215.20385340331,28.5627094424981,353.856600662399));
#3070=CARTESIAN_POINT('',(-1228.50385340331,25.6627094424984,353.856600662399));
#3071=CARTESIAN_POINT('',(-1206.8038534033,25.662709442498,353.856600662399));
#3072=CARTESIAN_POINT('',(-1231.40385340331,28.5627094424984,353.856600662399));
#3073=CARTESIAN_POINT('Origin',(-1228.50385340331,28.5627094424984,353.856600662399));
#3074=CARTESIAN_POINT('',(-1231.40385340331,28.6627094426343,353.856600662399));
#3075=CARTESIAN_POINT('',(-1231.40385340331,14.2813547212492,353.856600662399));
#3076=CARTESIAN_POINT('',(-1228.50385340331,31.5627094426342,353.856600662399));
#3077=CARTESIAN_POINT('Origin',(-1228.50385340331,28.6627094426343,353.856600662399));
#3078=CARTESIAN_POINT('',(-1215.20385340319,31.5627094426342,353.856600662399));
#3079=CARTESIAN_POINT('',(-1213.4538534033,31.5627094426342,353.856600662399));
#3080=CARTESIAN_POINT('Origin',(-1215.20385340319,28.6627094427462,353.856600662399));
#3081=CARTESIAN_POINT('Origin',(-1218.7038534033,51.9999999999999,349.156600662416));
#3082=CARTESIAN_POINT('',(-1218.7038534033,58.1999999999999,349.156600662416));
#3083=CARTESIAN_POINT('',(-1218.7038534033,58.1999999999999,345.456600662416));
#3084=CARTESIAN_POINT('',(-1218.7038534033,58.1999999999999,348.231600662416));
#3085=CARTESIAN_POINT('',(-1218.7038534033,51.9999999999999,345.456600662416));
#3086=CARTESIAN_POINT('',(-1218.7038534033,51.9999999999999,349.156600662416));
#3087=CARTESIAN_POINT('Origin',(-1229.8038534033,51.9999999999999,349.156600662416));
#3088=CARTESIAN_POINT('',(-1229.8038534033,58.1999999999999,349.156600662416));
#3089=CARTESIAN_POINT('',(-1227.0288534033,58.1999999999999,349.156600662416));
#3090=CARTESIAN_POINT('',(-1229.8038534033,51.9999999999999,349.156600662416));
#3091=CARTESIAN_POINT('Origin',(-1229.8038534033,51.9999999999999,345.456600662416));
#3092=CARTESIAN_POINT('',(-1229.8038534033,58.1999999999999,345.456600662416));
#3093=CARTESIAN_POINT('',(-1229.8038534033,58.1999999999999,346.381600662416));
#3094=CARTESIAN_POINT('',(-1229.8038534033,51.9999999999999,345.456600662416));
#3095=CARTESIAN_POINT('Origin',(-1218.7038534033,51.9999999999999,345.456600662416));
#3096=CARTESIAN_POINT('',(-1221.4788534033,58.1999999999999,345.456600662416));
#3097=CARTESIAN_POINT('Origin',(-1224.2538534033,58.1999999999999,347.306600662416));
#3098=CARTESIAN_POINT('Origin',(-1295.2038534033,52.,339.256600662399));
#3099=CARTESIAN_POINT('',(-1306.1038534033,52.,339.256600662399));
#3100=CARTESIAN_POINT('',(-1295.0038534033,52.,339.256600662399));
#3101=CARTESIAN_POINT('',(-1293.75999363664,51.9999999999999,339.256600662399));
#3102=CARTESIAN_POINT('',(-1295.0038534033,58.1999999999999,339.256600662399));
#3103=CARTESIAN_POINT('',(-1295.0038534033,52.,339.256600662399));
#3104=CARTESIAN_POINT('',(-1306.1038534033,58.1999999999999,339.256600662399));
#3105=CARTESIAN_POINT('',(-1297.9288534033,58.1999999999999,339.256600662399));
#3106=CARTESIAN_POINT('',(-1306.1038534033,52.,339.256600662399));
#3107=CARTESIAN_POINT('Origin',(-1306.1038534033,52.,339.756600662399));
#3108=CARTESIAN_POINT('',(-1306.1038534033,58.1999999999999,342.956600662399));
#3109=CARTESIAN_POINT('',(-1306.1038534033,58.1999999999999,339.756600662399));
#3110=CARTESIAN_POINT('',(-1306.1038534033,52.,342.956600662399));
#3111=CARTESIAN_POINT('',(-1306.1038534033,52.,342.956600662399));
#3112=CARTESIAN_POINT('',(-1306.1038534033,51.9999999999999,346.556600662399));
#3113=CARTESIAN_POINT('Origin',(-1300.6538534033,58.1999999999999,341.456600662399));
#3114=CARTESIAN_POINT('',(-1295.0038534033,58.1999999999999,342.956600662399));
#3115=CARTESIAN_POINT('',(-1295.0038534033,58.1999999999999,339.756600662399));
#3116=CARTESIAN_POINT('',(-1295.2038534033,58.1999999999999,342.956600662399));
#3117=CARTESIAN_POINT('Origin',(-1326.4038534033,51.9999999999999,340.756600662399));
#3118=CARTESIAN_POINT('',(-1326.4038534033,56.,340.756600662399));
#3119=CARTESIAN_POINT('',(-1326.4038534033,59.4999999999999,340.756600662399));
#3120=CARTESIAN_POINT('',(-1326.4038534033,45.9999999999999,340.756600662399));
#3121=CARTESIAN_POINT('',(-1325.2038534033,53.1434286285831,340.756600662399));
#3122=CARTESIAN_POINT('Origin',(-1322.4038534033,56.,340.756600662399));
#3123=CARTESIAN_POINT('',(-1325.2038534033,57.8999999999999,340.756600662399));
#3124=CARTESIAN_POINT('',(-1325.2038534033,59.4999999999999,340.756600662399));
#3125=CARTESIAN_POINT('',(-1323.9038534033,57.8999999999999,340.756600662399));
#3126=CARTESIAN_POINT('',(-1326.4038534033,57.8999999999999,340.756600662399));
#3127=CARTESIAN_POINT('',(-1323.9038534033,59.4999999999999,340.756600662399));
#3128=CARTESIAN_POINT('',(-1323.9038534033,57.9999999999999,340.756600662399));
#3129=CARTESIAN_POINT('',(-1326.4038534033,59.4999999999999,340.756600662399));
#3130=CARTESIAN_POINT('Origin',(-1322.4038534033,56.,348.231600662399));
#3131=CARTESIAN_POINT('',(-1325.2038534033,53.1434286285831,347.256600662399));
#3132=CARTESIAN_POINT('',(-1325.2038534033,53.1434286285831,348.231600662399));
#3133=CARTESIAN_POINT('',(-1326.4038534033,55.9999999999999,338.356600662399));
#3134=CARTESIAN_POINT('',(-1326.4038534033,56.,348.231600662399));
#3135=CARTESIAN_POINT('',(-1322.4038534033,52.,338.356600662399));
#3136=CARTESIAN_POINT('Origin',(-1322.4038534033,55.9999999999999,338.356600662399));
#3137=CARTESIAN_POINT('',(-1322.4038534033,52.,348.231600662399));
#3138=CARTESIAN_POINT('',(-1326.4038534033,56.,351.876600662399));
#3139=CARTESIAN_POINT('Origin',(-1322.4038534033,56.,347.8766006624));
#3140=CARTESIAN_POINT('',(-1326.4038534033,56.,347.256600662399));
#3141=CARTESIAN_POINT('',(-1326.4038534033,56.,347.356600662399));
#3142=CARTESIAN_POINT('Origin',(-1322.4038534033,56.,347.256600662399));
#3143=CARTESIAN_POINT('Origin',(-1326.4038534033,39.9999999999999,343.106600662399));
#3144=CARTESIAN_POINT('',(-1326.4038534033,59.4999999999999,347.256600662399));
#3145=CARTESIAN_POINT('',(-1326.4038534033,59.4999999999999,345.131600662399));
#3146=CARTESIAN_POINT('',(-1326.4038534033,49.7499999999999,347.256600662399));
#3147=CARTESIAN_POINT('',(-1326.4038534033,3.99999999999999,351.876600662399));
#3148=CARTESIAN_POINT('',(-1326.4038534033,48.7499999999999,351.876600662399));
#3149=CARTESIAN_POINT('',(-1326.4038534033,3.99999999999999,353.356600662399));
#3150=CARTESIAN_POINT('',(-1326.4038534033,75.9999999999998,340.856600662399));
#3151=CARTESIAN_POINT('',(-1326.4038534033,75.9999999999998,353.356600662399));
#3152=CARTESIAN_POINT('',(-1326.4038534033,72.0000011920929,336.856600662399));
#3153=CARTESIAN_POINT('Origin',(-1326.4038534033,72.0000011920929,340.856600662399));
#3154=CARTESIAN_POINT('',(-1326.4038534033,57.4999999999999,336.856600662399));
#3155=CARTESIAN_POINT('',(-1326.4038534033,56.0000005960464,336.856600662399));
#3156=CARTESIAN_POINT('Origin',(-1326.4038534033,57.4999999999999,338.356600662399));
#3157=CARTESIAN_POINT('Origin',(-1326.4038534033,59.4999999999999,347.256600662399));
#3158=CARTESIAN_POINT('',(-1325.2038534033,57.8999999999999,347.256600662399));
#3159=CARTESIAN_POINT('',(-1325.2038534033,57.6249999999999,347.256600662399));
#3160=CARTESIAN_POINT('',(-1323.9038534033,59.4999999999999,347.256600662399));
#3161=CARTESIAN_POINT('',(-1326.4038534033,59.4999999999999,347.256600662399));
#3162=CARTESIAN_POINT('',(-1323.9038534033,57.8999999999999,347.256600662399));
#3163=CARTESIAN_POINT('',(-1323.9038534033,59.1249999999999,347.256600662399));
#3164=CARTESIAN_POINT('',(-1326.4038534033,57.8999999999999,347.256600662399));
#3165=CARTESIAN_POINT('Origin',(-1198.4038534033,51.9999999999999,347.256600662399));
#3166=CARTESIAN_POINT('',(-1199.6038534033,57.8999999999999,347.256600662399));
#3167=CARTESIAN_POINT('',(-1199.6038534033,53.8749999999999,347.256600662399));
#3168=CARTESIAN_POINT('',(-1200.9038534033,57.8999999999999,347.256600662399));
#3169=CARTESIAN_POINT('',(-1198.4038534033,57.8999999999999,347.256600662399));
#3170=CARTESIAN_POINT('',(-1200.9038534033,59.4999999999999,347.256600662399));
#3171=CARTESIAN_POINT('',(-1200.9038534033,55.3749999999999,347.256600662399));
#3172=CARTESIAN_POINT('',(-1198.4038534033,59.4999999999999,347.256600662399));
#3173=CARTESIAN_POINT('Origin',(-1198.4038534033,59.4999999999999,340.756600662399));
#3174=CARTESIAN_POINT('',(-1199.6038534033,57.8999999999999,340.756600662399));
#3175=CARTESIAN_POINT('',(-1199.6038534033,53.8749999999999,340.756600662399));
#3176=CARTESIAN_POINT('',(-1200.9038534033,59.4999999999999,340.756600662399));
#3177=CARTESIAN_POINT('',(-1198.4038534033,59.4999999999999,340.756600662399));
#3178=CARTESIAN_POINT('',(-1200.9038534033,57.8999999999999,340.756600662399));
#3179=CARTESIAN_POINT('',(-1200.9038534033,58.3749999999999,340.756600662399));
#3180=CARTESIAN_POINT('',(-1198.4038534033,57.8999999999999,340.756600662399));
#3181=CARTESIAN_POINT('Origin',(-1198.4038534033,57.8999999999999,341.356600662399));
#3182=CARTESIAN_POINT('',(-1199.6038534033,57.8999999999999,347.156600662399));
#3183=CARTESIAN_POINT('',(-1200.9038534033,57.8999999999999,340.856600662399));
#3184=CARTESIAN_POINT('Origin',(-1199.6038534033,55.7499999999999,344.356600662399));
#3185=CARTESIAN_POINT('Origin',(-1326.4038534033,57.8999999999999,347.356600662399));
#3186=CARTESIAN_POINT('',(-1323.9038534033,57.8999999999999,347.156600662399));
#3187=CARTESIAN_POINT('',(-1325.2038534033,57.8999999999999,340.856600662399));
#3188=CARTESIAN_POINT('Origin',(-1198.4038534033,58.2999999999999,352.856600662399));
#3189=CARTESIAN_POINT('',(-1211.3038534033,59.2999999999999,351.856600662399));
#3190=CARTESIAN_POINT('',(-1203.56218673664,51.5583333333336,359.598267329065));
#3191=CARTESIAN_POINT('',(-1313.5038534033,59.2999999999999,351.856600662399));
#3192=CARTESIAN_POINT('',(-1198.4038534033,59.2999999999999,351.856600662399));
#3193=CARTESIAN_POINT('',(-1298.0371867375,74.766666665798,336.389933996601));
#3194=CARTESIAN_POINT('Origin',(-1198.4038534033,59.2999999999999,353.356600662399));
#3195=CARTESIAN_POINT('',(-1212.3038534033,59.2999999999999,350.856600662399));
#3196=CARTESIAN_POINT('',(-1207.4538534033,59.2999999999999,355.706600662398));
#3197=CARTESIAN_POINT('',(-1212.3038534033,59.2999999999999,344.106600662399));
#3198=CARTESIAN_POINT('',(-1212.3038534033,59.2999999999999,353.356600662399));
#3199=CARTESIAN_POINT('',(-1312.5038534033,59.2999999999999,344.106600662399));
#3200=CARTESIAN_POINT('',(-1198.4038534033,59.2999999999999,344.106600662399));
#3201=CARTESIAN_POINT('',(-1312.5038534033,59.2999999999999,350.856600662399));
#3202=CARTESIAN_POINT('',(-1312.5038534033,59.2999999999999,353.3566006624));
#3203=CARTESIAN_POINT('',(-1285.3538534033,59.2999999999999,323.7066006624));
#3204=CARTESIAN_POINT('Origin',(-1198.4038534033,0.,353.856600662399));
#3205=CARTESIAN_POINT('',(-1285.3038534033,28.6045024301337,353.856600662399));
#3206=CARTESIAN_POINT('Origin',(-1262.4038534033,28.6045024301336,353.856600662399));
#3207=CARTESIAN_POINT('Origin',(-1262.4038534033,75.9999999999997,337.856600662399));
#3208=CARTESIAN_POINT('',(-1322.82194603554,79.3925594127226,337.856600662399));
#3209=CARTESIAN_POINT('',(-1324.5825078296,78.714940687428,337.856600662399));
#3210=CARTESIAN_POINT('Ctrl Pts',(-1322.82194603554,79.3925594127226,337.856600662399));
#3211=CARTESIAN_POINT('Ctrl Pts',(-1322.94126047444,79.379026380957,337.856600662399));
#3212=CARTESIAN_POINT('Ctrl Pts',(-1323.06193528305,79.3594035920433,337.856600662399));
#3213=CARTESIAN_POINT('Ctrl Pts',(-1323.4436712626,79.2776808261498,337.856600662399));
#3214=CARTESIAN_POINT('Ctrl Pts',(-1323.69963849646,79.1915605126136,337.856600662399));
#3215=CARTESIAN_POINT('Ctrl Pts',(-1324.14310996862,78.9936262606032,337.856600662399));
#3216=CARTESIAN_POINT('Ctrl Pts',(-1324.3702505603,78.8659229168574,337.856600662399));
#3217=CARTESIAN_POINT('Ctrl Pts',(-1324.5825078296,78.7149406874281,337.856600662399));
#3218=CARTESIAN_POINT('Origin',(-1322.6038534033,76.1999999999997,337.856600662399));
#3219=CARTESIAN_POINT('',(-1324.4538534033,76.1999999999997,337.856600662399));
#3220=CARTESIAN_POINT('Origin',(-1322.6038534033,76.1999999999997,337.856600662399));
#3221=CARTESIAN_POINT('Origin',(-1262.4038534033,75.9999999999997,337.856600662399));
#3222=CARTESIAN_POINT('',(-1200.22519897696,78.7149406873948,337.856600662399));
#3223=CARTESIAN_POINT('',(-1201.98576077108,79.3925594127237,337.856600662399));
#3224=CARTESIAN_POINT('Ctrl Pts',(-1200.22519897696,78.7149406873948,337.856600662399));
#3225=CARTESIAN_POINT('Ctrl Pts',(-1200.23878118233,78.7246019425979,337.856600662399));
#3226=CARTESIAN_POINT('Ctrl Pts',(-1200.25242967216,78.7341783958387,337.856600662399));
#3227=CARTESIAN_POINT('Ctrl Pts',(-1200.48521856731,78.8952785978984,337.856600662399));
#3228=CARTESIAN_POINT('Ctrl Pts',(-1200.72081768191,79.0228872919033,337.856600662399));
#3229=CARTESIAN_POINT('Ctrl Pts',(-1201.16253137897,79.2105229654965,337.856600662399));
#3230=CARTESIAN_POINT('Ctrl Pts',(-1201.40839206207,79.2894252773439,337.856600662399));
#3231=CARTESIAN_POINT('Ctrl Pts',(-1201.76818264043,79.3630031808159,337.856600662399));
#3232=CARTESIAN_POINT('Ctrl Pts',(-1201.87752800871,79.3802833007565,337.856600662399));
#3233=CARTESIAN_POINT('Ctrl Pts',(-1201.98576077108,79.3925594127236,337.856600662399));
#3234=CARTESIAN_POINT('Origin',(-1202.2038534033,76.1999999999999,337.856600662399));
#3235=CARTESIAN_POINT('',(-1204.0538534033,76.1999999999999,337.856600662398));
#3236=CARTESIAN_POINT('Origin',(-1202.2038534033,76.1999999999999,337.856600662398));
#3237=CARTESIAN_POINT('Origin',(-1314.0038534033,39.9999999947887,352.356600662399));
#3238=CARTESIAN_POINT('',(-1312.5038534033,78.1999999999998,350.856600662399));
#3239=CARTESIAN_POINT('',(-1312.5038534033,39.9999999947887,350.856600662399));
#3240=CARTESIAN_POINT('',(-1283.0413534033,78.1999999999998,321.3941006624));
#3241=CARTESIAN_POINT('Origin',(-1312.5038534033,79.9999999895773,353.3566006624));
#3242=CARTESIAN_POINT('',(-1312.5038534033,78.1999999999998,344.106600662399));
#3243=CARTESIAN_POINT('Origin',(-1312.5038534033,68.7499999999998,344.106600662399));
#3244=CARTESIAN_POINT('',(-1312.5038534033,78.1999999999998,348.7316006624));
#3245=CARTESIAN_POINT('Origin',(-1210.8038534033,28.7499999999999,352.356600662399));
#3246=CARTESIAN_POINT('',(-1212.3038534033,78.1999999999998,350.856600662399));
#3247=CARTESIAN_POINT('',(-1209.7663534033,78.1999999999998,353.394100662399));
#3248=CARTESIAN_POINT('',(-1212.3038534033,28.7499999999999,350.856600662399));
#3249=CARTESIAN_POINT('Origin',(-1212.3038534033,57.4999999999999,353.356600662399));
#3250=CARTESIAN_POINT('',(-1212.3038534033,78.1999999999998,344.106600662399));
#3251=CARTESIAN_POINT('',(-1212.3038534033,78.1999999999998,348.731600662399));
#3252=CARTESIAN_POINT('Origin',(-1212.3038534033,68.7499999999998,344.106600662399));
#3253=CARTESIAN_POINT('Origin',(-1262.4038534033,4.00000000000016,352.376600662399));
#3254=CARTESIAN_POINT('',(-1205.2038534033,3.79999999999997,352.376600662399));
#3255=CARTESIAN_POINT('Origin',(-1202.2038534033,3.79999999999997,352.376600662399));
#3256=CARTESIAN_POINT('',(-1204.0038534033,3.79999999999997,352.376600662398));
#3257=CARTESIAN_POINT('Origin',(-1202.2038534033,3.79999999999997,352.376600662398));
#3258=CARTESIAN_POINT('Origin',(-1262.4038534033,4.00000000000016,352.376600662399));
#3259=CARTESIAN_POINT('',(-1325.6038534033,3.80000000000022,352.376600662399));
#3260=CARTESIAN_POINT('Origin',(-1322.6038534033,3.80000000000022,352.376600662399));
#3261=CARTESIAN_POINT('',(-1324.4038534033,3.80000000000022,352.376600662399));
#3262=CARTESIAN_POINT('Origin',(-1322.6038534033,3.80000000000022,352.376600662399));
#3263=CARTESIAN_POINT('Origin',(-1202.4038534033,4.,351.626600662399));
#3264=CARTESIAN_POINT('',(-1202.4038534033,0.,351.876600662399));
#3265=CARTESIAN_POINT('',(-1202.4038534033,0.,351.876600662399));
#3266=CARTESIAN_POINT('Origin',(-1202.4038534033,4.,351.876600662399));
#3267=CARTESIAN_POINT('Origin',(-1198.4038534033,0.249999999999999,351.626600662399));
#3268=CARTESIAN_POINT('',(-1322.4038534033,0.,351.876600662399));
#3269=CARTESIAN_POINT('',(-1322.4038534033,0.,351.876600662399));
#3270=CARTESIAN_POINT('',(-1198.4038534033,0.,351.876600662399));
#3271=CARTESIAN_POINT('Origin',(-1322.4038534033,4.,351.626600662399));
#3272=CARTESIAN_POINT('',(-1326.4038534033,3.99999999999999,351.876600662399));
#3273=CARTESIAN_POINT('Origin',(-1322.4038534033,4.,351.876600662399));
#3274=CARTESIAN_POINT('Origin',(-1326.1538534033,48.7499999999999,351.626600662399));
#3275=CARTESIAN_POINT('Origin',(-1207.83661314272,45.6136553139647,351.626600662399));
#3276=CARTESIAN_POINT('',(-1207.65890853067,45.7894991960143,351.876600662399));
#3277=CARTESIAN_POINT('Origin',(-1322.4038534033,4.,347.231600662399));
#3278=CARTESIAN_POINT('',(-1322.4038534033,0.,347.231600662399));
#3279=CARTESIAN_POINT('Origin',(-1198.4038534033,0.,351.356600662399));
#3280=CARTESIAN_POINT('',(-1202.4038534033,0.,353.356600662399));
#3281=CARTESIAN_POINT('Origin',(-1202.4038534033,4.,347.231600662399));
#3282=CARTESIAN_POINT('',(-1198.4038534033,3.99999999999999,353.356600662399));
#3283=CARTESIAN_POINT('Origin',(-1198.4038534033,39.9999999999999,343.106600662399));
#3284=CARTESIAN_POINT('Origin',(-1206.38280193798,44.499889205883,351.356600662399));
#3285=CARTESIAN_POINT('Origin',(-1198.4038534033,59.4999999999999,347.356600662399));
#3286=CARTESIAN_POINT('',(-1200.9038534033,59.4999999999999,341.356600662399));
#3287=CARTESIAN_POINT('Origin',(-1200.9038534033,58.7499999999999,344.356600662399));
#3288=CARTESIAN_POINT('Origin',(-1295.0038534033,52.,343.156600662399));
#3289=CARTESIAN_POINT('',(-1295.0038534033,52.,342.956600662399));
#3290=CARTESIAN_POINT('',(-1295.0038534033,51.9999999999999,348.256600662399));
#3291=CARTESIAN_POINT('',(-1295.0038534033,52.,342.956600662399));
#3292=CARTESIAN_POINT('Origin',(-1325.2038534033,55.7499999999999,344.356600662399));
#3293=CARTESIAN_POINT('Origin',(-1323.9038534033,58.7499999999999,344.356600662399));
#3294=CARTESIAN_POINT('',(-1323.9038534033,59.4999999999999,347.156600662399));
#3295=CARTESIAN_POINT('Origin',(-1326.4038534033,59.4999999999999,341.356600662399));
#3296=CARTESIAN_POINT('Origin',(-1212.30385340331,28.6627094427462,353.356600662399));
#3297=CARTESIAN_POINT('',(-1212.30385340331,28.6627094427462,352.356600662399));
#3298=CARTESIAN_POINT('',(-1212.30385340331,28.6627094427462,353.356600662399));
#3299=CARTESIAN_POINT('',(-1212.30385340331,28.5627094424981,352.356600662399));
#3300=CARTESIAN_POINT('',(-1212.30385340331,28.6377094426561,352.356600662399));
#3301=CARTESIAN_POINT('',(-1212.30385340331,28.5627094424981,353.356600662399));
#3302=CARTESIAN_POINT('Origin',(-1215.20385340319,28.6627094427462,353.356600662399));
#3303=CARTESIAN_POINT('',(-1215.20385340319,31.5627094426342,352.356600662399));
#3304=CARTESIAN_POINT('',(-1215.20385340319,31.5627094426342,353.356600662399));
#3305=CARTESIAN_POINT('Origin',(-1215.20385340319,28.6627094427462,352.356600662399));
#3306=CARTESIAN_POINT('Origin',(-1228.50385340331,31.5627094426342,353.356600662399));
#3307=CARTESIAN_POINT('',(-1228.50385340331,31.5627094426342,352.356600662399));
#3308=CARTESIAN_POINT('',(-1228.50385340331,31.5627094426342,353.356600662399));
#3309=CARTESIAN_POINT('',(-1225.17885340331,31.5627094426342,352.356600662399));
#3310=CARTESIAN_POINT('Origin',(-1228.50385340331,28.6627094426343,353.356600662399));
#3311=CARTESIAN_POINT('',(-1231.40385340331,28.6627094426343,352.356600662399));
#3312=CARTESIAN_POINT('',(-1231.40385340331,28.6627094426343,353.356600662399));
#3313=CARTESIAN_POINT('Origin',(-1228.50385340331,28.6627094426343,352.356600662399));
#3314=CARTESIAN_POINT('Origin',(-1231.40385340331,28.5627094424984,353.356600662399));
#3315=CARTESIAN_POINT('',(-1231.40385340331,28.5627094424984,352.356600662399));
#3316=CARTESIAN_POINT('',(-1231.40385340331,28.5627094424984,353.356600662399));
#3317=CARTESIAN_POINT('',(-1231.40385340331,28.5877094425322,352.356600662399));
#3318=CARTESIAN_POINT('Origin',(-1228.50385340331,28.5627094424984,353.356600662399));
#3319=CARTESIAN_POINT('',(-1228.50385340331,25.6627094424984,352.356600662399));
#3320=CARTESIAN_POINT('',(-1228.50385340331,25.6627094424984,353.356600662399));
#3321=CARTESIAN_POINT('Origin',(-1228.50385340331,28.5627094424984,352.356600662399));
#3322=CARTESIAN_POINT('Origin',(-1215.20385340331,25.6627094424981,353.356600662399));
#3323=CARTESIAN_POINT('',(-1215.20385340331,25.6627094424978,352.356600662399));
#3324=CARTESIAN_POINT('',(-1215.20385340331,25.6627094424978,353.356600662399));
#3325=CARTESIAN_POINT('',(-1218.52885340331,25.6627094424982,352.356600662399));
#3326=CARTESIAN_POINT('Origin',(-1215.20385340331,28.5627094424981,353.356600662399));
#3327=CARTESIAN_POINT('Origin',(-1215.20385340331,28.5627094424981,352.356600662399));
#3328=CARTESIAN_POINT('Origin',(-1221.85385340331,28.612709442566,352.356600662399));
#3329=CARTESIAN_POINT('Origin',(-1306.1038534033,52.,342.956600662399));
#3330=CARTESIAN_POINT('',(-1293.75999363664,51.9999999999999,342.956600662399));
#3331=CARTESIAN_POINT('Origin',(-1319.4038534033,52.,344.206600662399));
#3332=CARTESIAN_POINT('',(-1320.3038534033,52.,344.206600662399));
#3333=CARTESIAN_POINT('Origin',(-1319.4038534033,51.9999999999999,344.206600662399));
#3334=CARTESIAN_POINT('',(-1320.3038534033,53.5,344.206600662399));
#3335=CARTESIAN_POINT('',(-1320.3038534033,52.,344.206600662399));
#3336=CARTESIAN_POINT('Origin',(-1319.4038534033,53.5,344.206600662399));
#3337=CARTESIAN_POINT('Origin',(-1319.4038534033,53.5,344.356600662399));
#3338=CARTESIAN_POINT('Origin',(-1205.4038534033,52.,344.206600662416));
#3339=CARTESIAN_POINT('',(-1206.3038534033,53.5,344.206600662416));
#3340=CARTESIAN_POINT('',(-1206.3038534033,52.,344.206600662416));
#3341=CARTESIAN_POINT('Origin',(-1205.4038534033,53.5,344.206600662416));
#3342=CARTESIAN_POINT('Origin',(-1205.4038534033,53.5,344.356600662416));
#3343=CARTESIAN_POINT('Origin',(-1322.6038534033,76.1999999999997,332.8566006624));
#3344=CARTESIAN_POINT('',(-1322.4038534033,79.3937438845342,337.801675295394));
#3345=CARTESIAN_POINT('Ctrl Pts',(-1322.82194603553,79.3925594127227,337.856600662399));
#3346=CARTESIAN_POINT('Ctrl Pts',(-1322.73790823054,79.3983002694238,337.847258971191));
#3347=CARTESIAN_POINT('Ctrl Pts',(-1322.65372254576,79.4007168782989,337.836868476868));
#3348=CARTESIAN_POINT('Ctrl Pts',(-1322.51415667287,79.3992233579931,337.817951446485));
#3349=CARTESIAN_POINT('Ctrl Pts',(-1322.45888693117,79.3971902172666,337.810016350376));
#3350=CARTESIAN_POINT('Ctrl Pts',(-1322.40385343018,79.3937438862174,337.801675299468));
#3351=CARTESIAN_POINT('',(-1322.4038534033,73.0062561154652,332.920137279431));
#3352=CARTESIAN_POINT('Ctrl Pts',(-1322.4038534033,79.3937438845342,337.801675295394));
#3353=CARTESIAN_POINT('Ctrl Pts',(-1322.25045602602,79.3841377681497,337.778425904889));
#3354=CARTESIAN_POINT('Ctrl Pts',(-1322.10656342604,79.3642445564704,337.730451612768));
#3355=CARTESIAN_POINT('Ctrl Pts',(-1321.7729204309,79.2966941166945,337.575112009954));
#3356=CARTESIAN_POINT('Ctrl Pts',(-1321.58971086519,79.2408188446985,337.45143519252));
#3357=CARTESIAN_POINT('Ctrl Pts',(-1321.06812139713,79.0322717916976,337.029645636081));
#3358=CARTESIAN_POINT('Ctrl Pts',(-1320.76060728689,78.8368170127976,336.684328585635));
#3359=CARTESIAN_POINT('Ctrl Pts',(-1320.1974972077,78.3493445201618,335.966092568068));
#3360=CARTESIAN_POINT('Ctrl Pts',(-1319.91660594358,77.9973783102431,335.530501109716));
#3361=CARTESIAN_POINT('Ctrl Pts',(-1319.51896067014,77.1671103574317,334.72171221117));
#3362=CARTESIAN_POINT('Ctrl Pts',(-1319.4038534033,76.6878375050573,334.348703181451));
#3363=CARTESIAN_POINT('Ctrl Pts',(-1319.4038534033,75.8279718734483,333.818297707654));
#3364=CARTESIAN_POINT('Ctrl Pts',(-1319.47345455551,75.4077720876104,333.605767201707));
#3365=CARTESIAN_POINT('Ctrl Pts',(-1319.7960394633,74.6052572617701,333.280313474905));
#3366=CARTESIAN_POINT('Ctrl Pts',(-1320.05017007901,74.2241028945191,333.165669298845));
#3367=CARTESIAN_POINT('Ctrl Pts',(-1320.63737135065,73.6449543725343,333.022355247665));
#3368=CARTESIAN_POINT('Ctrl Pts',(-1320.99400663788,73.4021830289071,332.978750408238));
#3369=CARTESIAN_POINT('Ctrl Pts',(-1321.71265518285,73.1063263239882,332.932295405313));
#3370=CARTESIAN_POINT('Ctrl Pts',(-1322.06391834748,73.0275436822653,332.922836305177));
#3371=CARTESIAN_POINT('Ctrl Pts',(-1322.4038533297,73.0062561200747,332.920137280016));
#3372=CARTESIAN_POINT('Ctrl Pts',(-1322.4038534033,73.0062561154652,332.920137279431));
#3373=CARTESIAN_POINT('Ctrl Pts',(-1322.69808671474,72.9878305107783,332.917801118532));
#3374=CARTESIAN_POINT('Ctrl Pts',(-1322.98947243514,73.0104364141263,332.95334762501));
#3375=CARTESIAN_POINT('Ctrl Pts',(-1323.56213798961,73.1322411255191,333.09812112241));
#3376=CARTESIAN_POINT('Ctrl Pts',(-1323.83184779325,73.2323356522524,333.207825158731));
#3377=CARTESIAN_POINT('Ctrl Pts',(-1324.42940361754,73.5416951312254,333.543004405492));
#3378=CARTESIAN_POINT('Ctrl Pts',(-1324.74911975436,73.7909781638816,333.810497107821));
#3379=CARTESIAN_POINT('Ctrl Pts',(-1325.28876535244,74.4102796005589,334.491837787683));
#3380=CARTESIAN_POINT('Ctrl Pts',(-1325.48144651573,74.7526281798063,334.877808444056));
#3381=CARTESIAN_POINT('Ctrl Pts',(-1325.69976970502,75.3478974583393,335.54152799608));
#3382=CARTESIAN_POINT('Ctrl Pts',(-1325.75969995265,75.6073156491073,335.827834790005));
#3383=CARTESIAN_POINT('Ctrl Pts',(-1325.80727840032,76.0686231723219,336.300459536439));
#3384=CARTESIAN_POINT('Ctrl Pts',(-1325.81006392953,76.2744828373118,336.499472460449));
#3385=CARTESIAN_POINT('Ctrl Pts',(-1325.77418456081,76.6735578900631,336.844600671492));
#3386=CARTESIAN_POINT('Ctrl Pts',(-1325.74043171012,76.8664495495311,336.995009598399));
#3387=CARTESIAN_POINT('Ctrl Pts',(-1325.61992624834,77.2959633644764,337.287102877145));
#3388=CARTESIAN_POINT('Ctrl Pts',(-1325.52684498141,77.528570590579,337.419003317629));
#3389=CARTESIAN_POINT('Ctrl Pts',(-1325.2281851973,78.0643863349545,337.671634984617));
#3390=CARTESIAN_POINT('Ctrl Pts',(-1325.00266499315,78.3500628810883,337.767646431238));
#3391=CARTESIAN_POINT('Ctrl Pts',(-1324.67901287685,78.6367132502008,337.839137740422));
#3392=CARTESIAN_POINT('Ctrl Pts',(-1324.63132032272,78.6765369763386,337.848357964309));
#3393=CARTESIAN_POINT('Ctrl Pts',(-1324.5825078296,78.714940687428,337.856600662399));
#3394=CARTESIAN_POINT('Origin',(-1202.2038534033,76.1999999999999,332.856600662398));
#3395=CARTESIAN_POINT('',(-1202.4038534033,73.0062561154658,332.920137279431));
#3396=CARTESIAN_POINT('Ctrl Pts',(-1200.22519897696,78.7149406873947,337.856600662399));
#3397=CARTESIAN_POINT('Ctrl Pts',(-1199.96831063498,78.5128312470063,337.813221336524));
#3398=CARTESIAN_POINT('Ctrl Pts',(-1199.74914858146,78.2764640620161,337.744166413455));
#3399=CARTESIAN_POINT('Ctrl Pts',(-1199.39831734783,77.7690693384127,337.540784587708));
#3400=CARTESIAN_POINT('Ctrl Pts',(-1199.27066244638,77.508714957413,337.411296855204));
#3401=CARTESIAN_POINT('Ctrl Pts',(-1199.10970613066,77.04416940266,337.12233530136));
#3402=CARTESIAN_POINT('Ctrl Pts',(-1199.06382101887,76.8462679643243,336.979502389962));
#3403=CARTESIAN_POINT('Ctrl Pts',(-1199.00685769153,76.4494245441686,336.657166411137));
#3404=CARTESIAN_POINT('Ctrl Pts',(-1198.9987430539,76.2520084989697,336.476356666333));
#3405=CARTESIAN_POINT('Ctrl Pts',(-1199.01727017062,75.816691621555,336.048912333099));
#3406=CARTESIAN_POINT('Ctrl Pts',(-1199.05616566264,75.5769357023643,335.791591361915));
#3407=CARTESIAN_POINT('Ctrl Pts',(-1199.20801523789,75.026831057017,335.186867269739));
#3408=CARTESIAN_POINT('Ctrl Pts',(-1199.34980793602,74.7093309639444,334.826716634579));
#3409=CARTESIAN_POINT('Ctrl Pts',(-1199.75223975715,74.1115605865216,334.161447360516));
#3410=CARTESIAN_POINT('Ctrl Pts',(-1200.01896788165,73.8254090427083,333.849231536653));
#3411=CARTESIAN_POINT('Ctrl Pts',(-1200.61227385993,73.4065005353621,333.396387430176));
#3412=CARTESIAN_POINT('Ctrl Pts',(-1200.90495479787,73.2553246171953,333.233993606365));
#3413=CARTESIAN_POINT('Ctrl Pts',(-1201.5153106326,73.0609016709181,333.016114307572));
#3414=CARTESIAN_POINT('Ctrl Pts',(-1201.81608219629,73.0084709901309,332.951890948288));
#3415=CARTESIAN_POINT('Ctrl Pts',(-1202.21916280375,72.9986854984073,332.922384934324));
#3416=CARTESIAN_POINT('Ctrl Pts',(-1202.311804944,73.0004918174658,332.919406430914));
#3417=CARTESIAN_POINT('Ctrl Pts',(-1202.40385339926,73.0062561152124,332.920137279399));
#3418=CARTESIAN_POINT('',(-1202.4038534033,79.393743884534,337.801675295393));
#3419=CARTESIAN_POINT('Ctrl Pts',(-1202.40385347691,73.0062561200753,332.920137280016));
#3420=CARTESIAN_POINT('Ctrl Pts',(-1202.74378845913,73.0275436822664,332.922836305177));
#3421=CARTESIAN_POINT('Ctrl Pts',(-1203.09505162375,73.1063263239892,332.932295405313));
#3422=CARTESIAN_POINT('Ctrl Pts',(-1203.81370016872,73.4021830289075,332.978750408238));
#3423=CARTESIAN_POINT('Ctrl Pts',(-1204.17033545596,73.6449543725346,333.022355247666));
#3424=CARTESIAN_POINT('Ctrl Pts',(-1204.7575367276,74.2241028945194,333.165669298845));
#3425=CARTESIAN_POINT('Ctrl Pts',(-1205.01166734331,74.6052572617703,333.280313474905));
#3426=CARTESIAN_POINT('Ctrl Pts',(-1205.33425225109,75.4077720876105,333.605767201707));
#3427=CARTESIAN_POINT('Ctrl Pts',(-1205.4038534033,75.8279718734486,333.818297707654));
#3428=CARTESIAN_POINT('Ctrl Pts',(-1205.4038534033,76.6878375050575,334.348703181452));
#3429=CARTESIAN_POINT('Ctrl Pts',(-1205.28874613646,77.167110357432,334.72171221117));
#3430=CARTESIAN_POINT('Ctrl Pts',(-1204.89110086303,77.9973783102434,335.530501109716));
#3431=CARTESIAN_POINT('Ctrl Pts',(-1204.6102095989,78.3493445201619,335.966092568068));
#3432=CARTESIAN_POINT('Ctrl Pts',(-1204.04709951971,78.8368170127978,336.684328585635));
#3433=CARTESIAN_POINT('Ctrl Pts',(-1203.73958540947,79.0322717916977,337.029645636081));
#3434=CARTESIAN_POINT('Ctrl Pts',(-1203.21799594141,79.2408188446986,337.45143519252));
#3435=CARTESIAN_POINT('Ctrl Pts',(-1203.0347863757,79.2966941166946,337.575112009954));
#3436=CARTESIAN_POINT('Ctrl Pts',(-1202.70114338056,79.3642445564702,337.730451612768));
#3437=CARTESIAN_POINT('Ctrl Pts',(-1202.55725078059,79.3841377681495,337.778425904888));
#3438=CARTESIAN_POINT('Ctrl Pts',(-1202.4038534033,79.393743884534,337.801675295393));
#3439=CARTESIAN_POINT('Ctrl Pts',(-1202.4038534033,79.393743884534,337.801675295393));
#3440=CARTESIAN_POINT('Ctrl Pts',(-1202.26466613313,79.4024601294935,337.822770957229));
#3441=CARTESIAN_POINT('Ctrl Pts',(-1202.12497196347,79.4020693173045,337.841125865405));
#3442=CARTESIAN_POINT('Ctrl Pts',(-1201.98576077108,79.3925594127237,337.856600662399));
#3443=CARTESIAN_POINT('Origin',(-1198.4038534033,72.0000011920929,340.856600662399));
#3444=CARTESIAN_POINT('',(-1322.4038534033,80.0000011920929,340.856600662399));
#3445=CARTESIAN_POINT('Origin',(-1322.4038534033,72.0000011920929,340.856600662399));
#3446=CARTESIAN_POINT('',(-1202.4038534033,80.0000011920929,340.856600662399));
#3447=CARTESIAN_POINT('',(-1198.4038534033,80.0000011920929,340.856600662399));
#3448=CARTESIAN_POINT('Origin',(-1202.4038534033,72.0000011920929,340.856600662399));
#3449=CARTESIAN_POINT('',(-1202.4038534033,72.0000011920929,332.856600662399));
#3450=CARTESIAN_POINT('Origin',(-1202.4038534033,72.0000011920929,340.856600662399));
#3451=CARTESIAN_POINT('',(-1322.4038534033,72.0000011920929,332.856600662399));
#3452=CARTESIAN_POINT('',(-1198.4038534033,72.0000011920929,332.856600662399));
#3453=CARTESIAN_POINT('Origin',(-1322.4038534033,72.0000011920929,340.856600662399));
#3454=CARTESIAN_POINT('Ctrl Pts',(-1202.4038534033,72.0000011920929,332.856600662399));
#3455=CARTESIAN_POINT('Ctrl Pts',(-1202.4038534033,80.0000011920929,332.856600662399));
#3456=CARTESIAN_POINT('Ctrl Pts',(-1202.4038534033,80.0000011920929,340.856600662399));
#3457=CARTESIAN_POINT('Ctrl Pts',(-1200.74699880466,72.0000011920929,332.856600662399));
#3458=CARTESIAN_POINT('Ctrl Pts',(-1200.74699880466,80.0000011920929,332.856600662399));
#3459=CARTESIAN_POINT('Ctrl Pts',(-1200.74699880466,80.0000011920929,340.856600662399));
#3460=CARTESIAN_POINT('Ctrl Pts',(-1199.57542585709,72.0000011920929,334.028173959121));
#3461=CARTESIAN_POINT('Ctrl Pts',(-1199.57542585709,78.8284278953705,334.028173959121));
#3462=CARTESIAN_POINT('Ctrl Pts',(-1199.57542585709,78.8284278953705,340.856600662399));
#3463=CARTESIAN_POINT('Ctrl Pts',(-1198.40385290952,72.0000011920929,335.199747255844));
#3464=CARTESIAN_POINT('Ctrl Pts',(-1198.40385290952,77.6568545986482,335.199747255844));
#3465=CARTESIAN_POINT('Ctrl Pts',(-1198.40385290952,77.6568545986481,340.856600662399));
#3466=CARTESIAN_POINT('Ctrl Pts',(-1198.4038534033,72.0000011920929,336.856601854492));
#3467=CARTESIAN_POINT('Ctrl Pts',(-1198.4038534033,75.9999999999998,336.856601854492));
#3468=CARTESIAN_POINT('Ctrl Pts',(-1198.4038534033,75.9999999999998,340.856600662399));
#3469=CARTESIAN_POINT('Origin',(-1202.4038534033,75.9999999999998,340.856600662399));
#3470=CARTESIAN_POINT('Origin',(-1202.4038534033,72.0000011920929,336.856600662399));
#3471=CARTESIAN_POINT('Origin',(-1198.4038534033,61.4899999999999,336.846600662399));
#3472=CARTESIAN_POINT('',(-1236.40285725043,61.4899999999998,332.856600662399));
#3473=CARTESIAN_POINT('',(-1236.40285725043,57.4999999999999,336.846600662399));
#3474=CARTESIAN_POINT('Origin',(-1236.40285725043,61.4899999999999,336.846600662399));
#3475=CARTESIAN_POINT('',(-1288.40484955617,57.4999999999999,336.846600662399));
#3476=CARTESIAN_POINT('',(-1198.4038534033,57.4999999999999,336.846600662399));
#3477=CARTESIAN_POINT('',(-1288.40484955617,61.4899999999998,332.856600662399));
#3478=CARTESIAN_POINT('Origin',(-1288.40484955617,61.4899999999999,336.846600662399));
#3479=CARTESIAN_POINT('',(-1198.4038534033,61.4899999999998,332.856600662399));
#3480=CARTESIAN_POINT('Ctrl Pts',(-1288.40484955617,57.4999999999999,336.846600662399));
#3481=CARTESIAN_POINT('Ctrl Pts',(-1288.40485085458,57.4999999999999,336.846081302882));
#3482=CARTESIAN_POINT('Ctrl Pts',(-1288.40480429553,57.5,336.844626766513));
#3483=CARTESIAN_POINT('Ctrl Pts',(-1288.40476743439,57.5,336.842277942511));
#3484=CARTESIAN_POINT('Ctrl Pts',(-1288.40475399636,57.5,336.839904254762));
#3485=CARTESIAN_POINT('Ctrl Pts',(-1288.40476216381,57.5,336.837113057209));
#3486=CARTESIAN_POINT('Ctrl Pts',(-1288.40470557442,57.5000000000001,336.833446593651));
#3487=CARTESIAN_POINT('Ctrl Pts',(-1288.40472476289,57.5000000000001,336.829467602961));
#3488=CARTESIAN_POINT('Ctrl Pts',(-1288.40473783915,57.5000000000001,336.826437320604));
#3489=CARTESIAN_POINT('Ctrl Pts',(-1288.40475691203,57.5,336.821797708789));
#3490=CARTESIAN_POINT('Ctrl Pts',(-1288.40479111682,57.5,336.814411433239));
#3491=CARTESIAN_POINT('Ctrl Pts',(-1288.4049189578,57.5,336.802917383463));
#3492=CARTESIAN_POINT('Ctrl Pts',(-1288.40504316121,57.5,336.787428087867));
#3493=CARTESIAN_POINT('Ctrl Pts',(-1288.40552722405,57.5,336.765623494711));
#3494=CARTESIAN_POINT('Ctrl Pts',(-1288.40588925671,57.5,336.745995647328));
#3495=CARTESIAN_POINT('Ctrl Pts',(-1288.40703217967,57.5,336.71514960033));
#3496=CARTESIAN_POINT('Ctrl Pts',(-1288.40819479616,57.5,336.666245050742));
#3497=CARTESIAN_POINT('Ctrl Pts',(-1288.41681496611,57.5,336.543488866108));
#3498=CARTESIAN_POINT('Ctrl Pts',(-1288.43368857116,57.5,336.322795006125));
#3499=CARTESIAN_POINT('Ctrl Pts',(-1288.52315607651,57.5,335.84884714186));
#3500=CARTESIAN_POINT('Ctrl Pts',(-1288.72993561333,57.5,335.194548266397));
#3501=CARTESIAN_POINT('Ctrl Pts',(-1289.35193658041,57.5,334.098192029311));
#3502=CARTESIAN_POINT('Ctrl Pts',(-1290.75147018127,57.5,333.11684139552));
#3503=CARTESIAN_POINT('Ctrl Pts',(-1291.76955564897,57.5,332.873450489429));
#3504=CARTESIAN_POINT('Ctrl Pts',(-1292.327146185,57.4999999999999,332.857164913688));
#3505=CARTESIAN_POINT('Ctrl Pts',(-1292.36599355915,57.4999999999999,332.856600662399));
#3506=CARTESIAN_POINT('Ctrl Pts',(-1292.40483705615,57.4999999999999,332.856600662399));
#3507=CARTESIAN_POINT('Ctrl Pts',(-1288.40484955617,57.4999999999999,335.652795454035));
#3508=CARTESIAN_POINT('Ctrl Pts',(-1288.40424230037,57.5001597427037,335.652375480953));
#3509=CARTESIAN_POINT('Ctrl Pts',(-1288.40382157728,57.4991247272617,335.650768884505));
#3510=CARTESIAN_POINT('Ctrl Pts',(-1288.40319920719,57.4987860477981,335.648492201938));
#3511=CARTESIAN_POINT('Ctrl Pts',(-1288.4027226426,57.4991537578403,335.646383753629));
#3512=CARTESIAN_POINT('Ctrl Pts',(-1288.40223168784,57.5002309361263,335.644095744218));
#3513=CARTESIAN_POINT('Ctrl Pts',(-1288.40263124802,57.4994394513547,335.640504916719));
#3514=CARTESIAN_POINT('Ctrl Pts',(-1288.4029633563,57.5005791892981,335.637241353856));
#3515=CARTESIAN_POINT('Ctrl Pts',(-1288.40332303482,57.5013280219861,335.634738479492));
#3516=CARTESIAN_POINT('Ctrl Pts',(-1288.40406804333,57.5020852049628,335.630831621779));
#3517=CARTESIAN_POINT('Ctrl Pts',(-1288.4055181833,57.5032027314821,335.624660090552));
#3518=CARTESIAN_POINT('Ctrl Pts',(-1288.40829850437,57.5049374557265,335.615242181496));
#3519=CARTESIAN_POINT('Ctrl Pts',(-1288.41221388015,57.506095856581,335.602297844752));
#3520=CARTESIAN_POINT('Ctrl Pts',(-1288.41872929047,57.5085037927352,335.58476496561));
#3521=CARTESIAN_POINT('Ctrl Pts',(-1288.4245933073,57.5101011059786,335.568835694596));
#3522=CARTESIAN_POINT('Ctrl Pts',(-1288.43442908893,57.5124113304186,335.544194823703));
#3523=CARTESIAN_POINT('Ctrl Pts',(-1288.44985038261,57.5154466426428,335.504678392917));
#3524=CARTESIAN_POINT('Ctrl Pts',(-1288.49186583691,57.5201683753248,335.407906124501));
#3525=CARTESIAN_POINT('Ctrl Pts',(-1288.57034922991,57.5262249800806,335.233087351412));
#3526=CARTESIAN_POINT('Ctrl Pts',(-1288.76976339406,57.531840488601,334.87490678519));
#3527=CARTESIAN_POINT('Ctrl Pts',(-1289.10041700441,57.5344620425712,334.39370475418));
#3528=CARTESIAN_POINT('Ctrl Pts',(-1289.82082049375,57.5296370627252,333.641956244217));
#3529=CARTESIAN_POINT('Ctrl Pts',(-1291.061904531,57.5157967821155,333.016810567934));
#3530=CARTESIAN_POINT('Ctrl Pts',(-1291.89013749253,57.5060491008362,332.867051298236));
#3531=CARTESIAN_POINT('Ctrl Pts',(-1292.34190911881,57.5007387739606,332.856949031257));
#3532=CARTESIAN_POINT('Ctrl Pts',(-1292.37337382358,57.5003694753428,332.856600662399));
#3533=CARTESIAN_POINT('Ctrl Pts',(-1292.40483705615,57.4999999999999,332.856600662399));
#3534=CARTESIAN_POINT('Ctrl Pts',(-1288.40484955617,58.5024433666799,333.58638760536));
#3535=CARTESIAN_POINT('Ctrl Pts',(-1288.45710363175,58.5026910982151,333.58626118524));
#3536=CARTESIAN_POINT('Ctrl Pts',(-1288.5623656884,58.4952256216945,333.586031433374));
#3537=CARTESIAN_POINT('Ctrl Pts',(-1288.69161287695,58.465273434613,333.585569032268));
#3538=CARTESIAN_POINT('Ctrl Pts',(-1288.79047922735,58.4299358046496,333.585046568747));
#3539=CARTESIAN_POINT('Ctrl Pts',(-1288.88654831174,58.3871292318119,333.58437744928));
#3540=CARTESIAN_POINT('Ctrl Pts',(-1288.96688312362,58.3399431432814,333.583667719757));
#3541=CARTESIAN_POINT('Ctrl Pts',(-1289.03146385419,58.2933605655784,333.5827166127));
#3542=CARTESIAN_POINT('Ctrl Pts',(-1289.07339319239,58.2607654182315,333.581997327934));
#3543=CARTESIAN_POINT('Ctrl Pts',(-1289.12335072436,58.2175202196656,333.58092031676));
#3544=CARTESIAN_POINT('Ctrl Pts',(-1289.17998588633,58.161417329576,333.579189784196));
#3545=CARTESIAN_POINT('Ctrl Pts',(-1289.23964902467,58.0945362221042,333.576461558363));
#3546=CARTESIAN_POINT('Ctrl Pts',(-1289.28991966886,58.0305938716781,333.572844784123));
#3547=CARTESIAN_POINT('Ctrl Pts',(-1289.33365765886,57.9716645789267,333.567632773713));
#3548=CARTESIAN_POINT('Ctrl Pts',(-1289.36304253658,57.9317946128455,333.562946931705));
#3549=CARTESIAN_POINT('Ctrl Pts',(-1289.39809421496,57.8865924099724,333.555666829248));
#3550=CARTESIAN_POINT('Ctrl Pts',(-1289.44258498385,57.8333456624302,333.543946098359));
#3551=CARTESIAN_POINT('Ctrl Pts',(-1289.5214439207,57.7675938074973,333.515824283523));
#3552=CARTESIAN_POINT('Ctrl Pts',(-1289.64179027275,57.7124620954953,333.464664075927));
#3553=CARTESIAN_POINT('Ctrl Pts',(-1289.87819391766,57.668015006326,333.364047551971));
#3554=CARTESIAN_POINT('Ctrl Pts',(-1290.21471335885,57.6316152703744,333.232644567106));
#3555=CARTESIAN_POINT('Ctrl Pts',(-1290.80540756549,57.5903661165341,333.041457940785));
#3556=CARTESIAN_POINT('Ctrl Pts',(-1291.61076309063,57.5435760834047,332.893371158506));
#3557=CARTESIAN_POINT('Ctrl Pts',(-1292.10133280749,57.5166277625309,332.859013541618));
#3558=CARTESIAN_POINT('Ctrl Pts',(-1292.36774189723,57.5020321066314,332.856680974885));
#3559=CARTESIAN_POINT('Ctrl Pts',(-1292.38628928634,57.5010160571929,332.856600662399));
#3560=CARTESIAN_POINT('Ctrl Pts',(-1292.40483705615,57.4999999999999,332.856600662399));
#3561=CARTESIAN_POINT('Ctrl Pts',(-1288.40484955617,60.5946460937268,332.856600662399));
#3562=CARTESIAN_POINT('Ctrl Pts',(-1288.56613146817,60.5947192102286,332.856601955679));
#3563=CARTESIAN_POINT('Ctrl Pts',(-1288.89084240906,60.5700010150058,332.85631582982));
#3564=CARTESIAN_POINT('Ctrl Pts',(-1289.28865067094,60.4748245584711,332.856067449052));
#3565=CARTESIAN_POINT('Ctrl Pts',(-1289.59208482912,60.3631412810688,332.855945695918));
#3566=CARTESIAN_POINT('Ctrl Pts',(-1289.88615160369,60.2280732810725,332.855930764253));
#3567=CARTESIAN_POINT('Ctrl Pts',(-1290.13074966784,60.07920151585,332.855518352478));
#3568=CARTESIAN_POINT('Ctrl Pts',(-1290.32561655541,59.9321960658835,332.855494228757));
#3569=CARTESIAN_POINT('Ctrl Pts',(-1290.45154942455,59.8292741442839,332.855464230546));
#3570=CARTESIAN_POINT('Ctrl Pts',(-1290.60028483204,59.6925746618676,332.855366240173));
#3571=CARTESIAN_POINT('Ctrl Pts',(-1290.76603986607,59.5148665065818,332.855244729015));
#3572=CARTESIAN_POINT('Ctrl Pts',(-1290.93562210014,59.3023734365407,332.855164575918));
#3573=CARTESIAN_POINT('Ctrl Pts',(-1291.07087270489,59.0981168494425,332.854901112629));
#3574=CARTESIAN_POINT('Ctrl Pts',(-1291.17711974535,58.9084756178757,332.854924602386));
#3575=CARTESIAN_POINT('Ctrl Pts',(-1291.2417527347,58.7792467778184,332.854879808604));
#3576=CARTESIAN_POINT('Ctrl Pts',(-1291.30902028785,58.6316580833449,332.854911116565));
#3577=CARTESIAN_POINT('Ctrl Pts',(-1291.38052258669,58.4556752992762,332.854916116308));
#3578=CARTESIAN_POINT('Ctrl Pts',(-1291.46126188387,58.2333560760181,332.854938311429));
#3579=CARTESIAN_POINT('Ctrl Pts',(-1291.53277873007,58.0383433808541,332.85516249717));
#3580=CARTESIAN_POINT('Ctrl Pts',(-1291.6234198562,57.8807928293156,332.855738484223));
#3581=CARTESIAN_POINT('Ctrl Pts',(-1291.73492850614,57.7612863825532,332.856328856553));
#3582=CARTESIAN_POINT('Ctrl Pts',(-1291.91804277629,57.6582280492054,332.856615928968));
#3583=CARTESIAN_POINT('Ctrl Pts',(-1292.1636580284,57.5716026732054,332.856616218851));
#3584=CARTESIAN_POINT('Ctrl Pts',(-1292.31267172463,57.5272154311276,332.856602595543));
#3585=CARTESIAN_POINT('Ctrl Pts',(-1292.39357258705,57.5033253176436,332.856600593896));
#3586=CARTESIAN_POINT('Ctrl Pts',(-1292.39920474909,57.501662639043,332.856600662399));
#3587=CARTESIAN_POINT('Ctrl Pts',(-1292.40483705615,57.4999999999999,332.856600662399));
#3588=CARTESIAN_POINT('Ctrl Pts',(-1288.40484955617,61.4899999999999,332.856600662399));
#3589=CARTESIAN_POINT('Ctrl Pts',(-1288.61259330297,61.4899999999999,332.856600662399));
#3590=CARTESIAN_POINT('Ctrl Pts',(-1289.03106838886,61.457448759737,332.856600662399));
#3591=CARTESIAN_POINT('Ctrl Pts',(-1289.54352512332,61.3340579954778,332.856600662399));
#3592=CARTESIAN_POINT('Ctrl Pts',(-1289.93422476738,61.1896349912048,332.8566006624));
#3593=CARTESIAN_POINT('Ctrl Pts',(-1290.31268649653,61.0152192321943,332.8566006624));
#3594=CARTESIAN_POINT('Ctrl Pts',(-1290.62746775093,60.8223496763852,332.8566006624));
#3595=CARTESIAN_POINT('Ctrl Pts',(-1290.87787081563,60.6325035604821,332.8566006624));
#3596=CARTESIAN_POINT('Ctrl Pts',(-1291.0396140901,60.4995602462148,332.8566006624));
#3597=CARTESIAN_POINT('Ctrl Pts',(-1291.23046150314,60.3228802394969,332.8566006624));
#3598=CARTESIAN_POINT('Ctrl Pts',(-1291.44271944566,60.0931651449427,332.8566006624));
#3599=CARTESIAN_POINT('Ctrl Pts',(-1291.65915960414,59.8184800019042,332.856600662399));
#3600=CARTESIAN_POINT('Ctrl Pts',(-1291.83057396209,59.5540539311058,332.856600662399));
#3601=CARTESIAN_POINT('Ctrl Pts',(-1291.96350275108,59.3086884539262,332.856600662399));
#3602=CARTESIAN_POINT('Ctrl Pts',(-1292.04315913368,59.1412858679735,332.856600662399));
#3603=CARTESIAN_POINT('Ctrl Pts',(-1292.12420625533,58.9500374336191,332.856600662399));
#3604=CARTESIAN_POINT('Ctrl Pts',(-1292.20726849258,58.721658396554,332.856600662399));
#3605=CARTESIAN_POINT('Ctrl Pts',(-1292.2889127988,58.4324280655795,332.856600662399));
#3606=CARTESIAN_POINT('Ctrl Pts',(-1292.33994022334,58.1776365977301,332.856600662399));
#3607=CARTESIAN_POINT('Ctrl Pts',(-1292.36912331735,57.9718435755792,332.856600662399));
#3608=CARTESIAN_POINT('Ctrl Pts',(-1292.38541049579,57.8168634109949,332.856600662399));
#3609=CARTESIAN_POINT('Ctrl Pts',(-1292.39480330095,57.687335696076,332.856600662399));
#3610=CARTESIAN_POINT('Ctrl Pts',(-1292.40063499443,57.583629127794,332.856600662399));
#3611=CARTESIAN_POINT('Ctrl Pts',(-1292.40324697851,57.531754642166,332.856600662399));
#3612=CARTESIAN_POINT('Ctrl Pts',(-1292.40464283399,57.50387949431,332.856600662399));
#3613=CARTESIAN_POINT('Ctrl Pts',(-1292.40473994742,57.5019397455501,332.856600662399));
#3614=CARTESIAN_POINT('Ctrl Pts',(-1292.40483705615,57.4999999999999,332.856600662399));
#3615=CARTESIAN_POINT('',(-1292.40483705615,57.4999999999999,332.856600662399));
#3616=CARTESIAN_POINT('Origin',(-1292.40483705615,57.4999999999999,336.856600662399));
#3617=CARTESIAN_POINT('Ctrl Pts',(-1292.40483705615,57.4999999999999,332.856600662399));
#3618=CARTESIAN_POINT('Ctrl Pts',(-1292.40473994742,57.5019397455501,332.856600662399));
#3619=CARTESIAN_POINT('Ctrl Pts',(-1292.40464283399,57.50387949431,332.856600662399));
#3620=CARTESIAN_POINT('Ctrl Pts',(-1292.40324697851,57.531754642166,332.856600662399));
#3621=CARTESIAN_POINT('Ctrl Pts',(-1292.40063499443,57.583629127794,332.856600662399));
#3622=CARTESIAN_POINT('Ctrl Pts',(-1292.39480330095,57.687335696076,332.856600662399));
#3623=CARTESIAN_POINT('Ctrl Pts',(-1292.38541049579,57.8168634109949,332.856600662399));
#3624=CARTESIAN_POINT('Ctrl Pts',(-1292.36912331735,57.9718435755792,332.856600662399));
#3625=CARTESIAN_POINT('Ctrl Pts',(-1292.33994022334,58.1776365977301,332.856600662399));
#3626=CARTESIAN_POINT('Ctrl Pts',(-1292.2889127988,58.4324280655795,332.856600662399));
#3627=CARTESIAN_POINT('Ctrl Pts',(-1292.20726849258,58.721658396554,332.856600662399));
#3628=CARTESIAN_POINT('Ctrl Pts',(-1292.12420625533,58.9500374336191,332.856600662399));
#3629=CARTESIAN_POINT('Ctrl Pts',(-1292.04315913368,59.1412858679735,332.856600662399));
#3630=CARTESIAN_POINT('Ctrl Pts',(-1291.96350275108,59.3086884539262,332.856600662399));
#3631=CARTESIAN_POINT('Ctrl Pts',(-1291.83057396209,59.5540539311058,332.856600662399));
#3632=CARTESIAN_POINT('Ctrl Pts',(-1291.65915960414,59.8184800019042,332.856600662399));
#3633=CARTESIAN_POINT('Ctrl Pts',(-1291.44271944566,60.0931651449427,332.8566006624));
#3634=CARTESIAN_POINT('Ctrl Pts',(-1291.23046150314,60.3228802394969,332.8566006624));
#3635=CARTESIAN_POINT('Ctrl Pts',(-1291.0396140901,60.4995602462148,332.8566006624));
#3636=CARTESIAN_POINT('Ctrl Pts',(-1290.87787081563,60.6325035604821,332.8566006624));
#3637=CARTESIAN_POINT('Ctrl Pts',(-1290.62746775093,60.8223496763852,332.8566006624));
#3638=CARTESIAN_POINT('Ctrl Pts',(-1290.31268649653,61.0152192321943,332.8566006624));
#3639=CARTESIAN_POINT('Ctrl Pts',(-1289.93422476738,61.1896349912048,332.8566006624));
#3640=CARTESIAN_POINT('Ctrl Pts',(-1289.54352512332,61.3340579954778,332.856600662399));
#3641=CARTESIAN_POINT('Ctrl Pts',(-1289.03106838886,61.457448759737,332.856600662399));
#3642=CARTESIAN_POINT('Ctrl Pts',(-1288.61259330297,61.4899999999999,332.856600662399));
#3643=CARTESIAN_POINT('Ctrl Pts',(-1288.40484955617,61.4899999999999,332.856600662399));
#3644=CARTESIAN_POINT('Ctrl Pts',(-1232.40286975045,57.4999999999999,332.856600662399));
#3645=CARTESIAN_POINT('Ctrl Pts',(-1232.44171324734,57.4999999999999,332.856600662399));
#3646=CARTESIAN_POINT('Ctrl Pts',(-1232.48056221796,57.4999999999999,332.857163555962));
#3647=CARTESIAN_POINT('Ctrl Pts',(-1233.03811954807,57.5,332.873476520487));
#3648=CARTESIAN_POINT('Ctrl Pts',(-1234.05691106793,57.4999999999999,333.116292186218));
#3649=CARTESIAN_POINT('Ctrl Pts',(-1235.45412827713,57.4999999999999,334.098841360116));
#3650=CARTESIAN_POINT('Ctrl Pts',(-1236.07813032116,57.4999999999999,335.196454444986));
#3651=CARTESIAN_POINT('Ctrl Pts',(-1236.28670574236,57.4999999999999,335.851626437366));
#3652=CARTESIAN_POINT('Ctrl Pts',(-1236.37520437548,57.4999999999999,336.324955690219));
#3653=CARTESIAN_POINT('Ctrl Pts',(-1236.39238483401,57.4999999999999,336.545763700648));
#3654=CARTESIAN_POINT('Ctrl Pts',(-1236.40179126015,57.4999999999999,336.686028343402));
#3655=CARTESIAN_POINT('Ctrl Pts',(-1236.40210645289,57.4999999999999,336.736040729191));
#3656=CARTESIAN_POINT('Ctrl Pts',(-1236.40316624657,57.4999999999998,336.76362597672));
#3657=CARTESIAN_POINT('Ctrl Pts',(-1236.40328537239,57.4999999999998,336.77508965173));
#3658=CARTESIAN_POINT('Ctrl Pts',(-1236.4036036525,57.4999999999998,336.790466335728));
#3659=CARTESIAN_POINT('Ctrl Pts',(-1236.40355574468,57.4999999999999,336.804019506322));
#3660=CARTESIAN_POINT('Ctrl Pts',(-1236.40362615495,57.4999999999999,336.815445459083));
#3661=CARTESIAN_POINT('Ctrl Pts',(-1236.403583003,57.4999999999999,336.822728057398));
#3662=CARTESIAN_POINT('Ctrl Pts',(-1236.40354423738,57.4999999999999,336.827291041762));
#3663=CARTESIAN_POINT('Ctrl Pts',(-1236.40353761327,57.4999999999999,336.830294108111));
#3664=CARTESIAN_POINT('Ctrl Pts',(-1236.40353921009,57.4999999999999,336.834248977128));
#3665=CARTESIAN_POINT('Ctrl Pts',(-1236.40327164987,57.4999999999999,336.837612815456));
#3666=CARTESIAN_POINT('Ctrl Pts',(-1236.40326929661,57.4999999999999,336.840388344525));
#3667=CARTESIAN_POINT('Ctrl Pts',(-1236.40319448365,57.4999999999999,336.842670162162));
#3668=CARTESIAN_POINT('Ctrl Pts',(-1236.40303778214,57.4999999999999,336.844835783225));
#3669=CARTESIAN_POINT('Ctrl Pts',(-1236.40285595203,57.4999999999999,336.846081303694));
#3670=CARTESIAN_POINT('Ctrl Pts',(-1236.40285725043,57.4999999999999,336.846600662399));
#3671=CARTESIAN_POINT('Ctrl Pts',(-1232.40286975045,57.4999999999999,332.856600662399));
#3672=CARTESIAN_POINT('Ctrl Pts',(-1232.43441820083,57.5003706885155,332.856501087281));
#3673=CARTESIAN_POINT('Ctrl Pts',(-1232.46569262913,57.5007372537735,332.85707368914));
#3674=CARTESIAN_POINT('Ctrl Pts',(-1232.9188347134,57.5060697459362,332.865581012273));
#3675=CARTESIAN_POINT('Ctrl Pts',(-1233.74467828051,57.5157228938053,333.019396097845));
#3676=CARTESIAN_POINT('Ctrl Pts',(-1234.98657289841,57.5295904571779,333.640656825345));
#3677=CARTESIAN_POINT('Ctrl Pts',(-1235.70556201303,57.534377022166,334.39672028709));
#3678=CARTESIAN_POINT('Ctrl Pts',(-1236.036087601,57.5320459944899,334.87897500016));
#3679=CARTESIAN_POINT('Ctrl Pts',(-1236.23163866286,57.5268670439215,335.238283670487));
#3680=CARTESIAN_POINT('Ctrl Pts',(-1236.30975424983,57.521045735632,335.412658251118));
#3681=CARTESIAN_POINT('Ctrl Pts',(-1236.35721474678,57.5158986924653,335.523072972467));
#3682=CARTESIAN_POINT('Ctrl Pts',(-1236.3724528523,57.5127813870743,335.563981457873));
#3683=CARTESIAN_POINT('Ctrl Pts',(-1236.38131935081,57.5109687626652,335.585682975258));
#3684=CARTESIAN_POINT('Ctrl Pts',(-1236.38476662984,57.510043348102,335.595095406518));
#3685=CARTESIAN_POINT('Ctrl Pts',(-1236.38952381593,57.5087794600532,335.607348917465));
#3686=CARTESIAN_POINT('Ctrl Pts',(-1236.39335840834,57.507403895363,335.618384363569));
#3687=CARTESIAN_POINT('Ctrl Pts',(-1236.39665945094,57.506043522518,335.62754893856));
#3688=CARTESIAN_POINT('Ctrl Pts',(-1236.39861510819,57.5050252134649,335.633466104739));
#3689=CARTESIAN_POINT('Ctrl Pts',(-1236.39979281634,57.5043058550396,335.637138629901));
#3690=CARTESIAN_POINT('Ctrl Pts',(-1236.40055902768,57.5037859409853,335.639574238745));
#3691=CARTESIAN_POINT('Ctrl Pts',(-1236.40155282204,57.5030624540251,335.642769049608));
#3692=CARTESIAN_POINT('Ctrl Pts',(-1236.40203695189,57.5023571784816,335.645505197853));
#3693=CARTESIAN_POINT('Ctrl Pts',(-1236.40258256889,57.5016964037125,335.647748809018));
#3694=CARTESIAN_POINT('Ctrl Pts',(-1236.40289243701,57.5011160367259,335.649599944231));
#3695=CARTESIAN_POINT('Ctrl Pts',(-1236.40299059053,57.5005164208484,335.651358462196));
#3696=CARTESIAN_POINT('Ctrl Pts',(-1236.40285560298,57.5001555731368,335.652375443158));
#3697=CARTESIAN_POINT('Ctrl Pts',(-1236.40285725043,57.4999999999999,335.652795454035));
#3698=CARTESIAN_POINT('Ctrl Pts',(-1232.40286975045,57.4999999999999,332.856600662399));
#3699=CARTESIAN_POINT('Ctrl Pts',(-1232.42149011786,57.5010187796157,332.856543728432));
#3700=CARTESIAN_POINT('Ctrl Pts',(-1232.43987177338,57.5020283918927,332.856752730281));
#3701=CARTESIAN_POINT('Ctrl Pts',(-1232.70758776617,57.5166816789596,332.858154026052));
#3702=CARTESIAN_POINT('Ctrl Pts',(-1233.19559649526,57.5435207946705,332.894952619062));
#3703=CARTESIAN_POINT('Ctrl Pts',(-1234.00319198228,57.590442005981,333.040291872874));
#3704=CARTESIAN_POINT('Ctrl Pts',(-1234.59331557886,57.6316452120066,333.232656983554));
#3705=CARTESIAN_POINT('Ctrl Pts',(-1234.93162469412,57.6680795012476,333.36381391018));
#3706=CARTESIAN_POINT('Ctrl Pts',(-1235.16676459002,57.7124450771098,333.46483770945));
#3707=CARTESIAN_POINT('Ctrl Pts',(-1235.28767100838,57.7675872188793,333.515849546758));
#3708=CARTESIAN_POINT('Ctrl Pts',(-1235.37812826023,57.8435395501397,333.548132807875));
#3709=CARTESIAN_POINT('Ctrl Pts',(-1235.43012675834,57.9117994031627,333.560514578717));
#3710=CARTESIAN_POINT('Ctrl Pts',(-1235.46961027863,57.9641328182099,333.566868705312));
#3711=CARTESIAN_POINT('Ctrl Pts',(-1235.49124419446,57.9936809609708,333.569728088455));
#3712=CARTESIAN_POINT('Ctrl Pts',(-1235.52423453252,58.0376073687469,333.573358518871));
#3713=CARTESIAN_POINT('Ctrl Pts',(-1235.56873147731,58.0945041752737,333.576689534578));
#3714=CARTESIAN_POINT('Ctrl Pts',(-1235.62838333344,58.16139331161,333.579421625553));
#3715=CARTESIAN_POINT('Ctrl Pts',(-1235.68489381616,58.2174933004984,333.581205241052));
#3716=CARTESIAN_POINT('Ctrl Pts',(-1235.73484365584,58.2607800116193,333.582303611239));
#3717=CARTESIAN_POINT('Ctrl Pts',(-1235.77668271275,58.2933383230901,333.583036798291));
#3718=CARTESIAN_POINT('Ctrl Pts',(-1235.84128618199,58.3399300490191,333.583995366342));
#3719=CARTESIAN_POINT('Ctrl Pts',(-1235.92150703496,58.3872835405132,333.584821164331));
#3720=CARTESIAN_POINT('Ctrl Pts',(-1236.01747352908,58.4300680099926,333.585494817456));
#3721=CARTESIAN_POINT('Ctrl Pts',(-1236.11629413644,58.4654462685033,333.58605232355));
#3722=CARTESIAN_POINT('Ctrl Pts',(-1236.24542891986,58.4955063893121,333.586582384209));
#3723=CARTESIAN_POINT('Ctrl Pts',(-1236.35067430456,58.5031334367697,333.586890352152));
#3724=CARTESIAN_POINT('Ctrl Pts',(-1236.40285725043,58.5028751830064,333.587016526508));
#3725=CARTESIAN_POINT('Ctrl Pts',(-1232.40286975045,57.4999999999999,332.856600662399));
#3726=CARTESIAN_POINT('Ctrl Pts',(-1232.40851685597,57.5016634990115,332.856600662399));
#3727=CARTESIAN_POINT('Ctrl Pts',(-1232.41411390948,57.5033241053634,332.856600662399));
#3728=CARTESIAN_POINT('Ctrl Pts',(-1232.49533484273,57.5272335893922,332.856600662399));
#3729=CARTESIAN_POINT('Ctrl Pts',(-1232.64370630704,57.5715966979305,332.856600662399));
#3730=CARTESIAN_POINT('Ctrl Pts',(-1232.89008767226,57.6582695723196,332.856600662399));
#3731=CARTESIAN_POINT('Ctrl Pts',(-1233.07340191546,57.7613163269087,332.856600662399));
#3732=CARTESIAN_POINT('Ctrl Pts',(-1233.18591866148,57.8807585066479,332.856600662399));
#3733=CARTESIAN_POINT('Ctrl Pts',(-1233.2767304879,58.0381835985297,332.856600662399));
#3734=CARTESIAN_POINT('Ctrl Pts',(-1233.34860593459,58.2330788218746,332.856600662399));
#3735=CARTESIAN_POINT('Ctrl Pts',(-1233.44178060396,58.4897172307786,332.856600662399));
#3736=CARTESIAN_POINT('Ctrl Pts',(-1233.53553611501,58.7142347068232,332.856600662399));
#3737=CARTESIAN_POINT('Ctrl Pts',(-1233.62054310793,58.8835992923792,332.856600662399));
#3738=CARTESIAN_POINT('Ctrl Pts',(-1233.67238957866,58.9789075654714,332.856600662399));
#3739=CARTESIAN_POINT('Ctrl Pts',(-1233.7537989552,59.1200252488514,332.856600662399));
#3740=CARTESIAN_POINT('Ctrl Pts',(-1233.87384687717,59.3016894575239,332.856600662399));
#3741=CARTESIAN_POINT('Ctrl Pts',(-1234.04330568924,59.5140940943373,332.856600662399));
#3742=CARTESIAN_POINT('Ctrl Pts',(-1234.20888087899,59.6917714380666,332.856600662399));
#3743=CARTESIAN_POINT('Ctrl Pts',(-1234.35751546478,59.8284778297896,332.856600662399));
#3744=CARTESIAN_POINT('Ctrl Pts',(-1234.48330705172,59.9313259275286,332.856600662399));
#3745=CARTESIAN_POINT('Ctrl Pts',(-1234.67804061349,60.0782421076404,332.856600662399));
#3746=CARTESIAN_POINT('Ctrl Pts',(-1234.92254503768,60.2275057634511,332.856600662399));
#3747=CARTESIAN_POINT('Ctrl Pts',(-1235.21632371443,60.3624675781178,332.856600662399));
#3748=CARTESIAN_POINT('Ctrl Pts',(-1235.51955327805,60.474210167039,332.856600662399));
#3749=CARTESIAN_POINT('Ctrl Pts',(-1235.91712646963,60.5696331356924,332.856600662399));
#3750=CARTESIAN_POINT('Ctrl Pts',(-1236.24175017652,60.5947260543771,332.856600662399));
#3751=CARTESIAN_POINT('Ctrl Pts',(-1236.40285725043,60.5946460937268,332.856600662399));
#3752=CARTESIAN_POINT('Ctrl Pts',(-1232.40286975045,57.4999999999999,332.856600662399));
#3753=CARTESIAN_POINT('Ctrl Pts',(-1232.40296685919,57.5019397455501,332.856600662399));
#3754=CARTESIAN_POINT('Ctrl Pts',(-1232.40306397333,57.5038794939914,332.856600662399));
#3755=CARTESIAN_POINT('Ctrl Pts',(-1232.4044598221,57.5317546706841,332.856600662399));
#3756=CARTESIAN_POINT('Ctrl Pts',(-1232.40707268992,57.5836306166967,332.856600662399));
#3757=CARTESIAN_POINT('Ctrl Pts',(-1232.41290271772,57.6873350858109,332.856600662399));
#3758=CARTESIAN_POINT('Ctrl Pts',(-1232.42229750034,57.8168680254957,332.856600662399));
#3759=CARTESIAN_POINT('Ctrl Pts',(-1232.4385833838,57.9718342814827,332.856600662399));
#3760=CARTESIAN_POINT('Ctrl Pts',(-1232.46777485952,58.1776500012541,332.856600662399));
#3761=CARTESIAN_POINT('Ctrl Pts',(-1232.51876640114,58.4323534453063,332.856600662399));
#3762=CARTESIAN_POINT('Ctrl Pts',(-1232.61307122224,58.7663170084323,332.856600662399));
#3763=CARTESIAN_POINT('Ctrl Pts',(-1232.72478176657,59.0577418439896,332.856600662399));
#3764=CARTESIAN_POINT('Ctrl Pts',(-1232.82922191866,59.2771817793518,332.856600662399));
#3765=CARTESIAN_POINT('Ctrl Pts',(-1232.89403065982,59.4006431285777,332.856600662399));
#3766=CARTESIAN_POINT('Ctrl Pts',(-1232.99614911894,59.5833588901341,332.856600662399));
#3767=CARTESIAN_POINT('Ctrl Pts',(-1233.14852688292,59.8184268932832,332.856600662399));
#3768=CARTESIAN_POINT('Ctrl Pts',(-1233.36496650744,60.0931112850091,332.856600662399));
#3769=CARTESIAN_POINT('Ctrl Pts',(-1233.57722761452,60.3228341359959,332.856600662399));
#3770=CARTESIAN_POINT('Ctrl Pts',(-1233.7680762994,60.4995175314695,332.856600662399));
#3771=CARTESIAN_POINT('Ctrl Pts',(-1233.92982024266,60.6324625232716,332.856600662399));
#3772=CARTESIAN_POINT('Ctrl Pts',(-1234.18022371959,60.8223098363568,332.856600662399));
#3773=CARTESIAN_POINT('Ctrl Pts',(-1234.49501082308,61.0151950040372,332.856600662399));
#3774=CARTESIAN_POINT('Ctrl Pts',(-1234.87347289726,61.1896115298023,332.856600662399));
#3775=CARTESIAN_POINT('Ctrl Pts',(-1235.26417428158,61.334039087665,332.856600662399));
#3776=CARTESIAN_POINT('Ctrl Pts',(-1235.77663439285,61.4574387087219,332.856600662399));
#3777=CARTESIAN_POINT('Ctrl Pts',(-1236.19511350364,61.4899999999999,332.856600662399));
#3778=CARTESIAN_POINT('Ctrl Pts',(-1236.40285725043,61.4899999999999,332.856600662399));
#3779=CARTESIAN_POINT('',(-1232.40286975045,57.4999999999999,332.856600662399));
#3780=CARTESIAN_POINT('Ctrl Pts',(-1236.40285725043,61.4899999999999,332.856600662399));
#3781=CARTESIAN_POINT('Ctrl Pts',(-1236.19511350364,61.4899999999999,332.856600662399));
#3782=CARTESIAN_POINT('Ctrl Pts',(-1235.77663439285,61.4574387087219,332.856600662399));
#3783=CARTESIAN_POINT('Ctrl Pts',(-1235.26417428158,61.334039087665,332.856600662399));
#3784=CARTESIAN_POINT('Ctrl Pts',(-1234.87347289726,61.1896115298023,332.856600662399));
#3785=CARTESIAN_POINT('Ctrl Pts',(-1234.49501082308,61.0151950040372,332.856600662399));
#3786=CARTESIAN_POINT('Ctrl Pts',(-1234.18022371959,60.8223098363568,332.856600662399));
#3787=CARTESIAN_POINT('Ctrl Pts',(-1233.92982024266,60.6324625232716,332.856600662399));
#3788=CARTESIAN_POINT('Ctrl Pts',(-1233.7680762994,60.4995175314695,332.856600662399));
#3789=CARTESIAN_POINT('Ctrl Pts',(-1233.57722761452,60.3228341359959,332.856600662399));
#3790=CARTESIAN_POINT('Ctrl Pts',(-1233.36496650744,60.0931112850091,332.856600662399));
#3791=CARTESIAN_POINT('Ctrl Pts',(-1233.14852688292,59.8184268932832,332.856600662399));
#3792=CARTESIAN_POINT('Ctrl Pts',(-1232.99614911894,59.5833588901341,332.856600662399));
#3793=CARTESIAN_POINT('Ctrl Pts',(-1232.89403065982,59.4006431285777,332.856600662399));
#3794=CARTESIAN_POINT('Ctrl Pts',(-1232.82922191866,59.2771817793518,332.856600662399));
#3795=CARTESIAN_POINT('Ctrl Pts',(-1232.72478176657,59.0577418439896,332.856600662399));
#3796=CARTESIAN_POINT('Ctrl Pts',(-1232.61307122224,58.7663170084323,332.856600662399));
#3797=CARTESIAN_POINT('Ctrl Pts',(-1232.51876640114,58.4323534453063,332.856600662399));
#3798=CARTESIAN_POINT('Ctrl Pts',(-1232.46777485952,58.1776500012541,332.856600662399));
#3799=CARTESIAN_POINT('Ctrl Pts',(-1232.4385833838,57.9718342814827,332.856600662399));
#3800=CARTESIAN_POINT('Ctrl Pts',(-1232.42229750034,57.8168680254957,332.856600662399));
#3801=CARTESIAN_POINT('Ctrl Pts',(-1232.41290271772,57.6873350858109,332.856600662399));
#3802=CARTESIAN_POINT('Ctrl Pts',(-1232.40707268992,57.5836306166967,332.856600662399));
#3803=CARTESIAN_POINT('Ctrl Pts',(-1232.4044598221,57.5317546706841,332.856600662399));
#3804=CARTESIAN_POINT('Ctrl Pts',(-1232.40306397333,57.5038794939914,332.856600662399));
#3805=CARTESIAN_POINT('Ctrl Pts',(-1232.40296685919,57.5019397455501,332.856600662399));
#3806=CARTESIAN_POINT('Ctrl Pts',(-1232.40286975045,57.4999999999999,332.856600662399));
#3807=CARTESIAN_POINT('Origin',(-1232.40286975045,57.4999999999999,336.856600662399));
#3808=CARTESIAN_POINT('Origin',(-1198.4038534033,57.4999999999999,344.106600662399));
#3809=CARTESIAN_POINT('',(-1236.40286975045,57.4999999999999,336.856600662399));
#3810=CARTESIAN_POINT('Origin',(-1232.40286975045,57.4999999999999,336.856600662399));
#3811=CARTESIAN_POINT('',(-1236.40286975045,57.4999999999999,339.356600662399));
#3812=CARTESIAN_POINT('',(-1288.40483705615,57.4999999999999,336.856600662399));
#3813=CARTESIAN_POINT('',(-1288.40483705615,57.4999999999999,339.3566006624));
#3814=CARTESIAN_POINT('Origin',(-1292.40483705615,57.4999999999999,336.856600662399));
#3815=CARTESIAN_POINT('Ctrl Pts',(-1288.40483705615,57.4999999999999,336.856600662399));
#3816=CARTESIAN_POINT('Ctrl Pts',(-1288.40483705615,56.,336.856600662399));
#3817=CARTESIAN_POINT('Ctrl Pts',(-1288.40483705615,56.,338.356600662399));
#3818=CARTESIAN_POINT('Ctrl Pts',(-1288.40483705615,57.4999999999999,332.856600662399));
#3819=CARTESIAN_POINT('Ctrl Pts',(-1288.40483705615,52.,332.856600662399));
#3820=CARTESIAN_POINT('Ctrl Pts',(-1288.40483705615,52.,338.356600662399));
#3821=CARTESIAN_POINT('Ctrl Pts',(-1292.40483705615,57.4999999999999,332.856600662399));
#3822=CARTESIAN_POINT('Ctrl Pts',(-1292.40483705615,52.,332.856600662399));
#3823=CARTESIAN_POINT('Ctrl Pts',(-1292.40483705615,52.,338.356600662399));
#3824=CARTESIAN_POINT('',(-1288.40483705615,55.9999999999999,338.356600662399));
#3825=CARTESIAN_POINT('Origin',(-1288.40483705615,57.4999999999999,338.356600662399));
#3826=CARTESIAN_POINT('',(-1292.40483705615,51.9999999999999,338.356600662399));
#3827=CARTESIAN_POINT('Origin',(-1292.40483705615,55.9999999999999,338.356600662399));
#3828=CARTESIAN_POINT('Origin',(-1292.40483705615,57.4999999999999,338.356600662399));
#3829=CARTESIAN_POINT('Origin',(-1292.40483705615,55.9999999999999,353.3566006624));
#3830=CARTESIAN_POINT('',(-1292.40483705615,51.9999999999999,353.3566006624));
#3831=CARTESIAN_POINT('',(-1288.40483705615,55.9999999999999,353.3566006624));
#3832=CARTESIAN_POINT('Origin',(-1288.40483705615,59.5,353.3566006624));
#3833=CARTESIAN_POINT('Ctrl Pts',(-1236.40286975045,55.9999999999999,338.356600662399));
#3834=CARTESIAN_POINT('Ctrl Pts',(-1236.40286975045,55.9999999999999,336.856600662399));
#3835=CARTESIAN_POINT('Ctrl Pts',(-1236.40286975045,57.4999999999999,336.856600662399));
#3836=CARTESIAN_POINT('Ctrl Pts',(-1236.40286975045,51.9999999999998,338.356600662399));
#3837=CARTESIAN_POINT('Ctrl Pts',(-1236.40286975045,51.9999999999998,332.856600662399));
#3838=CARTESIAN_POINT('Ctrl Pts',(-1236.40286975045,57.4999999999999,332.856600662399));
#3839=CARTESIAN_POINT('Ctrl Pts',(-1232.40286975045,52.,338.356600662399));
#3840=CARTESIAN_POINT('Ctrl Pts',(-1232.40286975045,51.9999999999999,332.856600662399));
#3841=CARTESIAN_POINT('Ctrl Pts',(-1232.40286975045,57.4999999999999,332.856600662399));
#3842=CARTESIAN_POINT('Origin',(-1232.40286975045,57.4999999999999,338.356600662399));
#3843=CARTESIAN_POINT('',(-1236.40286975045,55.9999999999999,338.356600662399));
#3844=CARTESIAN_POINT('Origin',(-1232.40286975045,55.9999999999999,338.356600662399));
#3845=CARTESIAN_POINT('Origin',(-1236.40286975045,57.4999999999999,338.356600662399));
#3846=CARTESIAN_POINT('Origin',(-1232.40286975045,55.9999999999999,353.356600662399));
#3847=CARTESIAN_POINT('',(-1236.40286975045,55.9999999999999,353.356600662399));
#3848=CARTESIAN_POINT('Origin',(-1245.35999363664,57.4999999999999,338.356600662399));
#3849=CARTESIAN_POINT('',(-1202.4038534033,57.4999999999999,332.856600662399));
#3850=CARTESIAN_POINT('',(-1245.35999363664,57.4999999999999,332.856600662399));
#3851=CARTESIAN_POINT('Origin',(-1202.4038534033,57.4999999999999,338.356600662399));
#3852=CARTESIAN_POINT('Origin',(-1322.4038534033,75.9999999999998,348.231600662399));
#3853=CARTESIAN_POINT('',(-1322.4038534033,79.9999999999998,348.231600662399));
#3854=CARTESIAN_POINT('Origin',(-1322.4038534033,75.9999999999998,340.856600662399));
#3855=CARTESIAN_POINT('Ctrl Pts',(-1322.4038534033,80.0000011920929,340.856600662399));
#3856=CARTESIAN_POINT('Ctrl Pts',(-1322.4038534033,80.0000011920929,332.856600662399));
#3857=CARTESIAN_POINT('Ctrl Pts',(-1322.4038534033,72.0000011920929,332.856600662399));
#3858=CARTESIAN_POINT('Ctrl Pts',(-1324.06070800195,80.0000011920931,340.856600662399));
#3859=CARTESIAN_POINT('Ctrl Pts',(-1324.06070800195,80.0000011920931,332.856600662399));
#3860=CARTESIAN_POINT('Ctrl Pts',(-1324.06070800195,72.0000011920929,332.856600662399));
#3861=CARTESIAN_POINT('Ctrl Pts',(-1325.23228094952,78.8284278953707,340.856600662399));
#3862=CARTESIAN_POINT('Ctrl Pts',(-1325.23228094952,78.8284278953708,334.028173959121));
#3863=CARTESIAN_POINT('Ctrl Pts',(-1325.23228094952,72.0000011920929,334.028173959121));
#3864=CARTESIAN_POINT('Ctrl Pts',(-1326.40385389708,77.6568545986484,340.856600662399));
#3865=CARTESIAN_POINT('Ctrl Pts',(-1326.40385389708,77.6568545986484,335.199747255843));
#3866=CARTESIAN_POINT('Ctrl Pts',(-1326.40385389708,72.0000011920929,335.199747255843));
#3867=CARTESIAN_POINT('Ctrl Pts',(-1326.4038534033,76.0000000000002,340.856600662399));
#3868=CARTESIAN_POINT('Ctrl Pts',(-1326.4038534033,76.0000000000002,336.856601854492));
#3869=CARTESIAN_POINT('Ctrl Pts',(-1326.4038534033,72.0000011920929,336.856601854492));
#3870=CARTESIAN_POINT('Origin',(-1322.4038534033,72.0000011920929,336.856600662399));
#3871=CARTESIAN_POINT('Origin',(-1322.4038534033,56.0000005960464,336.856600662399));
#3872=CARTESIAN_POINT('',(-1322.4038534033,57.4999999999999,332.856600662399));
#3873=CARTESIAN_POINT('Origin',(-1322.4038534033,57.4999999999999,336.856600662399));
#3874=CARTESIAN_POINT('',(-1322.4038534033,56.0000005960464,332.856600662399));
#3875=CARTESIAN_POINT('Ctrl Pts',(-1326.4038534033,56.,338.356600662399));
#3876=CARTESIAN_POINT('Ctrl Pts',(-1326.4038534033,56.,336.856600662399));
#3877=CARTESIAN_POINT('Ctrl Pts',(-1326.4038534033,57.4999999999999,336.856600662399));
#3878=CARTESIAN_POINT('Ctrl Pts',(-1326.4038534033,52.,338.356600662399));
#3879=CARTESIAN_POINT('Ctrl Pts',(-1326.4038534033,52.,332.856600662399));
#3880=CARTESIAN_POINT('Ctrl Pts',(-1326.4038534033,57.4999999999999,332.856600662399));
#3881=CARTESIAN_POINT('Ctrl Pts',(-1322.4038534033,52.,338.356600662399));
#3882=CARTESIAN_POINT('Ctrl Pts',(-1322.4038534033,52.,332.856600662399));
#3883=CARTESIAN_POINT('Ctrl Pts',(-1322.4038534033,57.4999999999999,332.856600662399));
#3884=CARTESIAN_POINT('Origin',(-1322.4038534033,57.4999999999999,338.356600662399));
#3885=CARTESIAN_POINT('Origin',(-1292.31613386997,51.9999999999999,353.3566006624));
#3886=CARTESIAN_POINT('',(-1245.35999363664,51.9999999999999,338.356600662399));
#3887=CARTESIAN_POINT('Origin',(-1245.35999363664,57.4999999999999,338.356600662399));
#3888=CARTESIAN_POINT('',(-1245.35999363664,57.4999999999999,332.856600662399));
#3889=CARTESIAN_POINT('Origin',(-1198.4038534033,72.0000011920929,332.856600662399));
#3890=CARTESIAN_POINT('',(-1202.4038534033,56.0000005960464,332.856600662399));
#3891=CARTESIAN_POINT('Origin',(-1198.4038534033,79.9999999999998,353.356600662399));
#3892=CARTESIAN_POINT('',(-1202.4038534033,79.9999999999998,348.231600662399));
#3893=CARTESIAN_POINT('Origin',(-1202.4038534033,75.9999999999998,348.231600662399));
#3894=CARTESIAN_POINT('Origin',(-1202.4038534033,56.0000005960464,336.856600662399));
#3895=CARTESIAN_POINT('Origin',(-1202.4038534033,57.4999999999999,336.856600662399));
#3896=CARTESIAN_POINT('Ctrl Pts',(-1198.4038534033,57.4999999999999,336.856600662399));
#3897=CARTESIAN_POINT('Ctrl Pts',(-1198.4038534033,55.9999999999999,336.856600662399));
#3898=CARTESIAN_POINT('Ctrl Pts',(-1198.4038534033,55.9999999999999,338.356600662399));
#3899=CARTESIAN_POINT('Ctrl Pts',(-1198.4038534033,57.4999999999999,332.856600662399));
#3900=CARTESIAN_POINT('Ctrl Pts',(-1198.4038534033,52.,332.856600662399));
#3901=CARTESIAN_POINT('Ctrl Pts',(-1198.4038534033,51.9999999999999,338.356600662399));
#3902=CARTESIAN_POINT('Ctrl Pts',(-1202.4038534033,57.4999999999999,332.856600662399));
#3903=CARTESIAN_POINT('Ctrl Pts',(-1202.4038534033,52.,332.856600662399));
#3904=CARTESIAN_POINT('Ctrl Pts',(-1202.4038534033,51.9999999999999,338.356600662399));
#3905=CARTESIAN_POINT('Origin',(-1236.40286975045,55.9990163471483,353.356600662399));
#3906=CARTESIAN_POINT('Origin',(-1198.4038534033,78.1999999999998,344.106600662399));
#3907=CARTESIAN_POINT('',(-1198.4038534033,78.1999999999998,344.106600662399));
#3908=CARTESIAN_POINT('Origin',(-1198.4038534033,68.7499999999998,344.106600662399));
#3909=CARTESIAN_POINT('Origin',(-1202.2038534033,3.79999999999997,351.356600662399));
#3910=CARTESIAN_POINT('',(-1205.2038534033,3.79999999999997,351.356600662399));
#3911=CARTESIAN_POINT('Origin',(-1322.6038534033,3.80000000000022,351.356600662399));
#3912=CARTESIAN_POINT('',(-1325.6038534033,3.80000000000022,351.356600662399));
#3913=CARTESIAN_POINT('Origin',(-1322.6038534033,76.1999999999997,353.3566006624));
#3914=CARTESIAN_POINT('',(-1324.4538534033,76.1999999999997,353.3566006624));
#3915=CARTESIAN_POINT('Origin',(-1322.6038534033,3.80000000000022,353.3566006624));
#3916=CARTESIAN_POINT('',(-1324.4038534033,3.80000000000022,353.3566006624));
#3917=CARTESIAN_POINT('Origin',(-1202.2038534033,76.1999999999999,353.356600662399));
#3918=CARTESIAN_POINT('',(-1204.0538534033,76.1999999999999,353.356600662399));
#3919=CARTESIAN_POINT('Origin',(-1202.2038534033,3.79999999999997,353.356600662399));
#3920=CARTESIAN_POINT('',(-1204.0038534033,3.79999999999997,353.356600662399));
#3921=CARTESIAN_POINT('Origin',(-1262.4038534033,28.6045024301336,352.356600662399));
#3922=CARTESIAN_POINT('',(-1289.50385340331,28.6045024301337,352.3566006624));
#3923=CARTESIAN_POINT('Origin',(-1262.4038534033,28.6045024301336,352.356600662399));
#3924=CARTESIAN_POINT('',(-1285.3038534033,28.6045024301337,352.356600662399));
#3925=CARTESIAN_POINT('Origin',(-1262.4038534033,28.6045024301336,352.356600662399));
#3926=CARTESIAN_POINT('Origin',(-1262.4038534033,28.6045024301336,353.356600662399));
#3927=CARTESIAN_POINT('',(-1289.5038534033,28.6045024301337,353.356600662399));
#3928=CARTESIAN_POINT('Origin',(-1262.4038534033,28.6045024301336,353.356600662399));
#3929=CARTESIAN_POINT('',(-1285.3038534033,28.6045024301337,353.356600662399));
#3930=UNCERTAINTY_MEASURE_WITH_UNIT(LENGTH_MEASURE(0.01),#3934,
'DISTANCE_ACCURACY_VALUE',
'Maximum model space distance between geometric entities at asserted c
onnectivities');
#3931=UNCERTAINTY_MEASURE_WITH_UNIT(LENGTH_MEASURE(0.01),#3934,
'DISTANCE_ACCURACY_VALUE',
'Maximum model space distance between geometric entities at asserted c
onnectivities');
#3932=(
GEOMETRIC_REPRESENTATION_CONTEXT(3)
GLOBAL_UNCERTAINTY_ASSIGNED_CONTEXT((#3930))
GLOBAL_UNIT_ASSIGNED_CONTEXT((#3934,#3936,#3937))
REPRESENTATION_CONTEXT('','3D')
);
#3933=(
GEOMETRIC_REPRESENTATION_CONTEXT(3)
GLOBAL_UNCERTAINTY_ASSIGNED_CONTEXT((#3931))
GLOBAL_UNIT_ASSIGNED_CONTEXT((#3934,#3936,#3937))
REPRESENTATION_CONTEXT('','3D')
);
#3934=(
LENGTH_UNIT()
NAMED_UNIT(*)
SI_UNIT(.MILLI.,.METRE.)
);
#3935=(
LENGTH_UNIT()
NAMED_UNIT(*)
SI_UNIT($,.METRE.)
);
#3936=(
NAMED_UNIT(*)
PLANE_ANGLE_UNIT()
SI_UNIT($,.RADIAN.)
);
#3937=(
NAMED_UNIT(*)
SI_UNIT($,.STERADIAN.)
SOLID_ANGLE_UNIT()
);
#3938=SHAPE_DEFINITION_REPRESENTATION(#3939,#3940);
#3939=PRODUCT_DEFINITION_SHAPE('',$,#3942);
#3940=SHAPE_REPRESENTATION('',(#2080),#3932);
#3941=PRODUCT_DEFINITION_CONTEXT('part definition',#3946,'design');
#3942=PRODUCT_DEFINITION('Tab5_battery_case','Tab5_battery_case',#3943,
#3941);
#3943=PRODUCT_DEFINITION_FORMATION('',$,#3948);
#3944=PRODUCT_RELATED_PRODUCT_CATEGORY('Tab5_battery_case',
'Tab5_battery_case',(#3948));
#3945=APPLICATION_PROTOCOL_DEFINITION('international standard',
'automotive_design',2009,#3946);
#3946=APPLICATION_CONTEXT(
'Core Data for Automotive Mechanical Design Process');
#3947=PRODUCT_CONTEXT('part definition',#3946,'mechanical');
#3948=PRODUCT('Tab5_battery_case','Tab5_battery_case',$,(#3947));
#3949=PRESENTATION_STYLE_ASSIGNMENT((#3950));
#3950=SURFACE_STYLE_USAGE(.BOTH.,#3951);
#3951=SURFACE_SIDE_STYLE('',(#3952));
#3952=SURFACE_STYLE_FILL_AREA(#3953);
#3953=FILL_AREA_STYLE('\X2\92FC\X0\ - \X2\30B530C630F3\X0\',(#3954));
#3954=FILL_AREA_STYLE_COLOUR('\X2\92FC\X0\ - \X2\30B530C630F3\X0\',#3955);
#3955=COLOUR_RGB('\X2\92FC\X0\ - \X2\30B530C630F3\X0\',0.627450980392157,
0.627450980392157,0.627450980392157);
ENDSEC;
END-ISO-10303-21;
